ISO-10303-21;
HEADER;
FILE_DESCRIPTION(('Open CASCADE Model'),'2;1');
FILE_NAME('Open CASCADE Shape Model','2026-10-02T22:30:36',('Author'),(
    'Open CASCADE'),'Open CASCADE STEP processor 7.8','Open CASCADE 7.8'
  ,'Unknown');
FILE_SCHEMA(('AUTOMOTIVE_DESIGN { 1 0 10303 214 1 1 1 1 }'));
ENDSEC;
DATA;
#1 = APPLICATION_PROTOCOL_DEFINITION('international standard',
  'automotive_design',2000,#2);
#2 = APPLICATION_CONTEXT(
  'core data for automotive mechanical design processes');
#3 = SHAPE_DEFINITION_REPRESENTATION(#4,#10);
#4 = PRODUCT_DEFINITION_SHAPE('','',#5);
#5 = PRODUCT_DEFINITION('design','',#6,#9);
#6 = PRODUCT_DEFINITION_FORMATION('','',#7);
#7 = PRODUCT('Open CASCADE STEP translator 7.8 6',
  'Open CASCADE STEP translator 7.8 6','',(#8));
#8 = PRODUCT_CONTEXT('',#2,'mechanical');
#9 = PRODUCT_DEFINITION_CONTEXT('part definition',#2,'design');
#10 = ADVANCED_BREP_SHAPE_REPRESENTATION('',(#11,#15),#5276);
#11 = AXIS2_PLACEMENT_3D('',#12,#13,#14);
#12 = CARTESIAN_POINT('',(0.,0.,0.));
#13 = DIRECTION('',(0.,0.,1.));
#14 = DIRECTION('',(1.,0.,-0.));
#15 = MANIFOLD_SOLID_BREP('',#16);
#16 = CLOSED_SHELL('',(#17,#138,#215,#542,#591,#817,#824,#859,#889,#944,
    #979,#1009,#1113,#1162,#1234,#1293,#1320,#1355,#1382,#1434,#1493,
    #2426,#2481,#2516,#3722,#3957,#4994,#5108,#5112,#5187,#5214,#5241,
    #5268));
#17 = ADVANCED_FACE('',(#18),#32,.F.);
#18 = FACE_BOUND('',#19,.F.);
#19 = EDGE_LOOP('',(#20,#55,#84,#112));
#20 = ORIENTED_EDGE('',*,*,#21,.F.);
#21 = EDGE_CURVE('',#22,#24,#26,.T.);
#22 = VERTEX_POINT('',#23);
#23 = CARTESIAN_POINT('',(-4.75,-5.24999995,17.253234163627));
#24 = VERTEX_POINT('',#25);
#25 = CARTESIAN_POINT('',(-4.75,-5.24999995,20.937822273509));
#26 = SURFACE_CURVE('',#27,(#31,#43),.PCURVE_S1.);
#27 = LINE('',#28,#29);
#28 = CARTESIAN_POINT('',(-4.75,-5.24999995,11.0000001));
#29 = VECTOR('',#30,1.);
#30 = DIRECTION('',(1.110223024625E-16,0.,1.));
#31 = PCURVE('',#32,#37);
#32 = PLANE('',#33);
#33 = AXIS2_PLACEMENT_3D('',#34,#35,#36);
#34 = CARTESIAN_POINT('',(-4.75,-5.24999995,11.0000001));
#35 = DIRECTION('',(0.,1.,0.));
#36 = DIRECTION('',(-1.,0.,1.110223024625E-16));
#37 = DEFINITIONAL_REPRESENTATION('',(#38),#42);
#38 = LINE('',#39,#40);
#39 = CARTESIAN_POINT('',(0.,0.));
#40 = VECTOR('',#41,1.);
#41 = DIRECTION('',(0.,1.));
#42 = ( GEOMETRIC_REPRESENTATION_CONTEXT(2) 
PARAMETRIC_REPRESENTATION_CONTEXT() REPRESENTATION_CONTEXT('2D SPACE',''
  ) );
#43 = PCURVE('',#44,#49);
#44 = PLANE('',#45);
#45 = AXIS2_PLACEMENT_3D('',#46,#47,#48);
#46 = CARTESIAN_POINT('',(-4.75,-5.24999995,11.0000001));
#47 = DIRECTION('',(-1.,0.,1.110223024625E-16));
#48 = DIRECTION('',(1.110223024625E-16,0.,1.));
#49 = DEFINITIONAL_REPRESENTATION('',(#50),#54);
#50 = LINE('',#51,#52);
#51 = CARTESIAN_POINT('',(0.,0.));
#52 = VECTOR('',#53,1.);
#53 = DIRECTION('',(1.,0.));
#54 = ( GEOMETRIC_REPRESENTATION_CONTEXT(2) 
PARAMETRIC_REPRESENTATION_CONTEXT() REPRESENTATION_CONTEXT('2D SPACE',''
  ) );
#55 = ORIENTED_EDGE('',*,*,#56,.F.);
#56 = EDGE_CURVE('',#57,#22,#59,.T.);
#57 = VERTEX_POINT('',#58);
#58 = CARTESIAN_POINT('',(-8.75,-5.24999995,17.253234163627));
#59 = SURFACE_CURVE('',#60,(#65,#72),.PCURVE_S1.);
#60 = CIRCLE('',#61,4.7);
#61 = AXIS2_PLACEMENT_3D('',#62,#63,#64);
#62 = CARTESIAN_POINT('',(-6.75,-5.24999995,13.0000001));
#63 = DIRECTION('',(0.,1.,-0.));
#64 = DIRECTION('',(-1.,0.,1.110223024625E-16));
#65 = PCURVE('',#32,#66);
#66 = DEFINITIONAL_REPRESENTATION('',(#67),#71);
#67 = CIRCLE('',#68,4.7);
#68 = AXIS2_PLACEMENT_2D('',#69,#70);
#69 = CARTESIAN_POINT('',(2.,2.));
#70 = DIRECTION('',(1.,0.));
#71 = ( GEOMETRIC_REPRESENTATION_CONTEXT(2) 
PARAMETRIC_REPRESENTATION_CONTEXT() REPRESENTATION_CONTEXT('2D SPACE',''
  ) );
#72 = PCURVE('',#73,#78);
#73 = CYLINDRICAL_SURFACE('',#74,4.7);
#74 = AXIS2_PLACEMENT_3D('',#75,#76,#77);
#75 = CARTESIAN_POINT('',(-6.75,-5.44999995,13.0000001));
#76 = DIRECTION('',(0.,1.,0.));
#77 = DIRECTION('',(-1.,0.,1.110223024625E-16));
#78 = DEFINITIONAL_REPRESENTATION('',(#79),#83);
#79 = LINE('',#80,#81);
#80 = CARTESIAN_POINT('',(0.,0.2));
#81 = VECTOR('',#82,1.);
#82 = DIRECTION('',(1.,0.));
#83 = ( GEOMETRIC_REPRESENTATION_CONTEXT(2) 
PARAMETRIC_REPRESENTATION_CONTEXT() REPRESENTATION_CONTEXT('2D SPACE',''
  ) );
#84 = ORIENTED_EDGE('',*,*,#85,.T.);
#85 = EDGE_CURVE('',#57,#86,#88,.T.);
#86 = VERTEX_POINT('',#87);
#87 = CARTESIAN_POINT('',(-8.75,-5.24999995,20.937822273509));
#88 = SURFACE_CURVE('',#89,(#93,#100),.PCURVE_S1.);
#89 = LINE('',#90,#91);
#90 = CARTESIAN_POINT('',(-8.75,-5.24999995,11.0000001));
#91 = VECTOR('',#92,1.);
#92 = DIRECTION('',(1.110223024625E-16,0.,1.));
#93 = PCURVE('',#32,#94);
#94 = DEFINITIONAL_REPRESENTATION('',(#95),#99);
#95 = LINE('',#96,#97);
#96 = CARTESIAN_POINT('',(4.,3.10862446895E-15));
#97 = VECTOR('',#98,1.);
#98 = DIRECTION('',(0.,1.));
#99 = ( GEOMETRIC_REPRESENTATION_CONTEXT(2) 
PARAMETRIC_REPRESENTATION_CONTEXT() REPRESENTATION_CONTEXT('2D SPACE',''
  ) );
#100 = PCURVE('',#101,#106);
#101 = PLANE('',#102);
#102 = AXIS2_PLACEMENT_3D('',#103,#104,#105);
#103 = CARTESIAN_POINT('',(-8.75,-5.24999995,11.0000001));
#104 = DIRECTION('',(-1.,0.,1.110223024625E-16));
#105 = DIRECTION('',(1.110223024625E-16,0.,1.));
#106 = DEFINITIONAL_REPRESENTATION('',(#107),#111);
#107 = LINE('',#108,#109);
#108 = CARTESIAN_POINT('',(0.,0.));
#109 = VECTOR('',#110,1.);
#110 = DIRECTION('',(1.,0.));
#111 = ( GEOMETRIC_REPRESENTATION_CONTEXT(2) 
PARAMETRIC_REPRESENTATION_CONTEXT() REPRESENTATION_CONTEXT('2D SPACE',''
  ) );
#112 = ORIENTED_EDGE('',*,*,#113,.F.);
#113 = EDGE_CURVE('',#24,#86,#114,.T.);
#114 = SURFACE_CURVE('',#115,(#119,#126),.PCURVE_S1.);
#115 = LINE('',#116,#117);
#116 = CARTESIAN_POINT('',(-3.75,-5.24999995,20.937822273509));
#117 = VECTOR('',#118,1.);
#118 = DIRECTION('',(-1.,0.,1.110223024625E-16));
#119 = PCURVE('',#32,#120);
#120 = DEFINITIONAL_REPRESENTATION('',(#121),#125);
#121 = LINE('',#122,#123);
#122 = CARTESIAN_POINT('',(-1.,9.937822173509));
#123 = VECTOR('',#124,1.);
#124 = DIRECTION('',(1.,0.));
#125 = ( GEOMETRIC_REPRESENTATION_CONTEXT(2) 
PARAMETRIC_REPRESENTATION_CONTEXT() REPRESENTATION_CONTEXT('2D SPACE',''
  ) );
#126 = PCURVE('',#127,#132);
#127 = CYLINDRICAL_SURFACE('',#128,7.);
#128 = AXIS2_PLACEMENT_3D('',#129,#130,#131);
#129 = CARTESIAN_POINT('',(-3.75,-1.74999995,27.0000001));
#130 = DIRECTION('',(-1.,0.,1.110223024625E-16));
#131 = DIRECTION('',(1.110223024625E-16,0.,1.));
#132 = DEFINITIONAL_REPRESENTATION('',(#133),#137);
#133 = LINE('',#134,#135);
#134 = CARTESIAN_POINT('',(3.665191429188,0.));
#135 = VECTOR('',#136,1.);
#136 = DIRECTION('',(0.,1.));
#137 = ( GEOMETRIC_REPRESENTATION_CONTEXT(2) 
PARAMETRIC_REPRESENTATION_CONTEXT() REPRESENTATION_CONTEXT('2D SPACE',''
  ) );
#138 = ADVANCED_FACE('',(#139),#44,.F.);
#139 = FACE_BOUND('',#140,.F.);
#140 = EDGE_LOOP('',(#141,#171,#192,#193));
#141 = ORIENTED_EDGE('',*,*,#142,.F.);
#142 = EDGE_CURVE('',#143,#145,#147,.T.);
#143 = VERTEX_POINT('',#144);
#144 = CARTESIAN_POINT('',(-4.75,1.75000005,17.253234163627));
#145 = VERTEX_POINT('',#146);
#146 = CARTESIAN_POINT('',(-4.75,1.75000005,20.937822273509));
#147 = SURFACE_CURVE('',#148,(#152,#159),.PCURVE_S1.);
#148 = LINE('',#149,#150);
#149 = CARTESIAN_POINT('',(-4.75,1.75000005,11.0000001));
#150 = VECTOR('',#151,1.);
#151 = DIRECTION('',(1.110223024625E-16,0.,1.));
#152 = PCURVE('',#44,#153);
#153 = DEFINITIONAL_REPRESENTATION('',(#154),#158);
#154 = LINE('',#155,#156);
#155 = CARTESIAN_POINT('',(0.,7.));
#156 = VECTOR('',#157,1.);
#157 = DIRECTION('',(1.,0.));
#158 = ( GEOMETRIC_REPRESENTATION_CONTEXT(2) 
PARAMETRIC_REPRESENTATION_CONTEXT() REPRESENTATION_CONTEXT('2D SPACE',''
  ) );
#159 = PCURVE('',#160,#165);
#160 = PLANE('',#161);
#161 = AXIS2_PLACEMENT_3D('',#162,#163,#164);
#162 = CARTESIAN_POINT('',(-4.75,1.75000005,11.0000001));
#163 = DIRECTION('',(0.,1.,0.));
#164 = DIRECTION('',(-1.,0.,1.110223024625E-16));
#165 = DEFINITIONAL_REPRESENTATION('',(#166),#170);
#166 = LINE('',#167,#168);
#167 = CARTESIAN_POINT('',(0.,0.));
#168 = VECTOR('',#169,1.);
#169 = DIRECTION('',(0.,1.));
#170 = ( GEOMETRIC_REPRESENTATION_CONTEXT(2) 
PARAMETRIC_REPRESENTATION_CONTEXT() REPRESENTATION_CONTEXT('2D SPACE',''
  ) );
#171 = ORIENTED_EDGE('',*,*,#172,.F.);
#172 = EDGE_CURVE('',#22,#143,#173,.T.);
#173 = SURFACE_CURVE('',#174,(#178,#185),.PCURVE_S1.);
#174 = LINE('',#175,#176);
#175 = CARTESIAN_POINT('',(-4.75,-5.44999995,17.253234163627));
#176 = VECTOR('',#177,1.);
#177 = DIRECTION('',(0.,1.,0.));
#178 = PCURVE('',#44,#179);
#179 = DEFINITIONAL_REPRESENTATION('',(#180),#184);
#180 = LINE('',#181,#182);
#181 = CARTESIAN_POINT('',(6.253234063627,-0.2));
#182 = VECTOR('',#183,1.);
#183 = DIRECTION('',(0.,1.));
#184 = ( GEOMETRIC_REPRESENTATION_CONTEXT(2) 
PARAMETRIC_REPRESENTATION_CONTEXT() REPRESENTATION_CONTEXT('2D SPACE',''
  ) );
#185 = PCURVE('',#73,#186);
#186 = DEFINITIONAL_REPRESENTATION('',(#187),#191);
#187 = LINE('',#188,#189);
#188 = CARTESIAN_POINT('',(2.010345919243,0.));
#189 = VECTOR('',#190,1.);
#190 = DIRECTION('',(0.,1.));
#191 = ( GEOMETRIC_REPRESENTATION_CONTEXT(2) 
PARAMETRIC_REPRESENTATION_CONTEXT() REPRESENTATION_CONTEXT('2D SPACE',''
  ) );
#192 = ORIENTED_EDGE('',*,*,#21,.T.);
#193 = ORIENTED_EDGE('',*,*,#194,.F.);
#194 = EDGE_CURVE('',#145,#24,#195,.T.);
#195 = SURFACE_CURVE('',#196,(#201,#208),.PCURVE_S1.);
#196 = CIRCLE('',#197,7.);
#197 = AXIS2_PLACEMENT_3D('',#198,#199,#200);
#198 = CARTESIAN_POINT('',(-4.75,-1.74999995,27.0000001));
#199 = DIRECTION('',(-1.,0.,1.110223024625E-16));
#200 = DIRECTION('',(1.110223024625E-16,0.,1.));
#201 = PCURVE('',#44,#202);
#202 = DEFINITIONAL_REPRESENTATION('',(#203),#207);
#203 = CIRCLE('',#204,7.);
#204 = AXIS2_PLACEMENT_2D('',#205,#206);
#205 = CARTESIAN_POINT('',(16.,3.5));
#206 = DIRECTION('',(1.,0.));
#207 = ( GEOMETRIC_REPRESENTATION_CONTEXT(2) 
PARAMETRIC_REPRESENTATION_CONTEXT() REPRESENTATION_CONTEXT('2D SPACE',''
  ) );
#208 = PCURVE('',#127,#209);
#209 = DEFINITIONAL_REPRESENTATION('',(#210),#214);
#210 = LINE('',#211,#212);
#211 = CARTESIAN_POINT('',(0.,1.));
#212 = VECTOR('',#213,1.);
#213 = DIRECTION('',(1.,0.));
#214 = ( GEOMETRIC_REPRESENTATION_CONTEXT(2) 
PARAMETRIC_REPRESENTATION_CONTEXT() REPRESENTATION_CONTEXT('2D SPACE',''
  ) );
#215 = ADVANCED_FACE('',(#216,#298,#493),#127,.T.);
#216 = FACE_BOUND('',#217,.T.);
#217 = EDGE_LOOP('',(#218,#247,#270,#297));
#218 = ORIENTED_EDGE('',*,*,#219,.F.);
#219 = EDGE_CURVE('',#220,#220,#222,.T.);
#220 = VERTEX_POINT('',#221);
#221 = CARTESIAN_POINT('',(-9.75,-1.74999995,34.0000001));
#222 = SURFACE_CURVE('',#223,(#228,#235),.PCURVE_S1.);
#223 = CIRCLE('',#224,7.);
#224 = AXIS2_PLACEMENT_3D('',#225,#226,#227);
#225 = CARTESIAN_POINT('',(-9.75,-1.74999995,27.0000001));
#226 = DIRECTION('',(-1.,0.,1.110223024625E-16));
#227 = DIRECTION('',(1.110223024625E-16,0.,1.));
#228 = PCURVE('',#127,#229);
#229 = DEFINITIONAL_REPRESENTATION('',(#230),#234);
#230 = LINE('',#231,#232);
#231 = CARTESIAN_POINT('',(0.,6.));
#232 = VECTOR('',#233,1.);
#233 = DIRECTION('',(1.,0.));
#234 = ( GEOMETRIC_REPRESENTATION_CONTEXT(2) 
PARAMETRIC_REPRESENTATION_CONTEXT() REPRESENTATION_CONTEXT('2D SPACE',''
  ) );
#235 = PCURVE('',#236,#241);
#236 = PLANE('',#237);
#237 = AXIS2_PLACEMENT_3D('',#238,#239,#240);
#238 = CARTESIAN_POINT('',(-9.75,-1.74999995,27.0000001));
#239 = DIRECTION('',(-1.,0.,1.110223024625E-16));
#240 = DIRECTION('',(1.110223024625E-16,0.,1.));
#241 = DEFINITIONAL_REPRESENTATION('',(#242),#246);
#242 = CIRCLE('',#243,7.);
#243 = AXIS2_PLACEMENT_2D('',#244,#245);
#244 = CARTESIAN_POINT('',(0.,0.));
#245 = DIRECTION('',(1.,0.));
#246 = ( GEOMETRIC_REPRESENTATION_CONTEXT(2) 
PARAMETRIC_REPRESENTATION_CONTEXT() REPRESENTATION_CONTEXT('2D SPACE',''
  ) );
#247 = ORIENTED_EDGE('',*,*,#248,.F.);
#248 = EDGE_CURVE('',#249,#220,#251,.T.);
#249 = VERTEX_POINT('',#250);
#250 = CARTESIAN_POINT('',(-3.75,-1.74999995,34.0000001));
#251 = SEAM_CURVE('',#252,(#256,#263),.PCURVE_S1.);
#252 = LINE('',#253,#254);
#253 = CARTESIAN_POINT('',(-3.75,-1.74999995,34.0000001));
#254 = VECTOR('',#255,1.);
#255 = DIRECTION('',(-1.,0.,1.110223024625E-16));
#256 = PCURVE('',#127,#257);
#257 = DEFINITIONAL_REPRESENTATION('',(#258),#262);
#258 = LINE('',#259,#260);
#259 = CARTESIAN_POINT('',(6.28318530718,-0.));
#260 = VECTOR('',#261,1.);
#261 = DIRECTION('',(0.,1.));
#262 = ( GEOMETRIC_REPRESENTATION_CONTEXT(2) 
PARAMETRIC_REPRESENTATION_CONTEXT() REPRESENTATION_CONTEXT('2D SPACE',''
  ) );
#263 = PCURVE('',#127,#264);
#264 = DEFINITIONAL_REPRESENTATION('',(#265),#269);
#265 = LINE('',#266,#267);
#266 = CARTESIAN_POINT('',(0.,-0.));
#267 = VECTOR('',#268,1.);
#268 = DIRECTION('',(0.,1.));
#269 = ( GEOMETRIC_REPRESENTATION_CONTEXT(2) 
PARAMETRIC_REPRESENTATION_CONTEXT() REPRESENTATION_CONTEXT('2D SPACE',''
  ) );
#270 = ORIENTED_EDGE('',*,*,#271,.T.);
#271 = EDGE_CURVE('',#249,#249,#272,.T.);
#272 = SURFACE_CURVE('',#273,(#278,#285),.PCURVE_S1.);
#273 = CIRCLE('',#274,7.);
#274 = AXIS2_PLACEMENT_3D('',#275,#276,#277);
#275 = CARTESIAN_POINT('',(-3.75,-1.74999995,27.0000001));
#276 = DIRECTION('',(-1.,0.,1.110223024625E-16));
#277 = DIRECTION('',(1.110223024625E-16,0.,1.));
#278 = PCURVE('',#127,#279);
#279 = DEFINITIONAL_REPRESENTATION('',(#280),#284);
#280 = LINE('',#281,#282);
#281 = CARTESIAN_POINT('',(0.,0.));
#282 = VECTOR('',#283,1.);
#283 = DIRECTION('',(1.,0.));
#284 = ( GEOMETRIC_REPRESENTATION_CONTEXT(2) 
PARAMETRIC_REPRESENTATION_CONTEXT() REPRESENTATION_CONTEXT('2D SPACE',''
  ) );
#285 = PCURVE('',#286,#291);
#286 = PLANE('',#287);
#287 = AXIS2_PLACEMENT_3D('',#288,#289,#290);
#288 = CARTESIAN_POINT('',(-3.75,-1.74999995,27.0000001));
#289 = DIRECTION('',(-1.,0.,1.110223024625E-16));
#290 = DIRECTION('',(1.110223024625E-16,0.,1.));
#291 = DEFINITIONAL_REPRESENTATION('',(#292),#296);
#292 = CIRCLE('',#293,7.);
#293 = AXIS2_PLACEMENT_2D('',#294,#295);
#294 = CARTESIAN_POINT('',(0.,0.));
#295 = DIRECTION('',(1.,0.));
#296 = ( GEOMETRIC_REPRESENTATION_CONTEXT(2) 
PARAMETRIC_REPRESENTATION_CONTEXT() REPRESENTATION_CONTEXT('2D SPACE',''
  ) );
#297 = ORIENTED_EDGE('',*,*,#248,.T.);
#298 = FACE_BOUND('',#299,.T.);
#299 = EDGE_LOOP('',(#300));
#300 = ORIENTED_EDGE('',*,*,#301,.F.);
#301 = EDGE_CURVE('',#302,#302,#304,.T.);
#302 = VERTEX_POINT('',#303);
#303 = CARTESIAN_POINT('',(-8.75,5.25000005,27.0000001));
#304 = SURFACE_CURVE('',#305,(#364,#426),.PCURVE_S1.);
#305 = B_SPLINE_CURVE_WITH_KNOTS('',8,(#306,#307,#308,#309,#310,#311,
    #312,#313,#314,#315,#316,#317,#318,#319,#320,#321,#322,#323,#324,
    #325,#326,#327,#328,#329,#330,#331,#332,#333,#334,#335,#336,#337,
    #338,#339,#340,#341,#342,#343,#344,#345,#346,#347,#348,#349,#350,
    #351,#352,#353,#354,#355,#356,#357,#358,#359,#360,#361,#362,#363),
  .UNSPECIFIED.,.T.,.F.,(9,7,7,7,7,7,7,7,9),(0.,0.126338597316,
    0.279141834988,0.448820178952,0.594901197682,0.689077979439,
    0.79264333914,0.906171398475,1.),.UNSPECIFIED.);
#306 = CARTESIAN_POINT('',(-8.75,5.25000005,27.0000001));
#307 = CARTESIAN_POINT('',(-8.75,5.25000005,27.213707374868));
#308 = CARTESIAN_POINT('',(-8.723902648401,5.242543285119,
    27.422909292717));
#309 = CARTESIAN_POINT('',(-8.673632130272,5.228181809631,
    27.623983108949));
#310 = CARTESIAN_POINT('',(-8.601631402146,5.208108046308,
    27.813725314833));
#311 = CARTESIAN_POINT('',(-8.510875381518,5.183996311584,
    27.989403413532));
#312 = CARTESIAN_POINT('',(-8.40489160273,5.157739246394,28.148858784825
    ));
#313 = CARTESIAN_POINT('',(-8.287778760499,5.13114420453,28.290648464247
    ));
#314 = CARTESIAN_POINT('',(-8.014764678672,5.074825699625,
    28.563662546074));
#315 = CARTESIAN_POINT('',(-7.852124365078,5.044840184393,
    28.690205039855));
#316 = CARTESIAN_POINT('',(-7.679796991726,5.017587999032,
    28.794437274242));
#317 = CARTESIAN_POINT('',(-7.500439183473,4.994484992186,
    28.877027362694));
#318 = CARTESIAN_POINT('',(-7.316143894093,4.976519399493,
    28.938568516855));
#319 = CARTESIAN_POINT('',(-7.128641714986,4.964318518768,
    28.979491257254));
#320 = CARTESIAN_POINT('',(-6.939449951504,4.958203982499,29.0000001));
#321 = CARTESIAN_POINT('',(-6.53962779503,4.958203982499,29.0000001));
#322 = CARTESIAN_POINT('',(-6.329698869324,4.965743677689,
    28.974710456726));
#323 = CARTESIAN_POINT('',(-6.122097285016,4.980768253983,
    28.924319202674));
#324 = CARTESIAN_POINT('',(-5.918818480484,5.002795150615,
    28.848485434142));
#325 = CARTESIAN_POINT('',(-5.722278629529,5.030888498642,
    28.746528440455));
#326 = CARTESIAN_POINT('',(-5.535529519769,5.063540517542,
    28.617532019994));
#327 = CARTESIAN_POINT('',(-5.362573558522,5.098543092567,
    28.460518637797));
#328 = CARTESIAN_POINT('',(-5.076734771478,5.162539816097,
    28.114998898566));
#329 = CARTESIAN_POINT('',(-4.953201503007,5.19295525688,27.927091527206
    ));
#330 = CARTESIAN_POINT('',(-4.849488458944,5.22101241116,27.714087919421
    ));
#331 = CARTESIAN_POINT('',(-4.773661162088,5.242985136658,
    27.481297932658));
#332 = CARTESIAN_POINT('',(-4.730943345439,5.25565067453,27.235808235446
    ));
#333 = CARTESIAN_POINT('',(-4.723871983608,5.257543982002,
    26.985544691629));
#334 = CARTESIAN_POINT('',(-4.752233122818,5.249120190734,26.73864390397
    ));
#335 = CARTESIAN_POINT('',(-4.851902170591,5.221468081177,
    26.350458592297));
#336 = CARTESIAN_POINT('',(-4.904625945553,5.207071085001,
    26.201822813896));
#337 = CARTESIAN_POINT('',(-4.970629917111,5.189503636779,
    26.058139136184));
#338 = CARTESIAN_POINT('',(-5.049372053285,5.169329630726,
    25.920771106194));
#339 = CARTESIAN_POINT('',(-5.14014375083,5.147267471593,25.791015606536
    ));
#340 = CARTESIAN_POINT('',(-5.242073515116,5.12414935937,25.670086855577
    ));
#341 = CARTESIAN_POINT('',(-5.354133944687,5.100861833037,
    25.559088473526));
#342 = CARTESIAN_POINT('',(-5.608234509821,5.053420869287,
    25.348878204535));
#343 = CARTESIAN_POINT('',(-5.752281617136,5.02938811123,25.251836274789
    ));
#344 = CARTESIAN_POINT('',(-5.905707560009,5.007331546939,
    25.169215687071));
#345 = CARTESIAN_POINT('',(-6.06676790009,4.988372031393,25.102074552444
    ));
#346 = CARTESIAN_POINT('',(-6.233623200643,4.973465042949,
    25.051187741546));
#347 = CARTESIAN_POINT('',(-6.404387624557,4.96329382072,25.017071798543
    ));
#348 = CARTESIAN_POINT('',(-6.577155639891,4.958203982499,25.0000001));
#349 = CARTESIAN_POINT('',(-6.939471506948,4.958203982499,25.0000001));
#350 = CARTESIAN_POINT('',(-7.128666701295,4.964319889289,25.02051355777
    ));
#351 = CARTESIAN_POINT('',(-7.316161129195,4.976521554243,25.06143886862
    ));
#352 = CARTESIAN_POINT('',(-7.500444366295,4.994486348453,
    25.122978000537));
#353 = CARTESIAN_POINT('',(-7.679791906191,5.017587621941,
    25.205562452746));
#354 = CARTESIAN_POINT('',(-7.852114902334,5.044838570653,
    25.309789084754));
#355 = CARTESIAN_POINT('',(-8.014757758424,5.074824272087,
    25.436330733678));
#356 = CARTESIAN_POINT('',(-8.287735704444,5.131135322744,
    25.709308679698));
#357 = CARTESIAN_POINT('',(-8.404864909911,5.157732033893,25.85109750546
    ));
#358 = CARTESIAN_POINT('',(-8.510882707692,5.183997050759,26.01058668066
    ));
#359 = CARTESIAN_POINT('',(-8.6016641254,5.208116551746,26.186317099644)
  );
#360 = CARTESIAN_POINT('',(-8.673669409389,5.228192475137,
    26.376108727337));
#361 = CARTESIAN_POINT('',(-8.723924441936,5.242549505732,
    26.577205532828));
#362 = CARTESIAN_POINT('',(-8.75,5.25000005,26.786382049924));
#363 = CARTESIAN_POINT('',(-8.75,5.25000005,27.0000001));
#364 = PCURVE('',#127,#365);
#365 = DEFINITIONAL_REPRESENTATION('',(#366),#425);
#366 = B_SPLINE_CURVE_WITH_KNOTS('',8,(#367,#368,#369,#370,#371,#372,
    #373,#374,#375,#376,#377,#378,#379,#380,#381,#382,#383,#384,#385,
    #386,#387,#388,#389,#390,#391,#392,#393,#394,#395,#396,#397,#398,
    #399,#400,#401,#402,#403,#404,#405,#406,#407,#408,#409,#410,#411,
    #412,#413,#414,#415,#416,#417,#418,#419,#420,#421,#422,#423,#424),
  .UNSPECIFIED.,.T.,.F.,(9,7,7,7,7,7,7,7,9),(0.,0.126338597316,
    0.279141834988,0.448820178952,0.594901197682,0.689077979439,
    0.79264333914,0.906171398475,1.),.UNSPECIFIED.);
#367 = CARTESIAN_POINT('',(1.570796326795,5.));
#368 = CARTESIAN_POINT('',(1.540266716099,5.));
#369 = CARTESIAN_POINT('',(1.510380692646,4.973902648401));
#370 = CARTESIAN_POINT('',(1.481612647249,4.923632130273));
#371 = CARTESIAN_POINT('',(1.454383958307,4.851631402146));
#372 = CARTESIAN_POINT('',(1.429071420888,4.760875381518));
#373 = CARTESIAN_POINT('',(1.405994947872,4.65489160273));
#374 = CARTESIAN_POINT('',(1.385389423098,4.537778760499));
#375 = CARTESIAN_POINT('',(1.345566226373,4.264764678672));
#376 = CARTESIAN_POINT('',(1.326996073312,4.102124365078));
#377 = CARTESIAN_POINT('',(1.311610473115,3.929796991727));
#378 = CARTESIAN_POINT('',(1.299360702123,3.750439183473));
#379 = CARTESIAN_POINT('',(1.290202310016,3.566143894093));
#380 = CARTESIAN_POINT('',(1.284101901998,3.378641714986));
#381 = CARTESIAN_POINT('',(1.281044625359,3.189449951504));
#382 = CARTESIAN_POINT('',(1.281044625359,2.78962779503));
#383 = CARTESIAN_POINT('',(1.28481458068,2.579698869324));
#384 = CARTESIAN_POINT('',(1.2923264763,2.372097285016));
#385 = CARTESIAN_POINT('',(1.303607349864,2.168818480484));
#386 = CARTESIAN_POINT('',(1.31871221347,1.972278629529));
#387 = CARTESIAN_POINT('',(1.337711566446,1.785529519769));
#388 = CARTESIAN_POINT('',(1.360677586631,1.612573558522));
#389 = CARTESIAN_POINT('',(1.410877080656,1.326734771478));
#390 = CARTESIAN_POINT('',(1.438063355127,1.203201503007));
#391 = CARTESIAN_POINT('',(1.468732774271,1.099488458944));
#392 = CARTESIAN_POINT('',(1.502088125297,1.023661162088));
#393 = CARTESIAN_POINT('',(1.537138096429,0.980943345439));
#394 = CARTESIAN_POINT('',(1.572839556835,0.973871983608));
#395 = CARTESIAN_POINT('',(1.608107412226,1.002233122818));
#396 = CARTESIAN_POINT('',(1.663702977194,1.101902170591));
#397 = CARTESIAN_POINT('',(1.685029144937,1.154625945553));
#398 = CARTESIAN_POINT('',(1.705697549618,1.220629917111));
#399 = CARTESIAN_POINT('',(1.725521245566,1.299372053285));
#400 = CARTESIAN_POINT('',(1.744315470831,1.39014375083));
#401 = CARTESIAN_POINT('',(1.761899017138,1.492073515116));
#402 = CARTESIAN_POINT('',(1.778099299229,1.604133944687));
#403 = CARTESIAN_POINT('',(1.808884599933,1.858234509821));
#404 = CARTESIAN_POINT('',(1.823163440938,2.002281617136));
#405 = CARTESIAN_POINT('',(1.835376885804,2.155707560009));
#406 = CARTESIAN_POINT('',(1.845342440095,2.31676790009));
#407 = CARTESIAN_POINT('',(1.852917448567,2.483623200644));
#408 = CARTESIAN_POINT('',(1.858003123048,2.654387624557));
#409 = CARTESIAN_POINT('',(1.860548028231,2.827155639891));
#410 = CARTESIAN_POINT('',(1.860548028231,3.189471506948));
#411 = CARTESIAN_POINT('',(1.857490063801,3.378666701295));
#412 = CARTESIAN_POINT('',(1.8513892719,3.566161129195));
#413 = CARTESIAN_POINT('',(1.842231189533,3.750444366295));
#414 = CARTESIAN_POINT('',(1.82998225991,3.929791906191));
#415 = CARTESIAN_POINT('',(1.814597476831,4.102114902334));
#416 = CARTESIAN_POINT('',(1.796027436638,4.264757758424));
#417 = CARTESIAN_POINT('',(1.756209510863,4.537735704444));
#418 = CARTESIAN_POINT('',(1.735604058153,4.654864909911));
#419 = CARTESIAN_POINT('',(1.712522632047,4.760882707692));
#420 = CARTESIAN_POINT('',(1.687202566061,4.8516641254));
#421 = CARTESIAN_POINT('',(1.659966858362,4.923669409389));
#422 = CARTESIAN_POINT('',(1.631195586862,4.973924441936));
#423 = CARTESIAN_POINT('',(1.601313191092,5.));
#424 = CARTESIAN_POINT('',(1.570796326795,5.));
#425 = ( GEOMETRIC_REPRESENTATION_CONTEXT(2) 
PARAMETRIC_REPRESENTATION_CONTEXT() REPRESENTATION_CONTEXT('2D SPACE',''
  ) );
#426 = PCURVE('',#427,#432);
#427 = CYLINDRICAL_SURFACE('',#428,2.);
#428 = AXIS2_PLACEMENT_3D('',#429,#430,#431);
#429 = CARTESIAN_POINT('',(-6.75,4.25000005,27.0000001));
#430 = DIRECTION('',(0.,1.,0.));
#431 = DIRECTION('',(-1.,0.,1.110223024625E-16));
#432 = DEFINITIONAL_REPRESENTATION('',(#433),#492);
#433 = B_SPLINE_CURVE_WITH_KNOTS('',8,(#434,#435,#436,#437,#438,#439,
    #440,#441,#442,#443,#444,#445,#446,#447,#448,#449,#450,#451,#452,
    #453,#454,#455,#456,#457,#458,#459,#460,#461,#462,#463,#464,#465,
    #466,#467,#468,#469,#470,#471,#472,#473,#474,#475,#476,#477,#478,
    #479,#480,#481,#482,#483,#484,#485,#486,#487,#488,#489,#490,#491),
  .UNSPECIFIED.,.F.,.F.,(9,7,7,7,7,7,7,7,9),(0.,0.126338597316,
    0.279141834988,0.448820178952,0.594901197682,0.689077979439,
    0.79264333914,0.906171398475,1.),.UNSPECIFIED.);
#434 = CARTESIAN_POINT('',(0.,1.));
#435 = CARTESIAN_POINT('',(0.106853637434,1.));
#436 = CARTESIAN_POINT('',(0.211454527257,0.992543235119));
#437 = CARTESIAN_POINT('',(0.313850725765,0.978181759631));
#438 = CARTESIAN_POINT('',(0.413969808016,0.958107996308));
#439 = CARTESIAN_POINT('',(0.511625422323,0.933996261584));
#440 = CARTESIAN_POINT('',(0.606488460563,0.907739196394));
#441 = CARTESIAN_POINT('',(0.698024373884,0.88114415453));
#442 = CARTESIAN_POINT('',(0.891074482503,0.824825649625));
#443 = CARTESIAN_POINT('',(0.993316200763,0.794840134393));
#444 = CARTESIAN_POINT('',(1.092892264344,0.767587949032));
#445 = CARTESIAN_POINT('',(1.190411103421,0.744484942186));
#446 = CARTESIAN_POINT('',(1.286428749495,0.726519349493));
#447 = CARTESIAN_POINT('',(1.381475646154,0.714318468768));
#448 = CARTESIAN_POINT('',(1.476071351043,0.708203932499));
#449 = CARTESIAN_POINT('',(1.67598242928,0.708203932499));
#450 = CARTESIAN_POINT('',(1.780946589753,0.715743627689));
#451 = CARTESIAN_POINT('',(1.88652186198,0.730768203983));
#452 = CARTESIAN_POINT('',(1.993448789894,0.752795100615));
#453 = CARTESIAN_POINT('',(2.102464711809,0.780888448642));
#454 = CARTESIAN_POINT('',(2.214343121966,0.813540467542));
#455 = CARTESIAN_POINT('',(2.329957281359,0.848543042567));
#456 = CARTESIAN_POINT('',(2.554171298749,0.912539766097));
#457 = CARTESIAN_POINT('',(2.665935652638,0.94295520688));
#458 = CARTESIAN_POINT('',(2.782750228191,0.97101236116));
#459 = CARTESIAN_POINT('',(2.902816815922,0.992985086658));
#460 = CARTESIAN_POINT('',(3.024906123041,1.00565062453));
#461 = CARTESIAN_POINT('',(3.147981576986,1.007543932002));
#462 = CARTESIAN_POINT('',(3.271080461509,0.999120140734));
#463 = CARTESIAN_POINT('',(3.471468681773,0.971468031177));
#464 = CARTESIAN_POINT('',(3.550007605951,0.957071035001));
#465 = CARTESIAN_POINT('',(3.628538374869,0.939503586779));
#466 = CARTESIAN_POINT('',(3.707070162549,0.919329580726));
#467 = CARTESIAN_POINT('',(3.785610460312,0.897267421593));
#468 = CARTESIAN_POINT('',(3.864159407779,0.87414930937));
#469 = CARTESIAN_POINT('',(3.942707775126,0.850861783037));
#470 = CARTESIAN_POINT('',(4.107598234516,0.803420819287));
#471 = CARTESIAN_POINT('',(4.19402178235,0.77938806123));
#472 = CARTESIAN_POINT('',(4.280443698062,0.75733149694));
#473 = CARTESIAN_POINT('',(4.366842361088,0.738371981393));
#474 = CARTESIAN_POINT('',(4.453217022252,0.723464992949));
#475 = CARTESIAN_POINT('',(4.539582780622,0.71329377072));
#476 = CARTESIAN_POINT('',(4.62596680033,0.708203932499));
#477 = CARTESIAN_POINT('',(4.807124733859,0.708203932499));
#478 = CARTESIAN_POINT('',(4.901722133192,0.714319839289));
#479 = CARTESIAN_POINT('',(4.996765630522,0.726521504243));
#480 = CARTESIAN_POINT('',(5.092777549674,0.744486298453));
#481 = CARTESIAN_POINT('',(5.190290804982,0.767587571941));
#482 = CARTESIAN_POINT('',(5.289863620676,0.794838520653));
#483 = CARTESIAN_POINT('',(5.392105931322,0.824824222087));
#484 = CARTESIAN_POINT('',(5.585130488067,0.881135272744));
#485 = CARTESIAN_POINT('',(5.676671891761,0.907731983893));
#486 = CARTESIAN_POINT('',(5.77155781583,0.933997000759));
#487 = CARTESIAN_POINT('',(5.869241013844,0.958116501746));
#488 = CARTESIAN_POINT('',(5.969382702665,0.978192425137));
#489 = CARTESIAN_POINT('',(6.071788100287,0.992549455732));
#490 = CARTESIAN_POINT('',(6.176376282141,1.));
#491 = CARTESIAN_POINT('',(6.28318530718,1.));
#492 = ( GEOMETRIC_REPRESENTATION_CONTEXT(2) 
PARAMETRIC_REPRESENTATION_CONTEXT() REPRESENTATION_CONTEXT('2D SPACE',''
  ) );
#493 = FACE_BOUND('',#494,.T.);
#494 = EDGE_LOOP('',(#495,#496,#497,#520));
#495 = ORIENTED_EDGE('',*,*,#113,.F.);
#496 = ORIENTED_EDGE('',*,*,#194,.F.);
#497 = ORIENTED_EDGE('',*,*,#498,.T.);
#498 = EDGE_CURVE('',#145,#499,#501,.T.);
#499 = VERTEX_POINT('',#500);
#500 = CARTESIAN_POINT('',(-8.75,1.75000005,20.937822273509));
#501 = SURFACE_CURVE('',#502,(#506,#513),.PCURVE_S1.);
#502 = LINE('',#503,#504);
#503 = CARTESIAN_POINT('',(-3.75,1.75000005,20.937822273509));
#504 = VECTOR('',#505,1.);
#505 = DIRECTION('',(-1.,0.,1.110223024625E-16));
#506 = PCURVE('',#127,#507);
#507 = DEFINITIONAL_REPRESENTATION('',(#508),#512);
#508 = LINE('',#509,#510);
#509 = CARTESIAN_POINT('',(2.617993877991,0.));
#510 = VECTOR('',#511,1.);
#511 = DIRECTION('',(0.,1.));
#512 = ( GEOMETRIC_REPRESENTATION_CONTEXT(2) 
PARAMETRIC_REPRESENTATION_CONTEXT() REPRESENTATION_CONTEXT('2D SPACE',''
  ) );
#513 = PCURVE('',#160,#514);
#514 = DEFINITIONAL_REPRESENTATION('',(#515),#519);
#515 = LINE('',#516,#517);
#516 = CARTESIAN_POINT('',(-1.,9.937822173509));
#517 = VECTOR('',#518,1.);
#518 = DIRECTION('',(1.,0.));
#519 = ( GEOMETRIC_REPRESENTATION_CONTEXT(2) 
PARAMETRIC_REPRESENTATION_CONTEXT() REPRESENTATION_CONTEXT('2D SPACE',''
  ) );
#520 = ORIENTED_EDGE('',*,*,#521,.T.);
#521 = EDGE_CURVE('',#499,#86,#522,.T.);
#522 = SURFACE_CURVE('',#523,(#528,#535),.PCURVE_S1.);
#523 = CIRCLE('',#524,7.);
#524 = AXIS2_PLACEMENT_3D('',#525,#526,#527);
#525 = CARTESIAN_POINT('',(-8.75,-1.74999995,27.0000001));
#526 = DIRECTION('',(-1.,0.,1.110223024625E-16));
#527 = DIRECTION('',(1.110223024625E-16,0.,1.));
#528 = PCURVE('',#127,#529);
#529 = DEFINITIONAL_REPRESENTATION('',(#530),#534);
#530 = LINE('',#531,#532);
#531 = CARTESIAN_POINT('',(0.,5.));
#532 = VECTOR('',#533,1.);
#533 = DIRECTION('',(1.,0.));
#534 = ( GEOMETRIC_REPRESENTATION_CONTEXT(2) 
PARAMETRIC_REPRESENTATION_CONTEXT() REPRESENTATION_CONTEXT('2D SPACE',''
  ) );
#535 = PCURVE('',#101,#536);
#536 = DEFINITIONAL_REPRESENTATION('',(#537),#541);
#537 = CIRCLE('',#538,7.);
#538 = AXIS2_PLACEMENT_2D('',#539,#540);
#539 = CARTESIAN_POINT('',(16.,3.5));
#540 = DIRECTION('',(1.,0.));
#541 = ( GEOMETRIC_REPRESENTATION_CONTEXT(2) 
PARAMETRIC_REPRESENTATION_CONTEXT() REPRESENTATION_CONTEXT('2D SPACE',''
  ) );
#542 = ADVANCED_FACE('',(#543),#101,.T.);
#543 = FACE_BOUND('',#544,.T.);
#544 = EDGE_LOOP('',(#545,#568,#589,#590));
#545 = ORIENTED_EDGE('',*,*,#546,.F.);
#546 = EDGE_CURVE('',#547,#499,#549,.T.);
#547 = VERTEX_POINT('',#548);
#548 = CARTESIAN_POINT('',(-8.75,1.75000005,17.253234163627));
#549 = SURFACE_CURVE('',#550,(#554,#561),.PCURVE_S1.);
#550 = LINE('',#551,#552);
#551 = CARTESIAN_POINT('',(-8.75,1.75000005,11.0000001));
#552 = VECTOR('',#553,1.);
#553 = DIRECTION('',(1.110223024625E-16,0.,1.));
#554 = PCURVE('',#101,#555);
#555 = DEFINITIONAL_REPRESENTATION('',(#556),#560);
#556 = LINE('',#557,#558);
#557 = CARTESIAN_POINT('',(0.,7.));
#558 = VECTOR('',#559,1.);
#559 = DIRECTION('',(1.,0.));
#560 = ( GEOMETRIC_REPRESENTATION_CONTEXT(2) 
PARAMETRIC_REPRESENTATION_CONTEXT() REPRESENTATION_CONTEXT('2D SPACE',''
  ) );
#561 = PCURVE('',#160,#562);
#562 = DEFINITIONAL_REPRESENTATION('',(#563),#567);
#563 = LINE('',#564,#565);
#564 = CARTESIAN_POINT('',(4.,3.10862446895E-15));
#565 = VECTOR('',#566,1.);
#566 = DIRECTION('',(0.,1.));
#567 = ( GEOMETRIC_REPRESENTATION_CONTEXT(2) 
PARAMETRIC_REPRESENTATION_CONTEXT() REPRESENTATION_CONTEXT('2D SPACE',''
  ) );
#568 = ORIENTED_EDGE('',*,*,#569,.F.);
#569 = EDGE_CURVE('',#57,#547,#570,.T.);
#570 = SURFACE_CURVE('',#571,(#575,#582),.PCURVE_S1.);
#571 = LINE('',#572,#573);
#572 = CARTESIAN_POINT('',(-8.75,-5.44999995,17.253234163627));
#573 = VECTOR('',#574,1.);
#574 = DIRECTION('',(0.,1.,0.));
#575 = PCURVE('',#101,#576);
#576 = DEFINITIONAL_REPRESENTATION('',(#577),#581);
#577 = LINE('',#578,#579);
#578 = CARTESIAN_POINT('',(6.253234063627,-0.2));
#579 = VECTOR('',#580,1.);
#580 = DIRECTION('',(0.,1.));
#581 = ( GEOMETRIC_REPRESENTATION_CONTEXT(2) 
PARAMETRIC_REPRESENTATION_CONTEXT() REPRESENTATION_CONTEXT('2D SPACE',''
  ) );
#582 = PCURVE('',#73,#583);
#583 = DEFINITIONAL_REPRESENTATION('',(#584),#588);
#584 = LINE('',#585,#586);
#585 = CARTESIAN_POINT('',(1.131246734347,0.));
#586 = VECTOR('',#587,1.);
#587 = DIRECTION('',(0.,1.));
#588 = ( GEOMETRIC_REPRESENTATION_CONTEXT(2) 
PARAMETRIC_REPRESENTATION_CONTEXT() REPRESENTATION_CONTEXT('2D SPACE',''
  ) );
#589 = ORIENTED_EDGE('',*,*,#85,.T.);
#590 = ORIENTED_EDGE('',*,*,#521,.F.);
#591 = ADVANCED_FACE('',(#592,#674,#701),#73,.T.);
#592 = FACE_BOUND('',#593,.T.);
#593 = EDGE_LOOP('',(#594,#623,#646,#673));
#594 = ORIENTED_EDGE('',*,*,#595,.F.);
#595 = EDGE_CURVE('',#596,#596,#598,.T.);
#596 = VERTEX_POINT('',#597);
#597 = CARTESIAN_POINT('',(-11.45,1.95000005,13.0000001));
#598 = SURFACE_CURVE('',#599,(#604,#611),.PCURVE_S1.);
#599 = CIRCLE('',#600,4.7);
#600 = AXIS2_PLACEMENT_3D('',#601,#602,#603);
#601 = CARTESIAN_POINT('',(-6.75,1.95000005,13.0000001));
#602 = DIRECTION('',(0.,1.,-0.));
#603 = DIRECTION('',(-1.,0.,1.110223024625E-16));
#604 = PCURVE('',#73,#605);
#605 = DEFINITIONAL_REPRESENTATION('',(#606),#610);
#606 = LINE('',#607,#608);
#607 = CARTESIAN_POINT('',(0.,7.4));
#608 = VECTOR('',#609,1.);
#609 = DIRECTION('',(1.,0.));
#610 = ( GEOMETRIC_REPRESENTATION_CONTEXT(2) 
PARAMETRIC_REPRESENTATION_CONTEXT() REPRESENTATION_CONTEXT('2D SPACE',''
  ) );
#611 = PCURVE('',#612,#617);
#612 = PLANE('',#613);
#613 = AXIS2_PLACEMENT_3D('',#614,#615,#616);
#614 = CARTESIAN_POINT('',(-6.75,1.95000005,13.0000001));
#615 = DIRECTION('',(0.,1.,0.));
#616 = DIRECTION('',(-1.,0.,1.110223024625E-16));
#617 = DEFINITIONAL_REPRESENTATION('',(#618),#622);
#618 = CIRCLE('',#619,4.7);
#619 = AXIS2_PLACEMENT_2D('',#620,#621);
#620 = CARTESIAN_POINT('',(0.,0.));
#621 = DIRECTION('',(1.,0.));
#622 = ( GEOMETRIC_REPRESENTATION_CONTEXT(2) 
PARAMETRIC_REPRESENTATION_CONTEXT() REPRESENTATION_CONTEXT('2D SPACE',''
  ) );
#623 = ORIENTED_EDGE('',*,*,#624,.F.);
#624 = EDGE_CURVE('',#625,#596,#627,.T.);
#625 = VERTEX_POINT('',#626);
#626 = CARTESIAN_POINT('',(-11.45,-5.44999995,13.0000001));
#627 = SEAM_CURVE('',#628,(#632,#639),.PCURVE_S1.);
#628 = LINE('',#629,#630);
#629 = CARTESIAN_POINT('',(-11.45,-5.44999995,13.0000001));
#630 = VECTOR('',#631,1.);
#631 = DIRECTION('',(0.,1.,0.));
#632 = PCURVE('',#73,#633);
#633 = DEFINITIONAL_REPRESENTATION('',(#634),#638);
#634 = LINE('',#635,#636);
#635 = CARTESIAN_POINT('',(6.28318530718,-0.));
#636 = VECTOR('',#637,1.);
#637 = DIRECTION('',(0.,1.));
#638 = ( GEOMETRIC_REPRESENTATION_CONTEXT(2) 
PARAMETRIC_REPRESENTATION_CONTEXT() REPRESENTATION_CONTEXT('2D SPACE',''
  ) );
#639 = PCURVE('',#73,#640);
#640 = DEFINITIONAL_REPRESENTATION('',(#641),#645);
#641 = LINE('',#642,#643);
#642 = CARTESIAN_POINT('',(0.,-0.));
#643 = VECTOR('',#644,1.);
#644 = DIRECTION('',(0.,1.));
#645 = ( GEOMETRIC_REPRESENTATION_CONTEXT(2) 
PARAMETRIC_REPRESENTATION_CONTEXT() REPRESENTATION_CONTEXT('2D SPACE',''
  ) );
#646 = ORIENTED_EDGE('',*,*,#647,.T.);
#647 = EDGE_CURVE('',#625,#625,#648,.T.);
#648 = SURFACE_CURVE('',#649,(#654,#661),.PCURVE_S1.);
#649 = CIRCLE('',#650,4.7);
#650 = AXIS2_PLACEMENT_3D('',#651,#652,#653);
#651 = CARTESIAN_POINT('',(-6.75,-5.44999995,13.0000001));
#652 = DIRECTION('',(0.,1.,-0.));
#653 = DIRECTION('',(-1.,0.,1.110223024625E-16));
#654 = PCURVE('',#73,#655);
#655 = DEFINITIONAL_REPRESENTATION('',(#656),#660);
#656 = LINE('',#657,#658);
#657 = CARTESIAN_POINT('',(0.,0.));
#658 = VECTOR('',#659,1.);
#659 = DIRECTION('',(1.,0.));
#660 = ( GEOMETRIC_REPRESENTATION_CONTEXT(2) 
PARAMETRIC_REPRESENTATION_CONTEXT() REPRESENTATION_CONTEXT('2D SPACE',''
  ) );
#661 = PCURVE('',#662,#667);
#662 = PLANE('',#663);
#663 = AXIS2_PLACEMENT_3D('',#664,#665,#666);
#664 = CARTESIAN_POINT('',(-6.75,-5.44999995,13.0000001));
#665 = DIRECTION('',(0.,1.,0.));
#666 = DIRECTION('',(-1.,0.,1.110223024625E-16));
#667 = DEFINITIONAL_REPRESENTATION('',(#668),#672);
#668 = CIRCLE('',#669,4.7);
#669 = AXIS2_PLACEMENT_2D('',#670,#671);
#670 = CARTESIAN_POINT('',(0.,0.));
#671 = DIRECTION('',(1.,0.));
#672 = ( GEOMETRIC_REPRESENTATION_CONTEXT(2) 
PARAMETRIC_REPRESENTATION_CONTEXT() REPRESENTATION_CONTEXT('2D SPACE',''
  ) );
#673 = ORIENTED_EDGE('',*,*,#624,.T.);
#674 = FACE_BOUND('',#675,.T.);
#675 = EDGE_LOOP('',(#676,#677,#678,#700));
#676 = ORIENTED_EDGE('',*,*,#56,.F.);
#677 = ORIENTED_EDGE('',*,*,#569,.T.);
#678 = ORIENTED_EDGE('',*,*,#679,.T.);
#679 = EDGE_CURVE('',#547,#143,#680,.T.);
#680 = SURFACE_CURVE('',#681,(#686,#693),.PCURVE_S1.);
#681 = CIRCLE('',#682,4.7);
#682 = AXIS2_PLACEMENT_3D('',#683,#684,#685);
#683 = CARTESIAN_POINT('',(-6.75,1.75000005,13.0000001));
#684 = DIRECTION('',(0.,1.,-0.));
#685 = DIRECTION('',(-1.,0.,1.110223024625E-16));
#686 = PCURVE('',#73,#687);
#687 = DEFINITIONAL_REPRESENTATION('',(#688),#692);
#688 = LINE('',#689,#690);
#689 = CARTESIAN_POINT('',(0.,7.2));
#690 = VECTOR('',#691,1.);
#691 = DIRECTION('',(1.,0.));
#692 = ( GEOMETRIC_REPRESENTATION_CONTEXT(2) 
PARAMETRIC_REPRESENTATION_CONTEXT() REPRESENTATION_CONTEXT('2D SPACE',''
  ) );
#693 = PCURVE('',#160,#694);
#694 = DEFINITIONAL_REPRESENTATION('',(#695),#699);
#695 = CIRCLE('',#696,4.7);
#696 = AXIS2_PLACEMENT_2D('',#697,#698);
#697 = CARTESIAN_POINT('',(2.,2.));
#698 = DIRECTION('',(1.,0.));
#699 = ( GEOMETRIC_REPRESENTATION_CONTEXT(2) 
PARAMETRIC_REPRESENTATION_CONTEXT() REPRESENTATION_CONTEXT('2D SPACE',''
  ) );
#700 = ORIENTED_EDGE('',*,*,#172,.F.);
#701 = FACE_BOUND('',#702,.T.);
#702 = EDGE_LOOP('',(#703,#734,#762,#791));
#703 = ORIENTED_EDGE('',*,*,#704,.F.);
#704 = EDGE_CURVE('',#705,#707,#709,.T.);
#705 = VERTEX_POINT('',#706);
#706 = CARTESIAN_POINT('',(-2.157614998718,-5.24999995,12.0000001));
#707 = VERTEX_POINT('',#708);
#708 = CARTESIAN_POINT('',(-6.75,-5.24999995,8.3000001));
#709 = SURFACE_CURVE('',#710,(#715,#722),.PCURVE_S1.);
#710 = CIRCLE('',#711,4.7);
#711 = AXIS2_PLACEMENT_3D('',#712,#713,#714);
#712 = CARTESIAN_POINT('',(-6.75,-5.24999995,13.0000001));
#713 = DIRECTION('',(0.,1.,-0.));
#714 = DIRECTION('',(-1.,0.,1.110223024625E-16));
#715 = PCURVE('',#73,#716);
#716 = DEFINITIONAL_REPRESENTATION('',(#717),#721);
#717 = LINE('',#718,#719);
#718 = CARTESIAN_POINT('',(0.,0.2));
#719 = VECTOR('',#720,1.);
#720 = DIRECTION('',(1.,0.));
#721 = ( GEOMETRIC_REPRESENTATION_CONTEXT(2) 
PARAMETRIC_REPRESENTATION_CONTEXT() REPRESENTATION_CONTEXT('2D SPACE',''
  ) );
#722 = PCURVE('',#723,#728);
#723 = PLANE('',#724);
#724 = AXIS2_PLACEMENT_3D('',#725,#726,#727);
#725 = CARTESIAN_POINT('',(5.25,-5.24999995,6.0000001));
#726 = DIRECTION('',(0.,1.,0.));
#727 = DIRECTION('',(-1.,0.,1.110223024625E-16));
#728 = DEFINITIONAL_REPRESENTATION('',(#729),#733);
#729 = CIRCLE('',#730,4.7);
#730 = AXIS2_PLACEMENT_2D('',#731,#732);
#731 = CARTESIAN_POINT('',(12.,7.));
#732 = DIRECTION('',(1.,0.));
#733 = ( GEOMETRIC_REPRESENTATION_CONTEXT(2) 
PARAMETRIC_REPRESENTATION_CONTEXT() REPRESENTATION_CONTEXT('2D SPACE',''
  ) );
#734 = ORIENTED_EDGE('',*,*,#735,.T.);
#735 = EDGE_CURVE('',#705,#736,#738,.T.);
#736 = VERTEX_POINT('',#737);
#737 = CARTESIAN_POINT('',(-2.157614998718,1.75000005,12.0000001));
#738 = SURFACE_CURVE('',#739,(#743,#750),.PCURVE_S1.);
#739 = LINE('',#740,#741);
#740 = CARTESIAN_POINT('',(-2.157614998718,-5.44999995,12.0000001));
#741 = VECTOR('',#742,1.);
#742 = DIRECTION('',(0.,1.,0.));
#743 = PCURVE('',#73,#744);
#744 = DEFINITIONAL_REPRESENTATION('',(#745),#749);
#745 = LINE('',#746,#747);
#746 = CARTESIAN_POINT('',(3.355997518324,0.));
#747 = VECTOR('',#748,1.);
#748 = DIRECTION('',(0.,1.));
#749 = ( GEOMETRIC_REPRESENTATION_CONTEXT(2) 
PARAMETRIC_REPRESENTATION_CONTEXT() REPRESENTATION_CONTEXT('2D SPACE',''
  ) );
#750 = PCURVE('',#751,#756);
#751 = PLANE('',#752);
#752 = AXIS2_PLACEMENT_3D('',#753,#754,#755);
#753 = CARTESIAN_POINT('',(5.25,-5.24999995,12.0000001));
#754 = DIRECTION('',(1.110223024625E-16,0.,1.));
#755 = DIRECTION('',(-1.,0.,1.110223024625E-16));
#756 = DEFINITIONAL_REPRESENTATION('',(#757),#761);
#757 = LINE('',#758,#759);
#758 = CARTESIAN_POINT('',(7.407614998718,0.2));
#759 = VECTOR('',#760,1.);
#760 = DIRECTION('',(0.,-1.));
#761 = ( GEOMETRIC_REPRESENTATION_CONTEXT(2) 
PARAMETRIC_REPRESENTATION_CONTEXT() REPRESENTATION_CONTEXT('2D SPACE',''
  ) );
#762 = ORIENTED_EDGE('',*,*,#763,.T.);
#763 = EDGE_CURVE('',#736,#764,#766,.T.);
#764 = VERTEX_POINT('',#765);
#765 = CARTESIAN_POINT('',(-6.75,1.75000005,8.3000001));
#766 = SURFACE_CURVE('',#767,(#772,#779),.PCURVE_S1.);
#767 = CIRCLE('',#768,4.7);
#768 = AXIS2_PLACEMENT_3D('',#769,#770,#771);
#769 = CARTESIAN_POINT('',(-6.75,1.75000005,13.0000001));
#770 = DIRECTION('',(0.,1.,-0.));
#771 = DIRECTION('',(-1.,0.,1.110223024625E-16));
#772 = PCURVE('',#73,#773);
#773 = DEFINITIONAL_REPRESENTATION('',(#774),#778);
#774 = LINE('',#775,#776);
#775 = CARTESIAN_POINT('',(0.,7.2));
#776 = VECTOR('',#777,1.);
#777 = DIRECTION('',(1.,0.));
#778 = ( GEOMETRIC_REPRESENTATION_CONTEXT(2) 
PARAMETRIC_REPRESENTATION_CONTEXT() REPRESENTATION_CONTEXT('2D SPACE',''
  ) );
#779 = PCURVE('',#780,#785);
#780 = PLANE('',#781);
#781 = AXIS2_PLACEMENT_3D('',#782,#783,#784);
#782 = CARTESIAN_POINT('',(5.25,1.75000005,6.0000001));
#783 = DIRECTION('',(0.,1.,0.));
#784 = DIRECTION('',(-1.,0.,1.110223024625E-16));
#785 = DEFINITIONAL_REPRESENTATION('',(#786),#790);
#786 = CIRCLE('',#787,4.7);
#787 = AXIS2_PLACEMENT_2D('',#788,#789);
#788 = CARTESIAN_POINT('',(12.,7.));
#789 = DIRECTION('',(1.,0.));
#790 = ( GEOMETRIC_REPRESENTATION_CONTEXT(2) 
PARAMETRIC_REPRESENTATION_CONTEXT() REPRESENTATION_CONTEXT('2D SPACE',''
  ) );
#791 = ORIENTED_EDGE('',*,*,#792,.F.);
#792 = EDGE_CURVE('',#707,#764,#793,.T.);
#793 = SURFACE_CURVE('',#794,(#798,#805),.PCURVE_S1.);
#794 = LINE('',#795,#796);
#795 = CARTESIAN_POINT('',(-6.75,-5.44999995,8.3000001));
#796 = VECTOR('',#797,1.);
#797 = DIRECTION('',(0.,1.,0.));
#798 = PCURVE('',#73,#799);
#799 = DEFINITIONAL_REPRESENTATION('',(#800),#804);
#800 = LINE('',#801,#802);
#801 = CARTESIAN_POINT('',(4.712388980385,0.));
#802 = VECTOR('',#803,1.);
#803 = DIRECTION('',(0.,1.));
#804 = ( GEOMETRIC_REPRESENTATION_CONTEXT(2) 
PARAMETRIC_REPRESENTATION_CONTEXT() REPRESENTATION_CONTEXT('2D SPACE',''
  ) );
#805 = PCURVE('',#806,#811);
#806 = PLANE('',#807);
#807 = AXIS2_PLACEMENT_3D('',#808,#809,#810);
#808 = CARTESIAN_POINT('',(-6.75,-5.24999995,6.0000001));
#809 = DIRECTION('',(-1.,0.,1.110223024625E-16));
#810 = DIRECTION('',(1.110223024625E-16,0.,1.));
#811 = DEFINITIONAL_REPRESENTATION('',(#812),#816);
#812 = LINE('',#813,#814);
#813 = CARTESIAN_POINT('',(2.3,-0.2));
#814 = VECTOR('',#815,1.);
#815 = DIRECTION('',(0.,1.));
#816 = ( GEOMETRIC_REPRESENTATION_CONTEXT(2) 
PARAMETRIC_REPRESENTATION_CONTEXT() REPRESENTATION_CONTEXT('2D SPACE',''
  ) );
#817 = ADVANCED_FACE('',(#818),#160,.T.);
#818 = FACE_BOUND('',#819,.T.);
#819 = EDGE_LOOP('',(#820,#821,#822,#823));
#820 = ORIENTED_EDGE('',*,*,#142,.F.);
#821 = ORIENTED_EDGE('',*,*,#679,.F.);
#822 = ORIENTED_EDGE('',*,*,#546,.T.);
#823 = ORIENTED_EDGE('',*,*,#498,.F.);
#824 = ADVANCED_FACE('',(#825,#828),#236,.T.);
#825 = FACE_BOUND('',#826,.T.);
#826 = EDGE_LOOP('',(#827));
#827 = ORIENTED_EDGE('',*,*,#219,.T.);
#828 = FACE_BOUND('',#829,.T.);
#829 = EDGE_LOOP('',(#830));
#830 = ORIENTED_EDGE('',*,*,#831,.F.);
#831 = EDGE_CURVE('',#832,#832,#834,.T.);
#832 = VERTEX_POINT('',#833);
#833 = CARTESIAN_POINT('',(-9.75,-1.74999995,31.0000001));
#834 = SURFACE_CURVE('',#835,(#840,#847),.PCURVE_S1.);
#835 = CIRCLE('',#836,4.);
#836 = AXIS2_PLACEMENT_3D('',#837,#838,#839);
#837 = CARTESIAN_POINT('',(-9.75,-1.74999995,27.0000001));
#838 = DIRECTION('',(-1.,0.,1.110223024625E-16));
#839 = DIRECTION('',(1.110223024625E-16,0.,1.));
#840 = PCURVE('',#236,#841);
#841 = DEFINITIONAL_REPRESENTATION('',(#842),#846);
#842 = CIRCLE('',#843,4.);
#843 = AXIS2_PLACEMENT_2D('',#844,#845);
#844 = CARTESIAN_POINT('',(0.,0.));
#845 = DIRECTION('',(1.,0.));
#846 = ( GEOMETRIC_REPRESENTATION_CONTEXT(2) 
PARAMETRIC_REPRESENTATION_CONTEXT() REPRESENTATION_CONTEXT('2D SPACE',''
  ) );
#847 = PCURVE('',#848,#853);
#848 = CYLINDRICAL_SURFACE('',#849,4.);
#849 = AXIS2_PLACEMENT_3D('',#850,#851,#852);
#850 = CARTESIAN_POINT('',(-2.75,-1.74999995,27.0000001));
#851 = DIRECTION('',(-1.,0.,1.110223024625E-16));
#852 = DIRECTION('',(1.110223024625E-16,0.,1.));
#853 = DEFINITIONAL_REPRESENTATION('',(#854),#858);
#854 = LINE('',#855,#856);
#855 = CARTESIAN_POINT('',(0.,7.));
#856 = VECTOR('',#857,1.);
#857 = DIRECTION('',(1.,0.));
#858 = ( GEOMETRIC_REPRESENTATION_CONTEXT(2) 
PARAMETRIC_REPRESENTATION_CONTEXT() REPRESENTATION_CONTEXT('2D SPACE',''
  ) );
#859 = ADVANCED_FACE('',(#860,#863),#286,.F.);
#860 = FACE_BOUND('',#861,.F.);
#861 = EDGE_LOOP('',(#862));
#862 = ORIENTED_EDGE('',*,*,#271,.T.);
#863 = FACE_BOUND('',#864,.F.);
#864 = EDGE_LOOP('',(#865));
#865 = ORIENTED_EDGE('',*,*,#866,.F.);
#866 = EDGE_CURVE('',#867,#867,#869,.T.);
#867 = VERTEX_POINT('',#868);
#868 = CARTESIAN_POINT('',(-3.75,-1.74999995,31.0000001));
#869 = SURFACE_CURVE('',#870,(#875,#882),.PCURVE_S1.);
#870 = CIRCLE('',#871,4.);
#871 = AXIS2_PLACEMENT_3D('',#872,#873,#874);
#872 = CARTESIAN_POINT('',(-3.75,-1.74999995,27.0000001));
#873 = DIRECTION('',(-1.,0.,1.110223024625E-16));
#874 = DIRECTION('',(1.110223024625E-16,0.,1.));
#875 = PCURVE('',#286,#876);
#876 = DEFINITIONAL_REPRESENTATION('',(#877),#881);
#877 = CIRCLE('',#878,4.);
#878 = AXIS2_PLACEMENT_2D('',#879,#880);
#879 = CARTESIAN_POINT('',(0.,0.));
#880 = DIRECTION('',(1.,0.));
#881 = ( GEOMETRIC_REPRESENTATION_CONTEXT(2) 
PARAMETRIC_REPRESENTATION_CONTEXT() REPRESENTATION_CONTEXT('2D SPACE',''
  ) );
#882 = PCURVE('',#848,#883);
#883 = DEFINITIONAL_REPRESENTATION('',(#884),#888);
#884 = LINE('',#885,#886);
#885 = CARTESIAN_POINT('',(0.,1.));
#886 = VECTOR('',#887,1.);
#887 = DIRECTION('',(1.,0.));
#888 = ( GEOMETRIC_REPRESENTATION_CONTEXT(2) 
PARAMETRIC_REPRESENTATION_CONTEXT() REPRESENTATION_CONTEXT('2D SPACE',''
  ) );
#889 = ADVANCED_FACE('',(#890),#427,.T.);
#890 = FACE_BOUND('',#891,.T.);
#891 = EDGE_LOOP('',(#892,#893,#916,#943));
#892 = ORIENTED_EDGE('',*,*,#301,.T.);
#893 = ORIENTED_EDGE('',*,*,#894,.T.);
#894 = EDGE_CURVE('',#302,#895,#897,.T.);
#895 = VERTEX_POINT('',#896);
#896 = CARTESIAN_POINT('',(-8.75,7.25000005,27.0000001));
#897 = SEAM_CURVE('',#898,(#902,#909),.PCURVE_S1.);
#898 = LINE('',#899,#900);
#899 = CARTESIAN_POINT('',(-8.75,4.25000005,27.0000001));
#900 = VECTOR('',#901,1.);
#901 = DIRECTION('',(0.,1.,0.));
#902 = PCURVE('',#427,#903);
#903 = DEFINITIONAL_REPRESENTATION('',(#904),#908);
#904 = LINE('',#905,#906);
#905 = CARTESIAN_POINT('',(0.,-0.));
#906 = VECTOR('',#907,1.);
#907 = DIRECTION('',(0.,1.));
#908 = ( GEOMETRIC_REPRESENTATION_CONTEXT(2) 
PARAMETRIC_REPRESENTATION_CONTEXT() REPRESENTATION_CONTEXT('2D SPACE',''
  ) );
#909 = PCURVE('',#427,#910);
#910 = DEFINITIONAL_REPRESENTATION('',(#911),#915);
#911 = LINE('',#912,#913);
#912 = CARTESIAN_POINT('',(6.28318530718,-0.));
#913 = VECTOR('',#914,1.);
#914 = DIRECTION('',(0.,1.));
#915 = ( GEOMETRIC_REPRESENTATION_CONTEXT(2) 
PARAMETRIC_REPRESENTATION_CONTEXT() REPRESENTATION_CONTEXT('2D SPACE',''
  ) );
#916 = ORIENTED_EDGE('',*,*,#917,.F.);
#917 = EDGE_CURVE('',#895,#895,#918,.T.);
#918 = SURFACE_CURVE('',#919,(#924,#931),.PCURVE_S1.);
#919 = CIRCLE('',#920,2.);
#920 = AXIS2_PLACEMENT_3D('',#921,#922,#923);
#921 = CARTESIAN_POINT('',(-6.75,7.25000005,27.0000001));
#922 = DIRECTION('',(0.,1.,-0.));
#923 = DIRECTION('',(-1.,0.,1.110223024625E-16));
#924 = PCURVE('',#427,#925);
#925 = DEFINITIONAL_REPRESENTATION('',(#926),#930);
#926 = LINE('',#927,#928);
#927 = CARTESIAN_POINT('',(0.,3.));
#928 = VECTOR('',#929,1.);
#929 = DIRECTION('',(1.,0.));
#930 = ( GEOMETRIC_REPRESENTATION_CONTEXT(2) 
PARAMETRIC_REPRESENTATION_CONTEXT() REPRESENTATION_CONTEXT('2D SPACE',''
  ) );
#931 = PCURVE('',#932,#937);
#932 = PLANE('',#933);
#933 = AXIS2_PLACEMENT_3D('',#934,#935,#936);
#934 = CARTESIAN_POINT('',(-6.75,7.25000005,27.0000001));
#935 = DIRECTION('',(0.,1.,0.));
#936 = DIRECTION('',(-1.,0.,1.110223024625E-16));
#937 = DEFINITIONAL_REPRESENTATION('',(#938),#942);
#938 = CIRCLE('',#939,2.);
#939 = AXIS2_PLACEMENT_2D('',#940,#941);
#940 = CARTESIAN_POINT('',(0.,0.));
#941 = DIRECTION('',(1.,0.));
#942 = ( GEOMETRIC_REPRESENTATION_CONTEXT(2) 
PARAMETRIC_REPRESENTATION_CONTEXT() REPRESENTATION_CONTEXT('2D SPACE',''
  ) );
#943 = ORIENTED_EDGE('',*,*,#894,.F.);
#944 = ADVANCED_FACE('',(#945,#948),#612,.T.);
#945 = FACE_BOUND('',#946,.T.);
#946 = EDGE_LOOP('',(#947));
#947 = ORIENTED_EDGE('',*,*,#595,.T.);
#948 = FACE_BOUND('',#949,.T.);
#949 = EDGE_LOOP('',(#950));
#950 = ORIENTED_EDGE('',*,*,#951,.F.);
#951 = EDGE_CURVE('',#952,#952,#954,.T.);
#952 = VERTEX_POINT('',#953);
#953 = CARTESIAN_POINT('',(-10.,1.95000005,13.0000001));
#954 = SURFACE_CURVE('',#955,(#960,#967),.PCURVE_S1.);
#955 = CIRCLE('',#956,3.25);
#956 = AXIS2_PLACEMENT_3D('',#957,#958,#959);
#957 = CARTESIAN_POINT('',(-6.75,1.95000005,13.0000001));
#958 = DIRECTION('',(0.,1.,-0.));
#959 = DIRECTION('',(-1.,0.,1.110223024625E-16));
#960 = PCURVE('',#612,#961);
#961 = DEFINITIONAL_REPRESENTATION('',(#962),#966);
#962 = CIRCLE('',#963,3.25);
#963 = AXIS2_PLACEMENT_2D('',#964,#965);
#964 = CARTESIAN_POINT('',(0.,0.));
#965 = DIRECTION('',(1.,0.));
#966 = ( GEOMETRIC_REPRESENTATION_CONTEXT(2) 
PARAMETRIC_REPRESENTATION_CONTEXT() REPRESENTATION_CONTEXT('2D SPACE',''
  ) );
#967 = PCURVE('',#968,#973);
#968 = CYLINDRICAL_SURFACE('',#969,3.25);
#969 = AXIS2_PLACEMENT_3D('',#970,#971,#972);
#970 = CARTESIAN_POINT('',(-6.75,-5.74999995,13.0000001));
#971 = DIRECTION('',(0.,1.,0.));
#972 = DIRECTION('',(-1.,0.,1.110223024625E-16));
#973 = DEFINITIONAL_REPRESENTATION('',(#974),#978);
#974 = LINE('',#975,#976);
#975 = CARTESIAN_POINT('',(0.,7.7));
#976 = VECTOR('',#977,1.);
#977 = DIRECTION('',(1.,0.));
#978 = ( GEOMETRIC_REPRESENTATION_CONTEXT(2) 
PARAMETRIC_REPRESENTATION_CONTEXT() REPRESENTATION_CONTEXT('2D SPACE',''
  ) );
#979 = ADVANCED_FACE('',(#980,#983),#662,.F.);
#980 = FACE_BOUND('',#981,.F.);
#981 = EDGE_LOOP('',(#982));
#982 = ORIENTED_EDGE('',*,*,#647,.T.);
#983 = FACE_BOUND('',#984,.F.);
#984 = EDGE_LOOP('',(#985));
#985 = ORIENTED_EDGE('',*,*,#986,.F.);
#986 = EDGE_CURVE('',#987,#987,#989,.T.);
#987 = VERTEX_POINT('',#988);
#988 = CARTESIAN_POINT('',(-10.,-5.44999995,13.0000001));
#989 = SURFACE_CURVE('',#990,(#995,#1002),.PCURVE_S1.);
#990 = CIRCLE('',#991,3.25);
#991 = AXIS2_PLACEMENT_3D('',#992,#993,#994);
#992 = CARTESIAN_POINT('',(-6.75,-5.44999995,13.0000001));
#993 = DIRECTION('',(0.,1.,-0.));
#994 = DIRECTION('',(-1.,0.,1.110223024625E-16));
#995 = PCURVE('',#662,#996);
#996 = DEFINITIONAL_REPRESENTATION('',(#997),#1001);
#997 = CIRCLE('',#998,3.25);
#998 = AXIS2_PLACEMENT_2D('',#999,#1000);
#999 = CARTESIAN_POINT('',(0.,0.));
#1000 = DIRECTION('',(1.,0.));
#1001 = ( GEOMETRIC_REPRESENTATION_CONTEXT(2) 
PARAMETRIC_REPRESENTATION_CONTEXT() REPRESENTATION_CONTEXT('2D SPACE',''
  ) );
#1002 = PCURVE('',#968,#1003);
#1003 = DEFINITIONAL_REPRESENTATION('',(#1004),#1008);
#1004 = LINE('',#1005,#1006);
#1005 = CARTESIAN_POINT('',(0.,0.3));
#1006 = VECTOR('',#1007,1.);
#1007 = DIRECTION('',(1.,0.));
#1008 = ( GEOMETRIC_REPRESENTATION_CONTEXT(2) 
PARAMETRIC_REPRESENTATION_CONTEXT() REPRESENTATION_CONTEXT('2D SPACE',''
  ) );
#1009 = ADVANCED_FACE('',(#1010),#723,.F.);
#1010 = FACE_BOUND('',#1011,.F.);
#1011 = EDGE_LOOP('',(#1012,#1035,#1063,#1091,#1112));
#1012 = ORIENTED_EDGE('',*,*,#1013,.F.);
#1013 = EDGE_CURVE('',#1014,#705,#1016,.T.);
#1014 = VERTEX_POINT('',#1015);
#1015 = CARTESIAN_POINT('',(0.13238336723,-5.24999995,12.0000001));
#1016 = SURFACE_CURVE('',#1017,(#1021,#1028),.PCURVE_S1.);
#1017 = LINE('',#1018,#1019);
#1018 = CARTESIAN_POINT('',(5.25,-5.24999995,12.0000001));
#1019 = VECTOR('',#1020,1.);
#1020 = DIRECTION('',(-1.,0.,1.110223024625E-16));
#1021 = PCURVE('',#723,#1022);
#1022 = DEFINITIONAL_REPRESENTATION('',(#1023),#1027);
#1023 = LINE('',#1024,#1025);
#1024 = CARTESIAN_POINT('',(6.661338147751E-16,6.));
#1025 = VECTOR('',#1026,1.);
#1026 = DIRECTION('',(1.,0.));
#1027 = ( GEOMETRIC_REPRESENTATION_CONTEXT(2) 
PARAMETRIC_REPRESENTATION_CONTEXT() REPRESENTATION_CONTEXT('2D SPACE',''
  ) );
#1028 = PCURVE('',#751,#1029);
#1029 = DEFINITIONAL_REPRESENTATION('',(#1030),#1034);
#1030 = LINE('',#1031,#1032);
#1031 = CARTESIAN_POINT('',(0.,0.));
#1032 = VECTOR('',#1033,1.);
#1033 = DIRECTION('',(1.,0.));
#1034 = ( GEOMETRIC_REPRESENTATION_CONTEXT(2) 
PARAMETRIC_REPRESENTATION_CONTEXT() REPRESENTATION_CONTEXT('2D SPACE',''
  ) );
#1035 = ORIENTED_EDGE('',*,*,#1036,.F.);
#1036 = EDGE_CURVE('',#1037,#1014,#1039,.T.);
#1037 = VERTEX_POINT('',#1038);
#1038 = CARTESIAN_POINT('',(0.13238336723,-5.24999995,6.0000001));
#1039 = SURFACE_CURVE('',#1040,(#1044,#1051),.PCURVE_S1.);
#1040 = LINE('',#1041,#1042);
#1041 = CARTESIAN_POINT('',(0.13238336723,-5.24999995,1.000000011686E-07
    ));
#1042 = VECTOR('',#1043,1.);
#1043 = DIRECTION('',(1.110223024625E-16,0.,1.));
#1044 = PCURVE('',#723,#1045);
#1045 = DEFINITIONAL_REPRESENTATION('',(#1046),#1050);
#1046 = LINE('',#1047,#1048);
#1047 = CARTESIAN_POINT('',(5.11761663277,-6.));
#1048 = VECTOR('',#1049,1.);
#1049 = DIRECTION('',(0.,1.));
#1050 = ( GEOMETRIC_REPRESENTATION_CONTEXT(2) 
PARAMETRIC_REPRESENTATION_CONTEXT() REPRESENTATION_CONTEXT('2D SPACE',''
  ) );
#1051 = PCURVE('',#1052,#1057);
#1052 = CYLINDRICAL_SURFACE('',#1053,6.2);
#1053 = AXIS2_PLACEMENT_3D('',#1054,#1055,#1056);
#1054 = CARTESIAN_POINT('',(5.25,-1.74999995,1.000000011686E-07));
#1055 = DIRECTION('',(1.110223024625E-16,0.,1.));
#1056 = DIRECTION('',(-1.,0.,1.110223024625E-16));
#1057 = DEFINITIONAL_REPRESENTATION('',(#1058),#1062);
#1058 = LINE('',#1059,#1060);
#1059 = CARTESIAN_POINT('',(0.599846925607,0.));
#1060 = VECTOR('',#1061,1.);
#1061 = DIRECTION('',(0.,1.));
#1062 = ( GEOMETRIC_REPRESENTATION_CONTEXT(2) 
PARAMETRIC_REPRESENTATION_CONTEXT() REPRESENTATION_CONTEXT('2D SPACE',''
  ) );
#1063 = ORIENTED_EDGE('',*,*,#1064,.T.);
#1064 = EDGE_CURVE('',#1037,#1065,#1067,.T.);
#1065 = VERTEX_POINT('',#1066);
#1066 = CARTESIAN_POINT('',(-6.75,-5.24999995,6.0000001));
#1067 = SURFACE_CURVE('',#1068,(#1072,#1079),.PCURVE_S1.);
#1068 = LINE('',#1069,#1070);
#1069 = CARTESIAN_POINT('',(5.25,-5.24999995,6.0000001));
#1070 = VECTOR('',#1071,1.);
#1071 = DIRECTION('',(-1.,0.,1.110223024625E-16));
#1072 = PCURVE('',#723,#1073);
#1073 = DEFINITIONAL_REPRESENTATION('',(#1074),#1078);
#1074 = LINE('',#1075,#1076);
#1075 = CARTESIAN_POINT('',(0.,0.));
#1076 = VECTOR('',#1077,1.);
#1077 = DIRECTION('',(1.,0.));
#1078 = ( GEOMETRIC_REPRESENTATION_CONTEXT(2) 
PARAMETRIC_REPRESENTATION_CONTEXT() REPRESENTATION_CONTEXT('2D SPACE',''
  ) );
#1079 = PCURVE('',#1080,#1085);
#1080 = PLANE('',#1081);
#1081 = AXIS2_PLACEMENT_3D('',#1082,#1083,#1084);
#1082 = CARTESIAN_POINT('',(5.25,-5.24999995,6.0000001));
#1083 = DIRECTION('',(1.110223024625E-16,0.,1.));
#1084 = DIRECTION('',(-1.,0.,1.110223024625E-16));
#1085 = DEFINITIONAL_REPRESENTATION('',(#1086),#1090);
#1086 = LINE('',#1087,#1088);
#1087 = CARTESIAN_POINT('',(0.,0.));
#1088 = VECTOR('',#1089,1.);
#1089 = DIRECTION('',(1.,0.));
#1090 = ( GEOMETRIC_REPRESENTATION_CONTEXT(2) 
PARAMETRIC_REPRESENTATION_CONTEXT() REPRESENTATION_CONTEXT('2D SPACE',''
  ) );
#1091 = ORIENTED_EDGE('',*,*,#1092,.T.);
#1092 = EDGE_CURVE('',#1065,#707,#1093,.T.);
#1093 = SURFACE_CURVE('',#1094,(#1098,#1105),.PCURVE_S1.);
#1094 = LINE('',#1095,#1096);
#1095 = CARTESIAN_POINT('',(-6.75,-5.24999995,6.0000001));
#1096 = VECTOR('',#1097,1.);
#1097 = DIRECTION('',(1.110223024625E-16,0.,1.));
#1098 = PCURVE('',#723,#1099);
#1099 = DEFINITIONAL_REPRESENTATION('',(#1100),#1104);
#1100 = LINE('',#1101,#1102);
#1101 = CARTESIAN_POINT('',(12.,4.440892098501E-16));
#1102 = VECTOR('',#1103,1.);
#1103 = DIRECTION('',(0.,1.));
#1104 = ( GEOMETRIC_REPRESENTATION_CONTEXT(2) 
PARAMETRIC_REPRESENTATION_CONTEXT() REPRESENTATION_CONTEXT('2D SPACE',''
  ) );
#1105 = PCURVE('',#806,#1106);
#1106 = DEFINITIONAL_REPRESENTATION('',(#1107),#1111);
#1107 = LINE('',#1108,#1109);
#1108 = CARTESIAN_POINT('',(0.,0.));
#1109 = VECTOR('',#1110,1.);
#1110 = DIRECTION('',(1.,0.));
#1111 = ( GEOMETRIC_REPRESENTATION_CONTEXT(2) 
PARAMETRIC_REPRESENTATION_CONTEXT() REPRESENTATION_CONTEXT('2D SPACE',''
  ) );
#1112 = ORIENTED_EDGE('',*,*,#704,.F.);
#1113 = ADVANCED_FACE('',(#1114),#806,.T.);
#1114 = FACE_BOUND('',#1115,.T.);
#1115 = EDGE_LOOP('',(#1116,#1139,#1160,#1161));
#1116 = ORIENTED_EDGE('',*,*,#1117,.F.);
#1117 = EDGE_CURVE('',#1118,#764,#1120,.T.);
#1118 = VERTEX_POINT('',#1119);
#1119 = CARTESIAN_POINT('',(-6.75,1.75000005,6.0000001));
#1120 = SURFACE_CURVE('',#1121,(#1125,#1132),.PCURVE_S1.);
#1121 = LINE('',#1122,#1123);
#1122 = CARTESIAN_POINT('',(-6.75,1.75000005,6.0000001));
#1123 = VECTOR('',#1124,1.);
#1124 = DIRECTION('',(1.110223024625E-16,0.,1.));
#1125 = PCURVE('',#806,#1126);
#1126 = DEFINITIONAL_REPRESENTATION('',(#1127),#1131);
#1127 = LINE('',#1128,#1129);
#1128 = CARTESIAN_POINT('',(0.,7.));
#1129 = VECTOR('',#1130,1.);
#1130 = DIRECTION('',(1.,0.));
#1131 = ( GEOMETRIC_REPRESENTATION_CONTEXT(2) 
PARAMETRIC_REPRESENTATION_CONTEXT() REPRESENTATION_CONTEXT('2D SPACE',''
  ) );
#1132 = PCURVE('',#780,#1133);
#1133 = DEFINITIONAL_REPRESENTATION('',(#1134),#1138);
#1134 = LINE('',#1135,#1136);
#1135 = CARTESIAN_POINT('',(12.,4.440892098501E-16));
#1136 = VECTOR('',#1137,1.);
#1137 = DIRECTION('',(0.,1.));
#1138 = ( GEOMETRIC_REPRESENTATION_CONTEXT(2) 
PARAMETRIC_REPRESENTATION_CONTEXT() REPRESENTATION_CONTEXT('2D SPACE',''
  ) );
#1139 = ORIENTED_EDGE('',*,*,#1140,.F.);
#1140 = EDGE_CURVE('',#1065,#1118,#1141,.T.);
#1141 = SURFACE_CURVE('',#1142,(#1146,#1153),.PCURVE_S1.);
#1142 = LINE('',#1143,#1144);
#1143 = CARTESIAN_POINT('',(-6.75,-5.24999995,6.0000001));
#1144 = VECTOR('',#1145,1.);
#1145 = DIRECTION('',(0.,1.,0.));
#1146 = PCURVE('',#806,#1147);
#1147 = DEFINITIONAL_REPRESENTATION('',(#1148),#1152);
#1148 = LINE('',#1149,#1150);
#1149 = CARTESIAN_POINT('',(0.,0.));
#1150 = VECTOR('',#1151,1.);
#1151 = DIRECTION('',(0.,1.));
#1152 = ( GEOMETRIC_REPRESENTATION_CONTEXT(2) 
PARAMETRIC_REPRESENTATION_CONTEXT() REPRESENTATION_CONTEXT('2D SPACE',''
  ) );
#1153 = PCURVE('',#1080,#1154);
#1154 = DEFINITIONAL_REPRESENTATION('',(#1155),#1159);
#1155 = LINE('',#1156,#1157);
#1156 = CARTESIAN_POINT('',(12.,0.));
#1157 = VECTOR('',#1158,1.);
#1158 = DIRECTION('',(0.,-1.));
#1159 = ( GEOMETRIC_REPRESENTATION_CONTEXT(2) 
PARAMETRIC_REPRESENTATION_CONTEXT() REPRESENTATION_CONTEXT('2D SPACE',''
  ) );
#1160 = ORIENTED_EDGE('',*,*,#1092,.T.);
#1161 = ORIENTED_EDGE('',*,*,#792,.T.);
#1162 = ADVANCED_FACE('',(#1163),#780,.T.);
#1163 = FACE_BOUND('',#1164,.T.);
#1164 = EDGE_LOOP('',(#1165,#1188,#1211,#1232,#1233));
#1165 = ORIENTED_EDGE('',*,*,#1166,.F.);
#1166 = EDGE_CURVE('',#1167,#736,#1169,.T.);
#1167 = VERTEX_POINT('',#1168);
#1168 = CARTESIAN_POINT('',(0.13238336723,1.75000005,12.0000001));
#1169 = SURFACE_CURVE('',#1170,(#1174,#1181),.PCURVE_S1.);
#1170 = LINE('',#1171,#1172);
#1171 = CARTESIAN_POINT('',(5.25,1.75000005,12.0000001));
#1172 = VECTOR('',#1173,1.);
#1173 = DIRECTION('',(-1.,0.,1.110223024625E-16));
#1174 = PCURVE('',#780,#1175);
#1175 = DEFINITIONAL_REPRESENTATION('',(#1176),#1180);
#1176 = LINE('',#1177,#1178);
#1177 = CARTESIAN_POINT('',(6.661338147751E-16,6.));
#1178 = VECTOR('',#1179,1.);
#1179 = DIRECTION('',(1.,0.));
#1180 = ( GEOMETRIC_REPRESENTATION_CONTEXT(2) 
PARAMETRIC_REPRESENTATION_CONTEXT() REPRESENTATION_CONTEXT('2D SPACE',''
  ) );
#1181 = PCURVE('',#751,#1182);
#1182 = DEFINITIONAL_REPRESENTATION('',(#1183),#1187);
#1183 = LINE('',#1184,#1185);
#1184 = CARTESIAN_POINT('',(0.,-7.));
#1185 = VECTOR('',#1186,1.);
#1186 = DIRECTION('',(1.,0.));
#1187 = ( GEOMETRIC_REPRESENTATION_CONTEXT(2) 
PARAMETRIC_REPRESENTATION_CONTEXT() REPRESENTATION_CONTEXT('2D SPACE',''
  ) );
#1188 = ORIENTED_EDGE('',*,*,#1189,.F.);
#1189 = EDGE_CURVE('',#1190,#1167,#1192,.T.);
#1190 = VERTEX_POINT('',#1191);
#1191 = CARTESIAN_POINT('',(0.13238336723,1.75000005,6.0000001));
#1192 = SURFACE_CURVE('',#1193,(#1197,#1204),.PCURVE_S1.);
#1193 = LINE('',#1194,#1195);
#1194 = CARTESIAN_POINT('',(0.13238336723,1.75000005,1.000000011686E-07)
  );
#1195 = VECTOR('',#1196,1.);
#1196 = DIRECTION('',(1.110223024625E-16,0.,1.));
#1197 = PCURVE('',#780,#1198);
#1198 = DEFINITIONAL_REPRESENTATION('',(#1199),#1203);
#1199 = LINE('',#1200,#1201);
#1200 = CARTESIAN_POINT('',(5.11761663277,-6.));
#1201 = VECTOR('',#1202,1.);
#1202 = DIRECTION('',(0.,1.));
#1203 = ( GEOMETRIC_REPRESENTATION_CONTEXT(2) 
PARAMETRIC_REPRESENTATION_CONTEXT() REPRESENTATION_CONTEXT('2D SPACE',''
  ) );
#1204 = PCURVE('',#1052,#1205);
#1205 = DEFINITIONAL_REPRESENTATION('',(#1206),#1210);
#1206 = LINE('',#1207,#1208);
#1207 = CARTESIAN_POINT('',(5.683338381572,0.));
#1208 = VECTOR('',#1209,1.);
#1209 = DIRECTION('',(0.,1.));
#1210 = ( GEOMETRIC_REPRESENTATION_CONTEXT(2) 
PARAMETRIC_REPRESENTATION_CONTEXT() REPRESENTATION_CONTEXT('2D SPACE',''
  ) );
#1211 = ORIENTED_EDGE('',*,*,#1212,.T.);
#1212 = EDGE_CURVE('',#1190,#1118,#1213,.T.);
#1213 = SURFACE_CURVE('',#1214,(#1218,#1225),.PCURVE_S1.);
#1214 = LINE('',#1215,#1216);
#1215 = CARTESIAN_POINT('',(5.25,1.75000005,6.0000001));
#1216 = VECTOR('',#1217,1.);
#1217 = DIRECTION('',(-1.,0.,1.110223024625E-16));
#1218 = PCURVE('',#780,#1219);
#1219 = DEFINITIONAL_REPRESENTATION('',(#1220),#1224);
#1220 = LINE('',#1221,#1222);
#1221 = CARTESIAN_POINT('',(0.,0.));
#1222 = VECTOR('',#1223,1.);
#1223 = DIRECTION('',(1.,0.));
#1224 = ( GEOMETRIC_REPRESENTATION_CONTEXT(2) 
PARAMETRIC_REPRESENTATION_CONTEXT() REPRESENTATION_CONTEXT('2D SPACE',''
  ) );
#1225 = PCURVE('',#1080,#1226);
#1226 = DEFINITIONAL_REPRESENTATION('',(#1227),#1231);
#1227 = LINE('',#1228,#1229);
#1228 = CARTESIAN_POINT('',(0.,-7.));
#1229 = VECTOR('',#1230,1.);
#1230 = DIRECTION('',(1.,0.));
#1231 = ( GEOMETRIC_REPRESENTATION_CONTEXT(2) 
PARAMETRIC_REPRESENTATION_CONTEXT() REPRESENTATION_CONTEXT('2D SPACE',''
  ) );
#1232 = ORIENTED_EDGE('',*,*,#1117,.T.);
#1233 = ORIENTED_EDGE('',*,*,#763,.F.);
#1234 = ADVANCED_FACE('',(#1235,#1262),#751,.T.);
#1235 = FACE_BOUND('',#1236,.T.);
#1236 = EDGE_LOOP('',(#1237,#1238,#1260,#1261));
#1237 = ORIENTED_EDGE('',*,*,#1013,.F.);
#1238 = ORIENTED_EDGE('',*,*,#1239,.T.);
#1239 = EDGE_CURVE('',#1014,#1167,#1240,.T.);
#1240 = SURFACE_CURVE('',#1241,(#1246,#1253),.PCURVE_S1.);
#1241 = CIRCLE('',#1242,6.2);
#1242 = AXIS2_PLACEMENT_3D('',#1243,#1244,#1245);
#1243 = CARTESIAN_POINT('',(5.25,-1.74999995,12.0000001));
#1244 = DIRECTION('',(1.110223024625E-16,0.,1.));
#1245 = DIRECTION('',(-1.,0.,1.110223024625E-16));
#1246 = PCURVE('',#751,#1247);
#1247 = DEFINITIONAL_REPRESENTATION('',(#1248),#1252);
#1248 = CIRCLE('',#1249,6.2);
#1249 = AXIS2_PLACEMENT_2D('',#1250,#1251);
#1250 = CARTESIAN_POINT('',(0.,-3.5));
#1251 = DIRECTION('',(1.,0.));
#1252 = ( GEOMETRIC_REPRESENTATION_CONTEXT(2) 
PARAMETRIC_REPRESENTATION_CONTEXT() REPRESENTATION_CONTEXT('2D SPACE',''
  ) );
#1253 = PCURVE('',#1052,#1254);
#1254 = DEFINITIONAL_REPRESENTATION('',(#1255),#1259);
#1255 = LINE('',#1256,#1257);
#1256 = CARTESIAN_POINT('',(0.,12.));
#1257 = VECTOR('',#1258,1.);
#1258 = DIRECTION('',(1.,0.));
#1259 = ( GEOMETRIC_REPRESENTATION_CONTEXT(2) 
PARAMETRIC_REPRESENTATION_CONTEXT() REPRESENTATION_CONTEXT('2D SPACE',''
  ) );
#1260 = ORIENTED_EDGE('',*,*,#1166,.T.);
#1261 = ORIENTED_EDGE('',*,*,#735,.F.);
#1262 = FACE_BOUND('',#1263,.T.);
#1263 = EDGE_LOOP('',(#1264));
#1264 = ORIENTED_EDGE('',*,*,#1265,.F.);
#1265 = EDGE_CURVE('',#1266,#1266,#1268,.T.);
#1266 = VERTEX_POINT('',#1267);
#1267 = CARTESIAN_POINT('',(0.85,-1.74999995,12.0000001));
#1268 = SURFACE_CURVE('',#1269,(#1274,#1281),.PCURVE_S1.);
#1269 = CIRCLE('',#1270,4.4);
#1270 = AXIS2_PLACEMENT_3D('',#1271,#1272,#1273);
#1271 = CARTESIAN_POINT('',(5.25,-1.74999995,12.0000001));
#1272 = DIRECTION('',(1.110223024625E-16,0.,1.));
#1273 = DIRECTION('',(-1.,0.,1.110223024625E-16));
#1274 = PCURVE('',#751,#1275);
#1275 = DEFINITIONAL_REPRESENTATION('',(#1276),#1280);
#1276 = CIRCLE('',#1277,4.4);
#1277 = AXIS2_PLACEMENT_2D('',#1278,#1279);
#1278 = CARTESIAN_POINT('',(0.,-3.5));
#1279 = DIRECTION('',(1.,0.));
#1280 = ( GEOMETRIC_REPRESENTATION_CONTEXT(2) 
PARAMETRIC_REPRESENTATION_CONTEXT() REPRESENTATION_CONTEXT('2D SPACE',''
  ) );
#1281 = PCURVE('',#1282,#1287);
#1282 = CONICAL_SURFACE('',#1283,3.5,0.982793723247);
#1283 = AXIS2_PLACEMENT_3D('',#1284,#1285,#1286);
#1284 = CARTESIAN_POINT('',(5.25,-1.74999995,11.4000001));
#1285 = DIRECTION('',(1.110223024625E-16,0.,1.));
#1286 = DIRECTION('',(-1.,0.,1.110223024625E-16));
#1287 = DEFINITIONAL_REPRESENTATION('',(#1288),#1292);
#1288 = LINE('',#1289,#1290);
#1289 = CARTESIAN_POINT('',(0.,0.6));
#1290 = VECTOR('',#1291,1.);
#1291 = DIRECTION('',(1.,0.));
#1292 = ( GEOMETRIC_REPRESENTATION_CONTEXT(2) 
PARAMETRIC_REPRESENTATION_CONTEXT() REPRESENTATION_CONTEXT('2D SPACE',''
  ) );
#1293 = ADVANCED_FACE('',(#1294),#848,.F.);
#1294 = FACE_BOUND('',#1295,.F.);
#1295 = EDGE_LOOP('',(#1296,#1297,#1318,#1319));
#1296 = ORIENTED_EDGE('',*,*,#831,.F.);
#1297 = ORIENTED_EDGE('',*,*,#1298,.F.);
#1298 = EDGE_CURVE('',#867,#832,#1299,.T.);
#1299 = SEAM_CURVE('',#1300,(#1304,#1311),.PCURVE_S1.);
#1300 = LINE('',#1301,#1302);
#1301 = CARTESIAN_POINT('',(-2.75,-1.74999995,31.0000001));
#1302 = VECTOR('',#1303,1.);
#1303 = DIRECTION('',(-1.,0.,1.110223024625E-16));
#1304 = PCURVE('',#848,#1305);
#1305 = DEFINITIONAL_REPRESENTATION('',(#1306),#1310);
#1306 = LINE('',#1307,#1308);
#1307 = CARTESIAN_POINT('',(6.28318530718,-0.));
#1308 = VECTOR('',#1309,1.);
#1309 = DIRECTION('',(0.,1.));
#1310 = ( GEOMETRIC_REPRESENTATION_CONTEXT(2) 
PARAMETRIC_REPRESENTATION_CONTEXT() REPRESENTATION_CONTEXT('2D SPACE',''
  ) );
#1311 = PCURVE('',#848,#1312);
#1312 = DEFINITIONAL_REPRESENTATION('',(#1313),#1317);
#1313 = LINE('',#1314,#1315);
#1314 = CARTESIAN_POINT('',(0.,-0.));
#1315 = VECTOR('',#1316,1.);
#1316 = DIRECTION('',(0.,1.));
#1317 = ( GEOMETRIC_REPRESENTATION_CONTEXT(2) 
PARAMETRIC_REPRESENTATION_CONTEXT() REPRESENTATION_CONTEXT('2D SPACE',''
  ) );
#1318 = ORIENTED_EDGE('',*,*,#866,.T.);
#1319 = ORIENTED_EDGE('',*,*,#1298,.T.);
#1320 = ADVANCED_FACE('',(#1321,#1352),#932,.F.);
#1321 = FACE_BOUND('',#1322,.F.);
#1322 = EDGE_LOOP('',(#1323));
#1323 = ORIENTED_EDGE('',*,*,#1324,.T.);
#1324 = EDGE_CURVE('',#1325,#1325,#1327,.T.);
#1325 = VERTEX_POINT('',#1326);
#1326 = CARTESIAN_POINT('',(-10.25,7.25000005,27.0000001));
#1327 = SURFACE_CURVE('',#1328,(#1333,#1340),.PCURVE_S1.);
#1328 = CIRCLE('',#1329,3.5);
#1329 = AXIS2_PLACEMENT_3D('',#1330,#1331,#1332);
#1330 = CARTESIAN_POINT('',(-6.75,7.25000005,27.0000001));
#1331 = DIRECTION('',(0.,1.,-0.));
#1332 = DIRECTION('',(-1.,0.,1.110223024625E-16));
#1333 = PCURVE('',#932,#1334);
#1334 = DEFINITIONAL_REPRESENTATION('',(#1335),#1339);
#1335 = CIRCLE('',#1336,3.5);
#1336 = AXIS2_PLACEMENT_2D('',#1337,#1338);
#1337 = CARTESIAN_POINT('',(0.,0.));
#1338 = DIRECTION('',(1.,0.));
#1339 = ( GEOMETRIC_REPRESENTATION_CONTEXT(2) 
PARAMETRIC_REPRESENTATION_CONTEXT() REPRESENTATION_CONTEXT('2D SPACE',''
  ) );
#1340 = PCURVE('',#1341,#1346);
#1341 = CYLINDRICAL_SURFACE('',#1342,3.5);
#1342 = AXIS2_PLACEMENT_3D('',#1343,#1344,#1345);
#1343 = CARTESIAN_POINT('',(-6.75,7.25000005,27.0000001));
#1344 = DIRECTION('',(0.,1.,0.));
#1345 = DIRECTION('',(-1.,0.,1.110223024625E-16));
#1346 = DEFINITIONAL_REPRESENTATION('',(#1347),#1351);
#1347 = LINE('',#1348,#1349);
#1348 = CARTESIAN_POINT('',(0.,0.));
#1349 = VECTOR('',#1350,1.);
#1350 = DIRECTION('',(1.,0.));
#1351 = ( GEOMETRIC_REPRESENTATION_CONTEXT(2) 
PARAMETRIC_REPRESENTATION_CONTEXT() REPRESENTATION_CONTEXT('2D SPACE',''
  ) );
#1352 = FACE_BOUND('',#1353,.F.);
#1353 = EDGE_LOOP('',(#1354));
#1354 = ORIENTED_EDGE('',*,*,#917,.F.);
#1355 = ADVANCED_FACE('',(#1356),#968,.F.);
#1356 = FACE_BOUND('',#1357,.F.);
#1357 = EDGE_LOOP('',(#1358,#1359,#1380,#1381));
#1358 = ORIENTED_EDGE('',*,*,#951,.F.);
#1359 = ORIENTED_EDGE('',*,*,#1360,.F.);
#1360 = EDGE_CURVE('',#987,#952,#1361,.T.);
#1361 = SEAM_CURVE('',#1362,(#1366,#1373),.PCURVE_S1.);
#1362 = LINE('',#1363,#1364);
#1363 = CARTESIAN_POINT('',(-10.,-5.74999995,13.0000001));
#1364 = VECTOR('',#1365,1.);
#1365 = DIRECTION('',(0.,1.,0.));
#1366 = PCURVE('',#968,#1367);
#1367 = DEFINITIONAL_REPRESENTATION('',(#1368),#1372);
#1368 = LINE('',#1369,#1370);
#1369 = CARTESIAN_POINT('',(6.28318530718,-0.));
#1370 = VECTOR('',#1371,1.);
#1371 = DIRECTION('',(0.,1.));
#1372 = ( GEOMETRIC_REPRESENTATION_CONTEXT(2) 
PARAMETRIC_REPRESENTATION_CONTEXT() REPRESENTATION_CONTEXT('2D SPACE',''
  ) );
#1373 = PCURVE('',#968,#1374);
#1374 = DEFINITIONAL_REPRESENTATION('',(#1375),#1379);
#1375 = LINE('',#1376,#1377);
#1376 = CARTESIAN_POINT('',(0.,-0.));
#1377 = VECTOR('',#1378,1.);
#1378 = DIRECTION('',(0.,1.));
#1379 = ( GEOMETRIC_REPRESENTATION_CONTEXT(2) 
PARAMETRIC_REPRESENTATION_CONTEXT() REPRESENTATION_CONTEXT('2D SPACE',''
  ) );
#1380 = ORIENTED_EDGE('',*,*,#986,.T.);
#1381 = ORIENTED_EDGE('',*,*,#1360,.T.);
#1382 = ADVANCED_FACE('',(#1383),#1080,.F.);
#1383 = FACE_BOUND('',#1384,.F.);
#1384 = EDGE_LOOP('',(#1385,#1386,#1410,#1432,#1433));
#1385 = ORIENTED_EDGE('',*,*,#1064,.F.);
#1386 = ORIENTED_EDGE('',*,*,#1387,.F.);
#1387 = EDGE_CURVE('',#1388,#1037,#1390,.T.);
#1388 = VERTEX_POINT('',#1389);
#1389 = CARTESIAN_POINT('',(-0.95,-1.74999995,6.0000001));
#1390 = SURFACE_CURVE('',#1391,(#1396,#1403),.PCURVE_S1.);
#1391 = CIRCLE('',#1392,6.2);
#1392 = AXIS2_PLACEMENT_3D('',#1393,#1394,#1395);
#1393 = CARTESIAN_POINT('',(5.25,-1.74999995,6.0000001));
#1394 = DIRECTION('',(1.110223024625E-16,0.,1.));
#1395 = DIRECTION('',(-1.,0.,1.110223024625E-16));
#1396 = PCURVE('',#1080,#1397);
#1397 = DEFINITIONAL_REPRESENTATION('',(#1398),#1402);
#1398 = CIRCLE('',#1399,6.2);
#1399 = AXIS2_PLACEMENT_2D('',#1400,#1401);
#1400 = CARTESIAN_POINT('',(0.,-3.5));
#1401 = DIRECTION('',(1.,0.));
#1402 = ( GEOMETRIC_REPRESENTATION_CONTEXT(2) 
PARAMETRIC_REPRESENTATION_CONTEXT() REPRESENTATION_CONTEXT('2D SPACE',''
  ) );
#1403 = PCURVE('',#1052,#1404);
#1404 = DEFINITIONAL_REPRESENTATION('',(#1405),#1409);
#1405 = LINE('',#1406,#1407);
#1406 = CARTESIAN_POINT('',(0.,6.));
#1407 = VECTOR('',#1408,1.);
#1408 = DIRECTION('',(1.,0.));
#1409 = ( GEOMETRIC_REPRESENTATION_CONTEXT(2) 
PARAMETRIC_REPRESENTATION_CONTEXT() REPRESENTATION_CONTEXT('2D SPACE',''
  ) );
#1410 = ORIENTED_EDGE('',*,*,#1411,.F.);
#1411 = EDGE_CURVE('',#1190,#1388,#1412,.T.);
#1412 = SURFACE_CURVE('',#1413,(#1418,#1425),.PCURVE_S1.);
#1413 = CIRCLE('',#1414,6.2);
#1414 = AXIS2_PLACEMENT_3D('',#1415,#1416,#1417);
#1415 = CARTESIAN_POINT('',(5.25,-1.74999995,6.0000001));
#1416 = DIRECTION('',(1.110223024625E-16,0.,1.));
#1417 = DIRECTION('',(-1.,0.,1.110223024625E-16));
#1418 = PCURVE('',#1080,#1419);
#1419 = DEFINITIONAL_REPRESENTATION('',(#1420),#1424);
#1420 = CIRCLE('',#1421,6.2);
#1421 = AXIS2_PLACEMENT_2D('',#1422,#1423);
#1422 = CARTESIAN_POINT('',(0.,-3.5));
#1423 = DIRECTION('',(1.,0.));
#1424 = ( GEOMETRIC_REPRESENTATION_CONTEXT(2) 
PARAMETRIC_REPRESENTATION_CONTEXT() REPRESENTATION_CONTEXT('2D SPACE',''
  ) );
#1425 = PCURVE('',#1052,#1426);
#1426 = DEFINITIONAL_REPRESENTATION('',(#1427),#1431);
#1427 = LINE('',#1428,#1429);
#1428 = CARTESIAN_POINT('',(0.,6.));
#1429 = VECTOR('',#1430,1.);
#1430 = DIRECTION('',(1.,0.));
#1431 = ( GEOMETRIC_REPRESENTATION_CONTEXT(2) 
PARAMETRIC_REPRESENTATION_CONTEXT() REPRESENTATION_CONTEXT('2D SPACE',''
  ) );
#1432 = ORIENTED_EDGE('',*,*,#1212,.T.);
#1433 = ORIENTED_EDGE('',*,*,#1140,.F.);
#1434 = ADVANCED_FACE('',(#1435),#1052,.T.);
#1435 = FACE_BOUND('',#1436,.T.);
#1436 = EDGE_LOOP('',(#1437,#1438,#1439,#1440,#1463,#1490,#1491,#1492));
#1437 = ORIENTED_EDGE('',*,*,#1239,.F.);
#1438 = ORIENTED_EDGE('',*,*,#1036,.F.);
#1439 = ORIENTED_EDGE('',*,*,#1387,.F.);
#1440 = ORIENTED_EDGE('',*,*,#1441,.F.);
#1441 = EDGE_CURVE('',#1442,#1388,#1444,.T.);
#1442 = VERTEX_POINT('',#1443);
#1443 = CARTESIAN_POINT('',(-0.95,-1.74999995,1.000000020568E-07));
#1444 = SEAM_CURVE('',#1445,(#1449,#1456),.PCURVE_S1.);
#1445 = LINE('',#1446,#1447);
#1446 = CARTESIAN_POINT('',(-0.95,-1.74999995,1.000000020568E-07));
#1447 = VECTOR('',#1448,1.);
#1448 = DIRECTION('',(1.110223024625E-16,0.,1.));
#1449 = PCURVE('',#1052,#1450);
#1450 = DEFINITIONAL_REPRESENTATION('',(#1451),#1455);
#1451 = LINE('',#1452,#1453);
#1452 = CARTESIAN_POINT('',(6.28318530718,-0.));
#1453 = VECTOR('',#1454,1.);
#1454 = DIRECTION('',(0.,1.));
#1455 = ( GEOMETRIC_REPRESENTATION_CONTEXT(2) 
PARAMETRIC_REPRESENTATION_CONTEXT() REPRESENTATION_CONTEXT('2D SPACE',''
  ) );
#1456 = PCURVE('',#1052,#1457);
#1457 = DEFINITIONAL_REPRESENTATION('',(#1458),#1462);
#1458 = LINE('',#1459,#1460);
#1459 = CARTESIAN_POINT('',(0.,-0.));
#1460 = VECTOR('',#1461,1.);
#1461 = DIRECTION('',(0.,1.));
#1462 = ( GEOMETRIC_REPRESENTATION_CONTEXT(2) 
PARAMETRIC_REPRESENTATION_CONTEXT() REPRESENTATION_CONTEXT('2D SPACE',''
  ) );
#1463 = ORIENTED_EDGE('',*,*,#1464,.T.);
#1464 = EDGE_CURVE('',#1442,#1442,#1465,.T.);
#1465 = SURFACE_CURVE('',#1466,(#1471,#1478),.PCURVE_S1.);
#1466 = CIRCLE('',#1467,6.2);
#1467 = AXIS2_PLACEMENT_3D('',#1468,#1469,#1470);
#1468 = CARTESIAN_POINT('',(5.25,-1.74999995,1.000000011686E-07));
#1469 = DIRECTION('',(1.110223024625E-16,0.,1.));
#1470 = DIRECTION('',(-1.,0.,1.110223024625E-16));
#1471 = PCURVE('',#1052,#1472);
#1472 = DEFINITIONAL_REPRESENTATION('',(#1473),#1477);
#1473 = LINE('',#1474,#1475);
#1474 = CARTESIAN_POINT('',(0.,0.));
#1475 = VECTOR('',#1476,1.);
#1476 = DIRECTION('',(1.,0.));
#1477 = ( GEOMETRIC_REPRESENTATION_CONTEXT(2) 
PARAMETRIC_REPRESENTATION_CONTEXT() REPRESENTATION_CONTEXT('2D SPACE',''
  ) );
#1478 = PCURVE('',#1479,#1484);
#1479 = PLANE('',#1480);
#1480 = AXIS2_PLACEMENT_3D('',#1481,#1482,#1483);
#1481 = CARTESIAN_POINT('',(5.25,-1.74999995,1.000000011686E-07));
#1482 = DIRECTION('',(1.110223024625E-16,0.,1.));
#1483 = DIRECTION('',(-1.,0.,1.110223024625E-16));
#1484 = DEFINITIONAL_REPRESENTATION('',(#1485),#1489);
#1485 = CIRCLE('',#1486,6.2);
#1486 = AXIS2_PLACEMENT_2D('',#1487,#1488);
#1487 = CARTESIAN_POINT('',(0.,0.));
#1488 = DIRECTION('',(1.,0.));
#1489 = ( GEOMETRIC_REPRESENTATION_CONTEXT(2) 
PARAMETRIC_REPRESENTATION_CONTEXT() REPRESENTATION_CONTEXT('2D SPACE',''
  ) );
#1490 = ORIENTED_EDGE('',*,*,#1441,.T.);
#1491 = ORIENTED_EDGE('',*,*,#1411,.F.);
#1492 = ORIENTED_EDGE('',*,*,#1189,.T.);
#1493 = ADVANCED_FACE('',(#1494),#1282,.F.);
#1494 = FACE_BOUND('',#1495,.F.);
#1495 = EDGE_LOOP('',(#1496,#1519,#1520,#1521,#1795,#2114,#2349,#2378));
#1496 = ORIENTED_EDGE('',*,*,#1497,.T.);
#1497 = EDGE_CURVE('',#1498,#1266,#1500,.T.);
#1498 = VERTEX_POINT('',#1499);
#1499 = CARTESIAN_POINT('',(1.41999923134,-1.74999995,11.62000061244));
#1500 = SEAM_CURVE('',#1501,(#1505,#1512),.PCURVE_S1.);
#1501 = LINE('',#1502,#1503);
#1502 = CARTESIAN_POINT('',(1.75,-1.74999995,11.4000001));
#1503 = VECTOR('',#1504,1.);
#1504 = DIRECTION('',(-0.832050294338,2.037935459381E-16,0.554700196225)
  );
#1505 = PCURVE('',#1282,#1506);
#1506 = DEFINITIONAL_REPRESENTATION('',(#1507),#1511);
#1507 = LINE('',#1508,#1509);
#1508 = CARTESIAN_POINT('',(6.28318530718,-0.));
#1509 = VECTOR('',#1510,1.);
#1510 = DIRECTION('',(0.,1.));
#1511 = ( GEOMETRIC_REPRESENTATION_CONTEXT(2) 
PARAMETRIC_REPRESENTATION_CONTEXT() REPRESENTATION_CONTEXT('2D SPACE',''
  ) );
#1512 = PCURVE('',#1282,#1513);
#1513 = DEFINITIONAL_REPRESENTATION('',(#1514),#1518);
#1514 = LINE('',#1515,#1516);
#1515 = CARTESIAN_POINT('',(0.,-0.));
#1516 = VECTOR('',#1517,1.);
#1517 = DIRECTION('',(0.,1.));
#1518 = ( GEOMETRIC_REPRESENTATION_CONTEXT(2) 
PARAMETRIC_REPRESENTATION_CONTEXT() REPRESENTATION_CONTEXT('2D SPACE',''
  ) );
#1519 = ORIENTED_EDGE('',*,*,#1265,.F.);
#1520 = ORIENTED_EDGE('',*,*,#1497,.F.);
#1521 = ORIENTED_EDGE('',*,*,#1522,.T.);
#1522 = EDGE_CURVE('',#1498,#1523,#1525,.T.);
#1523 = VERTEX_POINT('',#1524);
#1524 = CARTESIAN_POINT('',(5.549978584251,-6.039528571304,
    11.933336762323));
#1525 = SURFACE_CURVE('',#1526,(#1554,#1585),.PCURVE_S1.);
#1526 = B_SPLINE_CURVE_WITH_KNOTS('',6,(#1527,#1528,#1529,#1530,#1531,
    #1532,#1533,#1534,#1535,#1536,#1537,#1538,#1539,#1540,#1541,#1542,
    #1543,#1544,#1545,#1546,#1547,#1548,#1549,#1550,#1551,#1552,#1553),
  .UNSPECIFIED.,.F.,.F.,(7,5,5,5,5,7),(0.,0.230042346493,0.470062349601,
    0.728222696511,0.948286117361,1.),.UNSPECIFIED.);
#1527 = CARTESIAN_POINT('',(1.41999923134,-1.74999995,11.62000061244));
#1528 = CARTESIAN_POINT('',(1.401036139098,-2.003521178678,
    11.632642673939));
#1529 = CARTESIAN_POINT('',(1.402305882358,-2.258788643289,
    11.645221364578));
#1530 = CARTESIAN_POINT('',(1.423880117029,-2.513742505164,
    11.657736432503));
#1531 = CARTESIAN_POINT('',(1.465542340836,-2.766389435399,
    11.670189771394));
#1532 = CARTESIAN_POINT('',(1.526844901209,-3.014805873756,
    11.682583163752));
#1533 = CARTESIAN_POINT('',(1.690807448173,-3.510001172035,
    11.70778475203));
#1534 = CARTESIAN_POINT('',(1.795154719271,-3.756268126727,
    11.720588958653));
#1535 = CARTESIAN_POINT('',(1.919339686619,-3.993855387935,
    11.733329117662));
#1536 = CARTESIAN_POINT('',(2.062308563106,-4.220860570757,
    11.746007645087));
#1537 = CARTESIAN_POINT('',(2.222803214192,-4.435550008893,
    11.758626522301));
#1538 = CARTESIAN_POINT('',(2.58922053087,-4.852387021612,11.78469299282
    ));
#1539 = CARTESIAN_POINT('',(2.797682872124,-5.052386512382,
    11.798132761859));
#1540 = CARTESIAN_POINT('',(3.022891951778,-5.234450693898,
    11.811503838784));
#1541 = CARTESIAN_POINT('',(3.262801228196,-5.397003633058,
    11.824808082281));
#1542 = CARTESIAN_POINT('',(3.515216578807,-5.538759315795,
    11.838046034593));
#1543 = CARTESIAN_POINT('',(4.001593825363,-5.76105652851,
    11.862442867853));
#1544 = CARTESIAN_POINT('',(4.232802690376,-5.847553872597,
    11.873621301044));
#1545 = CARTESIAN_POINT('',(4.469954807526,-5.917661350294,
    11.884751022771));
#1546 = CARTESIAN_POINT('',(4.711572122622,-5.970982380473,
    11.89583316754));
#1547 = CARTESIAN_POINT('',(4.956161684458,-6.007287651335,
    11.906870114628));
#1548 = CARTESIAN_POINT('',(5.260036686426,-6.03105455155,
    11.920450258339));
#1549 = CARTESIAN_POINT('',(5.317939465066,-6.034634890677,
    11.923032104882));
#1550 = CARTESIAN_POINT('',(5.375904275972,-6.037272432762,
    11.925611718512));
#1551 = CARTESIAN_POINT('',(5.433911863883,-6.03896694348,
    11.928189057639));
#1552 = CARTESIAN_POINT('',(5.491943020454,-6.039718716063,
    11.930764083934));
#1553 = CARTESIAN_POINT('',(5.549978584253,-6.039528571304,
    11.933336762323));
#1554 = PCURVE('',#1282,#1555);
#1555 = DEFINITIONAL_REPRESENTATION('',(#1556),#1584);
#1556 = B_SPLINE_CURVE_WITH_KNOTS('',6,(#1557,#1558,#1559,#1560,#1561,
    #1562,#1563,#1564,#1565,#1566,#1567,#1568,#1569,#1570,#1571,#1572,
    #1573,#1574,#1575,#1576,#1577,#1578,#1579,#1580,#1581,#1582,#1583),
  .UNSPECIFIED.,.F.,.F.,(7,5,5,5,5,7),(0.,0.230042346493,0.470062349601,
    0.728222696511,0.948286117361,1.),.UNSPECIFIED.);
#1557 = CARTESIAN_POINT('',(0.,0.22000051244));
#1558 = CARTESIAN_POINT('',(6.619351900713E-02,0.232642573936));
#1559 = CARTESIAN_POINT('',(0.132056373288,0.245221264584));
#1560 = CARTESIAN_POINT('',(0.197587784199,0.257736332497));
#1561 = CARTESIAN_POINT('',(0.262797898875,0.270189671396));
#1562 = CARTESIAN_POINT('',(0.327695294792,0.282583063752));
#1563 = CARTESIAN_POINT('',(0.459662082698,0.30778465203));
#1564 = CARTESIAN_POINT('',(0.526710577716,0.320588858653));
#1565 = CARTESIAN_POINT('',(0.5934222609,0.333329017662));
#1566 = CARTESIAN_POINT('',(0.659807761723,0.346007545087));
#1567 = CARTESIAN_POINT('',(0.725875936664,0.358626422301));
#1568 = CARTESIAN_POINT('',(0.862341819754,0.38469289282));
#1569 = CARTESIAN_POINT('',(0.932697837389,0.398132661859));
#1570 = CARTESIAN_POINT('',(1.002689666779,0.411503738784));
#1571 = CARTESIAN_POINT('',(1.072329827314,0.424807982281));
#1572 = CARTESIAN_POINT('',(1.141628891823,0.438045934593));
#1573 = CARTESIAN_POINT('',(1.269361422088,0.462442767853));
#1574 = CARTESIAN_POINT('',(1.327894569337,0.473621201044));
#1575 = CARTESIAN_POINT('',(1.386182102321,0.484750922771));
#1576 = CARTESIAN_POINT('',(1.444230142167,0.49583306754));
#1577 = CARTESIAN_POINT('',(1.502044216208,0.506870014628));
#1578 = CARTESIAN_POINT('',(1.573153840223,0.520450158339));
#1579 = CARTESIAN_POINT('',(1.586671728323,0.523032005666));
#1580 = CARTESIAN_POINT('',(1.600176786205,0.525611619687));
#1581 = CARTESIAN_POINT('',(1.613669058634,0.528188958423));
#1582 = CARTESIAN_POINT('',(1.627148588737,0.530763983934));
#1583 = CARTESIAN_POINT('',(1.640615417996,0.533336662323));
#1584 = ( GEOMETRIC_REPRESENTATION_CONTEXT(2) 
PARAMETRIC_REPRESENTATION_CONTEXT() REPRESENTATION_CONTEXT('2D SPACE',''
  ) );
#1585 = PCURVE('',#1586,#1765);
#1586 = B_SPLINE_SURFACE_WITH_KNOTS('',1,11,(
    (#1587,#1588,#1589,#1590,#1591,#1592,#1593,#1594,#1595,#1596,#1597
      ,#1598,#1599,#1600,#1601,#1602,#1603,#1604,#1605,#1606,#1607,#1608
      ,#1609,#1610,#1611,#1612,#1613,#1614,#1615,#1616,#1617,#1618,#1619
      ,#1620,#1621,#1622,#1623,#1624,#1625,#1626,#1627,#1628,#1629,#1630
      ,#1631,#1632,#1633,#1634,#1635,#1636,#1637,#1638,#1639,#1640,#1641
      ,#1642,#1643,#1644,#1645,#1646,#1647,#1648,#1649,#1650,#1651,#1652
      ,#1653,#1654,#1655,#1656,#1657,#1658,#1659,#1660,#1661,#1662,#1663
      ,#1664,#1665,#1666,#1667,#1668,#1669,#1670,#1671,#1672,#1673,#1674
      ,#1675)
    ,(#1676,#1677,#1678,#1679,#1680,#1681,#1682,#1683,#1684,#1685,#1686
      ,#1687,#1688,#1689,#1690,#1691,#1692,#1693,#1694,#1695,#1696,#1697
      ,#1698,#1699,#1700,#1701,#1702,#1703,#1704,#1705,#1706,#1707,#1708
      ,#1709,#1710,#1711,#1712,#1713,#1714,#1715,#1716,#1717,#1718,#1719
      ,#1720,#1721,#1722,#1723,#1724,#1725,#1726,#1727,#1728,#1729,#1730
      ,#1731,#1732,#1733,#1734,#1735,#1736,#1737,#1738,#1739,#1740,#1741
      ,#1742,#1743,#1744,#1745,#1746,#1747,#1748,#1749,#1750,#1751,#1752
      ,#1753,#1754,#1755,#1756,#1757,#1758,#1759,#1760,#1761,#1762,#1763
      ,#1764
    )),.UNSPECIFIED.,.F.,.F.,.F.,(2,2),(12,11,11,11,11,11,11,11,12),(0.,
    1.343502884254),(0.,7.832974995525,15.665949991049,23.498924986574,
    31.331899982099,39.164874977623,46.997849973148,54.830824968673,
    62.663799964197),.PIECEWISE_BEZIER_KNOTS.);
#1587 = CARTESIAN_POINT('',(9.55,-1.74999995,-8.3499999));
#1588 = CARTESIAN_POINT('',(9.549996916554,1.013183212187,-8.04317355022
    ));
#1589 = CARTESIAN_POINT('',(7.598126866463,3.776556922619,
    -7.736396131114));
#1590 = CARTESIAN_POINT('',(3.681780765461,5.004296618698,
    -7.429457864591));
#1591 = CARTESIAN_POINT('',(-0.78290378843,3.168889149837,
    -7.122884753651));
#1592 = CARTESIAN_POINT('',(-3.279006540211,-1.902640694044,
    -6.815697941868));
#1593 = CARTESIAN_POINT('',(-0.888696395331,-7.672909093559,
    -6.509299634985));
#1594 = CARTESIAN_POINT('',(4.462165223006,-9.49415516921,
    -6.202116875619));
#1595 = CARTESIAN_POINT('',(8.917163340528,-7.634866168171,
    -5.895537260312));
#1596 = CARTESIAN_POINT('',(10.818224021658,-3.997505597356,
    -5.588605713609));
#1597 = CARTESIAN_POINT('',(10.244426254059,-0.663305384158,
    -5.281823054094));
#1598 = CARTESIAN_POINT('',(8.290559159101,1.2905592091,-4.974999899994)
  );
#1599 = CARTESIAN_POINT('',(6.33669142714,3.244422580423,-4.668173550242
    ));
#1600 = CARTESIAN_POINT('',(3.002510589104,3.818242321603,-4.36139613106
    ));
#1601 = CARTESIAN_POINT('',(-0.634907360976,1.917110500735,
    -4.054457864688));
#1602 = CARTESIAN_POINT('',(-2.494087017466,-2.537727290627,
    -3.747884753518));
#1603 = CARTESIAN_POINT('',(-0.67298505617,-7.888851616589,
    -3.440697942012));
#1604 = CARTESIAN_POINT('',(5.097415371009,-10.27884301853,
    -3.13429963486));
#1605 = CARTESIAN_POINT('',(10.168861356754,-7.783027933331,
    -2.82711687571));
#1606 = CARTESIAN_POINT('',(12.004304875085,-3.318152693446,
    -2.520537260256));
#1607 = CARTESIAN_POINT('',(10.776555448864,0.598102530887,
    -2.213605713637));
#1608 = CARTESIAN_POINT('',(8.013183575801,2.550001818964,
    -1.906823054084));
#1609 = CARTESIAN_POINT('',(5.25,2.550000049998,-1.599999899995));
#1610 = CARTESIAN_POINT('',(2.486816837814,2.549996966558,
    -1.293173550234));
#1611 = CARTESIAN_POINT('',(-0.276556872624,0.598126916457,
    -0.986396131084));
#1612 = CARTESIAN_POINT('',(-1.504296568686,-3.318219184534,
    -0.679457864641));
#1613 = CARTESIAN_POINT('',(0.331110900146,-7.782903738433,
    -0.372884753586));
#1614 = CARTESIAN_POINT('',(5.402640744055,-10.2790064902,
    -6.569794193621E-02));
#1615 = CARTESIAN_POINT('',(11.172909143562,-7.888696345335,
    0.240700365073));
#1616 = CARTESIAN_POINT('',(12.994155219196,-2.53783472699,
    0.547883124338));
#1617 = CARTESIAN_POINT('',(11.134866218185,1.917163390525,
    0.854462739715));
#1618 = CARTESIAN_POINT('',(7.497505647348,3.81822407166,1.161394286377)
  );
#1619 = CARTESIAN_POINT('',(4.16330543416,3.244426304058,1.468176945911)
  );
#1620 = CARTESIAN_POINT('',(2.2094408409,1.290559209101,1.775000100006)
  );
#1621 = CARTESIAN_POINT('',(0.255577469577,-0.663308522862,
    2.081826449761));
#1622 = CARTESIAN_POINT('',(-0.3182422716,-3.997489360893,2.388603868931
    ));
#1623 = CARTESIAN_POINT('',(1.582889549257,-7.634907310976,2.69554213533
    ));
#1624 = CARTESIAN_POINT('',(6.03772734064,-9.494086967479,3.002115246457
    ));
#1625 = CARTESIAN_POINT('',(11.388851666572,-7.672985006135,
    3.309302058016));
#1626 = CARTESIAN_POINT('',(13.778843068548,-1.902584579041,
    3.615700365118));
#1627 = CARTESIAN_POINT('',(11.283027983322,3.1688614068,3.922883124303)
  );
#1628 = CARTESIAN_POINT('',(6.81815274345,5.004304925057,4.229462739739)
  );
#1629 = CARTESIAN_POINT('',(2.901897519111,3.776555498874,4.536394286364
    ));
#1630 = CARTESIAN_POINT('',(0.949998231037,1.013183625799,4.843176945918
    ));
#1631 = CARTESIAN_POINT('',(0.950000000001,-1.74999995,5.150000100003));
#1632 = CARTESIAN_POINT('',(0.950003083445,-4.513183112185,
    5.456826449771));
#1633 = CARTESIAN_POINT('',(2.901873133539,-7.276556822628,
    5.763603868909));
#1634 = CARTESIAN_POINT('',(6.818219234535,-8.504296518678,
    6.070542135363));
#1635 = CARTESIAN_POINT('',(11.282903788439,-6.668889049868,
    6.377115246416));
#1636 = CARTESIAN_POINT('',(13.779006540192,-1.597359205925,
    6.684302058057));
#1637 = CARTESIAN_POINT('',(11.388696395357,4.172909193539,
    6.990700365082));
#1638 = CARTESIAN_POINT('',(6.037834776972,5.994155269214,7.297883124331
    ));
#1639 = CARTESIAN_POINT('',(1.582836659483,4.134866268175,7.604462739719
    ));
#1640 = CARTESIAN_POINT('',(-0.318224021661,0.497505697351,
    7.911394286377));
#1641 = CARTESIAN_POINT('',(0.25557374594,-2.83669451584,8.21817694591)
  );
#1642 = CARTESIAN_POINT('',(2.2094408409,-4.7905591091,8.525000100007));
#1643 = CARTESIAN_POINT('',(4.16330857286,-6.744422480426,8.831826449752
    ));
#1644 = CARTESIAN_POINT('',(7.497489410898,-7.318242221593,
    9.138603868959));
#1645 = CARTESIAN_POINT('',(11.134907360965,-5.417110400757,
    9.445542135265));
#1646 = CARTESIAN_POINT('',(12.994087017493,-0.962272609334,
    9.752115246568));
#1647 = CARTESIAN_POINT('',(11.172985056123,4.388851716536,
    10.059302057867));
#1648 = CARTESIAN_POINT('',(5.402584629046,6.77884311859,10.365700365278
    ));
#1649 = CARTESIAN_POINT('',(0.331138643203,4.28302803328,10.672883124163
    ));
#1650 = CARTESIAN_POINT('',(-1.504304875063,-0.181847206516,
    10.97946273984));
#1651 = CARTESIAN_POINT('',(-0.276555448869,-4.09810243091,
    11.286394286303));
#1652 = CARTESIAN_POINT('',(2.486816424197,-6.050001718952,
    11.593176945948));
#1653 = CARTESIAN_POINT('',(5.250000000002,-6.049999950003,
    11.900000099991));
#1654 = CARTESIAN_POINT('',(8.013183126312,-6.049996849805,
    12.206826549001));
#1655 = CARTESIAN_POINT('',(10.776557032025,-4.098126890865,
    12.513603428048));
#1656 = CARTESIAN_POINT('',(12.004296137547,-0.181780514253,
    12.820543327719));
#1657 = CARTESIAN_POINT('',(10.168889963483,4.282903435439,
    13.127112858077));
#1658 = CARTESIAN_POINT('',(5.097357884699,6.779007229991,
    13.434305850049));
#1659 = CARTESIAN_POINT('',(-0.672907362898,4.388695614603,
    13.740695441032));
#1660 = CARTESIAN_POINT('',(-2.494157138953,-0.962164277428,
    14.04788843295));
#1661 = CARTESIAN_POINT('',(-0.634864490914,-5.417164096301,
    14.354457963379));
#1662 = CARTESIAN_POINT('',(3.002493059241,-7.318223368276,
    14.661397862998));
#1663 = CARTESIAN_POINT('',(6.336695362809,-6.744426575853,
    14.968174742072));
#1664 = CARTESIAN_POINT('',(8.290558764542,-4.790558925035,
    15.275001191069));
#1665 = CARTESIAN_POINT('',(10.244423290202,-2.836691762467,
    15.581824345102));
#1666 = CARTESIAN_POINT('',(10.818241143464,0.497490124427,
    15.88860700481));
#1667 = CARTESIAN_POINT('',(8.917111730963,4.134906442513,
    16.195538551137));
#1668 = CARTESIAN_POINT('',(4.462271635106,5.994088288886,
    16.502118167024));
#1669 = CARTESIAN_POINT('',(-0.888851307738,4.172983758173,
    16.809300925628));
#1670 = CARTESIAN_POINT('',(-3.278842593472,-1.597414009616,
    17.115699233389));
#1671 = CARTESIAN_POINT('',(-0.783029110237,-6.668862433771,
    17.422886044297));
#1672 = CARTESIAN_POINT('',(3.6818486164,-8.50430397244,17.729459155967)
  );
#1673 = CARTESIAN_POINT('',(7.598101299133,-7.276555961102,
    18.036397421996));
#1674 = CARTESIAN_POINT('',(9.550002559498,-4.513183208438,
    18.343174841365));
#1675 = CARTESIAN_POINT('',(9.549999590859,-1.750000098838,
    18.65000119104));
#1676 = CARTESIAN_POINT('',(8.6,-1.74999995,-7.3999999));
#1677 = CARTESIAN_POINT('',(8.599987193961,0.402702753708,
    -7.093183249675));
#1678 = CARTESIAN_POINT('',(7.079390378337,2.555628973019,
    -6.786357424844));
#1679 = CARTESIAN_POINT('',(4.028168607303,3.511892195173,
    -6.479561758944));
#1680 = CARTESIAN_POINT('',(0.550065062681,2.08251237074,-6.1726976262)
  );
#1681 = CARTESIAN_POINT('',(-1.394808972655,-1.869429188632,
    -5.865948562815));
#1682 = CARTESIAN_POINT('',(0.46760707859,-6.363825017002,
    -5.559051653952));
#1683 = CARTESIAN_POINT('',(4.636195331455,-7.783636369728,
    -5.252301830973));
#1684 = CARTESIAN_POINT('',(8.106973609248,-6.334511552164,
    -4.945438917501));
#1685 = CARTESIAN_POINT('',(9.588039550249,-3.501033069816,
    -4.638641991836));
#1686 = CARTESIAN_POINT('',(9.141003767156,-0.90337727056,
    -4.331817149502));
#1687 = CARTESIAN_POINT('',(7.618807716969,0.618807766968,
    -4.024999900001));
#1688 = CARTESIAN_POINT('',(6.096607982093,2.140989391433,-3.71818324967
    ));
#1689 = CARTESIAN_POINT('',(3.499034933152,2.588113800644,
    -3.411357424861));
#1690 = CARTESIAN_POINT('',(0.665315119158,1.106754404578,
    -3.104561758904));
#1691 = CARTESIAN_POINT('',(-0.783351316446,-2.36336036448,
    -2.797697626266));
#1692 = CARTESIAN_POINT('',(0.63585974038,-6.533038658584,
    -2.490948562733));
#1693 = CARTESIAN_POINT('',(5.130804527006,-8.394129407302,
    -2.18405165403));
#1694 = CARTESIAN_POINT('',(9.082399784144,-6.450450620895,
    -1.877301830917));
#1695 = CARTESIAN_POINT('',(10.511924655111,-2.971553779654,
    -1.570438917531));
#1696 = CARTESIAN_POINT('',(9.55562457613,7.928983998352E-02,
    -1.263641991824));
#1697 = CARTESIAN_POINT('',(7.402702511641,1.600007837101,
    -0.956817149505));
#1698 = CARTESIAN_POINT('',(5.250000000001,1.600000049992,
    -0.649999900001));
#1699 = CARTESIAN_POINT('',(3.097297296292,1.599987243985,-0.34318324967
    ));
#1700 = CARTESIAN_POINT('',(0.944371076976,7.93904282828E-02,
    -3.635742486025E-02));
#1701 = CARTESIAN_POINT('',(-1.189214516062E-02,-2.971831342602,
    0.270438241092));
#1702 = CARTESIAN_POINT('',(1.417487679251,-6.449934887447,
    0.577302373744));
#1703 = CARTESIAN_POINT('',(5.369429238615,-8.394808922521,
    0.884051437252));
#1704 = CARTESIAN_POINT('',(9.863825067053,-6.53239287152,1.190948345988
    ));
#1705 = CARTESIAN_POINT('',(11.283636419664,-2.363804618474,
    1.497698169068));
#1706 = CARTESIAN_POINT('',(9.834511602214,1.10697365921,1.804561082478)
  );
#1707 = CARTESIAN_POINT('',(7.001033119792,2.588039600266,2.111358008172
    ));
#1708 = CARTESIAN_POINT('',(4.403377320566,2.14100381715,2.418182850496)
  );
#1709 = CARTESIAN_POINT('',(2.881192283032,0.618807766969,2.725000099999
    ));
#1710 = CARTESIAN_POINT('',(1.359010658569,-0.90339196791,3.03181675033)
  );
#1711 = CARTESIAN_POINT('',(0.911886249349,-3.500965016841,
    3.338642575139));
#1712 = CARTESIAN_POINT('',(2.393245645437,-6.334684830847,
    3.645438241095));
#1713 = CARTESIAN_POINT('',(5.863360414453,-7.783351266457,
    3.952302373737));
#1714 = CARTESIAN_POINT('',(10.03303870862,-6.364140209578,
    4.259051437261));
#1715 = CARTESIAN_POINT('',(11.894129457263,-1.869195423057,
    4.565948345979));
#1716 = CARTESIAN_POINT('',(9.950450670926,2.082399834204,4.872698169075
    ));
#1717 = CARTESIAN_POINT('',(6.471553829638,3.511924705076,5.179561082475
    ));
#1718 = CARTESIAN_POINT('',(3.42071021002,2.555624626141,5.486358008173)
  );
#1719 = CARTESIAN_POINT('',(1.899992212901,0.40270256164,5.793182850495)
  );
#1720 = CARTESIAN_POINT('',(1.900000000004,-1.749999949999,
    6.100000099999));
#1721 = CARTESIAN_POINT('',(1.900012806026,-3.902702653707,
    6.406816750326));
#1722 = CARTESIAN_POINT('',(3.420609621693,-6.055628873023,
    6.713642575152));
#1723 = CARTESIAN_POINT('',(6.471831392639,-7.01189209517,7.020438241067
    ));
#1724 = CARTESIAN_POINT('',(9.949934937406,-5.582512270726,
    7.327302373779));
#1725 = CARTESIAN_POINT('',(11.89480897255,-1.630570711417,
    7.634051437216));
#1726 = CARTESIAN_POINT('',(10.032392921509,2.863825117085,
    7.940948346014));
#1727 = CARTESIAN_POINT('',(5.863804668472,4.283636469643,8.247698169056
    ));
#1728 = CARTESIAN_POINT('',(2.393026390794,2.834511652222,8.554561082483
    ));
#1729 = CARTESIAN_POINT('',(0.911960449734,1.033169791682E-03,
    8.861358008171));
#1730 = CARTESIAN_POINT('',(1.358996232847,-2.596622629436,
    9.168182850497));
#1731 = CARTESIAN_POINT('',(2.881192283033,-4.118807666966,
    9.475000099999));
#1732 = CARTESIAN_POINT('',(4.403392017902,-5.64098929144,9.781816750331
    ));
#1733 = CARTESIAN_POINT('',(7.000965066864,-6.088113700622,
    10.088642575137));
#1734 = CARTESIAN_POINT('',(9.834684880803,-4.606754304632,
    10.395438241099));
#1735 = CARTESIAN_POINT('',(11.283351316518,-1.136639535422,
    10.702302373727));
#1736 = CARTESIAN_POINT('',(9.864140259518,3.033038758441,
    11.009051437278));
#1737 = CARTESIAN_POINT('',(5.369195473101,4.894129507471,
    11.315948345957));
#1738 = CARTESIAN_POINT('',(1.417600215773,2.950450720732,
    11.622698169095));
#1739 = CARTESIAN_POINT('',(-1.192465506509E-02,-0.528446120216,
    11.92956108246));
#1740 = CARTESIAN_POINT('',(0.944375423854,-3.579289740069,
    12.236358008182));
#1741 = CARTESIAN_POINT('',(3.097297488361,-5.100007737055,
    12.543182850492));
#1742 = CARTESIAN_POINT('',(5.25,-5.099999950013,12.850000100001));
#1743 = CARTESIAN_POINT('',(7.402702595917,-5.099987032525,
    13.15681673172));
#1744 = CARTESIAN_POINT('',(9.555629402004,-3.57939082343,
    13.463642657825));
#1745 = CARTESIAN_POINT('',(10.511890849596,-0.528167218291,
    13.770438017463));
#1746 = CARTESIAN_POINT('',(9.082514916013,2.949932305262,
    14.077302821667));
#1747 = CARTESIAN_POINT('',(5.1305666406,4.894813280922,14.38405072611)
  );
#1748 = CARTESIAN_POINT('',(0.636180284175,3.032387441952,
    14.690949269386));
#1749 = CARTESIAN_POINT('',(-0.783642188941,-1.13618932019,
    14.997697173604));
#1750 = CARTESIAN_POINT('',(0.665493588612,-4.60697892278,
    15.304561978092));
#1751 = CARTESIAN_POINT('',(3.498962993232,-6.088035483925,
    15.611357337539));
#1752 = CARTESIAN_POINT('',(6.096625074494,-5.641006191933,
    15.918183263718));
#1753 = CARTESIAN_POINT('',(7.618806531237,-4.118806441771,
    16.224999895425));
#1754 = CARTESIAN_POINT('',(9.140991581523,-2.596610404347,
    16.53181714496));
#1755 = CARTESIAN_POINT('',(9.588110552353,9.691219759025E-04,
    16.838641987126));
#1756 = CARTESIAN_POINT('',(8.106757682623,2.834679597625,
    17.145438913229));
#1757 = CARTESIAN_POINT('',(4.636637547559,4.283357266833,
    17.452301825949));
#1758 = CARTESIAN_POINT('',(0.466960718406,2.864134877093,
    17.759051649826));
#1759 = CARTESIAN_POINT('',(-1.394125885263,-1.630800344883,
    18.065948557939));
#1760 = CARTESIAN_POINT('',(0.549543630678,-5.582402280065,
    18.372697621751));
#1761 = CARTESIAN_POINT('',(4.028452337033,-7.01192338858,
    18.679561754339));
#1762 = CARTESIAN_POINT('',(7.079284680925,-6.055624929569,
    18.986357420275));
#1763 = CARTESIAN_POINT('',(8.600011122638,-3.902702406632,
    19.293183245094));
#1764 = CARTESIAN_POINT('',(8.59999829525,-1.749999922096,
    19.599999895429));
#1765 = DEFINITIONAL_REPRESENTATION('',(#1766),#1794);
#1766 = B_SPLINE_CURVE_WITH_KNOTS('',6,(#1767,#1768,#1769,#1770,#1771,
    #1772,#1773,#1774,#1775,#1776,#1777,#1778,#1779,#1780,#1781,#1782,
    #1783,#1784,#1785,#1786,#1787,#1788,#1789,#1790,#1791,#1792,#1793),
  .UNSPECIFIED.,.F.,.F.,(7,5,5,5,5,7),(0.,0.230042346493,0.470062349601,
    0.728222696511,0.948286117361,1.),.UNSPECIFIED.);
#1767 = CARTESIAN_POINT('',(0.664683261398,45.257184878065));
#1768 = CARTESIAN_POINT('',(0.63786502867,45.330537287167));
#1769 = CARTESIAN_POINT('',(0.611180258718,45.403523588038));
#1770 = CARTESIAN_POINT('',(0.584629178578,45.476142817669));
#1771 = CARTESIAN_POINT('',(0.558207728701,45.548406031145));
#1772 = CARTESIAN_POINT('',(0.531912761122,45.620322526907));
#1773 = CARTESIAN_POINT('',(0.478443159146,45.766561828961));
#1774 = CARTESIAN_POINT('',(0.451277008947,45.840861451652));
#1775 = CARTESIAN_POINT('',(0.424247983801,45.914787378583));
#1776 = CARTESIAN_POINT('',(0.397352355094,45.988351345445));
#1777 = CARTESIAN_POINT('',(0.370586852105,46.061563339787));
#1778 = CARTESIAN_POINT('',(0.315304590073,46.212784770938));
#1779 = CARTESIAN_POINT('',(0.286804930286,46.29074799356));
#1780 = CARTESIAN_POINT('',(0.258454005598,46.368307781269));
#1781 = CARTESIAN_POINT('',(0.230245776606,46.445478391008));
#1782 = CARTESIAN_POINT('',(0.202173863394,46.522271576876));
#1783 = CARTESIAN_POINT('',(0.150426421693,46.663817770356));
#1784 = CARTESIAN_POINT('',(0.126711263875,46.728681176843));
#1785 = CARTESIAN_POINT('',(0.103093071591,46.793272388905));
#1786 = CARTESIAN_POINT('',(7.956942817974E-02,46.857597894646));
#1787 = CARTESIAN_POINT('',(5.614009567568E-02,46.921663390178));
#1788 = CARTESIAN_POINT('',(2.73290064118E-02,47.000462409897));
#1789 = CARTESIAN_POINT('',(2.185230108203E-02,47.015442058986));
#1790 = CARTESIAN_POINT('',(1.638110663513E-02,47.030407479382));
#1791 = CARTESIAN_POINT('',(1.091539444149E-02,47.045358714145));
#1792 = CARTESIAN_POINT('',(5.455075412379E-03,47.060295821484));
#1793 = CARTESIAN_POINT('',(0.,47.075218874755));
#1794 = ( GEOMETRIC_REPRESENTATION_CONTEXT(2) 
PARAMETRIC_REPRESENTATION_CONTEXT() REPRESENTATION_CONTEXT('2D SPACE',''
  ) );
#1795 = ORIENTED_EDGE('',*,*,#1796,.T.);
#1796 = EDGE_CURVE('',#1523,#1797,#1799,.T.);
#1797 = VERTEX_POINT('',#1798);
#1798 = CARTESIAN_POINT('',(9.422265453267,-2.79028053082,
    11.933332092198));
#1799 = SURFACE_CURVE('',#1800,(#1843,#1889),.PCURVE_S1.);
#1800 = B_SPLINE_CURVE_WITH_KNOTS('',6,(#1801,#1802,#1803,#1804,#1805,
    #1806,#1807,#1808,#1809,#1810,#1811,#1812,#1813,#1814,#1815,#1816,
    #1817,#1818,#1819,#1820,#1821,#1822,#1823,#1824,#1825,#1826,#1827,
    #1828,#1829,#1830,#1831,#1832,#1833,#1834,#1835,#1836,#1837,#1838,
    #1839,#1840,#1841,#1842),.UNSPECIFIED.,.F.,.F.,(7,5,5,5,5,5,5,5,7),(
    0.,0.170029698972,0.295027253039,0.334022738515,0.354020037088,
    0.375017023331,0.686984575586,0.969998142737,1.),.UNSPECIFIED.);
#1801 = CARTESIAN_POINT('',(5.549978584252,-6.039528571304,
    11.933336762323));
#1802 = CARTESIAN_POINT('',(5.702730998318,-6.028850663171,
    11.933339748422));
#1803 = CARTESIAN_POINT('',(5.855028120433,-6.011646567626,
    11.933343683625));
#1804 = CARTESIAN_POINT('',(6.006519381035,-5.987939270748,
    11.933347506114));
#1805 = CARTESIAN_POINT('',(6.156858562885,-5.957776900561,
    11.933350543783));
#1806 = CARTESIAN_POINT('',(6.305703801076,-5.921232727042,
    11.933352514242));
#1807 = CARTESIAN_POINT('',(6.560794955799,-5.846920422124,
    11.933354267735));
#1808 = CARTESIAN_POINT('',(6.667883125582,-5.812039642713,
    11.93335446518));
#1809 = CARTESIAN_POINT('',(6.773848363907,-5.773801824969,
    11.933354130422));
#1810 = CARTESIAN_POINT('',(6.878559547557,-5.73225281158,
    11.933353307228));
#1811 = CARTESIAN_POINT('',(6.981888158564,-5.687445286827,
    11.933352069855));
#1812 = CARTESIAN_POINT('',(7.115473107616,-5.62446218615,
    11.933350040492));
#1813 = CARTESIAN_POINT('',(7.147091132795,-5.609174246159,
    11.933349527325));
#1814 = CARTESIAN_POINT('',(7.178558546059,-5.59357675932,
    11.933348986322));
#1815 = CARTESIAN_POINT('',(7.209871564802,-5.577671589844,
    11.933348420283));
#1816 = CARTESIAN_POINT('',(7.241026437497,-5.561460663444,
    11.933347832036));
#1817 = CARTESIAN_POINT('',(7.28791298602,-5.536477056007,11.93334691285
    ));
#1818 = CARTESIAN_POINT('',(7.303763961673,-5.527928260851,
    11.93334659617));
#1819 = CARTESIAN_POINT('',(7.319571869026,-5.519299849807,
    11.933346274778));
#1820 = CARTESIAN_POINT('',(7.335336208753,-5.510592094974,
    11.933345949053));
#1821 = CARTESIAN_POINT('',(7.351056483826,-5.501805272618,
    11.933345619373));
#1822 = CARTESIAN_POINT('',(7.383191562047,-5.483630851829,
    11.933344936194));
#1823 = CARTESIAN_POINT('',(7.399601798723,-5.474235179166,
    11.933344582322));
#1824 = CARTESIAN_POINT('',(7.415962336854,-5.464752969805,
    11.933344224933));
#1825 = CARTESIAN_POINT('',(7.432272606668,-5.455184553355,
    11.933343864455));
#1826 = CARTESIAN_POINT('',(7.448532041321,-5.445530264415,
    11.933343501308));
#1827 = CARTESIAN_POINT('',(7.705554693068,-5.291078799339,
    11.933337706902));
#1828 = CARTESIAN_POINT('',(7.93503506295,-5.127478223537,
    11.933331776913));
#1829 = CARTESIAN_POINT('',(8.151302639823,-4.946115188647,
    11.933326723729));
#1830 = CARTESIAN_POINT('',(8.3526754568,-4.748344617232,11.933323470974
    ));
#1831 = CARTESIAN_POINT('',(8.537643633789,-4.535710685206,
    11.933321935473));
#1832 = CARTESIAN_POINT('',(8.856644919718,-4.105190341745,
    11.933321641767));
#1833 = CARTESIAN_POINT('',(8.993824366066,-3.889606422948,
    11.933322636538));
#1834 = CARTESIAN_POINT('',(9.115471197252,-3.664532387557,
    11.933324504182));
#1835 = CARTESIAN_POINT('',(9.220790840147,-3.431371370313,
    11.933326746545));
#1836 = CARTESIAN_POINT('',(9.309147419484,-3.191605291268,
    11.933328959645));
#1837 = CARTESIAN_POINT('',(9.387609105796,-2.920850478507,
    11.933331111477));
#1838 = CARTESIAN_POINT('',(9.394933808484,-2.894842504128,
    11.933331314724));
#1839 = CARTESIAN_POINT('',(9.402062294522,-2.868779668174,
    11.933331514673));
#1840 = CARTESIAN_POINT('',(9.4089940523,-2.842663821491,11.933331711057
    ));
#1841 = CARTESIAN_POINT('',(9.415728593533,-2.816496821226,
    11.933331903635));
#1842 = CARTESIAN_POINT('',(9.422265453267,-2.79028053082,
    11.933332092198));
#1843 = PCURVE('',#1282,#1844);
#1844 = DEFINITIONAL_REPRESENTATION('',(#1845),#1888);
#1845 = B_SPLINE_CURVE_WITH_KNOTS('',6,(#1846,#1847,#1848,#1849,#1850,
    #1851,#1852,#1853,#1854,#1855,#1856,#1857,#1858,#1859,#1860,#1861,
    #1862,#1863,#1864,#1865,#1866,#1867,#1868,#1869,#1870,#1871,#1872,
    #1873,#1874,#1875,#1876,#1877,#1878,#1879,#1880,#1881,#1882,#1883,
    #1884,#1885,#1886,#1887),.UNSPECIFIED.,.F.,.F.,(7,5,5,5,5,5,5,5,7),(
    0.,0.170029698972,0.295027253039,0.334022738515,0.354020037088,
    0.375017023331,0.686984575586,0.969998142737,1.),.UNSPECIFIED.);
#1846 = CARTESIAN_POINT('',(1.640615417996,0.533336662323));
#1847 = CARTESIAN_POINT('',(1.676225881307,0.533339648422));
#1848 = CARTESIAN_POINT('',(1.711836373064,0.533343583618));
#1849 = CARTESIAN_POINT('',(1.747446837419,0.533347406091));
#1850 = CARTESIAN_POINT('',(1.783057234366,0.533350443741));
#1851 = CARTESIAN_POINT('',(1.818667539746,0.533352414185));
#1852 = CARTESIAN_POINT('',(1.880456634066,0.533354167678));
#1853 = CARTESIAN_POINT('',(1.906635514167,0.533354365121));
#1854 = CARTESIAN_POINT('',(1.932814389344,0.533354030367));
#1855 = CARTESIAN_POINT('',(1.95899326212,0.533353207183));
#1856 = CARTESIAN_POINT('',(1.985172133739,0.53335196982));
#1857 = CARTESIAN_POINT('',(2.019518026068,0.533349940458));
#1858 = CARTESIAN_POINT('',(2.027685049109,0.533349427293));
#1859 = CARTESIAN_POINT('',(2.035852073464,0.533348886293));
#1860 = CARTESIAN_POINT('',(2.044019099289,0.533348320258));
#1861 = CARTESIAN_POINT('',(2.05218612672,0.533347732014));
#1862 = CARTESIAN_POINT('',(2.064541295057,0.533346812828));
#1863 = CARTESIAN_POINT('',(2.068729434701,0.533346496149));
#1864 = CARTESIAN_POINT('',(2.072917574826,0.533346174759));
#1865 = CARTESIAN_POINT('',(2.077105715451,0.533345849036));
#1866 = CARTESIAN_POINT('',(2.08129385659,0.533345519358));
#1867 = CARTESIAN_POINT('',(2.089879509883,0.533344836178));
#1868 = CARTESIAN_POINT('',(2.094277022095,0.533344482308));
#1869 = CARTESIAN_POINT('',(2.098674534908,0.533344124921));
#1870 = CARTESIAN_POINT('',(2.103072048337,0.533343764444));
#1871 = CARTESIAN_POINT('',(2.107469562395,0.533343401299));
#1872 = CARTESIAN_POINT('',(2.177204163131,0.533337606893));
#1873 = CARTESIAN_POINT('',(2.242544674129,0.533331676967));
#1874 = CARTESIAN_POINT('',(2.307881539413,0.53332662372));
#1875 = CARTESIAN_POINT('',(2.373218537619,0.533323371022));
#1876 = CARTESIAN_POINT('',(2.438559441522,0.533321835497));
#1877 = CARTESIAN_POINT('',(2.56317066398,0.533321541791));
#1878 = CARTESIAN_POINT('',(2.622446323503,0.533322536547));
#1879 = CARTESIAN_POINT('',(2.68171955539,0.533324404191));
#1880 = CARTESIAN_POINT('',(2.740992711755,0.533326646552));
#1881 = CARTESIAN_POINT('',(2.800268207956,0.533328859639));
#1882 = CARTESIAN_POINT('',(2.865825083218,0.533331011472));
#1883 = CARTESIAN_POINT('',(2.872108568531,0.533331214715));
#1884 = CARTESIAN_POINT('',(2.878392053239,0.533331414663));
#1885 = CARTESIAN_POINT('',(2.884675537349,0.53333161105));
#1886 = CARTESIAN_POINT('',(2.890959020872,0.533331803635));
#1887 = CARTESIAN_POINT('',(2.897242503821,0.533331992198));
#1888 = ( GEOMETRIC_REPRESENTATION_CONTEXT(2) 
PARAMETRIC_REPRESENTATION_CONTEXT() REPRESENTATION_CONTEXT('2D SPACE',''
  ) );
#1889 = PCURVE('',#1890,#2069);
#1890 = B_SPLINE_SURFACE_WITH_KNOTS('',1,11,(
    (#1891,#1892,#1893,#1894,#1895,#1896,#1897,#1898,#1899,#1900,#1901
      ,#1902,#1903,#1904,#1905,#1906,#1907,#1908,#1909,#1910,#1911,#1912
      ,#1913,#1914,#1915,#1916,#1917,#1918,#1919,#1920,#1921,#1922,#1923
      ,#1924,#1925,#1926,#1927,#1928,#1929,#1930,#1931,#1932,#1933,#1934
      ,#1935,#1936,#1937,#1938,#1939,#1940,#1941,#1942,#1943,#1944,#1945
      ,#1946,#1947,#1948,#1949,#1950,#1951,#1952,#1953,#1954,#1955,#1956
      ,#1957,#1958,#1959,#1960,#1961,#1962,#1963,#1964,#1965,#1966,#1967
      ,#1968,#1969,#1970,#1971,#1972,#1973,#1974,#1975,#1976,#1977,#1978
      ,#1979)
    ,(#1980,#1981,#1982,#1983,#1984,#1985,#1986,#1987,#1988,#1989,#1990
      ,#1991,#1992,#1993,#1994,#1995,#1996,#1997,#1998,#1999,#2000,#2001
      ,#2002,#2003,#2004,#2005,#2006,#2007,#2008,#2009,#2010,#2011,#2012
      ,#2013,#2014,#2015,#2016,#2017,#2018,#2019,#2020,#2021,#2022,#2023
      ,#2024,#2025,#2026,#2027,#2028,#2029,#2030,#2031,#2032,#2033,#2034
      ,#2035,#2036,#2037,#2038,#2039,#2040,#2041,#2042,#2043,#2044,#2045
      ,#2046,#2047,#2048,#2049,#2050,#2051,#2052,#2053,#2054,#2055,#2056
      ,#2057,#2058,#2059,#2060,#2061,#2062,#2063,#2064,#2065,#2066,#2067
      ,#2068
    )),.UNSPECIFIED.,.F.,.F.,.F.,(2,2),(12,11,11,11,11,11,11,11,12),(0.,
    0.6),(0.,7.832974995525,15.665949991049,23.498924986574,
    31.331899982099,39.164874977623,46.997849973148,54.830824968673,
    62.663799964197),.PIECEWISE_BEZIER_KNOTS.);
#1891 = CARTESIAN_POINT('',(9.55,-1.74999995,-8.9499999));
#1892 = CARTESIAN_POINT('',(9.550003064314,1.01318342251,-8.64317355022)
  );
#1893 = CARTESIAN_POINT('',(7.598101713822,3.776556505693,
    -8.336396131115));
#1894 = CARTESIAN_POINT('',(3.681848700994,5.0043047694,-8.029457864579)
  );
#1895 = CARTESIAN_POINT('',(-0.78302951398,3.168863210587,
    -7.722884753694));
#1896 = CARTESIAN_POINT('',(-3.278843410382,-1.902585609575,
    -7.415697941777));
#1897 = CARTESIAN_POINT('',(-0.88885209677,-7.672984009413,
    -7.109299635111));
#1898 = CARTESIAN_POINT('',(4.462271292044,-9.494088898333,-6.8021168755
    ));
#1899 = CARTESIAN_POINT('',(8.917111876192,-7.634907029495,
    -6.495537260388));
#1900 = CARTESIAN_POINT('',(10.818241595516,-3.997490430978,
    -6.188605713577));
#1901 = CARTESIAN_POINT('',(10.244423803025,-0.663308207021,
    -5.881823054101));
#1902 = CARTESIAN_POINT('',(8.290559159103,1.290559209104,
    -5.574999899994));
#1903 = CARTESIAN_POINT('',(6.336695625529,3.244427076254,
    -5.268173550242));
#1904 = CARTESIAN_POINT('',(3.00249309835,3.818224241218,-4.961396131061
    ));
#1905 = CARTESIAN_POINT('',(-0.634865086789,1.917164301776,
    -4.654457864675));
#1906 = CARTESIAN_POINT('',(-2.494157576936,-2.537834533761,
    -4.347884753563));
#1907 = CARTESIAN_POINT('',(-0.672908656654,-7.88869731587,
    -4.040697941918));
#1908 = CARTESIAN_POINT('',(5.097358247028,-10.27900608949,
    -3.734299634988));
#1909 = CARTESIAN_POINT('',(10.168889498287,-7.782906070685,
    -3.427116875589));
#1910 = CARTESIAN_POINT('',(12.004297377622,-3.318217977497,
    -3.120537260334));
#1911 = CARTESIAN_POINT('',(10.77655715121,0.598125681705,
    -2.813605713604));
#1912 = CARTESIAN_POINT('',(8.013183838724,2.549998089763,
    -2.506823054091));
#1913 = CARTESIAN_POINT('',(5.25,2.550000050002,-2.199999899995));
#1914 = CARTESIAN_POINT('',(2.486816627491,2.550003114306,
    -1.893173550234));
#1915 = CARTESIAN_POINT('',(-0.276556455694,0.598101763847,
    -1.586396131085));
#1916 = CARTESIAN_POINT('',(-1.504304719399,-3.318151249055,
    -1.279457864628));
#1917 = CARTESIAN_POINT('',(0.331136839411,-7.783029463909,
    -0.972884753631));
#1918 = CARTESIAN_POINT('',(5.40258565958,-10.27884336045,-0.66569794184
    ));
#1919 = CARTESIAN_POINT('',(11.172984059405,-7.888852046712,
    -0.359299635058));
#1920 = CARTESIAN_POINT('',(12.994088948341,-2.537728657989,
    -5.211687553819E-02));
#1921 = CARTESIAN_POINT('',(11.13490707949,1.917111926207,0.254462739636
    ));
#1922 = CARTESIAN_POINT('',(7.497490480979,3.81824164551,0.561394286411)
  );
#1923 = CARTESIAN_POINT('',(4.163308257021,3.244423853027,0.868176945904
    ));
#1924 = CARTESIAN_POINT('',(2.209440840896,1.290559209104,1.175000100006
    ));
#1925 = CARTESIAN_POINT('',(0.255572973744,-0.663304324471,
    1.481826449761));
#1926 = CARTESIAN_POINT('',(-0.318224191212,-3.997506851651,
    1.788603868931));
#1927 = CARTESIAN_POINT('',(1.582835748212,-7.634865036781,2.09554213534
    ));
#1928 = CARTESIAN_POINT('',(6.037834583782,-9.494157526957,
    2.402115246416));
#1929 = CARTESIAN_POINT('',(11.388697365843,-7.672908606619,
    2.709302058104));
#1930 = CARTESIAN_POINT('',(13.779006139518,-1.902641703013,
    3.015700364994));
#1931 = CARTESIAN_POINT('',(11.282906120667,3.168889548321,
    3.322883124421));
#1932 = CARTESIAN_POINT('',(6.818218027505,5.004297427602,3.629462739663
    ));
#1933 = CARTESIAN_POINT('',(2.901874368292,3.776557201218,3.936394286395
    ));
#1934 = CARTESIAN_POINT('',(0.950001960237,1.013183888722,4.243176945911
    ));
#1935 = CARTESIAN_POINT('',(0.949999999999,-1.74999995,4.550000100003));
#1936 = CARTESIAN_POINT('',(0.949996935691,-4.513183322508,
    4.856826449772));
#1937 = CARTESIAN_POINT('',(2.901898286163,-7.2765564057,5.163603868908)
  );
#1938 = CARTESIAN_POINT('',(6.818151299034,-8.504304669381,
    5.470542135377));
#1939 = CARTESIAN_POINT('',(11.283029513946,-6.668863110624,
    5.777115246369));
#1940 = CARTESIAN_POINT('',(13.778843410406,-1.59741429037,
    6.084302058152));
#1941 = CARTESIAN_POINT('',(11.388852096762,4.172984109353,
    6.390700364953));
#1942 = CARTESIAN_POINT('',(6.037728707955,5.99408899838,6.697883124453)
  );
#1943 = CARTESIAN_POINT('',(1.582888123808,4.13490712947,7.004462739641)
  );
#1944 = CARTESIAN_POINT('',(-0.318241595512,0.497490530985,
    7.311394286409));
#1945 = CARTESIAN_POINT('',(0.255576196972,-2.836691692979,
    7.618176945903));
#1946 = CARTESIAN_POINT('',(2.209440840896,-4.790559109104,
    7.925000100007));
#1947 = CARTESIAN_POINT('',(4.163304374473,-6.744426976253,
    8.231826449752));
#1948 = CARTESIAN_POINT('',(7.497506901645,-7.318224141219,
    8.538603868959));
#1949 = CARTESIAN_POINT('',(11.134865086794,-5.417164201771,
    8.845542135277));
#1950 = CARTESIAN_POINT('',(12.994157576938,-0.96216536625,
    9.152115246524));
#1951 = CARTESIAN_POINT('',(11.17290865664,4.388697415891,9.459302057959
    ));
#1952 = CARTESIAN_POINT('',(5.402641752995,6.779006189463,9.765700365151
    ));
#1953 = CARTESIAN_POINT('',(0.331110501693,4.282906170717,
    10.072883124284));
#1954 = CARTESIAN_POINT('',(-1.504297377613,-0.181781922531,
    10.379462739762));
#1955 = CARTESIAN_POINT('',(-0.276557151211,-4.098125581687,
    10.686394286335));
#1956 = CARTESIAN_POINT('',(2.486816161274,-6.049997989773,
    10.993176945941));
#1957 = CARTESIAN_POINT('',(5.250000000001,-6.049999949997,
    11.300000099991));
#1958 = CARTESIAN_POINT('',(8.013183389236,-6.050003050193,
    11.606826549001));
#1959 = CARTESIAN_POINT('',(10.776556381357,-4.09810150441,
    11.913603428045));
#1960 = CARTESIAN_POINT('',(12.004304920481,-0.181849082155,
    12.220543327735));
#1961 = CARTESIAN_POINT('',(10.168862757759,4.283030427633,
    12.527112858027));
#1962 = CARTESIAN_POINT('',(5.097414980067,6.778842089124,
    12.834305850149));
#1963 = CARTESIAN_POINT('',(-0.672984890076,4.388853927425,
    13.140695440898));
#1964 = CARTESIAN_POINT('',(-2.49408805276,-0.962273161781,
    13.447888433076));
#1965 = CARTESIAN_POINT('',(-0.63490788528,-5.417110098938,
    13.754457963297));
#1966 = CARTESIAN_POINT('',(3.002510122408,-7.318242838917,
    14.061397863033));
#1967 = CARTESIAN_POINT('',(6.336691371187,-6.744422956059,
    14.368174742064));
#1968 = CARTESIAN_POINT('',(8.290559343168,-4.790559503661,
    14.67500119107));
#1969 = CARTESIAN_POINT('',(10.244426691657,-2.836694792089,
    14.981824345102));
#1970 = CARTESIAN_POINT('',(10.818224629311,0.497505718359,
    15.288607004808));
#1971 = CARTESIAN_POINT('',(8.917163893073,4.134866701441,
    15.595538551154));
#1972 = CARTESIAN_POINT('',(4.462165416286,5.994156032943,
    15.902118166971));
#1973 = CARTESIAN_POINT('',(-0.888696774729,4.172909970064,
    16.209300925732));
#1974 = CARTESIAN_POINT('',(-3.279007346085,-1.597358896572,
    16.515699233251));
#1975 = CARTESIAN_POINT('',(-0.782904533084,-6.668889308834,
    16.822886044426));
#1976 = CARTESIAN_POINT('',(3.681780382691,-8.504297107193,
    17.129459155885));
#1977 = CARTESIAN_POINT('',(7.598126898473,-7.276557429716,
    17.436397422032));
#1978 = CARTESIAN_POINT('',(9.5499972301,-4.513183523961,17.743174841356
    ));
#1979 = CARTESIAN_POINT('',(9.550000409139,-1.750000098837,
    18.05000119104));
#1980 = CARTESIAN_POINT('',(9.55,-1.74999995,-8.3499999));
#1981 = CARTESIAN_POINT('',(9.549996916554,1.013183212187,
    -8.043173550219));
#1982 = CARTESIAN_POINT('',(7.598126866463,3.776556922619,
    -7.736396131115));
#1983 = CARTESIAN_POINT('',(3.681780765462,5.004296618698,
    -7.429457864591));
#1984 = CARTESIAN_POINT('',(-0.782903788431,3.168889149837,
    -7.122884753651));
#1985 = CARTESIAN_POINT('',(-3.279006540209,-1.902640694044,
    -6.815697941867));
#1986 = CARTESIAN_POINT('',(-0.888696395333,-7.672909093559,
    -6.509299634987));
#1987 = CARTESIAN_POINT('',(4.462165223008,-9.49415516921,
    -6.202116875618));
#1988 = CARTESIAN_POINT('',(8.917163340527,-7.634866168171,
    -5.895537260312));
#1989 = CARTESIAN_POINT('',(10.818224021659,-3.997505597356,
    -5.588605713609));
#1990 = CARTESIAN_POINT('',(10.244426254059,-0.663305384158,
    -5.281823054094));
#1991 = CARTESIAN_POINT('',(8.290559159101,1.2905592091,-4.974999899994)
  );
#1992 = CARTESIAN_POINT('',(6.33669142714,3.244422580423,-4.668173550242
    ));
#1993 = CARTESIAN_POINT('',(3.002510589104,3.818242321602,-4.36139613106
    ));
#1994 = CARTESIAN_POINT('',(-0.634907360976,1.917110500735,
    -4.054457864688));
#1995 = CARTESIAN_POINT('',(-2.494087017465,-2.537727290628,
    -3.747884753517));
#1996 = CARTESIAN_POINT('',(-0.672985056171,-7.888851616588,
    -3.440697942013));
#1997 = CARTESIAN_POINT('',(5.09741537101,-10.27884301853,
    -3.134299634859));
#1998 = CARTESIAN_POINT('',(10.168861356753,-7.78302793333,
    -2.827116875711));
#1999 = CARTESIAN_POINT('',(12.004304875085,-3.318152693447,
    -2.520537260256));
#2000 = CARTESIAN_POINT('',(10.776555448863,0.598102530887,
    -2.213605713637));
#2001 = CARTESIAN_POINT('',(8.013183575801,2.550001818964,
    -1.906823054084));
#2002 = CARTESIAN_POINT('',(5.25,2.550000049998,-1.599999899995));
#2003 = CARTESIAN_POINT('',(2.486816837814,2.549996966558,
    -1.293173550234));
#2004 = CARTESIAN_POINT('',(-0.276556872625,0.598126916457,
    -0.986396131084));
#2005 = CARTESIAN_POINT('',(-1.504296568684,-3.318219184533,
    -0.679457864641));
#2006 = CARTESIAN_POINT('',(0.331110900144,-7.782903738433,
    -0.372884753586));
#2007 = CARTESIAN_POINT('',(5.402640744058,-10.2790064902,
    -6.569794193621E-02));
#2008 = CARTESIAN_POINT('',(11.172909143559,-7.888696345335,
    0.240700365073));
#2009 = CARTESIAN_POINT('',(12.994155219198,-2.53783472699,
    0.547883124338));
#2010 = CARTESIAN_POINT('',(11.134866218184,1.917163390525,
    0.854462739715));
#2011 = CARTESIAN_POINT('',(7.497505647348,3.81822407166,1.161394286377)
  );
#2012 = CARTESIAN_POINT('',(4.16330543416,3.244426304058,1.468176945911)
  );
#2013 = CARTESIAN_POINT('',(2.2094408409,1.290559209101,1.775000100006)
  );
#2014 = CARTESIAN_POINT('',(0.255577469577,-0.663308522862,
    2.081826449761));
#2015 = CARTESIAN_POINT('',(-0.3182422716,-3.997489360893,2.388603868931
    ));
#2016 = CARTESIAN_POINT('',(1.582889549258,-7.634907310976,2.69554213533
    ));
#2017 = CARTESIAN_POINT('',(6.037727340639,-9.494086967479,
    3.002115246457));
#2018 = CARTESIAN_POINT('',(11.388851666573,-7.672985006136,
    3.309302058016));
#2019 = CARTESIAN_POINT('',(13.778843068547,-1.90258457904,
    3.615700365118));
#2020 = CARTESIAN_POINT('',(11.283027983322,3.168861406799,
    3.922883124303));
#2021 = CARTESIAN_POINT('',(6.81815274345,5.004304925057,4.229462739739)
  );
#2022 = CARTESIAN_POINT('',(2.901897519112,3.776555498874,4.536394286364
    ));
#2023 = CARTESIAN_POINT('',(0.949998231037,1.013183625799,4.843176945918
    ));
#2024 = CARTESIAN_POINT('',(0.950000000001,-1.74999995,5.150000100003));
#2025 = CARTESIAN_POINT('',(0.950003083445,-4.513183112185,
    5.456826449771));
#2026 = CARTESIAN_POINT('',(2.901873133539,-7.276556822628,
    5.763603868909));
#2027 = CARTESIAN_POINT('',(6.818219234535,-8.504296518677,
    6.070542135363));
#2028 = CARTESIAN_POINT('',(11.282903788439,-6.668889049869,
    6.377115246416));
#2029 = CARTESIAN_POINT('',(13.779006540192,-1.597359205923,
    6.684302058057));
#2030 = CARTESIAN_POINT('',(11.388696395357,4.172909193538,
    6.990700365082));
#2031 = CARTESIAN_POINT('',(6.037834776972,5.994155269215,7.297883124331
    ));
#2032 = CARTESIAN_POINT('',(1.582836659483,4.134866268175,7.604462739719
    ));
#2033 = CARTESIAN_POINT('',(-0.318224021661,0.497505697352,
    7.911394286377));
#2034 = CARTESIAN_POINT('',(0.25557374594,-2.83669451584,8.21817694591)
  );
#2035 = CARTESIAN_POINT('',(2.209440840899,-4.7905591091,8.525000100007)
  );
#2036 = CARTESIAN_POINT('',(4.16330857286,-6.744422480426,8.831826449752
    ));
#2037 = CARTESIAN_POINT('',(7.497489410898,-7.318242221593,
    9.138603868959));
#2038 = CARTESIAN_POINT('',(11.134907360967,-5.417110400757,
    9.445542135265));
#2039 = CARTESIAN_POINT('',(12.99408701749,-0.962272609334,
    9.752115246568));
#2040 = CARTESIAN_POINT('',(11.172985056127,4.388851716536,
    10.059302057867));
#2041 = CARTESIAN_POINT('',(5.402584629043,6.778843118591,
    10.365700365278));
#2042 = CARTESIAN_POINT('',(0.331138643205,4.28302803328,10.672883124163
    ));
#2043 = CARTESIAN_POINT('',(-1.504304875065,-0.181847206516,
    10.97946273984));
#2044 = CARTESIAN_POINT('',(-0.276555448868,-4.09810243091,
    11.286394286303));
#2045 = CARTESIAN_POINT('',(2.486816424197,-6.050001718952,
    11.593176945948));
#2046 = CARTESIAN_POINT('',(5.250000000002,-6.049999950003,
    11.900000099991));
#2047 = CARTESIAN_POINT('',(8.013183126312,-6.049996849805,
    12.206826549001));
#2048 = CARTESIAN_POINT('',(10.776557032025,-4.098126890865,
    12.513603428048));
#2049 = CARTESIAN_POINT('',(12.004296137548,-0.181780514253,
    12.820543327719));
#2050 = CARTESIAN_POINT('',(10.16888996348,4.282903435439,
    13.127112858077));
#2051 = CARTESIAN_POINT('',(5.097357884702,6.779007229991,
    13.434305850049));
#2052 = CARTESIAN_POINT('',(-0.672907362902,4.388695614603,
    13.740695441032));
#2053 = CARTESIAN_POINT('',(-2.494157138951,-0.962164277428,
    14.04788843295));
#2054 = CARTESIAN_POINT('',(-0.634864490915,-5.417164096301,
    14.354457963379));
#2055 = CARTESIAN_POINT('',(3.002493059241,-7.318223368276,
    14.661397862998));
#2056 = CARTESIAN_POINT('',(6.336695362809,-6.744426575853,
    14.968174742072));
#2057 = CARTESIAN_POINT('',(8.290558764542,-4.790558925035,
    15.275001191069));
#2058 = CARTESIAN_POINT('',(10.244423290202,-2.836691762467,
    15.581824345102));
#2059 = CARTESIAN_POINT('',(10.818241143465,0.497490124427,
    15.88860700481));
#2060 = CARTESIAN_POINT('',(8.917111730962,4.134906442514,
    16.195538551137));
#2061 = CARTESIAN_POINT('',(4.462271635108,5.994088288885,
    16.502118167024));
#2062 = CARTESIAN_POINT('',(-0.88885130774,4.172983758174,
    16.809300925628));
#2063 = CARTESIAN_POINT('',(-3.27884259347,-1.597414009617,
    17.115699233389));
#2064 = CARTESIAN_POINT('',(-0.783029110239,-6.66886243377,
    17.422886044297));
#2065 = CARTESIAN_POINT('',(3.681848616401,-8.50430397244,
    17.729459155967));
#2066 = CARTESIAN_POINT('',(7.598101299132,-7.276555961102,
    18.036397421996));
#2067 = CARTESIAN_POINT('',(9.550002559498,-4.513183208438,
    18.343174841365));
#2068 = CARTESIAN_POINT('',(9.549999590859,-1.750000098838,
    18.65000119104));
#2069 = DEFINITIONAL_REPRESENTATION('',(#2070),#2113);
#2070 = B_SPLINE_CURVE_WITH_KNOTS('',6,(#2071,#2072,#2073,#2074,#2075,
    #2076,#2077,#2078,#2079,#2080,#2081,#2082,#2083,#2084,#2085,#2086,
    #2087,#2088,#2089,#2090,#2091,#2092,#2093,#2094,#2095,#2096,#2097,
    #2098,#2099,#2100,#2101,#2102,#2103,#2104,#2105,#2106,#2107,#2108,
    #2109,#2110,#2111,#2112),.UNSPECIFIED.,.F.,.F.,(7,5,5,5,5,5,5,5,7),(
    0.,0.170029698972,0.295027253039,0.334022738515,0.354020037088,
    0.375017023331,0.686984575586,0.969998142737,1.),.UNSPECIFIED.);
#2071 = CARTESIAN_POINT('',(0.6,47.075218874754));
#2072 = CARTESIAN_POINT('',(0.583000086353,47.114680046815));
#2073 = CARTESIAN_POINT('',(0.566001179828,47.154141340304));
#2074 = CARTESIAN_POINT('',(0.549002190151,47.19360274119));
#2075 = CARTESIAN_POINT('',(0.53200243742,47.233064205603));
#2076 = CARTESIAN_POINT('',(0.515001652107,47.27252565983));
#2077 = CARTESIAN_POINT('',(0.485501170086,47.340997056042));
#2078 = CARTESIAN_POINT('',(0.473001831175,47.370007108132));
#2079 = CARTESIAN_POINT('',(0.460501975669,47.399017135968));
#2080 = CARTESIAN_POINT('',(0.448001650639,47.428027123315));
#2081 = CARTESIAN_POINT('',(0.435500932881,47.457037058327));
#2082 = CARTESIAN_POINT('',(0.419099990851,47.495097143977));
#2083 = CARTESIAN_POINT('',(0.415200023816,47.504147350019));
#2084 = CARTESIAN_POINT('',(0.411300030533,47.51319755167));
#2085 = CARTESIAN_POINT('',(0.407400013742,47.522247748973));
#2086 = CARTESIAN_POINT('',(0.403499976194,47.531297942014));
#2087 = CARTESIAN_POINT('',(0.397599930813,47.544989163792));
#2088 = CARTESIAN_POINT('',(0.395599936227,47.549630195584));
#2089 = CARTESIAN_POINT('',(0.39359993727,47.554271226321));
#2090 = CARTESIAN_POINT('',(0.391599934309,47.558912256024));
#2091 = CARTESIAN_POINT('',(0.389599927709,47.563553284718));
#2092 = CARTESIAN_POINT('',(0.385499925182,47.573067350391));
#2093 = CARTESIAN_POINT('',(0.383399928914,47.577940387272));
#2094 = CARTESIAN_POINT('',(0.381299929442,47.582813423104));
#2095 = CARTESIAN_POINT('',(0.379199927175,47.587686457924));
#2096 = CARTESIAN_POINT('',(0.377099922516,47.592559491767));
#2097 = CARTESIAN_POINT('',(0.343798584015,47.669834731843));
#2098 = CARTESIAN_POINT('',(0.312595239958,47.742240371425));
#2099 = CARTESIAN_POINT('',(0.281394594567,47.814641691424));
#2100 = CARTESIAN_POINT('',(0.250195644416,47.887043189217));
#2101 = CARTESIAN_POINT('',(0.218996412535,47.959449284464));
#2102 = CARTESIAN_POINT('',(0.159498873168,48.097535184907));
#2103 = CARTESIAN_POINT('',(0.131197797897,48.163220844133));
#2104 = CARTESIAN_POINT('',(0.1028985921,48.228904188806));
#2105 = CARTESIAN_POINT('',(7.459964859018E-02,48.294587805172));
#2106 = CARTESIAN_POINT('',(4.629946294892E-02,48.360274253047));
#2107 = CARTESIAN_POINT('',(1.499998887087E-02,48.432921565299));
#2108 = CARTESIAN_POINT('',(1.199999824173E-02,48.439884654963));
#2109 = CARTESIAN_POINT('',(9.000004229881E-03,48.446847745034));
#2110 = CARTESIAN_POINT('',(6.000006631565E-03,48.453810835366));
#2111 = CARTESIAN_POINT('',(3.000005270922E-03,48.460773925813));
#2112 = CARTESIAN_POINT('',(0.,48.467737016228));
#2113 = ( GEOMETRIC_REPRESENTATION_CONTEXT(2) 
PARAMETRIC_REPRESENTATION_CONTEXT() REPRESENTATION_CONTEXT('2D SPACE',''
  ) );
#2114 = ORIENTED_EDGE('',*,*,#2115,.T.);
#2115 = EDGE_CURVE('',#1797,#2116,#2118,.T.);
#2116 = VERTEX_POINT('',#2117);
#2117 = CARTESIAN_POINT('',(8.578697736254,-0.668440271959,
    11.400000099999));
#2118 = SURFACE_CURVE('',#2119,(#2134,#2152),.PCURVE_S1.);
#2119 = B_SPLINE_CURVE_WITH_KNOTS('',4,(#2120,#2121,#2122,#2123,#2124,
    #2125,#2126,#2127,#2128,#2129,#2130,#2131,#2132,#2133),
  .UNSPECIFIED.,.F.,.F.,(5,3,3,3,5),(0.,0.260731079518,0.514206755616,
    0.760585377929,1.),.UNSPECIFIED.);
#2120 = CARTESIAN_POINT('',(9.422265453267,-2.79028053082,
    11.933332092198));
#2121 = CARTESIAN_POINT('',(9.410235820681,-2.634724753436,
    11.900461925673));
#2122 = CARTESIAN_POINT('',(9.390407776835,-2.480486910769,
    11.86728915485));
#2123 = CARTESIAN_POINT('',(9.362798450496,-2.328203579002,
    11.833804026533));
#2124 = CARTESIAN_POINT('',(9.293255958103,-2.033039407773,
    11.767128892848));
#2125 = CARTESIAN_POINT('',(9.251743201487,-1.890014176657,
    11.733956572288));
#2126 = CARTESIAN_POINT('',(9.203116800813,-1.750074634389,
    11.700469598143));
#2127 = CARTESIAN_POINT('',(9.093655288635,-1.481422038246,
    11.633792657785));
#2128 = CARTESIAN_POINT('',(9.033200459528,-1.352503624417,
    11.600620595311));
#2129 = CARTESIAN_POINT('',(8.966458030534,-1.227656332211,
    11.567132345822));
#2130 = CARTESIAN_POINT('',(8.823105984955,-0.990623334655,
    11.500459505224));
#2131 = CARTESIAN_POINT('',(8.746828802889,-0.878178699691,
    11.467293054782));
#2132 = CARTESIAN_POINT('',(8.665222991639,-0.770622137645,
    11.433809740872));
#2133 = CARTESIAN_POINT('',(8.578697742219,-0.668440270211,11.4000001));
#2134 = PCURVE('',#1282,#2135);
#2135 = DEFINITIONAL_REPRESENTATION('',(#2136),#2151);
#2136 = B_SPLINE_CURVE_WITH_KNOTS('',4,(#2137,#2138,#2139,#2140,#2141,
    #2142,#2143,#2144,#2145,#2146,#2147,#2148,#2149,#2150),
  .UNSPECIFIED.,.F.,.F.,(5,3,3,3,5),(0.,0.260731079518,0.514206755616,
    0.760585377929,1.),.UNSPECIFIED.);
#2137 = CARTESIAN_POINT('',(2.897242503821,0.533331992198));
#2138 = CARTESIAN_POINT('',(2.931666862849,0.500461825673));
#2139 = CARTESIAN_POINT('',(2.966407596979,0.467289054845));
#2140 = CARTESIAN_POINT('',(3.001474797081,0.433803926531));
#2141 = CARTESIAN_POINT('',(3.07129897826,0.367128792846));
#2142 = CARTESIAN_POINT('',(3.106037469095,0.333956472286));
#2143 = CARTESIAN_POINT('',(3.141104990018,0.300469498143));
#2144 = CARTESIAN_POINT('',(3.210928412613,0.233792557785));
#2145 = CARTESIAN_POINT('',(3.245665579146,0.200620495311));
#2146 = CARTESIAN_POINT('',(3.280733730196,0.167132245822));
#2147 = CARTESIAN_POINT('',(3.350552148383,0.100459405224));
#2148 = CARTESIAN_POINT('',(3.385283413635,6.729295478296E-02));
#2149 = CARTESIAN_POINT('',(3.420346691326,3.380964087061E-02));
#2150 = CARTESIAN_POINT('',(3.455751978875,0.));
#2151 = ( GEOMETRIC_REPRESENTATION_CONTEXT(2) 
PARAMETRIC_REPRESENTATION_CONTEXT() REPRESENTATION_CONTEXT('2D SPACE',''
  ) );
#2152 = PCURVE('',#2153,#2332);
#2153 = B_SPLINE_SURFACE_WITH_KNOTS('',1,11,(
    (#2154,#2155,#2156,#2157,#2158,#2159,#2160,#2161,#2162,#2163,#2164
      ,#2165,#2166,#2167,#2168,#2169,#2170,#2171,#2172,#2173,#2174,#2175
      ,#2176,#2177,#2178,#2179,#2180,#2181,#2182,#2183,#2184,#2185,#2186
      ,#2187,#2188,#2189,#2190,#2191,#2192,#2193,#2194,#2195,#2196,#2197
      ,#2198,#2199,#2200,#2201,#2202,#2203,#2204,#2205,#2206,#2207,#2208
      ,#2209,#2210,#2211,#2212,#2213,#2214,#2215,#2216,#2217,#2218,#2219
      ,#2220,#2221,#2222,#2223,#2224,#2225,#2226,#2227,#2228,#2229,#2230
      ,#2231,#2232,#2233,#2234,#2235,#2236,#2237,#2238,#2239,#2240,#2241
      ,#2242)
    ,(#2243,#2244,#2245,#2246,#2247,#2248,#2249,#2250,#2251,#2252,#2253
      ,#2254,#2255,#2256,#2257,#2258,#2259,#2260,#2261,#2262,#2263,#2264
      ,#2265,#2266,#2267,#2268,#2269,#2270,#2271,#2272,#2273,#2274,#2275
      ,#2276,#2277,#2278,#2279,#2280,#2281,#2282,#2283,#2284,#2285,#2286
      ,#2287,#2288,#2289,#2290,#2291,#2292,#2293,#2294,#2295,#2296,#2297
      ,#2298,#2299,#2300,#2301,#2302,#2303,#2304,#2305,#2306,#2307,#2308
      ,#2309,#2310,#2311,#2312,#2313,#2314,#2315,#2316,#2317,#2318,#2319
      ,#2320,#2321,#2322,#2323,#2324,#2325,#2326,#2327,#2328,#2329,#2330
      ,#2331
    )),.UNSPECIFIED.,.F.,.F.,.F.,(2,2),(12,11,11,11,11,11,11,11,12),(0.,
    1.343502884254),(0.,7.832974995525,15.665949991049,23.498924986574,
    31.331899982099,39.164874977623,46.997849973148,54.830824968673,
    62.663799964197),.PIECEWISE_BEZIER_KNOTS.);
#2154 = CARTESIAN_POINT('',(8.6,-1.74999995,-9.8999999));
#2155 = CARTESIAN_POINT('',(8.60001280963,0.402703630051,-9.593183249675
    ));
#2156 = CARTESIAN_POINT('',(7.079285575669,2.555627235828,
    -9.286357424846));
#2157 = CARTESIAN_POINT('',(4.028451672023,3.511926156427,
    -8.979561758896));
#2158 = CARTESIAN_POINT('',(0.549541206223,2.082404290533,
    -8.672697626378));
#2159 = CARTESIAN_POINT('',(-1.394129265036,-1.869199670015,
    -8.365948562437));
#2160 = CARTESIAN_POINT('',(0.466958322596,-6.364137166394,
    -8.059051654474));
#2161 = CARTESIAN_POINT('',(4.63663728578,-7.783360241077,
    -7.752301830478));
#2162 = CARTESIAN_POINT('',(8.106759174513,-6.334681807679,
    -7.445438917818));
#2163 = CARTESIAN_POINT('',(9.588112774655,-3.500969876573,
    -7.138641991703));
#2164 = CARTESIAN_POINT('',(9.140993554513,-0.903389032491,
    -6.83181714953));
#2165 = CARTESIAN_POINT('',(7.618807716981,0.618807766982,
    -6.524999900001));
#2166 = CARTESIAN_POINT('',(6.096625475384,2.141008124063,-6.21818324967
    ));
#2167 = CARTESIAN_POINT('',(3.498962055009,2.588038465709,
    -5.911357424864));
#2168 = CARTESIAN_POINT('',(0.665491261607,1.106978575577,
    -5.604561758855));
#2169 = CARTESIAN_POINT('',(-0.783645314247,-2.363807210862,
    -5.297697626445));
#2170 = CARTESIAN_POINT('',(0.636178071706,-6.532395738936,
    -4.990948562354));
#2171 = CARTESIAN_POINT('',(5.130566510413,-8.394808869618,
    -4.684051654553));
#2172 = CARTESIAN_POINT('',(9.082517040539,-6.449942859883,
    -4.377301830421));
#2173 = CARTESIAN_POINT('',(10.511893415679,-2.971825796525,
    -4.070438917849));
#2174 = CARTESIAN_POINT('',(9.555631669243,7.938630172523E-02,
    -3.763641991692));
#2175 = CARTESIAN_POINT('',(7.402703607153,1.599992298764,
    -3.456817149533));
#2176 = CARTESIAN_POINT('',(5.249999999999,1.600000050008,
    -3.149999900001));
#2177 = CARTESIAN_POINT('',(3.097296419947,1.600012859602,-2.84318324967
    ));
#2178 = CARTESIAN_POINT('',(0.944372814189,7.928562574168E-02,
    -2.536357424863));
#2179 = CARTESIAN_POINT('',(-1.192610647183E-02,-2.971548278111,
    -2.229561758861));
#2180 = CARTESIAN_POINT('',(1.417595759534,-6.450458743591,
    -1.922697626432));
#2181 = CARTESIAN_POINT('',(5.369199719956,-8.394129215228,
    -1.615948562371));
#2182 = CARTESIAN_POINT('',(9.864137216417,-6.533041627254,
    -1.309051654534));
#2183 = CARTESIAN_POINT('',(11.283360291089,-2.36336266431,
    -1.002301830436));
#2184 = CARTESIAN_POINT('',(9.834681857656,1.106759224556,-0.69543891784
    ));
#2185 = CARTESIAN_POINT('',(7.000969926588,2.588112824638,
    -0.388641991695));
#2186 = CARTESIAN_POINT('',(4.403389082486,2.140993604519,
    -8.181714953208E-02));
#2187 = CARTESIAN_POINT('',(2.881192283018,0.618807766981,0.225000099999
    ));
#2188 = CARTESIAN_POINT('',(1.358991925935,-0.903374474613,0.53181675033
    ));
#2189 = CARTESIAN_POINT('',(0.911961584299,-3.501037895002,
    0.838642575135));
#2190 = CARTESIAN_POINT('',(2.393021474407,-6.334508688368,
    1.145438241146));
#2191 = CARTESIAN_POINT('',(5.863807260888,-7.783645264283,
    1.452302373554));
#2192 = CARTESIAN_POINT('',(10.032395788904,-6.36382187826,
    1.759051437646));
#2193 = CARTESIAN_POINT('',(11.89480891965,-1.869433439607,
    2.065948345449));
#2194 = CARTESIAN_POINT('',(9.949942909859,2.082517090544,2.372698169576
    ));
#2195 = CARTESIAN_POINT('',(6.471825846537,3.51189346568,2.679561082153)
  );
#2196 = CARTESIAN_POINT('',(3.420613748272,2.555631719242,2.986358008308
    ));
#2197 = CARTESIAN_POINT('',(1.900007751233,0.402703657153,3.293182850467
    ));
#2198 = CARTESIAN_POINT('',(1.899999999996,-1.74999995,3.600000099999));
#2199 = CARTESIAN_POINT('',(1.899987190386,-3.902703530052,
    3.906816750326));
#2200 = CARTESIAN_POINT('',(3.42071442429,-6.055627135822,4.213642575151
    ));
#2201 = CARTESIAN_POINT('',(6.471548328049,-7.011926056434,
    4.520438241111));
#2202 = CARTESIAN_POINT('',(9.950458793687,-5.582404190542,
    4.827302373609));
#2203 = CARTESIAN_POINT('',(11.894129265111,-1.630800229938,
    5.134051437585));
#2204 = CARTESIAN_POINT('',(10.033041677361,2.86413726631,5.440948345501
    ));
#2205 = CARTESIAN_POINT('',(5.863362714238,4.283360341165,5.747698169543
    ));
#2206 = CARTESIAN_POINT('',(2.393240825477,2.834681907619,6.054561082169
    ));
#2207 = CARTESIAN_POINT('',(0.911887225353,9.69976597939E-04,
    6.361358008302));
#2208 = CARTESIAN_POINT('',(1.359006445482,-2.596610867513,
    6.668182850469));
#2209 = CARTESIAN_POINT('',(2.881192283018,-4.118807666984,
    6.975000099999));
#2210 = CARTESIAN_POINT('',(4.403374524621,-5.641008024056,
    7.281816750331));
#2211 = CARTESIAN_POINT('',(7.001037944978,-6.08803836573,7.588642575135
    ));
#2212 = CARTESIAN_POINT('',(9.834508738416,-4.606978475526,
    7.895438241145));
#2213 = CARTESIAN_POINT('',(11.283645314218,-1.136192689234,
    8.202302373554));
#2214 = CARTESIAN_POINT('',(9.86382192832,3.03239583908,8.50905143765));
#2215 = CARTESIAN_POINT('',(5.36943348957,4.894808969446,8.815948345442)
  );
#2216 = CARTESIAN_POINT('',(1.417482959471,2.94994296005,9.122698169585)
  );
#2217 = CARTESIAN_POINT('',(-1.189341568409E-02,-0.528174103607,
    9.429561082145));
#2218 = CARTESIAN_POINT('',(0.944368330759,-3.57938620164,9.736358008314
    ));
#2219 = CARTESIAN_POINT('',(3.097296392847,-5.09999219881,
    10.043182850463));
#2220 = CARTESIAN_POINT('',(5.249999999999,-5.099999949987,
    10.350000100001));
#2221 = CARTESIAN_POINT('',(7.402703691434,-5.100012867476,
    10.65681673172));
#2222 = CARTESIAN_POINT('',(9.555626690887,-3.579285046531,
    10.963642657821));
#2223 = CARTESIAN_POINT('',(10.511927445157,-0.528452917888,
    11.270438017516));
#2224 = CARTESIAN_POINT('',(9.082401558828,2.950461439414,
    11.577302821482));
#2225 = CARTESIAN_POINT('',(5.130804537971,4.894125193966,
    11.884050726501));
#2226 = CARTESIAN_POINT('',(0.635857254263,3.03304707872,12.190949268848
    ));
#2227 = CARTESIAN_POINT('',(-0.7833543298,-1.136643005,12.497697174115)
  );
#2228 = CARTESIAN_POINT('',(0.66531277875,-4.606753933764,
    12.804561977761));
#2229 = CARTESIAN_POINT('',(3.499034089765,-6.088116611597,
    13.111357337681));
#2230 = CARTESIAN_POINT('',(6.096608442734,-5.640991109458,
    13.418183263685));
#2231 = CARTESIAN_POINT('',(7.61880894218,-4.118808852711,
    13.724999895428));
#2232 = CARTESIAN_POINT('',(9.141005754252,-2.596623027775,
    14.031817144956));
#2233 = CARTESIAN_POINT('',(9.588041743382,1.034096692164E-03,
    14.338641987128));
#2234 = CARTESIAN_POINT('',(8.106975024749,2.834514009818,
    14.645438913275));
#2235 = CARTESIAN_POINT('',(4.636194969141,4.283639533744,
    14.952301825768));
#2236 = CARTESIAN_POINT('',(0.467604605946,2.86382742663,15.259051650214
    ));
#2237 = CARTESIAN_POINT('',(-1.394812354486,-1.630570707193,
    15.565948557403));
#2238 = CARTESIAN_POINT('',(0.550062702153,-5.582514259505,
    15.87269762226));
#2239 = CARTESIAN_POINT('',(4.028168029913,-7.011894783381,
    16.17956175401));
#2240 = CARTESIAN_POINT('',(7.079391344841,-6.055631048799,
    16.486357420416));
#2241 = CARTESIAN_POINT('',(8.599988916815,-3.90270372131,
    16.793183245061));
#2242 = CARTESIAN_POINT('',(8.60000170475,-1.74999992209,17.099999895431
    ));
#2243 = CARTESIAN_POINT('',(9.55,-1.74999995,-8.9499999));
#2244 = CARTESIAN_POINT('',(9.550003064314,1.01318342251,-8.643173550219
    ));
#2245 = CARTESIAN_POINT('',(7.598101713823,3.776556505693,
    -8.336396131115));
#2246 = CARTESIAN_POINT('',(3.681848700994,5.004304769399,
    -8.029457864579));
#2247 = CARTESIAN_POINT('',(-0.783029513979,3.168863210588,
    -7.722884753694));
#2248 = CARTESIAN_POINT('',(-3.278843410383,-1.902585609578,
    -7.415697941776));
#2249 = CARTESIAN_POINT('',(-0.888852096769,-7.672984009411,
    -7.109299635112));
#2250 = CARTESIAN_POINT('',(4.462271292044,-9.494088898335,-6.8021168755
    ));
#2251 = CARTESIAN_POINT('',(8.917111876192,-7.634907029493,
    -6.495537260388));
#2252 = CARTESIAN_POINT('',(10.818241595516,-3.997490430978,
    -6.188605713577));
#2253 = CARTESIAN_POINT('',(10.244423803025,-0.663308207021,
    -5.881823054101));
#2254 = CARTESIAN_POINT('',(8.290559159103,1.290559209104,
    -5.574999899994));
#2255 = CARTESIAN_POINT('',(6.336695625529,3.244427076254,
    -5.268173550242));
#2256 = CARTESIAN_POINT('',(3.00249309835,3.818224241219,-4.961396131061
    ));
#2257 = CARTESIAN_POINT('',(-0.634865086789,1.917164301773,
    -4.654457864675));
#2258 = CARTESIAN_POINT('',(-2.494157576936,-2.537834533757,
    -4.347884753563));
#2259 = CARTESIAN_POINT('',(-0.672908656654,-7.888697315876,
    -4.040697941918));
#2260 = CARTESIAN_POINT('',(5.097358247028,-10.27900608948,
    -3.734299634988));
#2261 = CARTESIAN_POINT('',(10.168889498287,-7.78290607069,
    -3.427116875589));
#2262 = CARTESIAN_POINT('',(12.004297377622,-3.318217977494,
    -3.120537260334));
#2263 = CARTESIAN_POINT('',(10.77655715121,0.598125681704,
    -2.813605713604));
#2264 = CARTESIAN_POINT('',(8.013183838724,2.549998089763,
    -2.506823054091));
#2265 = CARTESIAN_POINT('',(5.25,2.550000050002,-2.199999899995));
#2266 = CARTESIAN_POINT('',(2.486816627491,2.550003114306,
    -1.893173550234));
#2267 = CARTESIAN_POINT('',(-0.276556455694,0.598101763847,
    -1.586396131086));
#2268 = CARTESIAN_POINT('',(-1.504304719399,-3.318151249055,
    -1.279457864626));
#2269 = CARTESIAN_POINT('',(0.331136839412,-7.78302946391,
    -0.972884753634));
#2270 = CARTESIAN_POINT('',(5.40258565958,-10.27884336045,
    -0.665697941837));
#2271 = CARTESIAN_POINT('',(11.172984059406,-7.888852046713,
    -0.359299635061));
#2272 = CARTESIAN_POINT('',(12.99408894834,-2.537728657989,
    -5.211687553542E-02));
#2273 = CARTESIAN_POINT('',(11.13490707949,1.917111926207,0.254462739634
    ));
#2274 = CARTESIAN_POINT('',(7.497490480979,3.81824164551,0.561394286411)
  );
#2275 = CARTESIAN_POINT('',(4.163308257021,3.244423853027,0.868176945904
    ));
#2276 = CARTESIAN_POINT('',(2.209440840896,1.290559209104,1.175000100006
    ));
#2277 = CARTESIAN_POINT('',(0.255572973744,-0.663304324471,
    1.481826449761));
#2278 = CARTESIAN_POINT('',(-0.318224191212,-3.997506851651,
    1.788603868931));
#2279 = CARTESIAN_POINT('',(1.582835748211,-7.634865036782,2.09554213534
    ));
#2280 = CARTESIAN_POINT('',(6.037834583782,-9.494157526956,
    2.402115246416));
#2281 = CARTESIAN_POINT('',(11.388697365843,-7.67290860662,
    2.709302058105));
#2282 = CARTESIAN_POINT('',(13.779006139518,-1.902641703012,
    3.015700364994));
#2283 = CARTESIAN_POINT('',(11.282906120667,3.168889548321,
    3.322883124421));
#2284 = CARTESIAN_POINT('',(6.818218027505,5.004297427602,3.629462739663
    ));
#2285 = CARTESIAN_POINT('',(2.901874368292,3.776557201218,3.936394286395
    ));
#2286 = CARTESIAN_POINT('',(0.950001960237,1.013183888722,4.243176945911
    ));
#2287 = CARTESIAN_POINT('',(0.949999999999,-1.74999995,4.550000100003));
#2288 = CARTESIAN_POINT('',(0.949996935691,-4.513183322508,
    4.856826449772));
#2289 = CARTESIAN_POINT('',(2.901898286163,-7.2765564057,5.163603868908)
  );
#2290 = CARTESIAN_POINT('',(6.818151299034,-8.504304669381,
    5.470542135377));
#2291 = CARTESIAN_POINT('',(11.283029513946,-6.668863110624,
    5.777115246369));
#2292 = CARTESIAN_POINT('',(13.778843410407,-1.597414290369,
    6.084302058152));
#2293 = CARTESIAN_POINT('',(11.388852096761,4.172984109353,
    6.390700364953));
#2294 = CARTESIAN_POINT('',(6.037728707956,5.99408899838,6.697883124453)
  );
#2295 = CARTESIAN_POINT('',(1.582888123807,4.13490712947,7.004462739641)
  );
#2296 = CARTESIAN_POINT('',(-0.318241595512,0.497490530985,
    7.311394286409));
#2297 = CARTESIAN_POINT('',(0.255576196972,-2.836691692979,
    7.618176945903));
#2298 = CARTESIAN_POINT('',(2.209440840896,-4.790559109104,
    7.925000100007));
#2299 = CARTESIAN_POINT('',(4.163304374473,-6.744426976253,
    8.231826449753));
#2300 = CARTESIAN_POINT('',(7.497506901645,-7.318224141219,
    8.538603868956));
#2301 = CARTESIAN_POINT('',(11.134865086794,-5.417164201771,
    8.845542135283));
#2302 = CARTESIAN_POINT('',(12.994157576938,-0.96216536625,
    9.152115246513));
#2303 = CARTESIAN_POINT('',(11.172908656639,4.388697415891,
    9.459302057974));
#2304 = CARTESIAN_POINT('',(5.402641752995,6.779006189463,9.765700365136
    ));
#2305 = CARTESIAN_POINT('',(0.331110501693,4.282906170717,
    10.072883124295));
#2306 = CARTESIAN_POINT('',(-1.504297377613,-0.18178192253,
    10.379462739755));
#2307 = CARTESIAN_POINT('',(-0.276557151211,-4.098125581687,
    10.686394286338));
#2308 = CARTESIAN_POINT('',(2.486816161274,-6.049997989773,
    10.99317694594));
#2309 = CARTESIAN_POINT('',(5.250000000001,-6.049999949997,
    11.300000099991));
#2310 = CARTESIAN_POINT('',(8.013183389236,-6.050003050193,
    11.606826549001));
#2311 = CARTESIAN_POINT('',(10.776556381357,-4.09810150441,
    11.913603428046));
#2312 = CARTESIAN_POINT('',(12.004304920482,-0.181849082154,
    12.220543327735));
#2313 = CARTESIAN_POINT('',(10.168862757757,4.283030427632,
    12.527112858028));
#2314 = CARTESIAN_POINT('',(5.097414980069,6.778842089126,
    12.834305850148));
#2315 = CARTESIAN_POINT('',(-0.672984890078,4.388853927423,
    13.140695440899));
#2316 = CARTESIAN_POINT('',(-2.494088052759,-0.962273161779,
    13.447888433075));
#2317 = CARTESIAN_POINT('',(-0.634907885281,-5.417110098939,
    13.754457963298));
#2318 = CARTESIAN_POINT('',(3.002510122409,-7.318242838917,
    14.061397863032));
#2319 = CARTESIAN_POINT('',(6.336691371187,-6.744422956059,
    14.368174742064));
#2320 = CARTESIAN_POINT('',(8.290559343168,-4.790559503661,
    14.67500119107));
#2321 = CARTESIAN_POINT('',(10.244426691657,-2.836694792089,
    14.981824345101));
#2322 = CARTESIAN_POINT('',(10.818224629311,0.497505718359,
    15.288607004809));
#2323 = CARTESIAN_POINT('',(8.917163893072,4.13486670144,15.595538551152
    ));
#2324 = CARTESIAN_POINT('',(4.462165416287,5.994156032945,
    15.902118166975));
#2325 = CARTESIAN_POINT('',(-0.88869677473,4.172909970062,
    16.209300925727));
#2326 = CARTESIAN_POINT('',(-3.279007346085,-1.59735889657,
    16.515699233255));
#2327 = CARTESIAN_POINT('',(-0.782904533084,-6.668889308836,
    16.822886044423));
#2328 = CARTESIAN_POINT('',(3.681780382691,-8.504297107192,
    17.129459155886));
#2329 = CARTESIAN_POINT('',(7.598126898473,-7.276557429717,
    17.436397422031));
#2330 = CARTESIAN_POINT('',(9.5499972301,-4.513183523961,17.743174841356
    ));
#2331 = CARTESIAN_POINT('',(9.550000409139,-1.750000098837,
    18.05000119104));
#2332 = DEFINITIONAL_REPRESENTATION('',(#2333),#2348);
#2333 = B_SPLINE_CURVE_WITH_KNOTS('',4,(#2334,#2335,#2336,#2337,#2338,
    #2339,#2340,#2341,#2342,#2343,#2344,#2345,#2346,#2347),
  .UNSPECIFIED.,.F.,.F.,(5,3,3,3,5),(0.,0.260731079518,0.514206755616,
    0.760585377929,1.),.UNSPECIFIED.);
#2334 = CARTESIAN_POINT('',(1.343502884254,48.467737016228));
#2335 = CARTESIAN_POINT('',(1.273772491922,48.50588463964));
#2336 = CARTESIAN_POINT('',(1.203400515328,48.544382876646));
#2337 = CARTESIAN_POINT('',(1.1323663707,48.583242869334));
#2338 = CARTESIAN_POINT('',(0.990925001166,48.660618964549));
#2339 = CARTESIAN_POINT('',(0.920555269405,48.699114580721));
#2340 = CARTESIAN_POINT('',(0.849518431466,48.737974721338));
#2341 = CARTESIAN_POINT('',(0.708075342844,48.815349456926));
#2342 = CARTESIAN_POINT('',(0.637707058696,48.853843297064));
#2343 = CARTESIAN_POINT('',(0.566668199562,48.892703790732));
#2344 = CARTESIAN_POINT('',(0.425234711128,48.970072271904));
#2345 = CARTESIAN_POINT('',(0.354878563138,49.008559209671));
#2346 = CARTESIAN_POINT('',(0.283850184359,49.04741394691));
#2347 = CARTESIAN_POINT('',(0.212129428572,49.086647581791));
#2348 = ( GEOMETRIC_REPRESENTATION_CONTEXT(2) 
PARAMETRIC_REPRESENTATION_CONTEXT() REPRESENTATION_CONTEXT('2D SPACE',''
  ) );
#2349 = ORIENTED_EDGE('',*,*,#2350,.T.);
#2350 = EDGE_CURVE('',#2116,#2351,#2353,.T.);
#2351 = VERTEX_POINT('',#2352);
#2352 = CARTESIAN_POINT('',(3.826488173208,1.447438720031,11.4000001));
#2353 = SURFACE_CURVE('',#2354,(#2359,#2366),.PCURVE_S1.);
#2354 = CIRCLE('',#2355,3.5);
#2355 = AXIS2_PLACEMENT_3D('',#2356,#2357,#2358);
#2356 = CARTESIAN_POINT('',(5.25,-1.74999995,11.4000001));
#2357 = DIRECTION('',(1.110223024625E-16,0.,1.));
#2358 = DIRECTION('',(-1.,0.,1.110223024625E-16));
#2359 = PCURVE('',#1282,#2360);
#2360 = DEFINITIONAL_REPRESENTATION('',(#2361),#2365);
#2361 = LINE('',#2362,#2363);
#2362 = CARTESIAN_POINT('',(0.,0.));
#2363 = VECTOR('',#2364,1.);
#2364 = DIRECTION('',(1.,0.));
#2365 = ( GEOMETRIC_REPRESENTATION_CONTEXT(2) 
PARAMETRIC_REPRESENTATION_CONTEXT() REPRESENTATION_CONTEXT('2D SPACE',''
  ) );
#2366 = PCURVE('',#2367,#2372);
#2367 = CYLINDRICAL_SURFACE('',#2368,3.5);
#2368 = AXIS2_PLACEMENT_3D('',#2369,#2370,#2371);
#2369 = CARTESIAN_POINT('',(5.25,-1.74999995,-8.6499999));
#2370 = DIRECTION('',(0.,-0.,-1.));
#2371 = DIRECTION('',(1.,0.,0.));
#2372 = DEFINITIONAL_REPRESENTATION('',(#2373),#2377);
#2373 = LINE('',#2374,#2375);
#2374 = CARTESIAN_POINT('',(3.14159265359,-20.05));
#2375 = VECTOR('',#2376,1.);
#2376 = DIRECTION('',(-1.,0.));
#2377 = ( GEOMETRIC_REPRESENTATION_CONTEXT(2) 
PARAMETRIC_REPRESENTATION_CONTEXT() REPRESENTATION_CONTEXT('2D SPACE',''
  ) );
#2378 = ORIENTED_EDGE('',*,*,#2379,.T.);
#2379 = EDGE_CURVE('',#2351,#1498,#2380,.T.);
#2380 = SURFACE_CURVE('',#2381,(#2394,#2410),.PCURVE_S1.);
#2381 = B_SPLINE_CURVE_WITH_KNOTS('',6,(#2382,#2383,#2384,#2385,#2386,
    #2387,#2388,#2389,#2390,#2391,#2392,#2393),.UNSPECIFIED.,.F.,.F.,(7,
    5,7),(0.,0.480207464312,1.),.UNSPECIFIED.);
#2382 = CARTESIAN_POINT('',(3.826488174378,1.447438725302,11.4000001));
#2383 = CARTESIAN_POINT('',(3.509046561458,1.336151643882,
    11.418295008938));
#2384 = CARTESIAN_POINT('',(3.203920424624,1.187934298091,
    11.436450621037));
#2385 = CARTESIAN_POINT('',(2.9165107246,1.004897918268,11.454463286334)
  );
#2386 = CARTESIAN_POINT('',(2.651415950339,0.790123857407,11.47234220194
    ));
#2387 = CARTESIAN_POINT('',(2.412601027408,0.547293070779,
    11.490094396669));
#2388 = CARTESIAN_POINT('',(1.976600988516,-7.578436860959E-03,
    11.526788389854));
#2389 = CARTESIAN_POINT('',(1.784365999841,-0.323808007942,
    11.54571626103));
#2390 = CARTESIAN_POINT('',(1.630578774039,-0.662290544009,
    11.564493877928));
#2391 = CARTESIAN_POINT('',(1.517797856675,-1.016999097504,
    11.583131508091));
#2392 = CARTESIAN_POINT('',(1.447546050387,-1.38172122617,
    11.601636066402));
#2393 = CARTESIAN_POINT('',(1.41999923134,-1.74999995,11.62000061244));
#2394 = PCURVE('',#1282,#2395);
#2395 = DEFINITIONAL_REPRESENTATION('',(#2396),#2409);
#2396 = B_SPLINE_CURVE_WITH_KNOTS('',6,(#2397,#2398,#2399,#2400,#2401,
    #2402,#2403,#2404,#2405,#2406,#2407,#2408),.UNSPECIFIED.,.F.,.F.,(7,
    5,7),(0.,0.480207464312,1.),.UNSPECIFIED.);
#2397 = CARTESIAN_POINT('',(5.131247226282,0.));
#2398 = CARTESIAN_POINT('',(5.227036497036,1.829490891424E-02));
#2399 = CARTESIAN_POINT('',(5.322099808254,3.645052108688E-02));
#2400 = CARTESIAN_POINT('',(5.416418205015,5.446318628877E-02));
#2401 = CARTESIAN_POINT('',(5.510038163165,7.234210195655E-02));
#2402 = CARTESIAN_POINT('',(5.602994027247,9.009429666865E-02));
#2403 = CARTESIAN_POINT('',(5.79513170848,0.126788289854));
#2404 = CARTESIAN_POINT('',(5.894240332417,0.145716161027));
#2405 = CARTESIAN_POINT('',(5.992559027662,0.164493777937));
#2406 = CARTESIAN_POINT('',(6.090141995136,0.183131408082));
#2407 = CARTESIAN_POINT('',(6.187029001718,0.201635966406));
#2408 = CARTESIAN_POINT('',(6.28318530718,0.22000051244));
#2409 = ( GEOMETRIC_REPRESENTATION_CONTEXT(2) 
PARAMETRIC_REPRESENTATION_CONTEXT() REPRESENTATION_CONTEXT('2D SPACE',''
  ) );
#2410 = PCURVE('',#1586,#2411);
#2411 = DEFINITIONAL_REPRESENTATION('',(#2412),#2425);
#2412 = B_SPLINE_CURVE_WITH_KNOTS('',6,(#2413,#2414,#2415,#2416,#2417,
    #2418,#2419,#2420,#2421,#2422,#2423,#2424),.UNSPECIFIED.,.F.,.F.,(7,
    5,7),(0.,0.480207464312,1.),.UNSPECIFIED.);
#2413 = CARTESIAN_POINT('',(1.131382932109,43.980684220831));
#2414 = CARTESIAN_POINT('',(1.09257498055,44.08683265044));
#2415 = CARTESIAN_POINT('',(1.054060420133,44.192176297217));
#2416 = CARTESIAN_POINT('',(1.015847029587,44.296693925819));
#2417 = CARTESIAN_POINT('',(0.977916524637,44.400436887151));
#2418 = CARTESIAN_POINT('',(0.940255495893,44.50344350862));
#2419 = CARTESIAN_POINT('',(0.862411993477,44.716355661505));
#2420 = CARTESIAN_POINT('',(0.822259256026,44.82618007044));
#2421 = CARTESIAN_POINT('',(0.782427234027,44.935129438168));
#2422 = CARTESIAN_POINT('',(0.742893487593,45.043264424295));
#2423 = CARTESIAN_POINT('',(0.703640884694,45.150629179534));
#2424 = CARTESIAN_POINT('',(0.664683261398,45.257184878065));
#2425 = ( GEOMETRIC_REPRESENTATION_CONTEXT(2) 
PARAMETRIC_REPRESENTATION_CONTEXT() REPRESENTATION_CONTEXT('2D SPACE',''
  ) );
#2426 = ADVANCED_FACE('',(#2427),#1341,.T.);
#2427 = FACE_BOUND('',#2428,.T.);
#2428 = EDGE_LOOP('',(#2429,#2458,#2479,#2480));
#2429 = ORIENTED_EDGE('',*,*,#2430,.F.);
#2430 = EDGE_CURVE('',#2431,#2431,#2433,.T.);
#2431 = VERTEX_POINT('',#2432);
#2432 = CARTESIAN_POINT('',(-10.25,8.75000005,27.0000001));
#2433 = SURFACE_CURVE('',#2434,(#2439,#2446),.PCURVE_S1.);
#2434 = CIRCLE('',#2435,3.5);
#2435 = AXIS2_PLACEMENT_3D('',#2436,#2437,#2438);
#2436 = CARTESIAN_POINT('',(-6.75,8.75000005,27.0000001));
#2437 = DIRECTION('',(0.,1.,-0.));
#2438 = DIRECTION('',(-1.,0.,1.110223024625E-16));
#2439 = PCURVE('',#1341,#2440);
#2440 = DEFINITIONAL_REPRESENTATION('',(#2441),#2445);
#2441 = LINE('',#2442,#2443);
#2442 = CARTESIAN_POINT('',(0.,1.5));
#2443 = VECTOR('',#2444,1.);
#2444 = DIRECTION('',(1.,0.));
#2445 = ( GEOMETRIC_REPRESENTATION_CONTEXT(2) 
PARAMETRIC_REPRESENTATION_CONTEXT() REPRESENTATION_CONTEXT('2D SPACE',''
  ) );
#2446 = PCURVE('',#2447,#2452);
#2447 = PLANE('',#2448);
#2448 = AXIS2_PLACEMENT_3D('',#2449,#2450,#2451);
#2449 = CARTESIAN_POINT('',(-6.75,8.75000005,27.0000001));
#2450 = DIRECTION('',(0.,1.,0.));
#2451 = DIRECTION('',(-1.,0.,1.110223024625E-16));
#2452 = DEFINITIONAL_REPRESENTATION('',(#2453),#2457);
#2453 = CIRCLE('',#2454,3.5);
#2454 = AXIS2_PLACEMENT_2D('',#2455,#2456);
#2455 = CARTESIAN_POINT('',(0.,0.));
#2456 = DIRECTION('',(1.,0.));
#2457 = ( GEOMETRIC_REPRESENTATION_CONTEXT(2) 
PARAMETRIC_REPRESENTATION_CONTEXT() REPRESENTATION_CONTEXT('2D SPACE',''
  ) );
#2458 = ORIENTED_EDGE('',*,*,#2459,.F.);
#2459 = EDGE_CURVE('',#1325,#2431,#2460,.T.);
#2460 = SEAM_CURVE('',#2461,(#2465,#2472),.PCURVE_S1.);
#2461 = LINE('',#2462,#2463);
#2462 = CARTESIAN_POINT('',(-10.25,7.25000005,27.0000001));
#2463 = VECTOR('',#2464,1.);
#2464 = DIRECTION('',(0.,1.,0.));
#2465 = PCURVE('',#1341,#2466);
#2466 = DEFINITIONAL_REPRESENTATION('',(#2467),#2471);
#2467 = LINE('',#2468,#2469);
#2468 = CARTESIAN_POINT('',(6.28318530718,-0.));
#2469 = VECTOR('',#2470,1.);
#2470 = DIRECTION('',(0.,1.));
#2471 = ( GEOMETRIC_REPRESENTATION_CONTEXT(2) 
PARAMETRIC_REPRESENTATION_CONTEXT() REPRESENTATION_CONTEXT('2D SPACE',''
  ) );
#2472 = PCURVE('',#1341,#2473);
#2473 = DEFINITIONAL_REPRESENTATION('',(#2474),#2478);
#2474 = LINE('',#2475,#2476);
#2475 = CARTESIAN_POINT('',(0.,-0.));
#2476 = VECTOR('',#2477,1.);
#2477 = DIRECTION('',(0.,1.));
#2478 = ( GEOMETRIC_REPRESENTATION_CONTEXT(2) 
PARAMETRIC_REPRESENTATION_CONTEXT() REPRESENTATION_CONTEXT('2D SPACE',''
  ) );
#2479 = ORIENTED_EDGE('',*,*,#1324,.T.);
#2480 = ORIENTED_EDGE('',*,*,#2459,.T.);
#2481 = ADVANCED_FACE('',(#2482,#2485),#1479,.F.);
#2482 = FACE_BOUND('',#2483,.F.);
#2483 = EDGE_LOOP('',(#2484));
#2484 = ORIENTED_EDGE('',*,*,#1464,.T.);
#2485 = FACE_BOUND('',#2486,.F.);
#2486 = EDGE_LOOP('',(#2487));
#2487 = ORIENTED_EDGE('',*,*,#2488,.F.);
#2488 = EDGE_CURVE('',#2489,#2489,#2491,.T.);
#2489 = VERTEX_POINT('',#2490);
#2490 = CARTESIAN_POINT('',(0.85,-1.74999995,1.000000011686E-07));
#2491 = SURFACE_CURVE('',#2492,(#2497,#2504),.PCURVE_S1.);
#2492 = CIRCLE('',#2493,4.4);
#2493 = AXIS2_PLACEMENT_3D('',#2494,#2495,#2496);
#2494 = CARTESIAN_POINT('',(5.25,-1.74999995,1.000000011686E-07));
#2495 = DIRECTION('',(1.110223024625E-16,0.,1.));
#2496 = DIRECTION('',(-1.,0.,1.110223024625E-16));
#2497 = PCURVE('',#1479,#2498);
#2498 = DEFINITIONAL_REPRESENTATION('',(#2499),#2503);
#2499 = CIRCLE('',#2500,4.4);
#2500 = AXIS2_PLACEMENT_2D('',#2501,#2502);
#2501 = CARTESIAN_POINT('',(0.,0.));
#2502 = DIRECTION('',(1.,0.));
#2503 = ( GEOMETRIC_REPRESENTATION_CONTEXT(2) 
PARAMETRIC_REPRESENTATION_CONTEXT() REPRESENTATION_CONTEXT('2D SPACE',''
  ) );
#2504 = PCURVE('',#2505,#2510);
#2505 = CONICAL_SURFACE('',#2506,4.4,0.982793723247);
#2506 = AXIS2_PLACEMENT_3D('',#2507,#2508,#2509);
#2507 = CARTESIAN_POINT('',(5.25,-1.74999995,1.000000011686E-07));
#2508 = DIRECTION('',(-1.110223024625E-16,-0.,-1.));
#2509 = DIRECTION('',(-1.,0.,1.110223024625E-16));
#2510 = DEFINITIONAL_REPRESENTATION('',(#2511),#2515);
#2511 = LINE('',#2512,#2513);
#2512 = CARTESIAN_POINT('',(-0.,-0.));
#2513 = VECTOR('',#2514,1.);
#2514 = DIRECTION('',(-1.,-0.));
#2515 = ( GEOMETRIC_REPRESENTATION_CONTEXT(2) 
PARAMETRIC_REPRESENTATION_CONTEXT() REPRESENTATION_CONTEXT('2D SPACE',''
  ) );
#2516 = ADVANCED_FACE('',(#2517),#1586,.T.);
#2517 = FACE_BOUND('',#2518,.T.);
#2518 = EDGE_LOOP('',(#2519,#2628,#2684,#2877,#3082,#3317,#3522,#3720,
    #3721));
#2519 = ORIENTED_EDGE('',*,*,#2520,.F.);
#2520 = EDGE_CURVE('',#2521,#1523,#2523,.T.);
#2521 = VERTEX_POINT('',#2522);
#2522 = CARTESIAN_POINT('',(6.720777298697,-5.790625962148,
    6.667882619523E-02));
#2523 = SURFACE_CURVE('',#2524,(#2614,#2621),.PCURVE_S1.);
#2524 = B_SPLINE_CURVE_WITH_KNOTS('',11,(#2525,#2526,#2527,#2528,#2529,
    #2530,#2531,#2532,#2533,#2534,#2535,#2536,#2537,#2538,#2539,#2540,
    #2541,#2542,#2543,#2544,#2545,#2546,#2547,#2548,#2549,#2550,#2551,
    #2552,#2553,#2554,#2555,#2556,#2557,#2558,#2559,#2560,#2561,#2562,
    #2563,#2564,#2565,#2566,#2567,#2568,#2569,#2570,#2571,#2572,#2573,
    #2574,#2575,#2576,#2577,#2578,#2579,#2580,#2581,#2582,#2583,#2584,
    #2585,#2586,#2587,#2588,#2589,#2590,#2591,#2592,#2593,#2594,#2595,
    #2596,#2597,#2598,#2599,#2600,#2601,#2602,#2603,#2604,#2605,#2606,
    #2607,#2608,#2609,#2610,#2611,#2612,#2613),.UNSPECIFIED.,.F.,.F.,(12
    ,11,11,11,11,11,11,11,12),(0.,7.832974995525,15.665949991049,
    23.498924986574,31.331899982099,39.164874977623,46.997849973148,
    54.830824968673,62.663799964197),.PIECEWISE_BEZIER_KNOTS.);
#2525 = CARTESIAN_POINT('',(9.55,-1.74999995,-8.3499999));
#2526 = CARTESIAN_POINT('',(9.549996916554,1.013183212187,
    -8.043173550219));
#2527 = CARTESIAN_POINT('',(7.598126866463,3.776556922619,
    -7.736396131115));
#2528 = CARTESIAN_POINT('',(3.681780765462,5.004296618698,
    -7.429457864591));
#2529 = CARTESIAN_POINT('',(-0.782903788431,3.168889149837,
    -7.122884753651));
#2530 = CARTESIAN_POINT('',(-3.279006540209,-1.902640694044,
    -6.815697941867));
#2531 = CARTESIAN_POINT('',(-0.888696395333,-7.672909093559,
    -6.509299634987));
#2532 = CARTESIAN_POINT('',(4.462165223008,-9.49415516921,
    -6.202116875618));
#2533 = CARTESIAN_POINT('',(8.917163340527,-7.634866168171,
    -5.895537260312));
#2534 = CARTESIAN_POINT('',(10.818224021659,-3.997505597356,
    -5.588605713609));
#2535 = CARTESIAN_POINT('',(10.244426254059,-0.663305384158,
    -5.281823054094));
#2536 = CARTESIAN_POINT('',(8.290559159101,1.2905592091,-4.974999899994)
  );
#2537 = CARTESIAN_POINT('',(6.33669142714,3.244422580423,-4.668173550242
    ));
#2538 = CARTESIAN_POINT('',(3.002510589104,3.818242321602,-4.36139613106
    ));
#2539 = CARTESIAN_POINT('',(-0.634907360976,1.917110500735,
    -4.054457864688));
#2540 = CARTESIAN_POINT('',(-2.494087017465,-2.537727290628,
    -3.747884753517));
#2541 = CARTESIAN_POINT('',(-0.672985056171,-7.888851616588,
    -3.440697942013));
#2542 = CARTESIAN_POINT('',(5.09741537101,-10.27884301853,
    -3.134299634859));
#2543 = CARTESIAN_POINT('',(10.168861356753,-7.78302793333,
    -2.827116875711));
#2544 = CARTESIAN_POINT('',(12.004304875085,-3.318152693447,
    -2.520537260256));
#2545 = CARTESIAN_POINT('',(10.776555448863,0.598102530887,
    -2.213605713637));
#2546 = CARTESIAN_POINT('',(8.013183575801,2.550001818964,
    -1.906823054084));
#2547 = CARTESIAN_POINT('',(5.25,2.550000049998,-1.599999899995));
#2548 = CARTESIAN_POINT('',(2.486816837814,2.549996966558,
    -1.293173550234));
#2549 = CARTESIAN_POINT('',(-0.276556872625,0.598126916457,
    -0.986396131084));
#2550 = CARTESIAN_POINT('',(-1.504296568684,-3.318219184533,
    -0.679457864641));
#2551 = CARTESIAN_POINT('',(0.331110900144,-7.782903738433,
    -0.372884753586));
#2552 = CARTESIAN_POINT('',(5.402640744058,-10.2790064902,
    -6.569794193621E-02));
#2553 = CARTESIAN_POINT('',(11.172909143559,-7.888696345335,
    0.240700365073));
#2554 = CARTESIAN_POINT('',(12.994155219198,-2.53783472699,
    0.547883124338));
#2555 = CARTESIAN_POINT('',(11.134866218184,1.917163390525,
    0.854462739715));
#2556 = CARTESIAN_POINT('',(7.497505647348,3.81822407166,1.161394286377)
  );
#2557 = CARTESIAN_POINT('',(4.16330543416,3.244426304058,1.468176945911)
  );
#2558 = CARTESIAN_POINT('',(2.2094408409,1.290559209101,1.775000100006)
  );
#2559 = CARTESIAN_POINT('',(0.255577469577,-0.663308522862,
    2.081826449761));
#2560 = CARTESIAN_POINT('',(-0.3182422716,-3.997489360893,2.388603868931
    ));
#2561 = CARTESIAN_POINT('',(1.582889549258,-7.634907310976,2.69554213533
    ));
#2562 = CARTESIAN_POINT('',(6.037727340639,-9.494086967479,
    3.002115246457));
#2563 = CARTESIAN_POINT('',(11.388851666573,-7.672985006136,
    3.309302058016));
#2564 = CARTESIAN_POINT('',(13.778843068547,-1.90258457904,
    3.615700365118));
#2565 = CARTESIAN_POINT('',(11.283027983322,3.168861406799,
    3.922883124303));
#2566 = CARTESIAN_POINT('',(6.81815274345,5.004304925057,4.229462739739)
  );
#2567 = CARTESIAN_POINT('',(2.901897519112,3.776555498874,4.536394286364
    ));
#2568 = CARTESIAN_POINT('',(0.949998231037,1.013183625799,4.843176945918
    ));
#2569 = CARTESIAN_POINT('',(0.950000000001,-1.74999995,5.150000100003));
#2570 = CARTESIAN_POINT('',(0.950003083445,-4.513183112185,
    5.456826449771));
#2571 = CARTESIAN_POINT('',(2.901873133539,-7.276556822628,
    5.763603868909));
#2572 = CARTESIAN_POINT('',(6.818219234535,-8.504296518677,
    6.070542135363));
#2573 = CARTESIAN_POINT('',(11.282903788439,-6.668889049869,
    6.377115246416));
#2574 = CARTESIAN_POINT('',(13.779006540192,-1.597359205923,
    6.684302058057));
#2575 = CARTESIAN_POINT('',(11.388696395357,4.172909193538,
    6.990700365082));
#2576 = CARTESIAN_POINT('',(6.037834776972,5.994155269215,7.297883124331
    ));
#2577 = CARTESIAN_POINT('',(1.582836659483,4.134866268175,7.604462739719
    ));
#2578 = CARTESIAN_POINT('',(-0.318224021661,0.497505697352,
    7.911394286377));
#2579 = CARTESIAN_POINT('',(0.25557374594,-2.83669451584,8.21817694591)
  );
#2580 = CARTESIAN_POINT('',(2.209440840899,-4.7905591091,8.525000100007)
  );
#2581 = CARTESIAN_POINT('',(4.16330857286,-6.744422480426,8.831826449752
    ));
#2582 = CARTESIAN_POINT('',(7.497489410898,-7.318242221593,
    9.138603868959));
#2583 = CARTESIAN_POINT('',(11.134907360967,-5.417110400757,
    9.445542135265));
#2584 = CARTESIAN_POINT('',(12.99408701749,-0.962272609334,
    9.752115246568));
#2585 = CARTESIAN_POINT('',(11.172985056127,4.388851716536,
    10.059302057867));
#2586 = CARTESIAN_POINT('',(5.402584629043,6.778843118591,
    10.365700365278));
#2587 = CARTESIAN_POINT('',(0.331138643205,4.28302803328,10.672883124163
    ));
#2588 = CARTESIAN_POINT('',(-1.504304875065,-0.181847206516,
    10.97946273984));
#2589 = CARTESIAN_POINT('',(-0.276555448868,-4.09810243091,
    11.286394286303));
#2590 = CARTESIAN_POINT('',(2.486816424197,-6.050001718952,
    11.593176945948));
#2591 = CARTESIAN_POINT('',(5.250000000002,-6.049999950003,
    11.900000099991));
#2592 = CARTESIAN_POINT('',(8.013183126312,-6.049996849805,
    12.206826549001));
#2593 = CARTESIAN_POINT('',(10.776557032025,-4.098126890865,
    12.513603428048));
#2594 = CARTESIAN_POINT('',(12.004296137548,-0.181780514253,
    12.820543327719));
#2595 = CARTESIAN_POINT('',(10.16888996348,4.282903435439,
    13.127112858077));
#2596 = CARTESIAN_POINT('',(5.097357884702,6.779007229991,
    13.434305850049));
#2597 = CARTESIAN_POINT('',(-0.672907362902,4.388695614603,
    13.740695441032));
#2598 = CARTESIAN_POINT('',(-2.494157138951,-0.962164277428,
    14.04788843295));
#2599 = CARTESIAN_POINT('',(-0.634864490915,-5.417164096301,
    14.354457963379));
#2600 = CARTESIAN_POINT('',(3.002493059241,-7.318223368276,
    14.661397862998));
#2601 = CARTESIAN_POINT('',(6.336695362809,-6.744426575853,
    14.968174742072));
#2602 = CARTESIAN_POINT('',(8.290558764542,-4.790558925035,
    15.275001191069));
#2603 = CARTESIAN_POINT('',(10.244423290202,-2.836691762467,
    15.581824345102));
#2604 = CARTESIAN_POINT('',(10.818241143465,0.497490124427,
    15.88860700481));
#2605 = CARTESIAN_POINT('',(8.917111730962,4.134906442514,
    16.195538551137));
#2606 = CARTESIAN_POINT('',(4.462271635108,5.994088288885,
    16.502118167024));
#2607 = CARTESIAN_POINT('',(-0.88885130774,4.172983758174,
    16.809300925628));
#2608 = CARTESIAN_POINT('',(-3.27884259347,-1.597414009617,
    17.115699233389));
#2609 = CARTESIAN_POINT('',(-0.783029110239,-6.66886243377,
    17.422886044297));
#2610 = CARTESIAN_POINT('',(3.681848616401,-8.50430397244,
    17.729459155967));
#2611 = CARTESIAN_POINT('',(7.598101299132,-7.276555961102,
    18.036397421996));
#2612 = CARTESIAN_POINT('',(9.550002559498,-4.513183208438,
    18.343174841365));
#2613 = CARTESIAN_POINT('',(9.549999590859,-1.750000098838,
    18.65000119104));
#2614 = PCURVE('',#1586,#2615);
#2615 = DEFINITIONAL_REPRESENTATION('',(#2616),#2620);
#2616 = LINE('',#2617,#2618);
#2617 = CARTESIAN_POINT('',(0.,0.));
#2618 = VECTOR('',#2619,1.);
#2619 = DIRECTION('',(0.,1.));
#2620 = ( GEOMETRIC_REPRESENTATION_CONTEXT(2) 
PARAMETRIC_REPRESENTATION_CONTEXT() REPRESENTATION_CONTEXT('2D SPACE',''
  ) );
#2621 = PCURVE('',#1890,#2622);
#2622 = DEFINITIONAL_REPRESENTATION('',(#2623),#2627);
#2623 = LINE('',#2624,#2625);
#2624 = CARTESIAN_POINT('',(0.6,0.));
#2625 = VECTOR('',#2626,1.);
#2626 = DIRECTION('',(0.,1.));
#2627 = ( GEOMETRIC_REPRESENTATION_CONTEXT(2) 
PARAMETRIC_REPRESENTATION_CONTEXT() REPRESENTATION_CONTEXT('2D SPACE',''
  ) );
#2628 = ORIENTED_EDGE('',*,*,#2629,.F.);
#2629 = EDGE_CURVE('',#2630,#2521,#2632,.T.);
#2630 = VERTEX_POINT('',#2631);
#2631 = CARTESIAN_POINT('',(4.522285748158,-5.173511595062,0.6000001));
#2632 = SURFACE_CURVE('',#2633,(#2648,#2666),.PCURVE_S1.);
#2633 = B_SPLINE_CURVE_WITH_KNOTS('',4,(#2634,#2635,#2636,#2637,#2638,
    #2639,#2640,#2641,#2642,#2643,#2644,#2645,#2646,#2647),
  .UNSPECIFIED.,.F.,.F.,(5,3,3,3,5),(0.,0.240387677844,0.486797326895,
    0.740303026524,1.),.UNSPECIFIED.);
#2634 = CARTESIAN_POINT('',(4.52228577698,-5.173511598821,0.6000001));
#2635 = CARTESIAN_POINT('',(4.633406814684,-5.24918931188,0.566053590931
    ));
#2636 = CARTESIAN_POINT('',(4.749399494891,-5.319367394996,
    0.532436516362));
#2637 = CARTESIAN_POINT('',(4.869730298542,-5.383685263344,
    0.499139199859));
#2638 = CARTESIAN_POINT('',(5.121075602523,-5.50156494795,0.432339252837
    ));
#2639 = CARTESIAN_POINT('',(5.252283050853,-5.554816637213,
    0.398852343853));
#2640 = CARTESIAN_POINT('',(5.386878111659,-5.601385496665,
    0.365681599326));
#2641 = CARTESIAN_POINT('',(5.665619600268,-5.681997931894,
    0.299007099774));
#2642 = CARTESIAN_POINT('',(5.809930207383,-5.715641747934,
    0.265521233146));
#2643 = CARTESIAN_POINT('',(5.956560538041,-5.741885853378,
    0.232349527268));
#2644 = CARTESIAN_POINT('',(6.256842379224,-5.779927480996,
    0.165812426975));
#2645 = CARTESIAN_POINT('',(6.410578549863,-5.791355987049,
    0.132462057066));
#2646 = CARTESIAN_POINT('',(6.565432543491,-5.794905789434,
    9.942072485987E-02));
#2647 = CARTESIAN_POINT('',(6.720777298697,-5.790625962148,
    6.667882619523E-02));
#2648 = PCURVE('',#1586,#2649);
#2649 = DEFINITIONAL_REPRESENTATION('',(#2650),#2665);
#2650 = B_SPLINE_CURVE_WITH_KNOTS('',4,(#2651,#2652,#2653,#2654,#2655,
    #2656,#2657,#2658,#2659,#2660,#2661,#2662,#2663,#2664),
  .UNSPECIFIED.,.F.,.F.,(5,3,3,3,5),(0.,0.240387677844,0.486797326895,
    0.740303026524,1.),.UNSPECIFIED.);
#2651 = CARTESIAN_POINT('',(1.131376438297,18.915174891973));
#2652 = CARTESIAN_POINT('',(1.059363436024,18.954570314203));
#2653 = CARTESIAN_POINT('',(0.988048981197,18.993583920408));
#2654 = CARTESIAN_POINT('',(0.917412608849,19.032226838295));
#2655 = CARTESIAN_POINT('',(0.775704018791,19.109751435559));
#2656 = CARTESIAN_POINT('',(0.704665143764,19.148614883606));
#2657 = CARTESIAN_POINT('',(0.63429692856,19.187111486791));
#2658 = CARTESIAN_POINT('',(0.492854181286,19.264490962819));
#2659 = CARTESIAN_POINT('',(0.421817600092,19.303353071066));
#2660 = CARTESIAN_POINT('',(0.351447666859,19.341850269409));
#2661 = CARTESIAN_POINT('',(0.210297485463,19.419068515714));
#2662 = CARTESIAN_POINT('',(0.139549123237,19.457772105589));
#2663 = CARTESIAN_POINT('',(6.945674092247E-02,19.496116403289));
#2664 = CARTESIAN_POINT('',(0.,19.534112495884));
#2665 = ( GEOMETRIC_REPRESENTATION_CONTEXT(2) 
PARAMETRIC_REPRESENTATION_CONTEXT() REPRESENTATION_CONTEXT('2D SPACE',''
  ) );
#2666 = PCURVE('',#2505,#2667);
#2667 = DEFINITIONAL_REPRESENTATION('',(#2668),#2683);
#2668 = B_SPLINE_CURVE_WITH_KNOTS('',4,(#2669,#2670,#2671,#2672,#2673,
    #2674,#2675,#2676,#2677,#2678,#2679,#2680,#2681,#2682),
  .UNSPECIFIED.,.F.,.F.,(5,3,3,3,5),(0.,0.240387677844,0.486797326895,
    0.740303026524,1.),.UNSPECIFIED.);
#2669 = CARTESIAN_POINT('',(-1.361350009177,-0.6));
#2670 = CARTESIAN_POINT('',(-1.396900696129,-0.566053490933));
#2671 = CARTESIAN_POINT('',(-1.43210683654,-0.53243641636));
#2672 = CARTESIAN_POINT('',(-1.466978488532,-0.499139099859));
#2673 = CARTESIAN_POINT('',(-1.536937315822,-0.432339152837));
#2674 = CARTESIAN_POINT('',(-1.572008040552,-0.398852243853));
#2675 = CARTESIAN_POINT('',(-1.606747762311,-0.365681499326));
#2676 = CARTESIAN_POINT('',(-1.676575859235,-0.299006999774));
#2677 = CARTESIAN_POINT('',(-1.711645498636,-0.265521133146));
#2678 = CARTESIAN_POINT('',(-1.746385878822,-0.232349427268));
#2679 = CARTESIAN_POINT('',(-1.816068705284,-0.165812326975));
#2680 = CARTESIAN_POINT('',(-1.850995398829,-0.132461957066));
#2681 = CARTESIAN_POINT('',(-1.885597883444,-9.942062485986E-02));
#2682 = CARTESIAN_POINT('',(-1.919886150924,-6.667872619523E-02));
#2683 = ( GEOMETRIC_REPRESENTATION_CONTEXT(2) 
PARAMETRIC_REPRESENTATION_CONTEXT() REPRESENTATION_CONTEXT('2D SPACE',''
  ) );
#2684 = ORIENTED_EDGE('',*,*,#2685,.T.);
#2685 = EDGE_CURVE('',#2630,#2686,#2688,.T.);
#2686 = VERTEX_POINT('',#2687);
#2687 = CARTESIAN_POINT('',(8.75,-1.74999995,1.450006002262));
#2688 = SURFACE_CURVE('',#2689,(#2748,#2810),.PCURVE_S1.);
#2689 = B_SPLINE_CURVE_WITH_KNOTS('',8,(#2690,#2691,#2692,#2693,#2694,
    #2695,#2696,#2697,#2698,#2699,#2700,#2701,#2702,#2703,#2704,#2705,
    #2706,#2707,#2708,#2709,#2710,#2711,#2712,#2713,#2714,#2715,#2716,
    #2717,#2718,#2719,#2720,#2721,#2722,#2723,#2724,#2725,#2726,#2727,
    #2728,#2729,#2730,#2731,#2732,#2733,#2734,#2735,#2736,#2737,#2738,
    #2739,#2740,#2741,#2742,#2743,#2744,#2745,#2746,#2747),
  .UNSPECIFIED.,.F.,.F.,(9,7,7,7,7,7,7,7,9),(0.,0.107397974583,
    0.232440764504,0.284263823133,0.453999238247,0.570150482965,
    0.684994871076,0.838432581032,1.),.UNSPECIFIED.);
#2690 = CARTESIAN_POINT('',(8.75,-1.74999995,-1.549999453639));
#2691 = CARTESIAN_POINT('',(8.75,-1.454924656088,-1.509745665651));
#2692 = CARTESIAN_POINT('',(8.721568755142,-1.159742972709,
    -1.469478407436));
#2693 = CARTESIAN_POINT('',(8.66467289507,-0.867795227366,
    -1.429216346691));
#2694 = CARTESIAN_POINT('',(8.579778717269,-0.582284566001,
    -1.388961856249));
#2695 = CARTESIAN_POINT('',(8.467758426335,-0.306288461362,
    -1.348708369926));
#2696 = CARTESIAN_POINT('',(8.329853542128,-4.275152917709E-02,
    -1.308448241604));
#2697 = CARTESIAN_POINT('',(8.167695476782,0.205540347854,
    -1.268181107556));
#2698 = CARTESIAN_POINT('',(7.768789743664,0.704332661574,
    -1.181050200474));
#2699 = CARTESIAN_POINT('',(7.523965887924,0.948742076525,
    -1.134146591561));
#2700 = CARTESIAN_POINT('',(7.252187641003,1.165017632416,
    -1.087250963726));
#2701 = CARTESIAN_POINT('',(6.957305458302,1.349760088756,
    -1.040362207089));
#2702 = CARTESIAN_POINT('',(6.643557394308,1.500241097961,
    -0.993473727411));
#2703 = CARTESIAN_POINT('',(6.315511941724,1.614344299328,
    -0.946583824629));
#2704 = CARTESIAN_POINT('',(5.978085996786,1.690633018054,
    -0.899697491225));
#2705 = CARTESIAN_POINT('',(5.495050048324,1.744313936412,
    -0.833413662211));
#2706 = CARTESIAN_POINT('',(5.352780882957,1.7534612503,-0.81399100509)
  );
#2707 = CARTESIAN_POINT('',(5.210140055198,1.755987796483,
    -0.794566183596));
#2708 = CARTESIAN_POINT('',(5.067489003168,1.75187750661,-0.775138670012
    ));
#2709 = CARTESIAN_POINT('',(4.925186360978,1.7411374022,-0.75570858961)
  );
#2710 = CARTESIAN_POINT('',(4.783587958732,1.723797594642,
    -0.736276720661));
#2711 = CARTESIAN_POINT('',(4.643046822519,1.699911285191,
    -0.716844494427));
#2712 = CARTESIAN_POINT('',(4.048210478726,1.570128434361,-0.6337735242)
  );
#2713 = CARTESIAN_POINT('',(3.606821383723,1.401116280848,
    -0.570029912538));
#2714 = CARTESIAN_POINT('',(3.193503113054,1.165063731524,
    -0.506382380954));
#2715 = CARTESIAN_POINT('',(2.819767619541,0.867926402408,-0.44276459875
    ));
#2716 = CARTESIAN_POINT('',(2.495713799389,0.517294122196,
    -0.379130602827));
#2717 = CARTESIAN_POINT('',(2.229631722177,0.122673580946,
    -0.315452807784));
#2718 = CARTESIAN_POINT('',(2.028306533541,-0.304923142852,
    -0.251703912342));
#2719 = CARTESIAN_POINT('',(1.804292828039,-1.057917265059,
    -0.144521598929));
#2720 = CARTESIAN_POINT('',(1.745128135411,-1.373455496344,
    -0.100958123585));
#2721 = CARTESIAN_POINT('',(1.719063109113,-1.694551565247,
    -5.74053338968E-02));
#2722 = CARTESIAN_POINT('',(1.726629856196,-2.017138606827,
    -1.386248266461E-02));
#2723 = CARTESIAN_POINT('',(1.76778659021,-2.337178552384,
    2.967893849682E-02));
#2724 = CARTESIAN_POINT('',(1.841965537868,-2.65067355154,
    7.322787321742E-02));
#2725 = CARTESIAN_POINT('',(1.94802757564,-2.953684575546,0.116786305684
    ));
#2726 = CARTESIAN_POINT('',(2.218696197135,-3.527862762739,
    0.203380572255));
#2727 = CARTESIAN_POINT('',(2.382734735942,-3.799570757066,
    0.246450100521));
#2728 = CARTESIAN_POINT('',(2.574535541294,-4.053801419088,
    0.289512221135));
#2729 = CARTESIAN_POINT('',(2.79186903224,-4.287277407522,0.332567853171
    ));
#2730 = CARTESIAN_POINT('',(3.032113251589,-4.497106094358,
    0.375623799971));
#2731 = CARTESIAN_POINT('',(3.292294253607,-4.680757839161,
    0.418686701539));
#2732 = CARTESIAN_POINT('',(3.569065369965,-4.836107495799,
    0.461757052859));
#2733 = CARTESIAN_POINT('',(4.245557228257,-5.12918404762,0.562329930664
    ));
#2734 = CARTESIAN_POINT('',(4.656031449941,-5.243745555926,
    0.619921220446));
#2735 = CARTESIAN_POINT('',(5.080845155884,-5.300972345925,
    0.677469121677));
#2736 = CARTESIAN_POINT('',(5.510616896461,-5.299172550791,
    0.734989030457));
#2737 = CARTESIAN_POINT('',(5.936036160672,-5.238173147044,
    0.792509361413));
#2738 = CARTESIAN_POINT('',(6.34791852897,-5.11950970979,0.85005778761)
  );
#2739 = CARTESIAN_POINT('',(6.737239098666,-4.946233559347,
    0.907649586243));
#2740 = CARTESIAN_POINT('',(7.472763485251,-4.489790256717,
    1.025745290065));
#2741 = CARTESIAN_POINT('',(7.816639101924,-4.200635775823,
    1.086409914635));
#2742 = CARTESIAN_POINT('',(8.116803639241,-3.862460066956,
    1.147022599476));
#2743 = CARTESIAN_POINT('',(8.365508219344,-3.483271255372,
    1.207603175947));
#2744 = CARTESIAN_POINT('',(8.556560576839,-3.072008551743,
    1.268180051811));
#2745 = CARTESIAN_POINT('',(8.685630734369,-2.638647306788,1.3287844454)
  );
#2746 = CARTESIAN_POINT('',(8.75,-2.193992617466,1.389440475538));
#2747 = CARTESIAN_POINT('',(8.75,-1.74999995,1.450006002262));
#2748 = PCURVE('',#1586,#2749);
#2749 = DEFINITIONAL_REPRESENTATION('',(#2750),#2809);
#2750 = B_SPLINE_CURVE_WITH_KNOTS('',8,(#2751,#2752,#2753,#2754,#2755,
    #2756,#2757,#2758,#2759,#2760,#2761,#2762,#2763,#2764,#2765,#2766,
    #2767,#2768,#2769,#2770,#2771,#2772,#2773,#2774,#2775,#2776,#2777,
    #2778,#2779,#2780,#2781,#2782,#2783,#2784,#2785,#2786,#2787,#2788,
    #2789,#2790,#2791,#2792,#2793,#2794,#2795,#2796,#2797,#2798,#2799,
    #2800,#2801,#2802,#2803,#2804,#2805,#2806,#2807,#2808),
  .UNSPECIFIED.,.F.,.F.,(9,7,7,7,7,7,7,7,9),(0.,0.107397974583,
    0.232440764504,0.284263823133,0.453999238247,0.570150482965,
    0.684994871076,0.838432581032,1.),.UNSPECIFIED.);
#2751 = CARTESIAN_POINT('',(1.131373921224,13.925284876501));
#2752 = CARTESIAN_POINT('',(1.131373405689,14.018709993598));
#2753 = CARTESIAN_POINT('',(1.131371545953,14.112168579478));
#2754 = CARTESIAN_POINT('',(1.131367893204,14.205618045177));
#2755 = CARTESIAN_POINT('',(1.131362343984,14.299053053418));
#2756 = CARTESIAN_POINT('',(1.131355875114,14.392487240464));
#2757 = CARTESIAN_POINT('',(1.131350490282,14.485935063773));
#2758 = CARTESIAN_POINT('',(1.131348378279,14.57939377547));
#2759 = CARTESIAN_POINT('',(1.13135250045,14.781607519127));
#2760 = CARTESIAN_POINT('',(1.131360198463,14.890452603124));
#2761 = CARTESIAN_POINT('',(1.131374463895,14.999268386123));
#2762 = CARTESIAN_POINT('',(1.131394461079,15.108058815491));
#2763 = CARTESIAN_POINT('',(1.131413794751,15.216849690903));
#2764 = CARTESIAN_POINT('',(1.131419208009,15.325666714016));
#2765 = CARTESIAN_POINT('',(1.131400949332,15.434514301416));
#2766 = CARTESIAN_POINT('',(1.131377177363,15.588390225073));
#2767 = CARTESIAN_POINT('',(1.131371126448,15.633477840504));
#2768 = CARTESIAN_POINT('',(1.131368314282,15.678565164041));
#2769 = CARTESIAN_POINT('',(1.131369828121,15.723651636153));
#2770 = CARTESIAN_POINT('',(1.131375518186,15.768737211898));
#2771 = CARTESIAN_POINT('',(1.131383997663,15.813822360922));
#2772 = CARTESIAN_POINT('',(1.131392642697,15.858908067462));
#2773 = CARTESIAN_POINT('',(1.131413804108,16.051671215618));
#2774 = CARTESIAN_POINT('',(1.131412000767,16.199615542846));
#2775 = CARTESIAN_POINT('',(1.131370254692,16.347402429956));
#2776 = CARTESIAN_POINT('',(1.131343814388,16.495095154129));
#2777 = CARTESIAN_POINT('',(1.13134066249,16.642787289252));
#2778 = CARTESIAN_POINT('',(1.131347529059,16.790564635708));
#2779 = CARTESIAN_POINT('',(1.131356995827,16.938502730502));
#2780 = CARTESIAN_POINT('',(1.131369657731,17.187239397128));
#2781 = CARTESIAN_POINT('',(1.131373924795,17.288338057545));
#2782 = CARTESIAN_POINT('',(1.131375968907,17.389415565929));
#2783 = CARTESIAN_POINT('',(1.131375483073,17.490474160253));
#2784 = CARTESIAN_POINT('',(1.131373552407,17.59153180668));
#2785 = CARTESIAN_POINT('',(1.131371657384,17.692606832695));
#2786 = CARTESIAN_POINT('',(1.131370604351,17.793702520055));
#2787 = CARTESIAN_POINT('',(1.131370716458,17.994677365646));
#2788 = CARTESIAN_POINT('',(1.13137185364,18.094634769917));
#2789 = CARTESIAN_POINT('',(1.131374316374,18.194572806529));
#2790 = CARTESIAN_POINT('',(1.131377763216,18.29449416889));
#2791 = CARTESIAN_POINT('',(1.131381179149,18.394416312508));
#2792 = CARTESIAN_POINT('',(1.131383459716,18.494356460577));
#2793 = CARTESIAN_POINT('',(1.131384022797,18.594316717222));
#2794 = CARTESIAN_POINT('',(1.131381174481,18.827739121127));
#2795 = CARTESIAN_POINT('',(1.131376359877,18.961409580297));
#2796 = CARTESIAN_POINT('',(1.131368218182,19.094984799901));
#2797 = CARTESIAN_POINT('',(1.131358234041,19.228498075995));
#2798 = CARTESIAN_POINT('',(1.131350127102,19.362009251225));
#2799 = CARTESIAN_POINT('',(1.13134657711,19.495578153724));
#2800 = CARTESIAN_POINT('',(1.131347599923,19.629240214033));
#2801 = CARTESIAN_POINT('',(1.131356309489,19.903312052565));
#2802 = CARTESIAN_POINT('',(1.131364359914,20.0440942446));
#2803 = CARTESIAN_POINT('',(1.131374406009,20.184752615561));
#2804 = CARTESIAN_POINT('',(1.131383192738,20.325338533561));
#2805 = CARTESIAN_POINT('',(1.131386696366,20.465924533043));
#2806 = CARTESIAN_POINT('',(1.131385236862,20.606582542948));
#2807 = CARTESIAN_POINT('',(1.131381481967,20.747364162149));
#2808 = CARTESIAN_POINT('',(1.131377629098,20.88793589444));
#2809 = ( GEOMETRIC_REPRESENTATION_CONTEXT(2) 
PARAMETRIC_REPRESENTATION_CONTEXT() REPRESENTATION_CONTEXT('2D SPACE',''
  ) );
#2810 = PCURVE('',#2811,#2816);
#2811 = CYLINDRICAL_SURFACE('',#2812,3.5);
#2812 = AXIS2_PLACEMENT_3D('',#2813,#2814,#2815);
#2813 = CARTESIAN_POINT('',(5.25,-1.74999995,-8.6499999));
#2814 = DIRECTION('',(0.,-0.,-1.));
#2815 = DIRECTION('',(1.,0.,0.));
#2816 = DEFINITIONAL_REPRESENTATION('',(#2817),#2876);
#2817 = B_SPLINE_CURVE_WITH_KNOTS('',8,(#2818,#2819,#2820,#2821,#2822,
    #2823,#2824,#2825,#2826,#2827,#2828,#2829,#2830,#2831,#2832,#2833,
    #2834,#2835,#2836,#2837,#2838,#2839,#2840,#2841,#2842,#2843,#2844,
    #2845,#2846,#2847,#2848,#2849,#2850,#2851,#2852,#2853,#2854,#2855,
    #2856,#2857,#2858,#2859,#2860,#2861,#2862,#2863,#2864,#2865,#2866,
    #2867,#2868,#2869,#2870,#2871,#2872,#2873,#2874,#2875),
  .UNSPECIFIED.,.F.,.F.,(9,7,7,7,7,7,7,7,9),(0.,0.107397974583,
    0.232440764504,0.284263823133,0.453999238247,0.570150482965,
    0.684994871076,0.838432581032,1.),.UNSPECIFIED.);
#2818 = CARTESIAN_POINT('',(0.,-7.100000446361));
#2819 = CARTESIAN_POINT('',(-8.430722683206E-02,-7.140254234349));
#2820 = CARTESIAN_POINT('',(-0.168644219176,-7.180521492564));
#2821 = CARTESIAN_POINT('',(-0.25297266747,-7.220783553309));
#2822 = CARTESIAN_POINT('',(-0.337288082937,-7.261038043751));
#2823 = CARTESIAN_POINT('',(-0.421603135898,-7.301291530074));
#2824 = CARTESIAN_POINT('',(-0.505931136551,-7.341551658396));
#2825 = CARTESIAN_POINT('',(-0.590269658213,-7.381818792444));
#2826 = CARTESIAN_POINT('',(-0.772751316478,-7.468949699526));
#2827 = CARTESIAN_POINT('',(-0.870975908745,-7.515853308439));
#2828 = CARTESIAN_POINT('',(-0.969174270125,-7.562748936274));
#2829 = CARTESIAN_POINT('',(-1.067349574021,-7.609637692911));
#2830 = CARTESIAN_POINT('',(-1.165523776604,-7.656526172589));
#2831 = CARTESIAN_POINT('',(-1.26372018295,-7.703416075371));
#2832 = CARTESIAN_POINT('',(-1.361945254078,-7.750302408775));
#2833 = CARTESIAN_POINT('',(-1.50080515073,-7.816586237789));
#2834 = CARTESIAN_POINT('',(-1.541492920187,-7.83600889491));
#2835 = CARTESIAN_POINT('',(-1.582180458999,-7.855433716404));
#2836 = CARTESIAN_POINT('',(-1.622867244058,-7.874861229988));
#2837 = CARTESIAN_POINT('',(-1.663553207847,-7.89429131039));
#2838 = CARTESIAN_POINT('',(-1.70423873844,-7.913723179339));
#2839 = CARTESIAN_POINT('',(-1.744924679503,-7.933155405573));
#2840 = CARTESIAN_POINT('',(-1.918876083523,-8.0162263758));
#2841 = CARTESIAN_POINT('',(-2.052381597369,-8.079969987462));
#2842 = CARTESIAN_POINT('',(-2.185745940403,-8.143617519046));
#2843 = CARTESIAN_POINT('',(-2.319030428063,-8.20723530125));
#2844 = CARTESIAN_POINT('',(-2.452311921171,-8.270869297173));
#2845 = CARTESIAN_POINT('',(-2.585668382086,-8.334547092216));
#2846 = CARTESIAN_POINT('',(-2.71916815379,-8.398295987658));
#2847 = CARTESIAN_POINT('',(-2.943628011267,-8.505478301071));
#2848 = CARTESIAN_POINT('',(-3.034859154738,-8.549041776415));
#2849 = CARTESIAN_POINT('',(-3.126071309972,-8.592594566103));
#2850 = CARTESIAN_POINT('',(-3.217266935956,-8.636137417335));
#2851 = CARTESIAN_POINT('',(-3.308462485565,-8.679678838497));
#2852 = CARTESIAN_POINT('',(-3.399674460007,-8.723227773217));
#2853 = CARTESIAN_POINT('',(-3.490905584356,-8.766786205684));
#2854 = CARTESIAN_POINT('',(-3.672270498568,-8.853380472255));
#2855 = CARTESIAN_POINT('',(-3.762474892887,-8.896450000521));
#2856 = CARTESIAN_POINT('',(-3.85266179865,-8.939512121135));
#2857 = CARTESIAN_POINT('',(-3.942833345357,-8.982567753171));
#2858 = CARTESIAN_POINT('',(-4.03300509533,-9.025623699971));
#2859 = CARTESIAN_POINT('',(-4.123192573759,-9.068686601539));
#2860 = CARTESIAN_POINT('',(-4.213397804802,-9.111756952859));
#2861 = CARTESIAN_POINT('',(-4.4240401847,-9.212329830664));
#2862 = CARTESIAN_POINT('',(-4.544665130296,-9.269921120446));
#2863 = CARTESIAN_POINT('',(-4.665204081593,-9.327469021677));
#2864 = CARTESIAN_POINT('',(-4.785687602426,-9.384988930456));
#2865 = CARTESIAN_POINT('',(-4.906169965389,-9.442509261413));
#2866 = CARTESIAN_POINT('',(-5.026704782496,-9.50005768761));
#2867 = CARTESIAN_POINT('',(-5.147323621427,-9.557649486243));
#2868 = CARTESIAN_POINT('',(-5.394649996194,-9.675745190065));
#2869 = CARTESIAN_POINT('',(-5.521693573849,-9.736409814635));
#2870 = CARTESIAN_POINT('',(-5.648624853784,-9.797022499477));
#2871 = CARTESIAN_POINT('',(-5.775490138044,-9.857603075946));
#2872 = CARTESIAN_POINT('',(-5.90235543188,-9.918179951812));
#2873 = CARTESIAN_POINT('',(-6.029286555007,-9.9787843454));
#2874 = CARTESIAN_POINT('',(-6.156330259332,-10.03944037553));
#2875 = CARTESIAN_POINT('',(-6.28318530718,-10.10000590226));
#2876 = ( GEOMETRIC_REPRESENTATION_CONTEXT(2) 
PARAMETRIC_REPRESENTATION_CONTEXT() REPRESENTATION_CONTEXT('2D SPACE',''
  ) );
#2877 = ORIENTED_EDGE('',*,*,#2878,.T.);
#2878 = EDGE_CURVE('',#2686,#2879,#2881,.T.);
#2879 = VERTEX_POINT('',#2880);
#2880 = CARTESIAN_POINT('',(8.75,-1.74999995,4.449995159748));
#2881 = SURFACE_CURVE('',#2882,(#2945,#3011),.PCURVE_S1.);
#2882 = B_SPLINE_CURVE_WITH_KNOTS('',7,(#2883,#2884,#2885,#2886,#2887,
    #2888,#2889,#2890,#2891,#2892,#2893,#2894,#2895,#2896,#2897,#2898,
    #2899,#2900,#2901,#2902,#2903,#2904,#2905,#2906,#2907,#2908,#2909,
    #2910,#2911,#2912,#2913,#2914,#2915,#2916,#2917,#2918,#2919,#2920,
    #2921,#2922,#2923,#2924,#2925,#2926,#2927,#2928,#2929,#2930,#2931,
    #2932,#2933,#2934,#2935,#2936,#2937,#2938,#2939,#2940,#2941,#2942,
    #2943,#2944),.UNSPECIFIED.,.F.,.F.,(8,6,6,6,6,6,6,6,6,6,8),(0.,
    8.180484881779E-02,0.198022261319,0.320802308875,0.368009400627,
    0.438585682729,0.562698584792,0.684088788455,0.786015493854,
    0.881362948701,1.),.UNSPECIFIED.);
#2883 = CARTESIAN_POINT('',(8.75,-1.74999995,1.450006002262));
#2884 = CARTESIAN_POINT('',(8.75,-1.49298385434,1.485065849757));
#2885 = CARTESIAN_POINT('',(8.727980837457,-1.235928616238,
    1.520130821099));
#2886 = CARTESIAN_POINT('',(8.683930947399,-0.981157728197,
    1.555193484423));
#2887 = CARTESIAN_POINT('',(8.618158092749,-0.730928898475,
    1.590254571216));
#2888 = CARTESIAN_POINT('',(8.531240016571,-0.487434624329,
    1.625317380969));
#2889 = CARTESIAN_POINT('',(8.424021030877,-0.252790511643,
    1.660382287617));
#2890 = CARTESIAN_POINT('',(8.11812989799,0.288904241935,1.745248581859)
  );
#2891 = CARTESIAN_POINT('',(7.899837831054,0.585106553062,1.795077706487
    ));
#2892 = CARTESIAN_POINT('',(7.646059500182,0.853655314693,1.844887336492
    ));
#2893 = CARTESIAN_POINT('',(7.361096660919,1.089612387785,1.894689609559
    ));
#2894 = CARTESIAN_POINT('',(7.049923129329,1.288858064262,1.944495748171
    ));
#2895 = CARTESIAN_POINT('',(6.718192827099,1.448078899642,1.994320811744
    ));
#2896 = CARTESIAN_POINT('',(6.007026800183,1.688849907203,2.096739246953
    ));
#2897 = CARTESIAN_POINT('',(5.625575293031,1.765634734046,2.149384750152
    ));
#2898 = CARTESIAN_POINT('',(5.235615416008,1.792844603611,2.202008609838
    ));
#2899 = CARTESIAN_POINT('',(4.844834451871,1.769631088883,2.254632097696
    ));
#2900 = CARTESIAN_POINT('',(4.460830656659,1.696443567235,2.307272771984
    ));
#2901 = CARTESIAN_POINT('',(4.09114496245,1.575030380713,2.359934090255)
  );
#2902 = CARTESIAN_POINT('',(3.609170413761,1.345104410558,2.432785265509
    ));
#2903 = CARTESIAN_POINT('',(3.478501116189,1.274648966635,2.453011513356
    ));
#2904 = CARTESIAN_POINT('',(3.351384589079,1.197767523522,2.473235372395
    ));
#2905 = CARTESIAN_POINT('',(3.22818591732,1.11466918277,2.49345880788));
#2906 = CARTESIAN_POINT('',(3.109262250498,1.025595394263,2.513682902827
    ));
#2907 = CARTESIAN_POINT('',(2.994962802903,0.930819956226,2.533907858013
    ));
#2908 = CARTESIAN_POINT('',(2.72217070838,0.680889893684,2.584370286993)
  );
#2909 = CARTESIAN_POINT('',(2.569772738076,0.519044632425,2.614618186596
    ));
#2910 = CARTESIAN_POINT('',(2.429522077837,0.346112408559,2.644870323815
    ));
#2911 = CARTESIAN_POINT('',(2.302375178953,0.163187138992,2.675121989653
    ));
#2912 = CARTESIAN_POINT('',(2.189157808777,-2.854251958031E-02,
    2.705370133086));
#2913 = CARTESIAN_POINT('',(2.090565050715,-0.227793170675,
    2.735613361065));
#2914 = CARTESIAN_POINT('',(1.860490486365,-0.794384285802,
    2.819028409282));
#2915 = CARTESIAN_POINT('',(1.760664549702,-1.174869563784,2.87222949465
    ));
#2916 = CARTESIAN_POINT('',(1.710921574921,-1.566955650517,
    2.925401131105));
#2917 = CARTESIAN_POINT('',(1.712584775361,-1.962752011605,
    2.978574773942));
#2918 = CARTESIAN_POINT('',(1.765616766988,-2.354397947086,
    3.031762636201));
#2919 = CARTESIAN_POINT('',(1.868628470769,-2.734024858424,3.08498101034
    ));
#2920 = CARTESIAN_POINT('',(2.164740718791,-3.446042037038,
    3.190188651753));
#2921 = CARTESIAN_POINT('',(2.355986849105,-3.779698362831,3.24224026839
    ));
#2922 = CARTESIAN_POINT('',(2.589160602548,-4.087717906944,
    3.294265433941));
#2923 = CARTESIAN_POINT('',(2.859985983611,-4.363964680863,
    3.346278784901));
#2924 = CARTESIAN_POINT('',(3.163312432602,-4.60319066196,3.398296715184
    ));
#2925 = CARTESIAN_POINT('',(3.493095397914,-4.801012623514,
    3.450338517135));
#2926 = CARTESIAN_POINT('',(4.13531708498,-5.083164821457,3.54602982781)
  );
#2927 = CARTESIAN_POINT('',(4.44225474432,-5.180692877077,3.589716002941
    ));
#2928 = CARTESIAN_POINT('',(4.758875277636,-5.245124414506,3.63339470483
    ));
#2929 = CARTESIAN_POINT('',(5.080910982827,-5.275410990677,
    3.677069875718));
#2930 = CARTESIAN_POINT('',(5.404008316702,-5.271137896616,
    3.720752083718));
#2931 = CARTESIAN_POINT('',(5.72376477543,-5.232534782724,3.764442962909
    ));
#2932 = CARTESIAN_POINT('',(6.327600040907,-5.093422506998,
    3.848976686189));
#2933 = CARTESIAN_POINT('',(6.612764448682,-4.997043925996,
    3.889836978589));
#2934 = CARTESIAN_POINT('',(6.887675740848,-4.872335803499,3.9306901688)
  );
#2935 = CARTESIAN_POINT('',(7.149014824653,-4.720646251782,
    3.971540289738));
#2936 = CARTESIAN_POINT('',(7.393681815935,-4.543761321953,
    4.012395762271));
#2937 = CARTESIAN_POINT('',(7.618826946714,-4.343905221541,
    4.053258011016));
#2938 = CARTESIAN_POINT('',(8.074672605166,-3.850017699557,
    4.144937157611));
#2939 = CARTESIAN_POINT('',(8.293525259398,-3.544659692093,
    4.195793227272));
#2940 = CARTESIAN_POINT('',(8.47351403791,-3.213044319153,4.246628202419
    ));
#2941 = CARTESIAN_POINT('',(8.611076397029,-2.861167175394,
    4.297458025504));
#2942 = CARTESIAN_POINT('',(8.703715413518,-2.495423619348,
    4.348296150617));
#2943 = CARTESIAN_POINT('',(8.75,-2.12262805201,4.39915689377));
#2944 = CARTESIAN_POINT('',(8.75,-1.74999995,4.449995159748));
#2945 = PCURVE('',#1586,#2946);
#2946 = DEFINITIONAL_REPRESENTATION('',(#2947),#3010);
#2947 = B_SPLINE_CURVE_WITH_KNOTS('',7,(#2948,#2949,#2950,#2951,#2952,
    #2953,#2954,#2955,#2956,#2957,#2958,#2959,#2960,#2961,#2962,#2963,
    #2964,#2965,#2966,#2967,#2968,#2969,#2970,#2971,#2972,#2973,#2974,
    #2975,#2976,#2977,#2978,#2979,#2980,#2981,#2982,#2983,#2984,#2985,
    #2986,#2987,#2988,#2989,#2990,#2991,#2992,#2993,#2994,#2995,#2996,
    #2997,#2998,#2999,#3000,#3001,#3002,#3003,#3004,#3005,#3006,#3007,
    #3008,#3009),.UNSPECIFIED.,.F.,.F.,(8,6,6,6,6,6,6,6,6,6,8),(0.,
    8.180484881779E-02,0.198022261319,0.320802308875,0.368009400627,
    0.438585682729,0.562698584792,0.684088788455,0.786015493854,
    0.881362948701,1.),.UNSPECIFIED.);
#2948 = CARTESIAN_POINT('',(1.131377629098,20.88793589444));
#2949 = CARTESIAN_POINT('',(1.13137539877,20.969309305402));
#2950 = CARTESIAN_POINT('',(1.131373135175,21.050694662799));
#2951 = CARTESIAN_POINT('',(1.131371287981,21.1320739802));
#2952 = CARTESIAN_POINT('',(1.131370291919,21.21344824186));
#2953 = CARTESIAN_POINT('',(1.131370258466,21.294824922559));
#2954 = CARTESIAN_POINT('',(1.131370917988,21.376205332653));
#2955 = CARTESIAN_POINT('',(1.131373082921,21.573166390353));
#2956 = CARTESIAN_POINT('',(1.131374829799,21.688811016056));
#2957 = CARTESIAN_POINT('',(1.131375755397,21.804411744861));
#2958 = CARTESIAN_POINT('',(1.131373861339,21.920000026449));
#2959 = CARTESIAN_POINT('',(1.131367652348,22.035604360791));
#2960 = CARTESIAN_POINT('',(1.131360181037,22.151254689329));
#2961 = CARTESIAN_POINT('',(1.131349049397,22.38897400707));
#2962 = CARTESIAN_POINT('',(1.131345602769,22.511163636752));
#2963 = CARTESIAN_POINT('',(1.131348552792,22.633292536788));
#2964 = CARTESIAN_POINT('',(1.131361683877,22.755403865639));
#2965 = CARTESIAN_POINT('',(1.131387189337,22.877534774468));
#2966 = CARTESIAN_POINT('',(1.131404042427,22.999727794948));
#2967 = CARTESIAN_POINT('',(1.131407041277,23.168801816921));
#2968 = CARTESIAN_POINT('',(1.131405914412,23.215746390262));
#2969 = CARTESIAN_POINT('',(1.131401979318,23.262690028081));
#2970 = CARTESIAN_POINT('',(1.131395323564,23.309637147796));
#2971 = CARTESIAN_POINT('',(1.131386970838,23.356588582971));
#2972 = CARTESIAN_POINT('',(1.131378880948,23.403541583317));
#2973 = CARTESIAN_POINT('',(1.131366577616,23.520679091325));
#2974 = CARTESIAN_POINT('',(1.131374724326,23.590867511688));
#2975 = CARTESIAN_POINT('',(1.131388286675,23.661056879391));
#2976 = CARTESIAN_POINT('',(1.131400241248,23.731247791613));
#2977 = CARTESIAN_POINT('',(1.131406644484,23.801439639105));
#2978 = CARTESIAN_POINT('',(1.131406632683,23.871630606189));
#2979 = CARTESIAN_POINT('',(1.131395017258,24.065246108923));
#2980 = CARTESIAN_POINT('',(1.131375400245,24.188751716337));
#2981 = CARTESIAN_POINT('',(1.131352881775,24.312193737978));
#2982 = CARTESIAN_POINT('',(1.13134494205,24.435616490824));
#2983 = CARTESIAN_POINT('',(1.131346095587,24.559057322222));
#2984 = CARTESIAN_POINT('',(1.131351936345,24.682561275836));
#2985 = CARTESIAN_POINT('',(1.131364916729,24.926714440123));
#2986 = CARTESIAN_POINT('',(1.131372062461,25.047508346259));
#2987 = CARTESIAN_POINT('',(1.13137644887,25.16824539091));
#2988 = CARTESIAN_POINT('',(1.131375969548,25.288963000493));
#2989 = CARTESIAN_POINT('',(1.131373635121,25.409694282574));
#2990 = CARTESIAN_POINT('',(1.131371611552,25.530480457815));
#2991 = CARTESIAN_POINT('',(1.131370266481,25.752570855981));
#2992 = CARTESIAN_POINT('',(1.13137055178,25.853960822575));
#2993 = CARTESIAN_POINT('',(1.131372357334,25.955330949754));
#2994 = CARTESIAN_POINT('',(1.131375488325,26.05669070671));
#2995 = CARTESIAN_POINT('',(1.131378980181,26.15806620375));
#2996 = CARTESIAN_POINT('',(1.131381595452,26.259463264168));
#2997 = CARTESIAN_POINT('',(1.131383871575,26.455652281609));
#2998 = CARTESIAN_POINT('',(1.131383705491,26.550484450077));
#2999 = CARTESIAN_POINT('',(1.131381753173,26.645303066612));
#3000 = CARTESIAN_POINT('',(1.131377890162,26.740117695385));
#3001 = CARTESIAN_POINT('',(1.131372639258,26.834947022261));
#3002 = CARTESIAN_POINT('',(1.131366991122,26.929792727822));
#3003 = CARTESIAN_POINT('',(1.131355326995,27.142588303384));
#3004 = CARTESIAN_POINT('',(1.131349560326,27.260628677351));
#3005 = CARTESIAN_POINT('',(1.131346144937,27.378616234741));
#3006 = CARTESIAN_POINT('',(1.131346648618,27.496585403185));
#3007 = CARTESIAN_POINT('',(1.131350905643,27.614567680001));
#3008 = CARTESIAN_POINT('',(1.131357174032,27.732599149736));
#3009 = CARTESIAN_POINT('',(1.131363787239,27.850577886728));
#3010 = ( GEOMETRIC_REPRESENTATION_CONTEXT(2) 
PARAMETRIC_REPRESENTATION_CONTEXT() REPRESENTATION_CONTEXT('2D SPACE',''
  ) );
#3011 = PCURVE('',#3012,#3017);
#3012 = CYLINDRICAL_SURFACE('',#3013,3.5);
#3013 = AXIS2_PLACEMENT_3D('',#3014,#3015,#3016);
#3014 = CARTESIAN_POINT('',(5.25,-1.74999995,-8.6499999));
#3015 = DIRECTION('',(0.,-0.,-1.));
#3016 = DIRECTION('',(1.,0.,0.));
#3017 = DEFINITIONAL_REPRESENTATION('',(#3018),#3081);
#3018 = B_SPLINE_CURVE_WITH_KNOTS('',7,(#3019,#3020,#3021,#3022,#3023,
    #3024,#3025,#3026,#3027,#3028,#3029,#3030,#3031,#3032,#3033,#3034,
    #3035,#3036,#3037,#3038,#3039,#3040,#3041,#3042,#3043,#3044,#3045,
    #3046,#3047,#3048,#3049,#3050,#3051,#3052,#3053,#3054,#3055,#3056,
    #3057,#3058,#3059,#3060,#3061,#3062,#3063,#3064,#3065,#3066,#3067,
    #3068,#3069,#3070,#3071,#3072,#3073,#3074,#3075,#3076,#3077,#3078,
    #3079,#3080),.UNSPECIFIED.,.F.,.F.,(8,6,6,6,6,6,6,6,6,6,8),(0.,
    8.180484881779E-02,0.198022261319,0.320802308875,0.368009400627,
    0.438585682729,0.562698584792,0.684088788455,0.786015493854,
    0.881362948701,1.),.UNSPECIFIED.);
#3019 = CARTESIAN_POINT('',(0.,-10.10000590226));
#3020 = CARTESIAN_POINT('',(-7.343317018845E-02,-10.13506574975));
#3021 = CARTESIAN_POINT('',(-0.146877376988,-10.17013072109));
#3022 = CARTESIAN_POINT('',(-0.220316332344,-10.20519338442));
#3023 = CARTESIAN_POINT('',(-0.293750794563,-10.24025447121));
#3024 = CARTESIAN_POINT('',(-0.367187334983,-10.27531728096));
#3025 = CARTESIAN_POINT('',(-0.440626969459,-10.31038218761));
#3026 = CARTESIAN_POINT('',(-0.618368490393,-10.39524848185));
#3027 = CARTESIAN_POINT('',(-0.722727746399,-10.44507760648));
#3028 = CARTESIAN_POINT('',(-0.827046426084,-10.49488723649));
#3029 = CARTESIAN_POINT('',(-0.931352908325,-10.54468950955));
#3030 = CARTESIAN_POINT('',(-1.035673624718,-10.59449564817));
#3031 = CARTESIAN_POINT('',(-1.140036410302,-10.64432071174));
#3032 = CARTESIAN_POINT('',(-1.354555862999,-10.74673914695));
#3033 = CARTESIAN_POINT('',(-1.46482150691,-10.79938465015));
#3034 = CARTESIAN_POINT('',(-1.575033507555,-10.85200850983));
#3035 = CARTESIAN_POINT('',(-1.685230836131,-10.90463199769));
#3036 = CARTESIAN_POINT('',(-1.795444810211,-10.95727267198));
#3037 = CARTESIAN_POINT('',(-1.905713299848,-11.00993399025));
#3038 = CARTESIAN_POINT('',(-2.05828724775,-11.0827851655));
#3039 = CARTESIAN_POINT('',(-2.100650367824,-11.10301141335));
#3040 = CARTESIAN_POINT('',(-2.143012685413,-11.12323527239));
#3041 = CARTESIAN_POINT('',(-2.185378265062,-11.14345870788));
#3042 = CARTESIAN_POINT('',(-2.227747880303,-11.16368280282));
#3043 = CARTESIAN_POINT('',(-2.270119013645,-11.18390775801));
#3044 = CARTESIAN_POINT('',(-2.375825794458,-11.23437018699));
#3045 = CARTESIAN_POINT('',(-2.439165073137,-11.26461808659));
#3046 = CARTESIAN_POINT('',(-2.502505040996,-11.29487022381));
#3047 = CARTESIAN_POINT('',(-2.565846114253,-11.32512188965));
#3048 = CARTESIAN_POINT('',(-2.629187776974,-11.35537003308));
#3049 = CARTESIAN_POINT('',(-2.692528581062,-11.38561326106));
#3050 = CARTESIAN_POINT('',(-2.867249302098,-11.46902830928));
#3051 = CARTESIAN_POINT('',(-2.978702778853,-11.52222939465));
#3052 = CARTESIAN_POINT('',(-3.090100399215,-11.5754010311));
#3053 = CARTESIAN_POINT('',(-3.201480973805,-11.62857467394));
#3054 = CARTESIAN_POINT('',(-3.31287636394,-11.6817625362));
#3055 = CARTESIAN_POINT('',(-3.424327511917,-11.73498091034));
#3056 = CARTESIAN_POINT('',(-3.644652119577,-11.84018855175));
#3057 = CARTESIAN_POINT('',(-3.75365619994,-11.89224016839));
#3058 = CARTESIAN_POINT('',(-3.862608688188,-11.94426533394));
#3059 = CARTESIAN_POINT('',(-3.97154434865,-11.9962786849));
#3060 = CARTESIAN_POINT('',(-4.080493593201,-12.04829661518));
#3061 = CARTESIAN_POINT('',(-4.189493352882,-12.10033841713));
#3062 = CARTESIAN_POINT('',(-4.389913026474,-12.19602972781));
#3063 = CARTESIAN_POINT('',(-4.481410147966,-12.23971590294));
#3064 = CARTESIAN_POINT('',(-4.572889517878,-12.28339460483));
#3065 = CARTESIAN_POINT('',(-4.664359306662,-12.32706977571));
#3066 = CARTESIAN_POINT('',(-4.755842827033,-12.37075198371));
#3067 = CARTESIAN_POINT('',(-4.847345296924,-12.4144428629));
#3068 = CARTESIAN_POINT('',(-5.024388875807,-12.49897658618));
#3069 = CARTESIAN_POINT('',(-5.109966324317,-12.53983687858));
#3070 = CARTESIAN_POINT('',(-5.195531251897,-12.5806900688));
#3071 = CARTESIAN_POINT('',(-5.281092475511,-12.62154018973));
#3072 = CARTESIAN_POINT('',(-5.36666704446,-12.66239566227));
#3073 = CARTESIAN_POINT('',(-5.452256589692,-12.70325791101));
#3074 = CARTESIAN_POINT('',(-5.644285530687,-12.79493705761));
#3075 = CARTESIAN_POINT('',(-5.750806712571,-12.84579312727));
#3076 = CARTESIAN_POINT('',(-5.857280582128,-12.89662810241));
#3077 = CARTESIAN_POINT('',(-5.963738024809,-12.9474579255));
#3078 = CARTESIAN_POINT('',(-6.070207069397,-12.99829605061));
#3079 = CARTESIAN_POINT('',(-6.176720135177,-13.04915679377));
#3080 = CARTESIAN_POINT('',(-6.28318530718,-13.09999505974));
#3081 = ( GEOMETRIC_REPRESENTATION_CONTEXT(2) 
PARAMETRIC_REPRESENTATION_CONTEXT() REPRESENTATION_CONTEXT('2D SPACE',''
  ) );
#3082 = ORIENTED_EDGE('',*,*,#3083,.T.);
#3083 = EDGE_CURVE('',#2879,#3084,#3086,.T.);
#3084 = VERTEX_POINT('',#3085);
#3085 = CARTESIAN_POINT('',(8.75,-1.74999995,7.449995386087));
#3086 = SURFACE_CURVE('',#3087,(#3160,#3236),.PCURVE_S1.);
#3087 = B_SPLINE_CURVE_WITH_KNOTS('',8,(#3088,#3089,#3090,#3091,#3092,
    #3093,#3094,#3095,#3096,#3097,#3098,#3099,#3100,#3101,#3102,#3103,
    #3104,#3105,#3106,#3107,#3108,#3109,#3110,#3111,#3112,#3113,#3114,
    #3115,#3116,#3117,#3118,#3119,#3120,#3121,#3122,#3123,#3124,#3125,
    #3126,#3127,#3128,#3129,#3130,#3131,#3132,#3133,#3134,#3135,#3136,
    #3137,#3138,#3139,#3140,#3141,#3142,#3143,#3144,#3145,#3146,#3147,
    #3148,#3149,#3150,#3151,#3152,#3153,#3154,#3155,#3156,#3157,#3158,
    #3159),.UNSPECIFIED.,.F.,.F.,(9,7,7,7,7,7,7,7,7,7,9),(0.,
    9.042910035122E-02,0.190942529674,0.365680413986,0.473314884501,
    0.533779663068,0.601683257499,0.685419615845,0.810191719525,
    0.905686236533,1.),.UNSPECIFIED.);
#3088 = CARTESIAN_POINT('',(8.75,-1.74999995,4.449995159748));
#3089 = CARTESIAN_POINT('',(8.75,-1.501466723609,4.483902957361));
#3090 = CARTESIAN_POINT('',(8.729830487277,-1.252895851317,
    4.517815961125));
#3091 = CARTESIAN_POINT('',(8.689481480183,-1.006250780272,
    4.551726949355));
#3092 = CARTESIAN_POINT('',(8.62918183046,-0.763441162384,4.585635107999
    ));
#3093 = CARTESIAN_POINT('',(8.54936726669,-0.52632605116,4.619542800394)
  );
#3094 = CARTESIAN_POINT('',(8.450669482406,-0.296710164648,
    4.653452248064));
#3095 = CARTESIAN_POINT('',(8.333926268893,-7.633321447231E-02,
    4.687362122548));
#3096 = CARTESIAN_POINT('',(8.051587857957,0.365989172733,4.758946595198
    ));
#3097 = CARTESIAN_POINT('',(7.881918090553,0.585491814644,4.796638911222
    ));
#3098 = CARTESIAN_POINT('',(7.692650370122,0.789344907132,4.834327877598
    ));
#3099 = CARTESIAN_POINT('',(7.485498051213,0.975523229425,4.872012287905
    ));
#3100 = CARTESIAN_POINT('',(7.262390604398,1.142247380386,4.909696872483
    ));
#3101 = CARTESIAN_POINT('',(7.025449761067,1.287975317939,4.947386420303
    ));
#3102 = CARTESIAN_POINT('',(6.776992061916,1.411425115134,4.985079998298
    ));
#3103 = CARTESIAN_POINT('',(6.072020430345,1.685828571872,5.088279342875
    ));
#3104 = CARTESIAN_POINT('',(5.596234500707,1.790209330852,5.15393111385)
  );
#3105 = CARTESIAN_POINT('',(5.106373081417,1.818675783985,5.219499635021
    ));
#3106 = CARTESIAN_POINT('',(4.616510594967,1.769901825612,5.285024620786
    ));
#3107 = CARTESIAN_POINT('',(4.140359212676,1.644828599294,5.350544825034
    ));
#3108 = CARTESIAN_POINT('',(3.691102632188,1.447335609501,5.416107794221
    ));
#3109 = CARTESIAN_POINT('',(3.281518196995,1.183547410508,5.481765493298
    ));
#3110 = CARTESIAN_POINT('',(2.701874031635,0.667552087834,5.587638555678
    ));
#3111 = CARTESIAN_POINT('',(2.499854479788,0.449461569783,5.628010749773
    ));
#3112 = CARTESIAN_POINT('',(2.319289341165,0.212175552815,5.668380339753
    ));
#3113 = CARTESIAN_POINT('',(2.162274664036,-4.180751075826E-02,
    5.708746763299));
#3114 = CARTESIAN_POINT('',(2.030537799169,-0.309772619904,
    5.749112485196));
#3115 = CARTESIAN_POINT('',(1.925459283179,-0.588813567889,5.78947760028
    ));
#3116 = CARTESIAN_POINT('',(1.848041851386,-0.87582794962,5.829837936349
    ));
#3117 = CARTESIAN_POINT('',(1.771157779746,-1.331349369352,
    5.892844064018));
#3118 = CARTESIAN_POINT('',(1.752393021155,-1.496710735372,
    5.915505976378));
#3119 = CARTESIAN_POINT('',(1.74261370777,-1.66300649474,5.93816977108)
  );
#3120 = CARTESIAN_POINT('',(1.741871863548,-1.829662796174,
    5.960837203025));
#3121 = CARTESIAN_POINT('',(1.750176294728,-1.996109267814,5.98350870331
    ));
#3122 = CARTESIAN_POINT('',(1.767492589837,-2.16177901723,6.006183379225
    ));
#3123 = CARTESIAN_POINT('',(1.793743119684,-2.326108631415,
    6.028859014258));
#3124 = CARTESIAN_POINT('',(1.868184772668,-2.670950983616,
    6.076994525553));
#3125 = CARTESIAN_POINT('',(1.918679970888,-2.850969335264,
    6.102454357197));
#3126 = CARTESIAN_POINT('',(1.980117214818,-3.027790769074,
    6.127911635591));
#3127 = CARTESIAN_POINT('',(2.052258335355,-3.200640766501,
    6.153366628863));
#3128 = CARTESIAN_POINT('',(2.1348024115,-3.368772753117,6.178819800706)
  );
#3129 = CARTESIAN_POINT('',(2.227385770357,-3.531468098611,
    6.204271810376));
#3130 = CARTESIAN_POINT('',(2.329581987136,-3.688036116786,
    6.229723512691));
#3131 = CARTESIAN_POINT('',(2.578177723773,-4.022515038996,
    6.286563031158));
#3132 = CARTESIAN_POINT('',(2.729361444212,-4.196939002593,
    6.317957221386));
#3133 = CARTESIAN_POINT('',(2.89352281663,-4.359814212346,6.349351798238
    ));
#3134 = CARTESIAN_POINT('',(3.069612668394,-4.510014969619,
    6.380745336826));
#3135 = CARTESIAN_POINT('',(3.256483566741,-4.646545088156,
    6.412139132054));
#3136 = CARTESIAN_POINT('',(3.452901322701,-4.76853165249,6.443534951107
    ));
#3137 = CARTESIAN_POINT('',(3.65754731629,-4.875229067765,6.474933124237
    ));
#3138 = CARTESIAN_POINT('',(4.184105939079,-5.101337203286,
    6.553115618237));
#3139 = CARTESIAN_POINT('',(4.514520321122,-5.201431161733,
    6.599926326264));
#3140 = CARTESIAN_POINT('',(4.855414493076,-5.264163099349,
    6.646722881182));
#3141 = CARTESIAN_POINT('',(5.201827444957,-5.288357722317,
    6.693505936518));
#3142 = CARTESIAN_POINT('',(5.548769473478,-5.273602263893,
    6.740286537567));
#3143 = CARTESIAN_POINT('',(5.891242448498,-5.22017467667,6.787076847518
    ));
#3144 = CARTESIAN_POINT('',(6.22425797202,-5.129114619436,6.833880394437
    ));
#3145 = CARTESIAN_POINT('',(6.786813892987,-4.905484949612,
    6.916463115637));
#3146 = CARTESIAN_POINT('',(7.022434415799,-4.787615625233,
    6.952271911321));
#3147 = CARTESIAN_POINT('',(7.247628613218,-4.649674181692,
    6.988078344222));
#3148 = CARTESIAN_POINT('',(7.460415402809,-4.492756823436,
    7.023882214446));
#3149 = CARTESIAN_POINT('',(7.658969230294,-4.318172216716,7.05968712038
    ));
#3150 = CARTESIAN_POINT('',(7.841619445072,-4.127425271398,
    7.095496229135));
#3151 = CARTESIAN_POINT('',(8.006868472404,-3.922223777268,
    7.131308017434));
#3152 = CARTESIAN_POINT('',(8.298176929361,-3.489483986837,
    7.202473245972));
#3153 = CARTESIAN_POINT('',(8.424744880405,-3.262180226861,
    7.237838625736));
#3154 = CARTESIAN_POINT('',(8.531881996259,-3.024437714977,
    7.273200348654));
#3155 = CARTESIAN_POINT('',(8.618607266781,-2.778201359865,
    7.308558250382));
#3156 = CARTESIAN_POINT('',(8.684174358967,-2.525501014733,
    7.343915961848));
#3157 = CARTESIAN_POINT('',(8.728063472118,-2.268440018829,7.37927689123
    ));
#3158 = CARTESIAN_POINT('',(8.75,-2.009191144527,7.414640001865));
#3159 = CARTESIAN_POINT('',(8.75,-1.74999995,7.449995386087));
#3160 = PCURVE('',#1586,#3161);
#3161 = DEFINITIONAL_REPRESENTATION('',(#3162),#3235);
#3162 = B_SPLINE_CURVE_WITH_KNOTS('',8,(#3163,#3164,#3165,#3166,#3167,
    #3168,#3169,#3170,#3171,#3172,#3173,#3174,#3175,#3176,#3177,#3178,
    #3179,#3180,#3181,#3182,#3183,#3184,#3185,#3186,#3187,#3188,#3189,
    #3190,#3191,#3192,#3193,#3194,#3195,#3196,#3197,#3198,#3199,#3200,
    #3201,#3202,#3203,#3204,#3205,#3206,#3207,#3208,#3209,#3210,#3211,
    #3212,#3213,#3214,#3215,#3216,#3217,#3218,#3219,#3220,#3221,#3222,
    #3223,#3224,#3225,#3226,#3227,#3228,#3229,#3230,#3231,#3232,#3233,
    #3234),.UNSPECIFIED.,.F.,.F.,(9,7,7,7,7,7,7,7,7,7,9),(0.,
    9.042910035122E-02,0.190942529674,0.365680413986,0.473314884501,
    0.533779663068,0.601683257499,0.685419615845,0.810191719525,
    0.905686236533,1.),.UNSPECIFIED.);
#3163 = CARTESIAN_POINT('',(1.131363787239,27.850577886728));
#3164 = CARTESIAN_POINT('',(1.131368198077,27.929266627572));
#3165 = CARTESIAN_POINT('',(1.131372758297,28.007967206121));
#3166 = CARTESIAN_POINT('',(1.131377008764,28.086663615192));
#3167 = CARTESIAN_POINT('',(1.131380465422,28.165354759859));
#3168 = CARTESIAN_POINT('',(1.131382786572,28.244046685914));
#3169 = CARTESIAN_POINT('',(1.131383858857,28.322744735275));
#3170 = CARTESIAN_POINT('',(1.131383801961,28.401445628334));
#3171 = CARTESIAN_POINT('',(1.13138188058,28.56758785837));
#3172 = CARTESIAN_POINT('',(1.131379820339,28.655070637658));
#3173 = CARTESIAN_POINT('',(1.131377050776,28.742546806884));
#3174 = CARTESIAN_POINT('',(1.131374223528,28.83001249668));
#3175 = CARTESIAN_POINT('',(1.131371977315,28.917477637395));
#3176 = CARTESIAN_POINT('',(1.131370712785,29.004952686159));
#3177 = CARTESIAN_POINT('',(1.131370467268,29.092435416166));
#3178 = CARTESIAN_POINT('',(1.131371623388,29.33194696644));
#3179 = CARTESIAN_POINT('',(1.131374433816,29.484312333613));
#3180 = CARTESIAN_POINT('',(1.131377370406,29.636484280816));
#3181 = CARTESIAN_POINT('',(1.131376945851,29.788560703495));
#3182 = CARTESIAN_POINT('',(1.131365018477,29.940644906267));
#3183 = CARTESIAN_POINT('',(1.13134977453,30.092833804216));
#3184 = CARTESIAN_POINT('',(1.131345372422,30.245224766368));
#3185 = CARTESIAN_POINT('',(1.131356377002,30.49092553637));
#3186 = CARTESIAN_POINT('',(1.131364859765,30.584610692816));
#3187 = CARTESIAN_POINT('',(1.131377782852,30.67828251836));
#3188 = CARTESIAN_POINT('',(1.131393778329,30.77194195287));
#3189 = CARTESIAN_POINT('',(1.131408523192,30.865601811294));
#3190 = CARTESIAN_POINT('',(1.131414686702,30.959274344278));
#3191 = CARTESIAN_POINT('',(1.131406672085,31.052959053652));
#3192 = CARTESIAN_POINT('',(1.131386201589,31.199222402862));
#3193 = CARTESIAN_POINT('',(1.13137588967,31.251834938569));
#3194 = CARTESIAN_POINT('',(1.131368163368,31.304447599688));
#3195 = CARTESIAN_POINT('',(1.13136620423,31.357059237864));
#3196 = CARTESIAN_POINT('',(1.131370840989,31.409669493578));
#3197 = CARTESIAN_POINT('',(1.131380549563,31.462278796146));
#3198 = CARTESIAN_POINT('',(1.131391453056,31.514888363719));
#3199 = CARTESIAN_POINT('',(1.131403912469,31.62658473317));
#3200 = CARTESIAN_POINT('',(1.131407022982,31.685668880221));
#3201 = CARTESIAN_POINT('',(1.131406605957,31.744752890555));
#3202 = CARTESIAN_POINT('',(1.131402940707,31.803836928085));
#3203 = CARTESIAN_POINT('',(1.131396633208,31.86292107452));
#3204 = CARTESIAN_POINT('',(1.131388616088,31.922005329367));
#3205 = CARTESIAN_POINT('',(1.131380148634,31.98108960993));
#3206 = CARTESIAN_POINT('',(1.131363775415,32.113034265937));
#3207 = CARTESIAN_POINT('',(1.131355743914,32.185909641202));
#3208 = CARTESIAN_POINT('',(1.13135021807,32.258781801714));
#3209 = CARTESIAN_POINT('',(1.131347741656,32.331646548088));
#3210 = CARTESIAN_POINT('',(1.131348068892,32.404507288993));
#3211 = CARTESIAN_POINT('',(1.131350422548,32.477369401374));
#3212 = CARTESIAN_POINT('',(1.131353847697,32.550235218856));
#3213 = CARTESIAN_POINT('',(1.131363343326,32.731671937878));
#3214 = CARTESIAN_POINT('',(1.131369864702,32.840303340917));
#3215 = CARTESIAN_POINT('',(1.131374793645,32.948904509626));
#3216 = CARTESIAN_POINT('',(1.131376347659,33.057479886032));
#3217 = CARTESIAN_POINT('',(1.131375154997,33.166054073926));
#3218 = CARTESIAN_POINT('',(1.131373080777,33.274652241766));
#3219 = CARTESIAN_POINT('',(1.131371429532,33.38328043689));
#3220 = CARTESIAN_POINT('',(1.131370382072,33.574946864101));
#3221 = CARTESIAN_POINT('',(1.131370541358,33.658054573426));
#3222 = CARTESIAN_POINT('',(1.131371612462,33.741155302616));
#3223 = CARTESIAN_POINT('',(1.131373587202,33.824248601171));
#3224 = CARTESIAN_POINT('',(1.131376155722,33.907343329027));
#3225 = CARTESIAN_POINT('',(1.131378795585,33.990447694054));
#3226 = CARTESIAN_POINT('',(1.131380945008,34.073559082849));
#3227 = CARTESIAN_POINT('',(1.13138355926,34.238720853519));
#3228 = CARTESIAN_POINT('',(1.131384041258,34.32079891744));
#3229 = CARTESIAN_POINT('',(1.131383348112,34.402870422797));
#3230 = CARTESIAN_POINT('',(1.131381278434,34.484935318662));
#3231 = CARTESIAN_POINT('',(1.131377905395,34.567001911911));
#3232 = CARTESIAN_POINT('',(1.131373586271,34.649077526193));
#3233 = CARTESIAN_POINT('',(1.131368863737,34.731158864945));
#3234 = CARTESIAN_POINT('',(1.131364258906,34.813222078442));
#3235 = ( GEOMETRIC_REPRESENTATION_CONTEXT(2) 
PARAMETRIC_REPRESENTATION_CONTEXT() REPRESENTATION_CONTEXT('2D SPACE',''
  ) );
#3236 = PCURVE('',#3237,#3242);
#3237 = CYLINDRICAL_SURFACE('',#3238,3.5);
#3238 = AXIS2_PLACEMENT_3D('',#3239,#3240,#3241);
#3239 = CARTESIAN_POINT('',(5.25,-1.74999995,-8.6499999));
#3240 = DIRECTION('',(0.,-0.,-1.));
#3241 = DIRECTION('',(1.,0.,0.));
#3242 = DEFINITIONAL_REPRESENTATION('',(#3243),#3316);
#3243 = B_SPLINE_CURVE_WITH_KNOTS('',8,(#3244,#3245,#3246,#3247,#3248,
    #3249,#3250,#3251,#3252,#3253,#3254,#3255,#3256,#3257,#3258,#3259,
    #3260,#3261,#3262,#3263,#3264,#3265,#3266,#3267,#3268,#3269,#3270,
    #3271,#3272,#3273,#3274,#3275,#3276,#3277,#3278,#3279,#3280,#3281,
    #3282,#3283,#3284,#3285,#3286,#3287,#3288,#3289,#3290,#3291,#3292,
    #3293,#3294,#3295,#3296,#3297,#3298,#3299,#3300,#3301,#3302,#3303,
    #3304,#3305,#3306,#3307,#3308,#3309,#3310,#3311,#3312,#3313,#3314,
    #3315),.UNSPECIFIED.,.F.,.F.,(9,7,7,7,7,7,7,7,7,7,9),(0.,
    9.042910035122E-02,0.190942529674,0.365680413986,0.473314884501,
    0.533779663068,0.601683257499,0.685419615845,0.810191719525,
    0.905686236533,1.),.UNSPECIFIED.);
#3244 = CARTESIAN_POINT('',(0.,-13.09999505974));
#3245 = CARTESIAN_POINT('',(-7.100949325466E-02,-13.13390285736));
#3246 = CARTESIAN_POINT('',(-0.142029535613,-13.16781586112));
#3247 = CARTESIAN_POINT('',(-0.213045697593,-13.20172684935));
#3248 = CARTESIAN_POINT('',(-0.28405704798,-13.23563500799));
#3249 = CARTESIAN_POINT('',(-0.355069128929,-13.26954270039));
#3250 = CARTESIAN_POINT('',(-0.426086858391,-13.30345214806));
#3251 = CARTESIAN_POINT('',(-0.497107359885,-13.33736202254));
#3252 = CARTESIAN_POINT('',(-0.647036342397,-13.40894649519));
#3253 = CARTESIAN_POINT('',(-0.725982278963,-13.44663881122));
#3254 = CARTESIAN_POINT('',(-0.80492260657,-13.48432777759));
#3255 = CARTESIAN_POINT('',(-0.883853826984,-13.5220121879));
#3256 = CARTESIAN_POINT('',(-0.962784804543,-13.55969677248));
#3257 = CARTESIAN_POINT('',(-1.041724799153,-13.5973863203));
#3258 = CARTESIAN_POINT('',(-1.120671594204,-13.63507989829));
#3259 = CARTESIAN_POINT('',(-1.336812564527,-13.73827924287));
#3260 = CARTESIAN_POINT('',(-1.474309879017,-13.80393101385));
#3261 = CARTESIAN_POINT('',(-1.611630985814,-13.86949953502));
#3262 = CARTESIAN_POINT('',(-1.748863862925,-13.93502452078));
#3263 = CARTESIAN_POINT('',(-1.886102690939,-14.00054472503));
#3264 = CARTESIAN_POINT('',(-2.023438268378,-14.06610769422));
#3265 = CARTESIAN_POINT('',(-2.16095830471,-14.13176539329));
#3266 = CARTESIAN_POINT('',(-2.382684101808,-14.23763845567));
#3267 = CARTESIAN_POINT('',(-2.467228013167,-14.27801064977));
#3268 = CARTESIAN_POINT('',(-2.551759936318,-14.31838023975));
#3269 = CARTESIAN_POINT('',(-2.636280373277,-14.35874666329));
#3270 = CARTESIAN_POINT('',(-2.720800288099,-14.39911238519));
#3271 = CARTESIAN_POINT('',(-2.805330793046,-14.43947750028));
#3272 = CARTESIAN_POINT('',(-2.889872517158,-14.47983783634));
#3273 = CARTESIAN_POINT('',(-3.021862289275,-14.54284396401));
#3274 = CARTESIAN_POINT('',(-3.069340609076,-14.56550587637));
#3275 = CARTESIAN_POINT('',(-3.116819139075,-14.58816967108));
#3276 = CARTESIAN_POINT('',(-3.164296791237,-14.61083710302));
#3277 = CARTESIAN_POINT('',(-3.211773187407,-14.63350860331));
#3278 = CARTESIAN_POINT('',(-3.259248659308,-14.65618327922));
#3279 = CARTESIAN_POINT('',(-3.306724248543,-14.67885891425));
#3280 = CARTESIAN_POINT('',(-3.407520186091,-14.72699442555));
#3281 = CARTESIAN_POINT('',(-3.46083814163,-14.75245425719));
#3282 = CARTESIAN_POINT('',(-3.514155982531,-14.77791153559));
#3283 = CARTESIAN_POINT('',(-3.567473988586,-14.80336652886));
#3284 = CARTESIAN_POINT('',(-3.620792310065,-14.8288197007));
#3285 = CARTESIAN_POINT('',(-3.674110967711,-14.85427171037));
#3286 = CARTESIAN_POINT('',(-3.727429852745,-14.87972341269));
#3287 = CARTESIAN_POINT('',(-3.846499713795,-14.93656293115));
#3288 = CARTESIAN_POINT('',(-3.912264285703,-14.96795712138));
#3289 = CARTESIAN_POINT('',(-3.978025984726,-14.99935169823));
#3290 = CARTESIAN_POINT('',(-4.043780811938,-15.03074523682));
#3291 = CARTESIAN_POINT('',(-4.109531680611,-15.06213903205));
#3292 = CARTESIAN_POINT('',(-4.175283381645,-15.0935348511));
#3293 = CARTESIAN_POINT('',(-4.24103806114,-15.12493302423));
#3294 = CARTESIAN_POINT('',(-4.40476727317,-15.20311551823));
#3295 = CARTESIAN_POINT('',(-4.502796066602,-15.24992622626));
#3296 = CARTESIAN_POINT('',(-4.600797244072,-15.29672278118));
#3297 = CARTESIAN_POINT('',(-4.698775421283,-15.34350583651));
#3298 = CARTESIAN_POINT('',(-4.796753305488,-15.39028643756));
#3299 = CARTESIAN_POINT('',(-4.89475375985,-15.43707674751));
#3300 = CARTESIAN_POINT('',(-4.99278202818,-15.48388029443));
#3301 = CARTESIAN_POINT('',(-5.165746432549,-15.56646301563));
#3302 = CARTESIAN_POINT('',(-5.240745085232,-15.60227181132));
#3303 = CARTESIAN_POINT('',(-5.315737562548,-15.63807824422));
#3304 = CARTESIAN_POINT('',(-5.390723282694,-15.67388211444));
#3305 = CARTESIAN_POINT('',(-5.465710086715,-15.70968702038));
#3306 = CARTESIAN_POINT('',(-5.540705287795,-15.74549612913));
#3307 = CARTESIAN_POINT('',(-5.615706506189,-15.78130791743));
#3308 = CARTESIAN_POINT('',(-5.764750902621,-15.85247314597));
#3309 = CARTESIAN_POINT('',(-5.838819068803,-15.88783852573));
#3310 = CARTESIAN_POINT('',(-5.912881066368,-15.92320024865));
#3311 = CARTESIAN_POINT('',(-5.986936938371,-15.95855815038));
#3312 = CARTESIAN_POINT('',(-6.06099429266,-15.99391586184));
#3313 = CARTESIAN_POINT('',(-6.135059841376,-16.02927679123));
#3314 = CARTESIAN_POINT('',(-6.209130680172,-16.06463990186));
#3315 = CARTESIAN_POINT('',(-6.28318530718,-16.09999528608));
#3316 = ( GEOMETRIC_REPRESENTATION_CONTEXT(2) 
PARAMETRIC_REPRESENTATION_CONTEXT() REPRESENTATION_CONTEXT('2D SPACE',''
  ) );
#3317 = ORIENTED_EDGE('',*,*,#3318,.T.);
#3318 = EDGE_CURVE('',#3084,#3319,#3321,.T.);
#3319 = VERTEX_POINT('',#3320);
#3320 = CARTESIAN_POINT('',(8.75,-1.74999995,10.450003500719));
#3321 = SURFACE_CURVE('',#3322,(#3385,#3451),.PCURVE_S1.);
#3322 = B_SPLINE_CURVE_WITH_KNOTS('',7,(#3323,#3324,#3325,#3326,#3327,
    #3328,#3329,#3330,#3331,#3332,#3333,#3334,#3335,#3336,#3337,#3338,
    #3339,#3340,#3341,#3342,#3343,#3344,#3345,#3346,#3347,#3348,#3349,
    #3350,#3351,#3352,#3353,#3354,#3355,#3356,#3357,#3358,#3359,#3360,
    #3361,#3362,#3363,#3364,#3365,#3366,#3367,#3368,#3369,#3370,#3371,
    #3372,#3373,#3374,#3375,#3376,#3377,#3378,#3379,#3380,#3381,#3382,
    #3383,#3384),.UNSPECIFIED.,.F.,.F.,(8,6,6,6,6,6,6,6,6,6,8),(0.,
    9.946144247849E-02,0.207918910424,0.272813432731,0.39595638283,
    0.520849172872,0.583856565325,0.644703713073,0.765417752798,
    0.887084457749,1.),.UNSPECIFIED.);
#3323 = CARTESIAN_POINT('',(8.75,-1.74999995,7.449995386087));
#3324 = CARTESIAN_POINT('',(8.75,-1.437603736842,7.4926082849));
#3325 = CARTESIAN_POINT('',(8.717469205513,-1.125118194444,
    7.535233148581));
#3326 = CARTESIAN_POINT('',(8.65237646979,-0.816761814314,7.577851049085
    ));
#3327 = CARTESIAN_POINT('',(8.555410851714,-0.516569552731,7.62046504088
    ));
#3328 = CARTESIAN_POINT('',(8.427823929044,-0.228407519801,
    7.663085253487));
#3329 = CARTESIAN_POINT('',(8.271416055004,4.405706870607E-02,
    7.705714607808));
#3330 = CARTESIAN_POINT('',(7.889387850876,0.573721260113,7.794810621022
    ));
#3331 = CARTESIAN_POINT('',(7.658664229964,0.827480955085,7.841303454589
    ));
#3332 = CARTESIAN_POINT('',(7.399673226494,1.054227248033,7.887785015615
    ));
#3333 = CARTESIAN_POINT('',(7.116262461902,1.250308529032,7.934258477452
    ));
#3334 = CARTESIAN_POINT('',(6.81276407376,1.412726975199,7.980738059745)
  );
#3335 = CARTESIAN_POINT('',(6.493952534216,1.539168594244,8.027227746511
    ));
#3336 = CARTESIAN_POINT('',(5.968407431071,1.681535735765,8.101505428765
    ));
#3337 = CARTESIAN_POINT('',(5.768030205131,1.721468829701,8.129313319431
    ));
#3338 = CARTESIAN_POINT('',(5.565118648498,1.747735872398,8.157121063925
    ));
#3339 = CARTESIAN_POINT('',(5.360792104016,1.760154984368,8.184928926619
    ));
#3340 = CARTESIAN_POINT('',(5.156180449139,1.758655484249,8.212737875538
    ));
#3341 = CARTESIAN_POINT('',(4.952420886083,1.743279545207,8.240547760254
    ));
#3342 = CARTESIAN_POINT('',(4.367789345606,1.659008241736,8.321122582377
    ));
#3343 = CARTESIAN_POINT('',(3.991818556522,1.554420299093,8.373920941463
    ));
#3344 = CARTESIAN_POINT('',(3.630804065203,1.401496539054,8.426694940058
    ));
#3345 = CARTESIAN_POINT('',(3.292049400253,1.202991156496,8.479463577917
    ));
#3346 = CARTESIAN_POINT('',(2.9821783285,0.962785277769,8.532240122209)
  );
#3347 = CARTESIAN_POINT('',(2.707167752275,0.685904345627,8.585040890119
    ));
#3348 = CARTESIAN_POINT('',(2.233265190147,6.747609764945E-02,
    8.691324932921));
#3349 = CARTESIAN_POINT('',(2.035214209452,-0.275320836462,
    8.744873689898));
#3350 = CARTESIAN_POINT('',(1.882992287481,-0.642837862048,
    8.798392831109));
#3351 = CARTESIAN_POINT('',(1.780015437033,-1.027675693229,
    8.851903141993));
#3352 = CARTESIAN_POINT('',(1.728353214189,-1.422096714805,
    8.905426438844));
#3353 = CARTESIAN_POINT('',(1.728738079202,-1.817986774514,
    8.958984872985));
#3354 = CARTESIAN_POINT('',(1.805794890311,-2.403163425825,
    9.039518174099));
#3355 = CARTESIAN_POINT('',(1.844581479407,-2.597691452214,
    9.066524276889));
#3356 = CARTESIAN_POINT('',(1.89617680474,-2.789482330786,9.093530568429
    ));
#3357 = CARTESIAN_POINT('',(1.960345037599,-2.977527587784,
    9.120535961748));
#3358 = CARTESIAN_POINT('',(2.03675339512,-3.160851825026,9.147539469004
    ));
#3359 = CARTESIAN_POINT('',(2.124972140283,-3.338512719906,
    9.174540201484));
#3360 = CARTESIAN_POINT('',(2.32056552508,-3.674823469877,9.227608924272
    ));
#3361 = CARTESIAN_POINT('',(2.427192714936,-3.833937637618,
    9.253676417061));
#3362 = CARTESIAN_POINT('',(2.543876983178,-3.986121379259,
    9.279744221272));
#3363 = CARTESIAN_POINT('',(2.670072757799,-4.130613146113,
    9.305815124642));
#3364 = CARTESIAN_POINT('',(2.805168063082,-4.266711990164,
    9.331890329343));
#3365 = CARTESIAN_POINT('',(2.948484519606,-4.393777564065,
    9.357969451979));
#3366 = CARTESIAN_POINT('',(3.398433700735,-4.744243058724,
    9.435792497215));
#3367 = CARTESIAN_POINT('',(3.727191297598,-4.939557934,9.487561470679)
  );
#3368 = CARTESIAN_POINT('',(4.079584312106,-5.092426567117,
    9.539284450905));
#3369 = CARTESIAN_POINT('',(4.449001259577,-5.199652794193,
    9.590993447114));
#3370 = CARTESIAN_POINT('',(4.828494643173,-5.25921598509,9.642713991095
    ));
#3371 = CARTESIAN_POINT('',(5.210758277153,-5.270262044036,
    9.694464206946));
#3372 = CARTESIAN_POINT('',(5.968568700792,-5.196697294077,
    9.798323941483));
#3373 = CARTESIAN_POINT('',(6.344460017422,-5.111289972852,
    9.850490804065));
#3374 = CARTESIAN_POINT('',(6.708057687213,-4.978071355085,
    9.902638676249));
#3375 = CARTESIAN_POINT('',(7.052200073973,-4.79933882613,9.954780298006
    ));
#3376 = CARTESIAN_POINT('',(7.370308911581,-4.578503094128,
    10.00692684674));
#3377 = CARTESIAN_POINT('',(7.656370591894,-4.320104708725,
    10.059095053306));
#3378 = CARTESIAN_POINT('',(8.136416877564,-3.761069324604,
    10.159616552965));
#3379 = CARTESIAN_POINT('',(8.335797996012,-3.464512319804,
    10.208027445258));
#3380 = CARTESIAN_POINT('',(8.499349295303,-3.145190293437,
    10.256421132661));
#3381 = CARTESIAN_POINT('',(8.62411869855,-2.808357199941,
    10.304808475783));
#3382 = CARTESIAN_POINT('',(8.708055265892,-2.459577445992,
    10.353200795587));
#3383 = CARTESIAN_POINT('',(8.75,-2.104728879426,10.401610195078));
#3384 = CARTESIAN_POINT('',(8.75,-1.74999995,10.450003500719));
#3385 = PCURVE('',#1586,#3386);
#3386 = DEFINITIONAL_REPRESENTATION('',(#3387),#3450);
#3387 = B_SPLINE_CURVE_WITH_KNOTS('',7,(#3388,#3389,#3390,#3391,#3392,
    #3393,#3394,#3395,#3396,#3397,#3398,#3399,#3400,#3401,#3402,#3403,
    #3404,#3405,#3406,#3407,#3408,#3409,#3410,#3411,#3412,#3413,#3414,
    #3415,#3416,#3417,#3418,#3419,#3420,#3421,#3422,#3423,#3424,#3425,
    #3426,#3427,#3428,#3429,#3430,#3431,#3432,#3433,#3434,#3435,#3436,
    #3437,#3438,#3439,#3440,#3441,#3442,#3443,#3444,#3445,#3446,#3447,
    #3448,#3449),.UNSPECIFIED.,.F.,.F.,(8,6,6,6,6,6,6,6,6,6,8),(0.,
    9.946144247849E-02,0.207918910424,0.272813432731,0.39595638283,
    0.520849172872,0.583856565325,0.644703713073,0.765417752798,
    0.887084457749,1.),.UNSPECIFIED.);
#3388 = CARTESIAN_POINT('',(1.131364258906,34.813222078442));
#3389 = CARTESIAN_POINT('',(1.131358708827,34.912130674402));
#3390 = CARTESIAN_POINT('',(1.131353335637,35.011066749107));
#3391 = CARTESIAN_POINT('',(1.131349117276,35.109984767905));
#3392 = CARTESIAN_POINT('',(1.131347101923,35.208890099676));
#3393 = CARTESIAN_POINT('',(1.131347694318,35.307805589609));
#3394 = CARTESIAN_POINT('',(1.131350499767,35.406738664515));
#3395 = CARTESIAN_POINT('',(1.131359334114,35.613505453406));
#3396 = CARTESIAN_POINT('',(1.13136562546,35.721399485));
#3397 = CARTESIAN_POINT('',(1.131372643322,35.829266162071));
#3398 = CARTESIAN_POINT('',(1.131378682182,35.937115648532));
#3399 = CARTESIAN_POINT('',(1.131382496861,36.044982989973));
#3400 = CARTESIAN_POINT('',(1.131383839449,36.152877839673));
#3401 = CARTESIAN_POINT('',(1.131383015358,36.325268889229));
#3402 = CARTESIAN_POINT('',(1.131382038712,36.389809310463));
#3403 = CARTESIAN_POINT('',(1.131380512761,36.454350293919));
#3404 = CARTESIAN_POINT('',(1.131378654888,36.518892096422));
#3405 = CARTESIAN_POINT('',(1.131376728035,36.583436533126));
#3406 = CARTESIAN_POINT('',(1.131374976988,36.64798285319));
#3407 = CARTESIAN_POINT('',(1.131370853512,36.834994232699));
#3408 = CARTESIAN_POINT('',(1.131369342617,36.957535446027));
#3409 = CARTESIAN_POINT('',(1.13137001889,37.080016532164));
#3410 = CARTESIAN_POINT('',(1.13137308984,37.202481246736));
#3411 = CARTESIAN_POINT('',(1.131375566118,37.324965287125));
#3412 = CARTESIAN_POINT('',(1.131374935776,37.447510645965));
#3413 = CARTESIAN_POINT('',(1.131368105365,37.694194521997));
#3414 = CARTESIAN_POINT('',(1.131361778932,37.818485222722));
#3415 = CARTESIAN_POINT('',(1.131353096342,37.942711055483));
#3416 = CARTESIAN_POINT('',(1.131344156142,38.066916816853));
#3417 = CARTESIAN_POINT('',(1.131344128244,38.191138091043));
#3418 = CARTESIAN_POINT('',(1.131355205603,38.315422689794));
#3419 = CARTESIAN_POINT('',(1.131378000327,38.502293528245));
#3420 = CARTESIAN_POINT('',(1.131387033386,38.564956667821));
#3421 = CARTESIAN_POINT('',(1.131395862043,38.627620580901));
#3422 = CARTESIAN_POINT('',(1.13140309056,38.690285035316));
#3423 = CARTESIAN_POINT('',(1.13140752131,38.75294970384));
#3424 = CARTESIAN_POINT('',(1.13140815478,38.815614164192));
#3425 = CARTESIAN_POINT('',(1.131400360298,38.938793171678));
#3426 = CARTESIAN_POINT('',(1.131388731398,38.99931181725));
#3427 = CARTESIAN_POINT('',(1.13137682229,39.059831645449));
#3428 = CARTESIAN_POINT('',(1.131369496551,39.120351144608));
#3429 = CARTESIAN_POINT('',(1.131368961909,39.180869481697));
#3430 = CARTESIAN_POINT('',(1.131374770244,39.241386502324));
#3431 = CARTESIAN_POINT('',(1.131401766509,39.421960262938));
#3432 = CARTESIAN_POINT('',(1.131421056685,39.542078257441));
#3433 = CARTESIAN_POINT('',(1.131406635029,39.662144831745));
#3434 = CARTESIAN_POINT('',(1.131382962925,39.782194131976));
#3435 = CARTESIAN_POINT('',(1.131364595975,39.902261526834));
#3436 = CARTESIAN_POINT('',(1.131354262241,40.022384603194));
#3437 = CARTESIAN_POINT('',(1.131347464733,40.263441893071));
#3438 = CARTESIAN_POINT('',(1.131351056452,40.384509103903));
#3439 = CARTESIAN_POINT('',(1.131360504577,40.505522629267));
#3440 = CARTESIAN_POINT('',(1.131369103919,40.62652304109));
#3441 = CARTESIAN_POINT('',(1.131373479883,40.747541818862));
#3442 = CARTESIAN_POINT('',(1.131374686311,40.868616063454));
#3443 = CARTESIAN_POINT('',(1.131373711891,41.101916149499));
#3444 = CARTESIAN_POINT('',(1.131371784163,41.214275256473));
#3445 = CARTESIAN_POINT('',(1.131369611727,41.326594834529));
#3446 = CARTESIAN_POINT('',(1.131369197731,41.43889680247));
#3447 = CARTESIAN_POINT('',(1.131371067194,41.551206573288));
#3448 = CARTESIAN_POINT('',(1.13137413377,41.663554019444));
#3449 = CARTESIAN_POINT('',(1.131377218618,41.775864083696));
#3450 = ( GEOMETRIC_REPRESENTATION_CONTEXT(2) 
PARAMETRIC_REPRESENTATION_CONTEXT() REPRESENTATION_CONTEXT('2D SPACE',''
  ) );
#3451 = PCURVE('',#3452,#3457);
#3452 = CYLINDRICAL_SURFACE('',#3453,3.5);
#3453 = AXIS2_PLACEMENT_3D('',#3454,#3455,#3456);
#3454 = CARTESIAN_POINT('',(5.25,-1.74999995,-8.6499999));
#3455 = DIRECTION('',(0.,-0.,-1.));
#3456 = DIRECTION('',(1.,0.,0.));
#3457 = DEFINITIONAL_REPRESENTATION('',(#3458),#3521);
#3458 = B_SPLINE_CURVE_WITH_KNOTS('',7,(#3459,#3460,#3461,#3462,#3463,
    #3464,#3465,#3466,#3467,#3468,#3469,#3470,#3471,#3472,#3473,#3474,
    #3475,#3476,#3477,#3478,#3479,#3480,#3481,#3482,#3483,#3484,#3485,
    #3486,#3487,#3488,#3489,#3490,#3491,#3492,#3493,#3494,#3495,#3496,
    #3497,#3498,#3499,#3500,#3501,#3502,#3503,#3504,#3505,#3506,#3507,
    #3508,#3509,#3510,#3511,#3512,#3513,#3514,#3515,#3516,#3517,#3518,
    #3519,#3520),.UNSPECIFIED.,.F.,.F.,(8,6,6,6,6,6,6,6,6,6,8),(0.,
    9.946144247849E-02,0.207918910424,0.272813432731,0.39595638283,
    0.520849172872,0.583856565325,0.644703713073,0.765417752798,
    0.887084457749,1.),.UNSPECIFIED.);
#3459 = CARTESIAN_POINT('',(0.,-16.09999528608));
#3460 = CARTESIAN_POINT('',(-8.925606090237E-02,-16.1426081849));
#3461 = CARTESIAN_POINT('',(-0.178537133136,-16.18523304858));
#3462 = CARTESIAN_POINT('',(-0.267802176511,-16.22785094908));
#3463 = CARTESIAN_POINT('',(-0.357055960817,-16.27046494088));
#3464 = CARTESIAN_POINT('',(-0.446318940923,-16.31308515348));
#3465 = CARTESIAN_POINT('',(-0.535597651143,-16.3557145078));
#3466 = CARTESIAN_POINT('',(-0.722186734624,-16.44481052102));
#3467 = CARTESIAN_POINT('',(-0.819551502146,-16.49130335458));
#3468 = CARTESIAN_POINT('',(-0.916891261367,-16.53778491561));
#3469 = CARTESIAN_POINT('',(-1.014215236831,-16.58425837745));
#3470 = CARTESIAN_POINT('',(-1.111555290843,-16.63073795974));
#3471 = CARTESIAN_POINT('',(-1.208920449318,-16.67722764651));
#3472 = CARTESIAN_POINT('',(-1.364488154488,-16.75150532876));
#3473 = CARTESIAN_POINT('',(-1.422730338506,-16.77931321943));
#3474 = CARTESIAN_POINT('',(-1.480973212809,-16.80712096392));
#3475 = CARTESIAN_POINT('',(-1.53921702458,-16.83492882661));
#3476 = CARTESIAN_POINT('',(-1.597463398072,-16.86273777553));
#3477 = CARTESIAN_POINT('',(-1.655711612333,-16.89054766025));
#3478 = CARTESIAN_POINT('',(-1.824475592122,-16.97112248237));
#3479 = CARTESIAN_POINT('',(-1.935060288621,-17.02392084146));
#3480 = CARTESIAN_POINT('',(-2.04559059767,-17.07669484005));
#3481 = CARTESIAN_POINT('',(-2.15610535302,-17.12946347791));
#3482 = CARTESIAN_POINT('',(-2.266636198856,-17.1822400222));
#3483 = CARTESIAN_POINT('',(-2.377221413466,-17.23504079011));
#3484 = CARTESIAN_POINT('',(-2.599828807642,-17.34132483292));
#3485 = CARTESIAN_POINT('',(-2.711988309839,-17.39487358989));
#3486 = CARTESIAN_POINT('',(-2.824089553905,-17.4483927311));
#3487 = CARTESIAN_POINT('',(-2.936173921491,-17.50190304199));
#3488 = CARTESIAN_POINT('',(-3.048274104988,-17.55542633884));
#3489 = CARTESIAN_POINT('',(-3.160431855294,-17.60898477298));
#3490 = CARTESIAN_POINT('',(-3.329068517098,-17.68951807409));
#3491 = CARTESIAN_POINT('',(-3.385617125878,-17.71652417688));
#3492 = CARTESIAN_POINT('',(-3.442166200766,-17.74353046842));
#3493 = CARTESIAN_POINT('',(-3.498715476533,-17.77053586174));
#3494 = CARTESIAN_POINT('',(-3.555264688803,-17.797539369));
#3495 = CARTESIAN_POINT('',(-3.611813574044,-17.82454010148));
#3496 = CARTESIAN_POINT('',(-3.72297137426,-17.87760882427));
#3497 = CARTESIAN_POINT('',(-3.777584054094,-17.90367631706));
#3498 = CARTESIAN_POINT('',(-3.832197960446,-17.92974412127));
#3499 = CARTESIAN_POINT('',(-3.886811715409,-17.95581502464));
#3500 = CARTESIAN_POINT('',(-3.941424511801,-17.98189022934));
#3501 = CARTESIAN_POINT('',(-3.996036113166,-18.00796935197));
#3502 = CARTESIAN_POINT('',(-4.158988548581,-18.08579239721));
#3503 = CARTESIAN_POINT('',(-4.267383983908,-18.13756137067));
#3504 = CARTESIAN_POINT('',(-4.375731669055,-18.1892843509));
#3505 = CARTESIAN_POINT('',(-4.484066814878,-18.24099334711));
#3506 = CARTESIAN_POINT('',(-4.592418871687,-18.29271389109));
#3507 = CARTESIAN_POINT('',(-4.700821133242,-18.34446410694));
#3508 = CARTESIAN_POINT('',(-4.91835619457,-18.44832384148));
#3509 = CARTESIAN_POINT('',(-5.027609023985,-18.50049070406));
#3510 = CARTESIAN_POINT('',(-5.136812132351,-18.55263857624));
#3511 = CARTESIAN_POINT('',(-5.24600223262,-18.604780198));
#3512 = CARTESIAN_POINT('',(-5.355208985507,-18.65692674674));
#3513 = CARTESIAN_POINT('',(-5.464466480946,-18.7090949533));
#3514 = CARTESIAN_POINT('',(-5.674998362692,-18.80961645296));
#3515 = CARTESIAN_POINT('',(-5.776392884886,-18.85802734525));
#3516 = CARTESIAN_POINT('',(-5.877752638375,-18.90642103266));
#3517 = CARTESIAN_POINT('',(-5.979097182007,-18.95480837578));
#3518 = CARTESIAN_POINT('',(-6.080448842223,-19.00320069558));
#3519 = CARTESIAN_POINT('',(-6.181834184486,-19.05161009507));
#3520 = CARTESIAN_POINT('',(-6.28318530718,-19.10000340071));
#3521 = ( GEOMETRIC_REPRESENTATION_CONTEXT(2) 
PARAMETRIC_REPRESENTATION_CONTEXT() REPRESENTATION_CONTEXT('2D SPACE',''
  ) );
#3522 = ORIENTED_EDGE('',*,*,#3523,.T.);
#3523 = EDGE_CURVE('',#3319,#2351,#3524,.T.);
#3524 = SURFACE_CURVE('',#3525,(#3588,#3654),.PCURVE_S1.);
#3525 = B_SPLINE_CURVE_WITH_KNOTS('',7,(#3526,#3527,#3528,#3529,#3530,
    #3531,#3532,#3533,#3534,#3535,#3536,#3537,#3538,#3539,#3540,#3541,
    #3542,#3543,#3544,#3545,#3546,#3547,#3548,#3549,#3550,#3551,#3552,
    #3553,#3554,#3555,#3556,#3557,#3558,#3559,#3560,#3561,#3562,#3563,
    #3564,#3565,#3566,#3567,#3568,#3569,#3570,#3571,#3572,#3573,#3574,
    #3575,#3576,#3577,#3578,#3579,#3580,#3581,#3582,#3583,#3584,#3585,
    #3586,#3587),.UNSPECIFIED.,.F.,.F.,(8,6,6,6,6,6,6,6,6,6,8),(0.,
    0.11207490144,0.224405716994,0.343414907131,0.468944613477,
    0.569892694133,0.674687651862,0.75452683253,0.816794226251,
    0.907233723507,1.),.UNSPECIFIED.);
#3526 = CARTESIAN_POINT('',(8.75,-1.74999995,10.450003500719));
#3527 = CARTESIAN_POINT('',(8.75,-1.403920890542,10.497216762202));
#3528 = CARTESIAN_POINT('',(8.710076033627,-1.057696088305,
    10.544450143354));
#3529 = CARTESIAN_POINT('',(8.630170504654,-0.717104233704,
    10.591668524835));
#3530 = CARTESIAN_POINT('',(8.511342788172,-0.387627703208,
    10.638879792378));
#3531 = CARTESIAN_POINT('',(8.355465401433,-7.444652720753E-02,
    10.686093486243));
#3532 = CARTESIAN_POINT('',(8.165219161228,0.217557098652,
    10.733320420192));
#3533 = CARTESIAN_POINT('',(7.722899672548,0.751019514921,
    10.827848626301));
#3534 = CARTESIAN_POINT('',(7.470519543119,0.992562422219,
    10.875185466365));
#3535 = CARTESIAN_POINT('',(7.190840019996,1.204099874676,
    10.922507783736));
#3536 = CARTESIAN_POINT('',(6.888207650358,1.382064620579,
    10.969825673693));
#3537 = CARTESIAN_POINT('',(6.567406685249,1.523647974258,
    11.017149974678));
#3538 = CARTESIAN_POINT('',(6.233660015003,1.626794651806,
    11.064490404928));
#3539 = CARTESIAN_POINT('',(5.531414656532,1.757972066826,
    11.161952988427));
#3540 = CARTESIAN_POINT('',(5.16171600642,1.781230757337,11.212116721995
    ));
#3541 = CARTESIAN_POINT('',(4.790385668567,1.758919916092,
    11.262261462202));
#3542 = CARTESIAN_POINT('',(4.424108714774,1.691172523325,
    11.312399351765));
#3543 = CARTESIAN_POINT('',(4.069364370551,1.57918685664,11.362541551905
    ));
#3544 = CARTESIAN_POINT('',(3.732443228323,1.425229800719,
    11.412701478306));
#3545 = CARTESIAN_POINT('',(3.088838610371,1.03022478573,11.515716871084
    ));
#3546 = CARTESIAN_POINT('',(2.784451595254,0.784638878567,
    11.568628999632));
#3547 = CARTESIAN_POINT('',(2.513101127454,0.500433473349,11.62151405346
    ));
#3548 = CARTESIAN_POINT('',(2.280440672693,0.183074423337,
    11.674391679484));
#3549 = CARTESIAN_POINT('',(2.091038193105,-0.161202624136,
    11.72727851932));
#3550 = CARTESIAN_POINT('',(1.948401668639,-0.525368306319,
    11.780192999927));
#3551 = CARTESIAN_POINT('',(1.778839883479,-1.20389572154,
    11.875604509925));
#3552 = CARTESIAN_POINT('',(1.734675863506,-1.51424224674,
    11.918139834219));
#3553 = CARTESIAN_POINT('',(1.722954083589,-1.828458820562,
    11.960666389434));
#3554 = CARTESIAN_POINT('',(1.743982758241,-2.142506277002,
    12.00318718992));
#3555 = CARTESIAN_POINT('',(1.797495863824,-2.452363749065,
    12.045712172748));
#3556 = CARTESIAN_POINT('',(1.882650724691,-2.754060353156,
    12.088244858322));
#3557 = CARTESIAN_POINT('',(2.117496816109,-3.344412007583,
    12.174911645857));
#3558 = CARTESIAN_POINT('',(2.269583909378,-3.632283161428,
    12.219066678311));
#3559 = CARTESIAN_POINT('',(2.452433687008,-3.902960545935,
    12.26321231156));
#3560 = CARTESIAN_POINT('',(2.663650615731,-4.152582468894,
    12.307354731132));
#3561 = CARTESIAN_POINT('',(2.90031846879,-4.377708042553,
    12.351507597448));
#3562 = CARTESIAN_POINT('',(3.159030182092,-4.575344888295,
    12.395674139709));
#3563 = CARTESIAN_POINT('',(3.646622353364,-4.870892141664,
    12.473472150525));
#3564 = CARTESIAN_POINT('',(3.867995709073,-4.981376889296,
    12.507116833681));
#3565 = CARTESIAN_POINT('',(4.098147214909,-5.073487427213,
    12.540757382994));
#3566 = CARTESIAN_POINT('',(4.33524267272,-5.146402090828,12.5743909638)
  );
#3567 = CARTESIAN_POINT('',(4.577374208672,-5.199536150786,
    12.608018532878));
#3568 = CARTESIAN_POINT('',(4.822569369039,-5.232541496986,
    12.641643931319));
#3569 = CARTESIAN_POINT('',(5.260838172366,-5.255261740659,
    12.701500614437));
#3570 = CARTESIAN_POINT('',(5.453512586752,-5.252907931341,
    12.72773486948));
#3571 = CARTESIAN_POINT('',(5.645869868386,-5.238196486242,12.7539730201
    ));
#3572 = CARTESIAN_POINT('',(5.836965752185,-5.211169440085,
    12.780212612689));
#3573 = CARTESIAN_POINT('',(6.025865298758,-5.171959270712,
    12.806451462454));
#3574 = CARTESIAN_POINT('',(6.211642894401,-5.120788899084,
    12.832687653417));
#3575 = CARTESIAN_POINT('',(6.657347306798,-4.966733618527,
    12.897019711702));
#3576 = CARTESIAN_POINT('',(6.928711345325,-4.845428991931,
    12.937408363518));
#3577 = CARTESIAN_POINT('',(7.197382846901,-4.691576526754,
    12.979289573027));
#3578 = CARTESIAN_POINT('',(7.454215228515,-4.505733986362,
    13.022080168433));
#3579 = CARTESIAN_POINT('',(7.691148660262,-4.291401777103,
    13.065249098865));
#3580 = CARTESIAN_POINT('',(7.901520280193,-4.05504527408,
    13.108199607416));
#3581 = CARTESIAN_POINT('',(8.266184573564,-3.553139598997,
    13.192832264808));
#3582 = CARTESIAN_POINT('',(8.424266263373,-3.279601545745,
    13.235699659993));
#3583 = CARTESIAN_POINT('',(8.553247440711,-2.990107927565,
    13.278561859349));
#3584 = CARTESIAN_POINT('',(8.651288225116,-2.688381921015,
    13.321419939291));
#3585 = CARTESIAN_POINT('',(8.717107795862,-2.378352965602,
    13.364282280241));
#3586 = CARTESIAN_POINT('',(8.75,-2.064126794484,13.407150528153));
#3587 = CARTESIAN_POINT('',(8.75,-1.74999995,13.450004119683));
#3588 = PCURVE('',#1586,#3589);
#3589 = DEFINITIONAL_REPRESENTATION('',(#3590),#3653);
#3590 = B_SPLINE_CURVE_WITH_KNOTS('',7,(#3591,#3592,#3593,#3594,#3595,
    #3596,#3597,#3598,#3599,#3600,#3601,#3602,#3603,#3604,#3605,#3606,
    #3607,#3608,#3609,#3610,#3611,#3612,#3613,#3614,#3615,#3616,#3617,
    #3618,#3619,#3620,#3621,#3622,#3623,#3624,#3625,#3626,#3627,#3628,
    #3629,#3630,#3631,#3632,#3633,#3634,#3635,#3636,#3637,#3638,#3639,
    #3640,#3641,#3642,#3643,#3644,#3645,#3646,#3647,#3648,#3649,#3650,
    #3651,#3652),.UNSPECIFIED.,.F.,.F.,(8,6,6,6,6,6,6,6,6,6,8),(0.,
    0.11207490144,0.224405716994,0.343414907131,0.468944613477,
    0.569892694133,0.674687651862,0.75452683253,0.816794226251,
    0.907233723507,1.),.UNSPECIFIED.);
#3591 = CARTESIAN_POINT('',(1.131377218618,41.775864083696));
#3592 = CARTESIAN_POINT('',(1.131380228244,41.885435528762));
#3593 = CARTESIAN_POINT('',(1.131383251901,41.995053646168));
#3594 = CARTESIAN_POINT('',(1.13138518473,42.104638741287));
#3595 = CARTESIAN_POINT('',(1.131384658118,42.214211362013));
#3596 = CARTESIAN_POINT('',(1.131381272763,42.323794305454));
#3597 = CARTESIAN_POINT('',(1.131375979629,42.433411108434));
#3598 = CARTESIAN_POINT('',(1.131364042982,42.652819460692));
#3599 = CARTESIAN_POINT('',(1.131357395277,42.76269356574));
#3600 = CARTESIAN_POINT('',(1.131351325959,42.87253301614));
#3601 = CARTESIAN_POINT('',(1.131347488913,42.982358527638));
#3602 = CARTESIAN_POINT('',(1.131346948182,43.092193508756));
#3603 = CARTESIAN_POINT('',(1.131349322143,43.202061140654));
#3604 = CARTESIAN_POINT('',(1.131358193207,43.428245687315));
#3605 = CARTESIAN_POINT('',(1.131364927902,43.544658715153));
#3606 = CARTESIAN_POINT('',(1.1313726697,43.661026008885));
#3607 = CARTESIAN_POINT('',(1.131379386779,43.777379084759));
#3608 = CARTESIAN_POINT('',(1.131383204096,43.893746923803));
#3609 = CARTESIAN_POINT('',(1.131384157621,44.010160603196));
#3610 = CARTESIAN_POINT('',(1.131381973509,44.249250704833));
#3611 = CARTESIAN_POINT('',(1.131378611772,44.372059001037));
#3612 = CARTESIAN_POINT('',(1.131373999294,44.494806512625));
#3613 = CARTESIAN_POINT('',(1.131370283185,44.617535314121));
#3614 = CARTESIAN_POINT('',(1.131369547833,44.740280608033));
#3615 = CARTESIAN_POINT('',(1.131370714443,44.863086931571));
#3616 = CARTESIAN_POINT('',(1.131373296499,45.084521500681));
#3617 = CARTESIAN_POINT('',(1.131374599376,45.183238808922));
#3618 = CARTESIAN_POINT('',(1.13137528424,45.281936779398));
#3619 = CARTESIAN_POINT('',(1.131373968484,45.380624677068));
#3620 = CARTESIAN_POINT('',(1.131370114681,45.479326446674));
#3621 = CARTESIAN_POINT('',(1.1313645872,45.578048840127));
#3622 = CARTESIAN_POINT('',(1.131353826869,45.779209841146));
#3623 = CARTESIAN_POINT('',(1.131348664388,45.881696910422));
#3624 = CARTESIAN_POINT('',(1.131345476358,45.98415892496));
#3625 = CARTESIAN_POINT('',(1.131348003293,46.086604102054));
#3626 = CARTESIAN_POINT('',(1.131357896057,46.189061436678));
#3627 = CARTESIAN_POINT('',(1.131372716524,46.291542424645));
#3628 = CARTESIAN_POINT('',(1.131396319057,46.472063652782));
#3629 = CARTESIAN_POINT('',(1.131405488798,46.550133926264));
#3630 = CARTESIAN_POINT('',(1.131412057301,46.628198874479));
#3631 = CARTESIAN_POINT('',(1.13141150756,46.706259331436));
#3632 = CARTESIAN_POINT('',(1.131401001141,46.784322175923));
#3633 = CARTESIAN_POINT('',(1.131384008947,46.862390626531));
#3634 = CARTESIAN_POINT('',(1.131367870564,47.00133737874));
#3635 = CARTESIAN_POINT('',(1.131371641564,47.06221778679));
#3636 = CARTESIAN_POINT('',(1.131380922914,47.123098192922));
#3637 = CARTESIAN_POINT('',(1.131391476191,47.183979858326));
#3638 = CARTESIAN_POINT('',(1.131400156617,47.244862873285));
#3639 = CARTESIAN_POINT('',(1.131404913056,47.305746157167));
#3640 = CARTESIAN_POINT('',(1.131404606415,47.455053743037));
#3641 = CARTESIAN_POINT('',(1.131396627993,47.548804110492));
#3642 = CARTESIAN_POINT('',(1.131380517998,47.646031872269));
#3643 = CARTESIAN_POINT('',(1.131364097088,47.745370721212));
#3644 = CARTESIAN_POINT('',(1.131354343439,47.845576699182));
#3645 = CARTESIAN_POINT('',(1.131350088199,47.945266722358));
#3646 = CARTESIAN_POINT('',(1.131349676214,48.141689765624));
#3647 = CARTESIAN_POINT('',(1.131353681112,48.241173336729));
#3648 = CARTESIAN_POINT('',(1.131360476644,48.340640269196));
#3649 = CARTESIAN_POINT('',(1.131366998297,48.440098090461));
#3650 = CARTESIAN_POINT('',(1.131371351283,48.53956936004));
#3651 = CARTESIAN_POINT('',(1.131373542112,48.639057887314));
#3652 = CARTESIAN_POINT('',(1.131374130349,48.738515028893));
#3653 = ( GEOMETRIC_REPRESENTATION_CONTEXT(2) 
PARAMETRIC_REPRESENTATION_CONTEXT() REPRESENTATION_CONTEXT('2D SPACE',''
  ) );
#3654 = PCURVE('',#2367,#3655);
#3655 = DEFINITIONAL_REPRESENTATION('',(#3656),#3719);
#3656 = B_SPLINE_CURVE_WITH_KNOTS('',7,(#3657,#3658,#3659,#3660,#3661,
    #3662,#3663,#3664,#3665,#3666,#3667,#3668,#3669,#3670,#3671,#3672,
    #3673,#3674,#3675,#3676,#3677,#3678,#3679,#3680,#3681,#3682,#3683,
    #3684,#3685,#3686,#3687,#3688,#3689,#3690,#3691,#3692,#3693,#3694,
    #3695,#3696,#3697,#3698,#3699,#3700,#3701,#3702,#3703,#3704,#3705,
    #3706,#3707,#3708,#3709,#3710,#3711,#3712,#3713,#3714,#3715,#3716,
    #3717,#3718),.UNSPECIFIED.,.F.,.F.,(8,6,6,6,6,6,6,6,6,6,8),(0.,
    0.11207490144,0.224405716994,0.343414907131,0.468944613477,
    0.569892694133,0.674687651862,0.75452683253,0.816794226251,
    0.907233723507,1.),.UNSPECIFIED.);
#3657 = CARTESIAN_POINT('',(0.,-19.10000340071));
#3658 = CARTESIAN_POINT('',(-9.887973127375E-02,-19.1472166622));
#3659 = CARTESIAN_POINT('',(-0.197801119096,-19.19445004335));
#3660 = CARTESIAN_POINT('',(-0.296692090924,-19.24166842483));
#3661 = CARTESIAN_POINT('',(-0.395571246932,-19.28887969237));
#3662 = CARTESIAN_POINT('',(-0.494459498089,-19.33609338624));
#3663 = CARTESIAN_POINT('',(-0.593378360819,-19.38332032019));
#3664 = CARTESIAN_POINT('',(-0.791374171873,-19.4778485263));
#3665 = CARTESIAN_POINT('',(-0.890525620255,-19.52518536636));
#3666 = CARTESIAN_POINT('',(-0.989646133441,-19.57250768373));
#3667 = CARTESIAN_POINT('',(-1.088754414676,-19.61982557369));
#3668 = CARTESIAN_POINT('',(-1.187871350177,-19.66714987467));
#3669 = CARTESIAN_POINT('',(-1.287017628338,-19.71449030492));
#3670 = CARTESIAN_POINT('',(-1.491129653942,-19.81195288842));
#3671 = CARTESIAN_POINT('',(-1.596182106805,-19.86211662199));
#3672 = CARTESIAN_POINT('',(-1.701192912594,-19.9122613622));
#3673 = CARTESIAN_POINT('',(-1.806190524874,-19.96239925176));
#3674 = CARTESIAN_POINT('',(-1.911201454088,-20.0125414519));
#3675 = CARTESIAN_POINT('',(-2.016254121934,-20.0627013783));
#3676 = CARTESIAN_POINT('',(-2.232012086502,-20.16571677108));
#3677 = CARTESIAN_POINT('',(-2.342836448811,-20.21862889963));
#3678 = CARTESIAN_POINT('',(-2.453606720715,-20.27151395346));
#3679 = CARTESIAN_POINT('',(-2.56436083326,-20.32439157948));
#3680 = CARTESIAN_POINT('',(-2.675129900295,-20.37727841932));
#3681 = CARTESIAN_POINT('',(-2.785953421471,-20.43019289992));
#3682 = CARTESIAN_POINT('',(-2.985780010005,-20.52560440992));
#3683 = CARTESIAN_POINT('',(-3.074863752134,-20.56813973421));
#3684 = CARTESIAN_POINT('',(-3.163929356295,-20.61066628943));
#3685 = CARTESIAN_POINT('',(-3.252985227344,-20.65318708992));
#3686 = CARTESIAN_POINT('',(-3.342053305224,-20.69571207274));
#3687 = CARTESIAN_POINT('',(-3.431140171812,-20.73824475832));
#3688 = CARTESIAN_POINT('',(-3.612668325032,-20.82491154585));
#3689 = CARTESIAN_POINT('',(-3.705153381576,-20.86906657831));
#3690 = CARTESIAN_POINT('',(-3.797616623516,-20.91321221156));
#3691 = CARTESIAN_POINT('',(-3.890065612261,-20.95735463113));
#3692 = CARTESIAN_POINT('',(-3.982526035197,-21.00150749744));
#3693 = CARTESIAN_POINT('',(-4.07500742935,-21.0456740397));
#3694 = CARTESIAN_POINT('',(-4.237913262788,-21.12347205052));
#3695 = CARTESIAN_POINT('',(-4.308365121993,-21.15711673368));
#3696 = CARTESIAN_POINT('',(-4.378811539592,-21.19075728299));
#3697 = CARTESIAN_POINT('',(-4.449253621522,-21.2243908638));
#3698 = CARTESIAN_POINT('',(-4.519698150047,-21.25801843287));
#3699 = CARTESIAN_POINT('',(-4.590148317277,-21.29164383131));
#3700 = CARTESIAN_POINT('',(-4.715536124985,-21.35150051443));
#3701 = CARTESIAN_POINT('',(-4.770475666286,-21.37773476948));
#3702 = CARTESIAN_POINT('',(-4.825415116509,-21.4039729201));
#3703 = CARTESIAN_POINT('',(-4.880355529092,-21.43021251268));
#3704 = CARTESIAN_POINT('',(-4.935296976983,-21.45645136245));
#3705 = CARTESIAN_POINT('',(-4.990238552643,-21.48268755341));
#3706 = CARTESIAN_POINT('',(-5.124975015807,-21.5470196117));
#3707 = CARTESIAN_POINT('',(-5.209576312076,-21.58740826351));
#3708 = CARTESIAN_POINT('',(-5.297316224539,-21.62928947302));
#3709 = CARTESIAN_POINT('',(-5.386962309469,-21.67208006843));
#3710 = CARTESIAN_POINT('',(-5.477390955564,-21.71524899886));
#3711 = CARTESIAN_POINT('',(-5.567353541275,-21.75819950741));
#3712 = CARTESIAN_POINT('',(-5.744609116828,-21.8428321648));
#3713 = CARTESIAN_POINT('',(-5.834384227392,-21.88569955999));
#3714 = CARTESIAN_POINT('',(-5.924143509284,-21.92856175934));
#3715 = CARTESIAN_POINT('',(-6.013893970646,-21.97141983929));
#3716 = CARTESIAN_POINT('',(-6.103656427785,-22.01428218024));
#3717 = CARTESIAN_POINT('',(-6.193434780184,-22.05715042815));
#3718 = CARTESIAN_POINT('',(-6.28318530718,-22.10000401968));
#3719 = ( GEOMETRIC_REPRESENTATION_CONTEXT(2) 
PARAMETRIC_REPRESENTATION_CONTEXT() REPRESENTATION_CONTEXT('2D SPACE',''
  ) );
#3720 = ORIENTED_EDGE('',*,*,#2379,.T.);
#3721 = ORIENTED_EDGE('',*,*,#1522,.T.);
#3722 = ADVANCED_FACE('',(#3723),#2367,.F.);
#3723 = FACE_BOUND('',#3724,.T.);
#3724 = EDGE_LOOP('',(#3725,#3726,#3749,#3956));
#3725 = ORIENTED_EDGE('',*,*,#3523,.F.);
#3726 = ORIENTED_EDGE('',*,*,#3727,.T.);
#3727 = EDGE_CURVE('',#3319,#3728,#3730,.T.);
#3728 = VERTEX_POINT('',#3729);
#3729 = CARTESIAN_POINT('',(8.75,-1.74999995,11.24999815314));
#3730 = SURFACE_CURVE('',#3731,(#3735,#3742),.PCURVE_S1.);
#3731 = LINE('',#3732,#3733);
#3732 = CARTESIAN_POINT('',(8.75,-1.74999995,-8.6499999));
#3733 = VECTOR('',#3734,1.);
#3734 = DIRECTION('',(0.,0.,1.));
#3735 = PCURVE('',#2367,#3736);
#3736 = DEFINITIONAL_REPRESENTATION('',(#3737),#3741);
#3737 = LINE('',#3738,#3739);
#3738 = CARTESIAN_POINT('',(-0.,0.));
#3739 = VECTOR('',#3740,1.);
#3740 = DIRECTION('',(-0.,-1.));
#3741 = ( GEOMETRIC_REPRESENTATION_CONTEXT(2) 
PARAMETRIC_REPRESENTATION_CONTEXT() REPRESENTATION_CONTEXT('2D SPACE',''
  ) );
#3742 = PCURVE('',#3452,#3743);
#3743 = DEFINITIONAL_REPRESENTATION('',(#3744),#3748);
#3744 = LINE('',#3745,#3746);
#3745 = CARTESIAN_POINT('',(-6.28318530718,0.));
#3746 = VECTOR('',#3747,1.);
#3747 = DIRECTION('',(-0.,-1.));
#3748 = ( GEOMETRIC_REPRESENTATION_CONTEXT(2) 
PARAMETRIC_REPRESENTATION_CONTEXT() REPRESENTATION_CONTEXT('2D SPACE',''
  ) );
#3749 = ORIENTED_EDGE('',*,*,#3750,.T.);
#3750 = EDGE_CURVE('',#3728,#2116,#3751,.T.);
#3751 = SURFACE_CURVE('',#3752,(#3818,#3887),.PCURVE_S1.);
#3752 = B_SPLINE_CURVE_WITH_KNOTS('',8,(#3753,#3754,#3755,#3756,#3757,
    #3758,#3759,#3760,#3761,#3762,#3763,#3764,#3765,#3766,#3767,#3768,
    #3769,#3770,#3771,#3772,#3773,#3774,#3775,#3776,#3777,#3778,#3779,
    #3780,#3781,#3782,#3783,#3784,#3785,#3786,#3787,#3788,#3789,#3790,
    #3791,#3792,#3793,#3794,#3795,#3796,#3797,#3798,#3799,#3800,#3801,
    #3802,#3803,#3804,#3805,#3806,#3807,#3808,#3809,#3810,#3811,#3812,
    #3813,#3814,#3815,#3816,#3817),.UNSPECIFIED.,.F.,.F.,(9,7,7,7,7,7,7,
    7,7,9),(0.,0.106865910587,0.205089261127,0.322096015833,
    0.476456757113,0.600815819632,0.723520697546,0.83744672198,
    0.917397175998,1.),.UNSPECIFIED.);
#3753 = CARTESIAN_POINT('',(8.75,-1.74999995,11.24999815314));
#3754 = CARTESIAN_POINT('',(8.75,-1.456279432387,11.290067124171));
#3755 = CARTESIAN_POINT('',(8.721829496864,-1.162501284057,
    11.330144688018));
#3756 = CARTESIAN_POINT('',(8.665470137172,-0.871917318809,
    11.370216824938));
#3757 = CARTESIAN_POINT('',(8.58137627934,-0.587670037659,
    11.410284885467));
#3758 = CARTESIAN_POINT('',(8.470393110723,-0.312787668814,
    11.450354038708));
#3759 = CARTESIAN_POINT('',(8.333733594852,-5.018105341232E-02,
    11.490428914149));
#3760 = CARTESIAN_POINT('',(8.173007577673,0.197379879231,
    11.530508580674));
#3761 = CARTESIAN_POINT('',(7.822361576654,0.638687799247,
    11.607397304434));
#3762 = CARTESIAN_POINT('',(7.635755977564,0.835290828767,
    11.644230013067));
#3763 = CARTESIAN_POINT('',(7.432044891927,1.015141493513,
    11.681059615721));
#3764 = CARTESIAN_POINT('',(7.213007956596,1.176521017122,
    11.717885124509));
#3765 = CARTESIAN_POINT('',(6.980598591954,1.317953701738,
    11.754710791844));
#3766 = CARTESIAN_POINT('',(6.736923192467,1.438197445698,11.79154098673
    ));
#3767 = CARTESIAN_POINT('',(6.484240053548,1.536262822261,
    11.828375235766));
#3768 = CARTESIAN_POINT('',(5.916136936641,1.701038827375,
    11.909074334646));
#3769 = CARTESIAN_POINT('',(5.597763073601,1.758224222773,
    11.952964431031));
#3770 = CARTESIAN_POINT('',(5.274009150286,1.781764826346,
    11.996845895615));
#3771 = CARTESIAN_POINT('',(4.949038805148,1.771150533697,
    12.040719261565));
#3772 = CARTESIAN_POINT('',(4.626980586302,1.726461841491,
    12.084591722887));
#3773 = CARTESIAN_POINT('',(4.311916939595,1.648319833526,
    12.128470721747));
#3774 = CARTESIAN_POINT('',(4.007864804197,1.537933742862,12.17235740958
    ));
#3775 = CARTESIAN_POINT('',(3.337230600026,1.211635633266,
    12.274096172728));
#3776 = CARTESIAN_POINT('',(2.980962924312,0.972939499314,
    12.332041561132));
#3777 = CARTESIAN_POINT('',(2.659350102792,0.685451470445,
    12.389942712593));
#3778 = CARTESIAN_POINT('',(2.379918308992,0.3553211586,12.447815742834)
  );
#3779 = CARTESIAN_POINT('',(2.148958384931,-1.034967192201E-02,
    12.505689747281));
#3780 = CARTESIAN_POINT('',(1.971340885411,-0.403425353032,
    12.563591828921));
#3781 = CARTESIAN_POINT('',(1.850652508429,-0.814896328471,
    12.621537610929));
#3782 = CARTESIAN_POINT('',(1.737830066431,-1.57257226403,
    12.726041474168));
#3783 = CARTESIAN_POINT('',(1.725193427293,-1.916431365877,
    12.772694554474));
#3784 = CARTESIAN_POINT('',(1.751098006272,-2.260913677977,12.8193347516
    ));
#3785 = CARTESIAN_POINT('',(1.81542067353,-2.600972010223,
    12.865963216192));
#3786 = CARTESIAN_POINT('',(1.917302320985,-2.931722683774,
    12.91259004158));
#3787 = CARTESIAN_POINT('',(2.055221359326,-3.248447609561,
    12.959226265571));
#3788 = CARTESIAN_POINT('',(2.226931467004,-3.546629548757,
    13.005875398147));
#3789 = CARTESIAN_POINT('',(2.628937542013,-4.093878294282,
    13.09850701709));
#3790 = CARTESIAN_POINT('',(2.858619674127,-4.343812340124,
    13.144535295728));
#3791 = CARTESIAN_POINT('',(3.115401458148,-4.567808864541,
    13.190552998757));
#3792 = CARTESIAN_POINT('',(3.395799600103,-4.76250479975,
    13.236563252459));
#3793 = CARTESIAN_POINT('',(3.695940152231,-4.925132711252,
    13.282575941142));
#3794 = CARTESIAN_POINT('',(4.011606908109,-5.053476560778,
    13.328599257484));
#3795 = CARTESIAN_POINT('',(4.338222466724,-5.145937680326,
    13.37463222018));
#3796 = CARTESIAN_POINT('',(4.979609772857,-5.253559413852,
    13.463352439614));
#3797 = CARTESIAN_POINT('',(5.293823943769,-5.273822124885,13.506080363)
  );
#3798 = CARTESIAN_POINT('',(5.609520211714,-5.261830755786,
    13.548796447542));
#3799 = CARTESIAN_POINT('',(5.922829387865,-5.217543371017,
    13.591501775454));
#3800 = CARTESIAN_POINT('',(6.229968862856,-5.14144212641,
    13.634205722681));
#3801 = CARTESIAN_POINT('',(6.527245300217,-5.034492253663,
    13.67692041291));
#3802 = CARTESIAN_POINT('',(6.811077037138,-4.898184868099,
    13.719651700402));
#3803 = CARTESIAN_POINT('',(7.265444180021,-4.619889023011,
    13.792349635485));
#3804 = CARTESIAN_POINT('',(7.44461376512,-4.491662530227,
    13.822335787193));
#3805 = CARTESIAN_POINT('',(7.614415291977,-4.350677528195,
    13.852329418797));
#3806 = CARTESIAN_POINT('',(7.773791040995,-4.197743514615,
    13.882312071638));
#3807 = CARTESIAN_POINT('',(7.921777756012,-4.033764479069,
    13.912277496942));
#3808 = CARTESIAN_POINT('',(8.05750283254,-3.859732540788,
    13.942239438375));
#3809 = CARTESIAN_POINT('',(8.180191001272,-3.676725416018,
    13.972216148997));
#3810 = CARTESIAN_POINT('',(8.401787791067,-3.28875960406,
    14.033161578394));
#3811 = CARTESIAN_POINT('',(8.499784696023,-3.083252112837,
    14.064137055954));
#3812 = CARTESIAN_POINT('',(8.582434698467,-2.870670357624,
    14.095114876366));
#3813 = CARTESIAN_POINT('',(8.649155027531,-2.65235250494,
    14.126093663278));
#3814 = CARTESIAN_POINT('',(8.699502461873,-2.42968245244,
    14.157073422809));
#3815 = CARTESIAN_POINT('',(8.733170656603,-2.204084995947,
    14.188054322225));
#3816 = CARTESIAN_POINT('',(8.75,-1.977023482582,14.219034687407));
#3817 = CARTESIAN_POINT('',(8.75,-1.74999995,14.250008219113));
#3818 = PCURVE('',#2367,#3819);
#3819 = DEFINITIONAL_REPRESENTATION('',(#3820),#3886);
#3820 = B_SPLINE_CURVE_WITH_KNOTS('',8,(#3821,#3822,#3823,#3824,#3825,
    #3826,#3827,#3828,#3829,#3830,#3831,#3832,#3833,#3834,#3835,#3836,
    #3837,#3838,#3839,#3840,#3841,#3842,#3843,#3844,#3845,#3846,#3847,
    #3848,#3849,#3850,#3851,#3852,#3853,#3854,#3855,#3856,#3857,#3858,
    #3859,#3860,#3861,#3862,#3863,#3864,#3865,#3866,#3867,#3868,#3869,
    #3870,#3871,#3872,#3873,#3874,#3875,#3876,#3877,#3878,#3879,#3880,
    #3881,#3882,#3883,#3884,#3885),.UNSPECIFIED.,.F.,.F.,(9,7,7,7,7,7,7,
    7,7,9),(0.,0.106865910587,0.205089261127,0.322096015833,
    0.476456757113,0.600815819632,0.723520697546,0.83744672198,
    0.917397175998,1.),.UNSPECIFIED.);
#3821 = CARTESIAN_POINT('',(0.,-19.89999805314));
#3822 = CARTESIAN_POINT('',(-8.392014788954E-02,-19.94006702417));
#3823 = CARTESIAN_POINT('',(-0.16785676883,-19.98014458801));
#3824 = CARTESIAN_POINT('',(-0.251781330425,-20.02021672493));
#3825 = CARTESIAN_POINT('',(-0.335698085314,-20.06028478546));
#3826 = CARTESIAN_POINT('',(-0.41961897058,-20.1003539387));
#3827 = CARTESIAN_POINT('',(-0.503553939352,-20.14042881414));
#3828 = CARTESIAN_POINT('',(-0.587500418142,-20.18050848067));
#3829 = CARTESIAN_POINT('',(-0.748544282948,-20.25739720443));
#3830 = CARTESIAN_POINT('',(-0.825691103738,-20.29422991306));
#3831 = CARTESIAN_POINT('',(-0.902831263211,-20.33105951572));
#3832 = CARTESIAN_POINT('',(-0.979961722603,-20.3678850245));
#3833 = CARTESIAN_POINT('',(-1.057090564457,-20.40471069184));
#3834 = CARTESIAN_POINT('',(-1.134226533235,-20.44154088673));
#3835 = CARTESIAN_POINT('',(-1.211368739125,-20.47837513576));
#3836 = CARTESIAN_POINT('',(-1.380373577433,-20.55907423464));
#3837 = CARTESIAN_POINT('',(-1.472288350902,-20.60296433103));
#3838 = CARTESIAN_POINT('',(-1.564183410811,-20.64684579561));
#3839 = CARTESIAN_POINT('',(-1.656061499932,-20.69071916156));
#3840 = CARTESIAN_POINT('',(-1.747939666561,-20.73459162288));
#3841 = CARTESIAN_POINT('',(-1.839834941531,-20.77847062174));
#3842 = CARTESIAN_POINT('',(-1.931750020364,-20.82235730958));
#3843 = CARTESIAN_POINT('',(-2.144836319281,-20.92409607272));
#3844 = CARTESIAN_POINT('',(-2.266205347605,-20.98204146113));
#3845 = CARTESIAN_POINT('',(-2.387486121112,-21.03994261259));
#3846 = CARTESIAN_POINT('',(-2.508708805295,-21.09781564283));
#3847 = CARTESIAN_POINT('',(-2.629928806,-21.15568964728));
#3848 = CARTESIAN_POINT('',(-2.751201145597,-21.21359172892));
#3849 = CARTESIAN_POINT('',(-2.872560574358,-21.27153751092));
#3850 = CARTESIAN_POINT('',(-3.091426244975,-21.37604137416));
#3851 = CARTESIAN_POINT('',(-3.189132081101,-21.42269445447));
#3852 = CARTESIAN_POINT('',(-3.28681113669,-21.4693346516));
#3853 = CARTESIAN_POINT('',(-3.384467624004,-21.51596311619));
#3854 = CARTESIAN_POINT('',(-3.48212367321,-21.56258994158));
#3855 = CARTESIAN_POINT('',(-3.579801658532,-21.60922616557));
#3856 = CARTESIAN_POINT('',(-3.677506656173,-21.65587529814));
#3857 = CARTESIAN_POINT('',(-3.871516980708,-21.74850691709));
#3858 = CARTESIAN_POINT('',(-3.967918240616,-21.79453519572));
#3859 = CARTESIAN_POINT('',(-4.06429406116,-21.84055289875));
#3860 = CARTESIAN_POINT('',(-4.160649478759,-21.88656315245));
#3861 = CARTESIAN_POINT('',(-4.257005854275,-21.93257584114));
#3862 = CARTESIAN_POINT('',(-4.353384163299,-21.97859915748));
#3863 = CARTESIAN_POINT('',(-4.449787931855,-22.02463212018));
#3864 = CARTESIAN_POINT('',(-4.635603314007,-22.11335233961));
#3865 = CARTESIAN_POINT('',(-4.725099088701,-22.156080263));
#3866 = CARTESIAN_POINT('',(-4.814578470804,-22.19879634754));
#3867 = CARTESIAN_POINT('',(-4.904043740565,-22.24150167545));
#3868 = CARTESIAN_POINT('',(-4.993509872327,-22.28420562268));
#3869 = CARTESIAN_POINT('',(-5.08299079499,-22.32692031291));
#3870 = CARTESIAN_POINT('',(-5.172486229736,-22.3696516004));
#3871 = CARTESIAN_POINT('',(-5.324720763597,-22.44234953548));
#3872 = CARTESIAN_POINT('',(-5.387509776847,-22.47233568719));
#3873 = CARTESIAN_POINT('',(-5.45029755426,-22.50232931879));
#3874 = CARTESIAN_POINT('',(-5.513082506924,-22.53231197163));
#3875 = CARTESIAN_POINT('',(-5.575867354325,-22.56227739694));
#3876 = CARTESIAN_POINT('',(-5.63865460808,-22.59223933837));
#3877 = CARTESIAN_POINT('',(-5.701443671776,-22.62221604899));
#3878 = CARTESIAN_POINT('',(-5.829098374558,-22.68316147839));
#3879 = CARTESIAN_POINT('',(-5.893970769976,-22.71413695595));
#3880 = CARTESIAN_POINT('',(-5.958839838085,-22.74511477636));
#3881 = CARTESIAN_POINT('',(-6.023706307329,-22.77609356327));
#3882 = CARTESIAN_POINT('',(-6.088574280996,-22.8070733228));
#3883 = CARTESIAN_POINT('',(-6.153446830512,-22.83805422222));
#3884 = CARTESIAN_POINT('',(-6.218321440727,-22.8690345874));
#3885 = CARTESIAN_POINT('',(-6.28318530718,-22.90000811911));
#3886 = ( GEOMETRIC_REPRESENTATION_CONTEXT(2) 
PARAMETRIC_REPRESENTATION_CONTEXT() REPRESENTATION_CONTEXT('2D SPACE',''
  ) );
#3887 = PCURVE('',#2153,#3888);
#3888 = DEFINITIONAL_REPRESENTATION('',(#3889),#3955);
#3889 = B_SPLINE_CURVE_WITH_KNOTS('',8,(#3890,#3891,#3892,#3893,#3894,
    #3895,#3896,#3897,#3898,#3899,#3900,#3901,#3902,#3903,#3904,#3905,
    #3906,#3907,#3908,#3909,#3910,#3911,#3912,#3913,#3914,#3915,#3916,
    #3917,#3918,#3919,#3920,#3921,#3922,#3923,#3924,#3925,#3926,#3927,
    #3928,#3929,#3930,#3931,#3932,#3933,#3934,#3935,#3936,#3937,#3938,
    #3939,#3940,#3941,#3942,#3943,#3944,#3945,#3946,#3947,#3948,#3949,
    #3950,#3951,#3952,#3953,#3954),.UNSPECIFIED.,.F.,.F.,(9,7,7,7,7,7,7,
    7,7,9),(0.,0.106865910587,0.205089261127,0.322096015833,
    0.476456757113,0.600815819632,0.723520697546,0.83744672198,
    0.917397175998,1.),.UNSPECIFIED.);
#3890 = CARTESIAN_POINT('',(0.212126841403,48.738515087053));
#3891 = CARTESIAN_POINT('',(0.212126327993,48.831511262409));
#3892 = CARTESIAN_POINT('',(0.212127139441,48.924525206436));
#3893 = CARTESIAN_POINT('',(0.212128814895,49.017525137275));
#3894 = CARTESIAN_POINT('',(0.21213040334,49.110515750087));
#3895 = CARTESIAN_POINT('',(0.212131042698,49.20351045651));
#3896 = CARTESIAN_POINT('',(0.21213038554,49.29652057121));
#3897 = CARTESIAN_POINT('',(0.212128698569,49.389543495488));
#3898 = CARTESIAN_POINT('',(0.212124408412,49.568000151123));
#3899 = CARTESIAN_POINT('',(0.212121895658,49.653488626163));
#3900 = CARTESIAN_POINT('',(0.212119287885,49.738970048533));
#3901 = CARTESIAN_POINT('',(0.212117197078,49.824441121124));
#3902 = CARTESIAN_POINT('',(0.212116189678,49.909910783695));
#3903 = CARTESIAN_POINT('',(0.212116597613,49.995388631449));
#3904 = CARTESIAN_POINT('',(0.212118434866,50.080873542733));
#3905 = CARTESIAN_POINT('',(0.212124974997,50.268155853703));
#3906 = CARTESIAN_POINT('',(0.212130164562,50.370011048905));
#3907 = CARTESIAN_POINT('',(0.212136540458,50.47184426382));
#3908 = CARTESIAN_POINT('',(0.212143113419,50.573658359358));
#3909 = CARTESIAN_POINT('',(0.212148568036,50.675472190692));
#3910 = CARTESIAN_POINT('',(0.212151862782,50.777304739465));
#3911 = CARTESIAN_POINT('',(0.212152696477,50.879159172295));
#3912 = CARTESIAN_POINT('',(0.212149510913,51.11528801137));
#3913 = CARTESIAN_POINT('',(0.212143853061,51.249781675347));
#3914 = CARTESIAN_POINT('',(0.212134944927,51.3841780047));
#3915 = CARTESIAN_POINT('',(0.212125059918,51.518510671191));
#3916 = CARTESIAN_POINT('',(0.212118058925,51.652840865711));
#3917 = CARTESIAN_POINT('',(0.212115612426,51.787228749631));
#3918 = CARTESIAN_POINT('',(0.212116651129,51.921712337318));
#3919 = CARTESIAN_POINT('',(0.212121644914,52.164245222755));
#3920 = CARTESIAN_POINT('',(0.212124992547,52.272515998987));
#3921 = CARTESIAN_POINT('',(0.212128559821,52.38075651443));
#3922 = CARTESIAN_POINT('',(0.212131045141,52.48897157566));
#3923 = CARTESIAN_POINT('',(0.212131520526,52.597186131022));
#3924 = CARTESIAN_POINT('',(0.212130178879,52.705425481379));
#3925 = CARTESIAN_POINT('',(0.212128368444,52.813695560367));
#3926 = CARTESIAN_POINT('',(0.212126106086,53.028686282033));
#3927 = CARTESIAN_POINT('',(0.21212564766,53.135513213814));
#3928 = CARTESIAN_POINT('',(0.212126937446,53.24231273185));
#3929 = CARTESIAN_POINT('',(0.212131134209,53.349090190209));
#3930 = CARTESIAN_POINT('',(0.212138185229,53.455868615711));
#3931 = CARTESIAN_POINT('',(0.212145920792,53.562670583338));
#3932 = CARTESIAN_POINT('',(0.212150712862,53.669499769607));
#3933 = CARTESIAN_POINT('',(0.212151036028,53.875408353452));
#3934 = CARTESIAN_POINT('',(0.212147192217,53.974581107649));
#3935 = CARTESIAN_POINT('',(0.212137945498,54.073735252065));
#3936 = CARTESIAN_POINT('',(0.212123084723,54.172873644941));
#3937 = CARTESIAN_POINT('',(0.212105183114,54.272013823748));
#3938 = CARTESIAN_POINT('',(0.212091726707,54.371171640666));
#3939 = CARTESIAN_POINT('',(0.212091735812,54.470345879469));
#3940 = CARTESIAN_POINT('',(0.212107222331,54.639043755541));
#3941 = CARTESIAN_POINT('',(0.212116538194,54.708622771366));
#3942 = CARTESIAN_POINT('',(0.212137427543,54.778200153695));
#3943 = CARTESIAN_POINT('',(0.212144786243,54.847774260927));
#3944 = CARTESIAN_POINT('',(0.212127818937,54.917348306842));
#3945 = CARTESIAN_POINT('',(0.212104139679,54.98692528219));
#3946 = CARTESIAN_POINT('',(0.212099916374,55.056504605631));
#3947 = CARTESIAN_POINT('',(0.21209207369,55.197964594728));
#3948 = CARTESIAN_POINT('',(0.212093469326,55.26985271652));
#3949 = CARTESIAN_POINT('',(0.212100567342,55.34173691755));
#3950 = CARTESIAN_POINT('',(0.212111050496,55.41361780633));
#3951 = CARTESIAN_POINT('',(0.212122163405,55.485499918958));
#3952 = CARTESIAN_POINT('',(0.21213196492,55.557386829271));
#3953 = CARTESIAN_POINT('',(0.212139632384,55.629276001905));
#3954 = CARTESIAN_POINT('',(0.212144817735,55.701153388276));
#3955 = ( GEOMETRIC_REPRESENTATION_CONTEXT(2) 
PARAMETRIC_REPRESENTATION_CONTEXT() REPRESENTATION_CONTEXT('2D SPACE',''
  ) );
#3956 = ORIENTED_EDGE('',*,*,#2350,.T.);
#3957 = ADVANCED_FACE('',(#3958),#2153,.T.);
#3958 = FACE_BOUND('',#3959,.T.);
#3959 = EDGE_LOOP('',(#3960,#4057,#4164,#4165,#4166,#4348,#4578,#4787));
#3960 = ORIENTED_EDGE('',*,*,#3961,.F.);
#3961 = EDGE_CURVE('',#3962,#3964,#3966,.T.);
#3962 = VERTEX_POINT('',#3963);
#3963 = CARTESIAN_POINT('',(9.547387901847,-1.599979952396,
    6.666298538066E-02));
#3964 = VERTEX_POINT('',#3965);
#3965 = CARTESIAN_POINT('',(1.921259859688,-0.668570821369,
    0.600000099994));
#3966 = SURFACE_CURVE('',#3967,(#3995,#4026),.PCURVE_S1.);
#3967 = B_SPLINE_CURVE_WITH_KNOTS('',6,(#3968,#3969,#3970,#3971,#3972,
    #3973,#3974,#3975,#3976,#3977,#3978,#3979,#3980,#3981,#3982,#3983,
    #3984,#3985,#3986,#3987,#3988,#3989,#3990,#3991,#3992,#3993,#3994),
  .UNSPECIFIED.,.F.,.F.,(7,5,5,5,5,7),(0.,0.237155674467,0.454504919155,
    0.654277480571,0.842317884933,1.),.UNSPECIFIED.);
#3968 = CARTESIAN_POINT('',(9.547387901847,-1.599979952396,
    6.666298538068E-02));
#3969 = CARTESIAN_POINT('',(9.503119892419,-1.16500822047,
    8.604006834437E-02));
#3970 = CARTESIAN_POINT('',(9.405689885059,-0.735716810831,
    0.105561364788));
#3971 = CARTESIAN_POINT('',(9.255543673292,-0.320622280923,
    0.125216489913));
#3972 = CARTESIAN_POINT('',(9.055003309052,7.220582852139E-02,
    0.145014180639));
#3973 = CARTESIAN_POINT('',(8.807761811371,0.435008147527,0.164967708933
    ));
#3974 = CARTESIAN_POINT('',(8.25545861291,1.059346237217,0.20349242485)
  );
#3975 = CARTESIAN_POINT('',(7.956811109179,1.326967460946,0.222049424815
    ));
#3976 = CARTESIAN_POINT('',(7.628018124466,1.558178060524,0.240733639814
    ));
#3977 = CARTESIAN_POINT('',(7.274462260198,1.748620051375,0.259552986186
    ));
#3978 = CARTESIAN_POINT('',(6.902289284247,1.894773978431,0.278516713587
    ));
#3979 = CARTESIAN_POINT('',(6.165995676212,2.086171938243,0.315174368195
    ));
#3980 = CARTESIAN_POINT('',(5.803506137086,2.138660558413,0.332854355308
    ));
#3981 = CARTESIAN_POINT('',(5.436698432158,2.1502511255,0.35065193689));
#3982 = CARTESIAN_POINT('',(5.071294400693,2.120373331692,0.368572154467
    ));
#3983 = CARTESIAN_POINT('',(4.71316243056,2.049359899282,0.386624254008)
  );
#3984 = CARTESIAN_POINT('',(4.043556120743,1.834863421117,0.421921183123
    ));
#3985 = CARTESIAN_POINT('',(3.73045254978,1.695841896253,0.439157572827)
  );
#3986 = CARTESIAN_POINT('',(3.433904879974,1.523144777402,0.456513159465
    ));
#3987 = CARTESIAN_POINT('',(3.15850744676,1.319045168764,0.47399620751)
  );
#3988 = CARTESIAN_POINT('',(2.908541331241,1.086558453671,0.491615731479
    ));
#3989 = CARTESIAN_POINT('',(2.50252963871,0.6143457128,0.524226245408));
#3990 = CARTESIAN_POINT('',(2.337787836166,0.381794396229,0.539185139436
    ));
#3991 = CARTESIAN_POINT('',(2.195703961238,0.134402740314,0.554239619116
    ));
#3992 = CARTESIAN_POINT('',(2.078060787334,-0.125147915387,
    0.569391910951));
#3993 = CARTESIAN_POINT('',(1.986278100403,-0.393900750194,
    0.584646391773));
#3994 = CARTESIAN_POINT('',(1.921259446917,-0.66857203735,0.6000001));
#3995 = PCURVE('',#2153,#3996);
#3996 = DEFINITIONAL_REPRESENTATION('',(#3997),#4025);
#3997 = B_SPLINE_CURVE_WITH_KNOTS('',6,(#3998,#3999,#4000,#4001,#4002,
    #4003,#4004,#4005,#4006,#4007,#4008,#4009,#4010,#4011,#4012,#4013,
    #4014,#4015,#4016,#4017,#4018,#4019,#4020,#4021,#4022,#4023,#4024),
  .UNSPECIFIED.,.F.,.F.,(7,5,5,5,5,7),(0.,0.237155674467,0.454504919155,
    0.654277480571,0.842317884933,1.),.UNSPECIFIED.);
#3998 = CARTESIAN_POINT('',(1.343502884254,20.926604493996));
#3999 = CARTESIAN_POINT('',(1.302401703951,21.039028046949));
#4000 = CARTESIAN_POINT('',(1.260994163187,21.152289099836));
#4001 = CARTESIAN_POINT('',(1.21930075579,21.266329921677));
#4002 = CARTESIAN_POINT('',(1.177301686905,21.381203268986));
#4003 = CARTESIAN_POINT('',(1.134971232875,21.496982135467));
#4004 = CARTESIAN_POINT('',(1.053245360707,21.72051485152));
#4005 = CARTESIAN_POINT('',(1.01387985345,21.828186689317));
#4006 = CARTESIAN_POINT('',(0.974247001977,21.936592488764));
#4007 = CARTESIAN_POINT('',(0.934331816703,22.045775209569));
#4008 = CARTESIAN_POINT('',(0.894111836802,22.15579319188));
#4009 = CARTESIAN_POINT('',(0.816360333397,22.3684700452));
#4010 = CARTESIAN_POINT('',(0.778858714425,22.471047486459));
#4011 = CARTESIAN_POINT('',(0.741103065449,22.574314763052));
#4012 = CARTESIAN_POINT('',(0.703078348786,22.678308289142));
#4013 = CARTESIAN_POINT('',(0.664767601876,22.78307739024));
#4014 = CARTESIAN_POINT('',(0.589863156227,22.9879242401));
#4015 = CARTESIAN_POINT('',(0.553287088689,23.087953461519));
#4016 = CARTESIAN_POINT('',(0.516466179656,23.188661149566));
#4017 = CARTESIAN_POINT('',(0.479391648255,23.290080845275));
#4018 = CARTESIAN_POINT('',(0.442050160557,23.392255157028));
#4019 = CARTESIAN_POINT('',(0.372872564696,23.581467905985));
#4020 = CARTESIAN_POINT('',(0.341112700485,23.668306750688));
#4021 = CARTESIAN_POINT('',(0.309164679367,23.755677417046));
#4022 = CARTESIAN_POINT('',(0.27701803214,23.843599997373));
#4023 = CARTESIAN_POINT('',(0.244664993711,23.932098941914));
#4024 = CARTESIAN_POINT('',(0.2121047555,24.021168087275));
#4025 = ( GEOMETRIC_REPRESENTATION_CONTEXT(2) 
PARAMETRIC_REPRESENTATION_CONTEXT() REPRESENTATION_CONTEXT('2D SPACE',''
  ) );
#4026 = PCURVE('',#2505,#4027);
#4027 = DEFINITIONAL_REPRESENTATION('',(#4028),#4056);
#4028 = B_SPLINE_CURVE_WITH_KNOTS('',6,(#4029,#4030,#4031,#4032,#4033,
    #4034,#4035,#4036,#4037,#4038,#4039,#4040,#4041,#4042,#4043,#4044,
    #4045,#4046,#4047,#4048,#4049,#4050,#4051,#4052,#4053,#4054,#4055),
  .UNSPECIFIED.,.F.,.F.,(7,5,5,5,5,7),(0.,0.237155674467,0.454504919155,
    0.654277480571,0.842317884933,1.),.UNSPECIFIED.);
#4029 = CARTESIAN_POINT('',(-3.176488060636,-6.666288538068E-02));
#4030 = CARTESIAN_POINT('',(-3.277941732693,-8.603996834437E-02));
#4031 = CARTESIAN_POINT('',(-3.380151641725,-0.105561264788));
#4032 = CARTESIAN_POINT('',(-3.483065486575,-0.125216389913));
#4033 = CARTESIAN_POINT('',(-3.58673029417,-0.145014080639));
#4034 = CARTESIAN_POINT('',(-3.691211332942,-0.164967608933));
#4035 = CARTESIAN_POINT('',(-3.892929779731,-0.20349232485));
#4036 = CARTESIAN_POINT('',(-3.990093319414,-0.222049324815));
#4037 = CARTESIAN_POINT('',(-4.087918452947,-0.240733539814));
#4038 = CARTESIAN_POINT('',(-4.186444356759,-0.259552886186));
#4039 = CARTESIAN_POINT('',(-4.285724550177,-0.278516613587));
#4040 = CARTESIAN_POINT('',(-4.477645607572,-0.315174268195));
#4041 = CARTESIAN_POINT('',(-4.570212868978,-0.332854255308));
#4042 = CARTESIAN_POINT('',(-4.663403514602,-0.35065183689));
#4043 = CARTESIAN_POINT('',(-4.757250276643,-0.368572054467));
#4044 = CARTESIAN_POINT('',(-4.851796543853,-0.386624154008));
#4045 = CARTESIAN_POINT('',(-5.036654206056,-0.421921083123));
#4046 = CARTESIAN_POINT('',(-5.126921834299,-0.439157472827));
#4047 = CARTESIAN_POINT('',(-5.217801182452,-0.456513059465));
#4048 = CARTESIAN_POINT('',(-5.309321839213,-0.47399610751));
#4049 = CARTESIAN_POINT('',(-5.401526704339,-0.491615631479));
#4050 = CARTESIAN_POINT('',(-5.572275102283,-0.524226145408));
#4051 = CARTESIAN_POINT('',(-5.650640395842,-0.539185039434));
#4052 = CARTESIAN_POINT('',(-5.729484305049,-0.554239519123));
#4053 = CARTESIAN_POINT('',(-5.808825900457,-0.569391810943));
#4054 = CARTESIAN_POINT('',(-5.888688224869,-0.584646291776));
#4055 = CARTESIAN_POINT('',(-5.969065566832,-0.6));
#4056 = ( GEOMETRIC_REPRESENTATION_CONTEXT(2) 
PARAMETRIC_REPRESENTATION_CONTEXT() REPRESENTATION_CONTEXT('2D SPACE',''
  ) );
#4057 = ORIENTED_EDGE('',*,*,#4058,.T.);
#4058 = EDGE_CURVE('',#3962,#1797,#4059,.T.);
#4059 = SURFACE_CURVE('',#4060,(#4150,#4157),.PCURVE_S1.);
#4060 = B_SPLINE_CURVE_WITH_KNOTS('',11,(#4061,#4062,#4063,#4064,#4065,
    #4066,#4067,#4068,#4069,#4070,#4071,#4072,#4073,#4074,#4075,#4076,
    #4077,#4078,#4079,#4080,#4081,#4082,#4083,#4084,#4085,#4086,#4087,
    #4088,#4089,#4090,#4091,#4092,#4093,#4094,#4095,#4096,#4097,#4098,
    #4099,#4100,#4101,#4102,#4103,#4104,#4105,#4106,#4107,#4108,#4109,
    #4110,#4111,#4112,#4113,#4114,#4115,#4116,#4117,#4118,#4119,#4120,
    #4121,#4122,#4123,#4124,#4125,#4126,#4127,#4128,#4129,#4130,#4131,
    #4132,#4133,#4134,#4135,#4136,#4137,#4138,#4139,#4140,#4141,#4142,
    #4143,#4144,#4145,#4146,#4147,#4148,#4149),.UNSPECIFIED.,.F.,.F.,(12
    ,11,11,11,11,11,11,11,12),(0.,7.832974995525,15.665949991049,
    23.498924986574,31.331899982099,39.164874977623,46.997849973148,
    54.830824968673,62.663799964197),.PIECEWISE_BEZIER_KNOTS.);
#4061 = CARTESIAN_POINT('',(9.55,-1.74999995,-8.9499999));
#4062 = CARTESIAN_POINT('',(9.550003064314,1.01318342251,-8.643173550219
    ));
#4063 = CARTESIAN_POINT('',(7.598101713823,3.776556505693,
    -8.336396131115));
#4064 = CARTESIAN_POINT('',(3.681848700994,5.004304769399,
    -8.029457864579));
#4065 = CARTESIAN_POINT('',(-0.783029513979,3.168863210588,
    -7.722884753694));
#4066 = CARTESIAN_POINT('',(-3.278843410383,-1.902585609578,
    -7.415697941776));
#4067 = CARTESIAN_POINT('',(-0.888852096769,-7.672984009411,
    -7.109299635112));
#4068 = CARTESIAN_POINT('',(4.462271292044,-9.494088898335,-6.8021168755
    ));
#4069 = CARTESIAN_POINT('',(8.917111876192,-7.634907029493,
    -6.495537260388));
#4070 = CARTESIAN_POINT('',(10.818241595516,-3.997490430978,
    -6.188605713577));
#4071 = CARTESIAN_POINT('',(10.244423803025,-0.663308207021,
    -5.881823054101));
#4072 = CARTESIAN_POINT('',(8.290559159103,1.290559209104,
    -5.574999899994));
#4073 = CARTESIAN_POINT('',(6.336695625529,3.244427076254,
    -5.268173550242));
#4074 = CARTESIAN_POINT('',(3.00249309835,3.818224241219,-4.961396131061
    ));
#4075 = CARTESIAN_POINT('',(-0.634865086789,1.917164301773,
    -4.654457864675));
#4076 = CARTESIAN_POINT('',(-2.494157576936,-2.537834533757,
    -4.347884753563));
#4077 = CARTESIAN_POINT('',(-0.672908656654,-7.888697315876,
    -4.040697941918));
#4078 = CARTESIAN_POINT('',(5.097358247028,-10.27900608948,
    -3.734299634988));
#4079 = CARTESIAN_POINT('',(10.168889498287,-7.78290607069,
    -3.427116875589));
#4080 = CARTESIAN_POINT('',(12.004297377622,-3.318217977494,
    -3.120537260334));
#4081 = CARTESIAN_POINT('',(10.77655715121,0.598125681704,
    -2.813605713604));
#4082 = CARTESIAN_POINT('',(8.013183838724,2.549998089763,
    -2.506823054091));
#4083 = CARTESIAN_POINT('',(5.25,2.550000050002,-2.199999899995));
#4084 = CARTESIAN_POINT('',(2.486816627491,2.550003114306,
    -1.893173550234));
#4085 = CARTESIAN_POINT('',(-0.276556455694,0.598101763847,
    -1.586396131086));
#4086 = CARTESIAN_POINT('',(-1.504304719399,-3.318151249055,
    -1.279457864626));
#4087 = CARTESIAN_POINT('',(0.331136839412,-7.78302946391,
    -0.972884753634));
#4088 = CARTESIAN_POINT('',(5.40258565958,-10.27884336045,
    -0.665697941837));
#4089 = CARTESIAN_POINT('',(11.172984059406,-7.888852046713,
    -0.359299635061));
#4090 = CARTESIAN_POINT('',(12.99408894834,-2.537728657989,
    -5.211687553542E-02));
#4091 = CARTESIAN_POINT('',(11.13490707949,1.917111926207,0.254462739634
    ));
#4092 = CARTESIAN_POINT('',(7.497490480979,3.81824164551,0.561394286411)
  );
#4093 = CARTESIAN_POINT('',(4.163308257021,3.244423853027,0.868176945904
    ));
#4094 = CARTESIAN_POINT('',(2.209440840896,1.290559209104,1.175000100006
    ));
#4095 = CARTESIAN_POINT('',(0.255572973744,-0.663304324471,
    1.481826449761));
#4096 = CARTESIAN_POINT('',(-0.318224191212,-3.997506851651,
    1.788603868931));
#4097 = CARTESIAN_POINT('',(1.582835748211,-7.634865036782,2.09554213534
    ));
#4098 = CARTESIAN_POINT('',(6.037834583782,-9.494157526956,
    2.402115246416));
#4099 = CARTESIAN_POINT('',(11.388697365843,-7.67290860662,
    2.709302058105));
#4100 = CARTESIAN_POINT('',(13.779006139518,-1.902641703012,
    3.015700364994));
#4101 = CARTESIAN_POINT('',(11.282906120667,3.168889548321,
    3.322883124421));
#4102 = CARTESIAN_POINT('',(6.818218027505,5.004297427602,3.629462739663
    ));
#4103 = CARTESIAN_POINT('',(2.901874368292,3.776557201218,3.936394286395
    ));
#4104 = CARTESIAN_POINT('',(0.950001960237,1.013183888722,4.243176945911
    ));
#4105 = CARTESIAN_POINT('',(0.949999999999,-1.74999995,4.550000100003));
#4106 = CARTESIAN_POINT('',(0.949996935691,-4.513183322508,
    4.856826449772));
#4107 = CARTESIAN_POINT('',(2.901898286163,-7.2765564057,5.163603868908)
  );
#4108 = CARTESIAN_POINT('',(6.818151299034,-8.504304669381,
    5.470542135377));
#4109 = CARTESIAN_POINT('',(11.283029513946,-6.668863110624,
    5.777115246369));
#4110 = CARTESIAN_POINT('',(13.778843410407,-1.597414290369,
    6.084302058152));
#4111 = CARTESIAN_POINT('',(11.388852096761,4.172984109353,
    6.390700364953));
#4112 = CARTESIAN_POINT('',(6.037728707956,5.99408899838,6.697883124453)
  );
#4113 = CARTESIAN_POINT('',(1.582888123807,4.13490712947,7.004462739641)
  );
#4114 = CARTESIAN_POINT('',(-0.318241595512,0.497490530985,
    7.311394286409));
#4115 = CARTESIAN_POINT('',(0.255576196972,-2.836691692979,
    7.618176945903));
#4116 = CARTESIAN_POINT('',(2.209440840896,-4.790559109104,
    7.925000100007));
#4117 = CARTESIAN_POINT('',(4.163304374473,-6.744426976253,
    8.231826449753));
#4118 = CARTESIAN_POINT('',(7.497506901645,-7.318224141219,
    8.538603868956));
#4119 = CARTESIAN_POINT('',(11.134865086794,-5.417164201771,
    8.845542135283));
#4120 = CARTESIAN_POINT('',(12.994157576938,-0.96216536625,
    9.152115246513));
#4121 = CARTESIAN_POINT('',(11.172908656639,4.388697415891,
    9.459302057974));
#4122 = CARTESIAN_POINT('',(5.402641752995,6.779006189463,9.765700365136
    ));
#4123 = CARTESIAN_POINT('',(0.331110501693,4.282906170717,
    10.072883124295));
#4124 = CARTESIAN_POINT('',(-1.504297377613,-0.18178192253,
    10.379462739755));
#4125 = CARTESIAN_POINT('',(-0.276557151211,-4.098125581687,
    10.686394286338));
#4126 = CARTESIAN_POINT('',(2.486816161274,-6.049997989773,
    10.99317694594));
#4127 = CARTESIAN_POINT('',(5.250000000001,-6.049999949997,
    11.300000099991));
#4128 = CARTESIAN_POINT('',(8.013183389236,-6.050003050193,
    11.606826549001));
#4129 = CARTESIAN_POINT('',(10.776556381357,-4.09810150441,
    11.913603428046));
#4130 = CARTESIAN_POINT('',(12.004304920482,-0.181849082154,
    12.220543327735));
#4131 = CARTESIAN_POINT('',(10.168862757757,4.283030427632,
    12.527112858028));
#4132 = CARTESIAN_POINT('',(5.097414980069,6.778842089126,
    12.834305850148));
#4133 = CARTESIAN_POINT('',(-0.672984890078,4.388853927423,
    13.140695440899));
#4134 = CARTESIAN_POINT('',(-2.494088052759,-0.962273161779,
    13.447888433075));
#4135 = CARTESIAN_POINT('',(-0.634907885281,-5.417110098939,
    13.754457963298));
#4136 = CARTESIAN_POINT('',(3.002510122409,-7.318242838917,
    14.061397863032));
#4137 = CARTESIAN_POINT('',(6.336691371187,-6.744422956059,
    14.368174742064));
#4138 = CARTESIAN_POINT('',(8.290559343168,-4.790559503661,
    14.67500119107));
#4139 = CARTESIAN_POINT('',(10.244426691657,-2.836694792089,
    14.981824345101));
#4140 = CARTESIAN_POINT('',(10.818224629311,0.497505718359,
    15.288607004809));
#4141 = CARTESIAN_POINT('',(8.917163893072,4.13486670144,15.595538551152
    ));
#4142 = CARTESIAN_POINT('',(4.462165416287,5.994156032945,
    15.902118166975));
#4143 = CARTESIAN_POINT('',(-0.88869677473,4.172909970062,
    16.209300925727));
#4144 = CARTESIAN_POINT('',(-3.279007346085,-1.59735889657,
    16.515699233255));
#4145 = CARTESIAN_POINT('',(-0.782904533084,-6.668889308836,
    16.822886044423));
#4146 = CARTESIAN_POINT('',(3.681780382691,-8.504297107192,
    17.129459155886));
#4147 = CARTESIAN_POINT('',(7.598126898473,-7.276557429717,
    17.436397422031));
#4148 = CARTESIAN_POINT('',(9.5499972301,-4.513183523961,17.743174841356
    ));
#4149 = CARTESIAN_POINT('',(9.550000409139,-1.750000098837,
    18.05000119104));
#4150 = PCURVE('',#2153,#4151);
#4151 = DEFINITIONAL_REPRESENTATION('',(#4152),#4156);
#4152 = LINE('',#4153,#4154);
#4153 = CARTESIAN_POINT('',(1.343502884254,0.));
#4154 = VECTOR('',#4155,1.);
#4155 = DIRECTION('',(0.,1.));
#4156 = ( GEOMETRIC_REPRESENTATION_CONTEXT(2) 
PARAMETRIC_REPRESENTATION_CONTEXT() REPRESENTATION_CONTEXT('2D SPACE',''
  ) );
#4157 = PCURVE('',#1890,#4158);
#4158 = DEFINITIONAL_REPRESENTATION('',(#4159),#4163);
#4159 = LINE('',#4160,#4161);
#4160 = CARTESIAN_POINT('',(0.,0.));
#4161 = VECTOR('',#4162,1.);
#4162 = DIRECTION('',(0.,1.));
#4163 = ( GEOMETRIC_REPRESENTATION_CONTEXT(2) 
PARAMETRIC_REPRESENTATION_CONTEXT() REPRESENTATION_CONTEXT('2D SPACE',''
  ) );
#4164 = ORIENTED_EDGE('',*,*,#2115,.T.);
#4165 = ORIENTED_EDGE('',*,*,#3750,.F.);
#4166 = ORIENTED_EDGE('',*,*,#4167,.F.);
#4167 = EDGE_CURVE('',#4168,#3728,#4170,.T.);
#4168 = VERTEX_POINT('',#4169);
#4169 = CARTESIAN_POINT('',(8.75,-1.74999995,8.249992697869));
#4170 = SURFACE_CURVE('',#4171,(#4228,#4288),.PCURVE_S1.);
#4171 = B_SPLINE_CURVE_WITH_KNOTS('',7,(#4172,#4173,#4174,#4175,#4176,
    #4177,#4178,#4179,#4180,#4181,#4182,#4183,#4184,#4185,#4186,#4187,
    #4188,#4189,#4190,#4191,#4192,#4193,#4194,#4195,#4196,#4197,#4198,
    #4199,#4200,#4201,#4202,#4203,#4204,#4205,#4206,#4207,#4208,#4209,
    #4210,#4211,#4212,#4213,#4214,#4215,#4216,#4217,#4218,#4219,#4220,
    #4221,#4222,#4223,#4224,#4225,#4226,#4227),.UNSPECIFIED.,.F.,.F.,(8,
    6,6,6,6,6,6,6,6,8),(0.,0.116903013746,0.241929225986,0.340464836039,
    0.458426235336,0.581931476355,0.711623467111,0.787657494793,
    0.887493835243,1.),.UNSPECIFIED.);
#4172 = CARTESIAN_POINT('',(8.75,-1.74999995,8.249992697869));
#4173 = CARTESIAN_POINT('',(8.75,-1.382793007338,8.300083799541));
#4174 = CARTESIAN_POINT('',(8.705052417899,-1.015403440455,
    8.350200127643));
#4175 = CARTESIAN_POINT('',(8.615081252369,-0.65476115259,8.400297900103
    ));
#4176 = CARTESIAN_POINT('',(8.481442456279,-0.307401300265,
    8.450391332655));
#4177 = CARTESIAN_POINT('',(8.306499368637,2.054140063913E-02,
    8.500492890995));
#4178 = CARTESIAN_POINT('',(8.09362438225,0.323318287263,8.550615400156)
  );
#4179 = CARTESIAN_POINT('',(7.584274179134,0.887309964904,8.654296804034
    ));
#4180 = CARTESIAN_POINT('',(7.282724819824,1.144498678506,8.707912077397
    ));
#4181 = CARTESIAN_POINT('',(6.948488271242,1.361007639207,8.761497888636
    ));
#4182 = CARTESIAN_POINT('',(6.588244510058,1.532122715593,8.815072614944
    ));
#4183 = CARTESIAN_POINT('',(6.209250157869,1.654398149393,8.868651921292
    ));
#4184 = CARTESIAN_POINT('',(5.819376994683,1.725637112848,8.922257445648
    ));
#4185 = CARTESIAN_POINT('',(5.118014461662,1.761180087797,9.018050853927
    ));
#4186 = CARTESIAN_POINT('',(4.807200753156,1.744954748314,9.060281083727
    ));
#4187 = CARTESIAN_POINT('',(4.49877918064,1.696608146174,9.102504434614)
  );
#4188 = CARTESIAN_POINT('',(4.196693615552,1.616600006245,9.144724844648
    ));
#4189 = CARTESIAN_POINT('',(3.904766639961,1.505938867143,9.186951859965
    ));
#4190 = CARTESIAN_POINT('',(3.626669068897,1.366181120428,9.229186701761
    ));
#4191 = CARTESIAN_POINT('',(3.053603353619,1.000112880388,9.321954281317
    ));
#4192 = CARTESIAN_POINT('',(2.765820642477,0.761980636534,9.372529224644
    ));
#4193 = CARTESIAN_POINT('',(2.508557322344,0.488940908359,9.423084455008
    ));
#4194 = CARTESIAN_POINT('',(2.286717434108,0.185797062048,9.473631969537
    ));
#4195 = CARTESIAN_POINT('',(2.10428704887,-0.141996467703,9.524183439965
    ));
#4196 = CARTESIAN_POINT('',(1.964353886972,-0.488324764555,
    9.574754501933));
#4197 = CARTESIAN_POINT('',(1.768512950691,-1.221085285857,9.67822252839
    ));
#4198 = CARTESIAN_POINT('',(1.716754758196,-1.609043795776,9.73117453718
    ));
#4199 = CARTESIAN_POINT('',(1.715616481143,-2.002273164177,
    9.784101531289));
#4200 = CARTESIAN_POINT('',(1.765436846723,-2.392908608098,9.8370242706)
  );
#4201 = CARTESIAN_POINT('',(1.865236867143,-2.773269132908,
    9.889958507041));
#4202 = CARTESIAN_POINT('',(2.01271790302,-3.135821989659,9.942919033617
    ));
#4203 = CARTESIAN_POINT('',(2.404346687528,-3.828030454957,
    10.051421378249));
#4204 = CARTESIAN_POINT('',(2.653233822376,-4.155599877564,
    10.107033575982));
#4205 = CARTESIAN_POINT('',(2.945822711953,-4.447807650905,
    10.162605570854));
#4206 = CARTESIAN_POINT('',(3.275919981552,-4.697953539347,
    10.218160958974));
#4207 = CARTESIAN_POINT('',(3.636385479627,-4.900615453999,
    10.273720702546));
#4208 = CARTESIAN_POINT('',(4.019074280262,-5.051630200833,
    10.329332015126));
#4209 = CARTESIAN_POINT('',(4.646578456988,-5.205852594944,
    10.417496186156));
#4210 = CARTESIAN_POINT('',(4.883078873792,-5.244399687916,
    10.450087676512));
#4211 = CARTESIAN_POINT('',(5.122333670754,-5.264034731714,
    10.48269302184));
#4212 = CARTESIAN_POINT('',(5.362527465673,-5.264549260816,
    10.51527206055));
#4213 = CARTESIAN_POINT('',(5.601846247767,-5.245946122405,
    10.547828520296));
#4214 = CARTESIAN_POINT('',(5.838485215515,-5.208429349258,
    10.58040530485));
#4215 = CARTESIAN_POINT('',(6.375551910878,-5.078887211939,
    10.655761775675));
#4216 = CARTESIAN_POINT('',(6.672777457739,-4.973469172416,
    10.698551597971));
#4217 = CARTESIAN_POINT('',(6.958251857078,-4.837146576295,
    10.741342854174));
#4218 = CARTESIAN_POINT('',(7.228193721349,-4.6715387382,10.784133449179
    ));
#4219 = CARTESIAN_POINT('',(7.47909426349,-4.478782049741,
    10.826928385164));
#4220 = CARTESIAN_POINT('',(7.707756772906,-4.261528302432,
    10.86972875145));
#4221 = CARTESIAN_POINT('',(8.140932695615,-3.754344137306,
    10.960723184023));
#4222 = CARTESIAN_POINT('',(8.338858287029,-3.458502929729,
    11.008945713553));
#4223 = CARTESIAN_POINT('',(8.501202663451,-3.140156672484,
    11.057149777311));
#4224 = CARTESIAN_POINT('',(8.625056891097,-2.804461190407,
    11.10535130067));
#4225 = CARTESIAN_POINT('',(8.708376738222,-2.456915431813,
    11.153562738263));
#4226 = CARTESIAN_POINT('',(8.75,-2.103367146173,11.201792259792));
#4227 = CARTESIAN_POINT('',(8.75,-1.74999995,11.24999815314));
#4228 = PCURVE('',#2153,#4229);
#4229 = DEFINITIONAL_REPRESENTATION('',(#4230),#4287);
#4230 = B_SPLINE_CURVE_WITH_KNOTS('',7,(#4231,#4232,#4233,#4234,#4235,
    #4236,#4237,#4238,#4239,#4240,#4241,#4242,#4243,#4244,#4245,#4246,
    #4247,#4248,#4249,#4250,#4251,#4252,#4253,#4254,#4255,#4256,#4257,
    #4258,#4259,#4260,#4261,#4262,#4263,#4264,#4265,#4266,#4267,#4268,
    #4269,#4270,#4271,#4272,#4273,#4274,#4275,#4276,#4277,#4278,#4279,
    #4280,#4281,#4282,#4283,#4284,#4285,#4286),.UNSPECIFIED.,.F.,.F.,(8,
    6,6,6,6,6,6,6,6,8),(0.,0.116903013746,0.241929225986,0.340464836039,
    0.458426235336,0.581931476355,0.711623467111,0.787657494793,
    0.887493835243,1.),.UNSPECIFIED.);
#4231 = CARTESIAN_POINT('',(0.212123133936,41.775864069915));
#4232 = CARTESIAN_POINT('',(0.212119947283,41.892124809761));
#4233 = CARTESIAN_POINT('',(0.212116832829,42.008443978674));
#4234 = CARTESIAN_POINT('',(0.212115107667,42.12471780216));
#4235 = CARTESIAN_POINT('',(0.212116404322,42.240976594092));
#4236 = CARTESIAN_POINT('',(0.212120938834,42.357248931327));
#4237 = CARTESIAN_POINT('',(0.212127259677,42.473566961364));
#4238 = CARTESIAN_POINT('',(0.212140796083,42.7141769967));
#4239 = CARTESIAN_POINT('',(0.212148043198,42.838599798375));
#4240 = CARTESIAN_POINT('',(0.212153630011,42.962956946689));
#4241 = CARTESIAN_POINT('',(0.212155211049,43.087294942124));
#4242 = CARTESIAN_POINT('',(0.212152195344,43.211651111057));
#4243 = CARTESIAN_POINT('',(0.212146357287,43.336072760676));
#4244 = CARTESIAN_POINT('',(0.212134291423,43.558417709307));
#4245 = CARTESIAN_POINT('',(0.21212841143,43.656438717279));
#4246 = CARTESIAN_POINT('',(0.212122895479,43.754443162676));
#4247 = CARTESIAN_POINT('',(0.212118865583,43.852438343919));
#4248 = CARTESIAN_POINT('',(0.212116907821,43.950445454639));
#4249 = CARTESIAN_POINT('',(0.212116860104,44.04846759509));
#4250 = CARTESIAN_POINT('',(0.212119627625,44.26376561063));
#4251 = CARTESIAN_POINT('',(0.212123012965,44.381138504235));
#4252 = CARTESIAN_POINT('',(0.212127282155,44.498464195891));
#4253 = CARTESIAN_POINT('',(0.212130569128,44.615773591938));
#4254 = CARTESIAN_POINT('',(0.212131227975,44.733096482208));
#4255 = CARTESIAN_POINT('',(0.212130131272,44.850467723172));
#4256 = CARTESIAN_POINT('',(0.212127193099,45.090609571436));
#4257 = CARTESIAN_POINT('',(0.212125323323,45.213507976485));
#4258 = CARTESIAN_POINT('',(0.212124715874,45.336346253805));
#4259 = CARTESIAN_POINT('',(0.212127855484,45.459168506901));
#4260 = CARTESIAN_POINT('',(0.212136052925,45.582009143006));
#4261 = CARTESIAN_POINT('',(0.212144265135,45.704910771155));
#4262 = CARTESIAN_POINT('',(0.212153140401,45.956717288052));
#4263 = CARTESIAN_POINT('',(0.212153414178,46.085786158543));
#4264 = CARTESIAN_POINT('',(0.212144702397,46.214776469238));
#4265 = CARTESIAN_POINT('',(0.212123878386,46.343748115261));
#4266 = CARTESIAN_POINT('',(0.212093868432,46.47274494483));
#4267 = CARTESIAN_POINT('',(0.212089245155,46.601819797539));
#4268 = CARTESIAN_POINT('',(0.212107738517,46.806408039616));
#4269 = CARTESIAN_POINT('',(0.212115899136,46.882035633538));
#4270 = CARTESIAN_POINT('',(0.212148106847,46.957655919227));
#4271 = CARTESIAN_POINT('',(0.212146741498,47.033270247488));
#4272 = CARTESIAN_POINT('',(0.21211301317,47.108885283924));
#4273 = CARTESIAN_POINT('',(0.212105631011,47.184504254874));
#4274 = CARTESIAN_POINT('',(0.212090221662,47.359422980899));
#4275 = CARTESIAN_POINT('',(0.212091613119,47.458730803443));
#4276 = CARTESIAN_POINT('',(0.212106292717,47.558020146582));
#4277 = CARTESIAN_POINT('',(0.212124149707,47.657302740732));
#4278 = CARTESIAN_POINT('',(0.212137556477,47.756602713111));
#4279 = CARTESIAN_POINT('',(0.212145981855,47.855923463577));
#4280 = CARTESIAN_POINT('',(0.212153410528,48.067098565645));
#4281 = CARTESIAN_POINT('',(0.212151216862,48.179020941406));
#4282 = CARTESIAN_POINT('',(0.212143601509,48.290909357893));
#4283 = CARTESIAN_POINT('',(0.212135418966,48.402792809248));
#4284 = CARTESIAN_POINT('',(0.212130046589,48.514694658563));
#4285 = CARTESIAN_POINT('',(0.212127459073,48.62663390828));
#4286 = CARTESIAN_POINT('',(0.212126841403,48.738515087053));
#4287 = ( GEOMETRIC_REPRESENTATION_CONTEXT(2) 
PARAMETRIC_REPRESENTATION_CONTEXT() REPRESENTATION_CONTEXT('2D SPACE',''
  ) );
#4288 = PCURVE('',#3452,#4289);
#4289 = DEFINITIONAL_REPRESENTATION('',(#4290),#4347);
#4290 = B_SPLINE_CURVE_WITH_KNOTS('',7,(#4291,#4292,#4293,#4294,#4295,
    #4296,#4297,#4298,#4299,#4300,#4301,#4302,#4303,#4304,#4305,#4306,
    #4307,#4308,#4309,#4310,#4311,#4312,#4313,#4314,#4315,#4316,#4317,
    #4318,#4319,#4320,#4321,#4322,#4323,#4324,#4325,#4326,#4327,#4328,
    #4329,#4330,#4331,#4332,#4333,#4334,#4335,#4336,#4337,#4338,#4339,
    #4340,#4341,#4342,#4343,#4344,#4345,#4346),.UNSPECIFIED.,.F.,.F.,(8,
    6,6,6,6,6,6,6,6,8),(0.,0.116903013746,0.241929225986,0.340464836039,
    0.458426235336,0.581931476355,0.711623467111,0.787657494793,
    0.887493835243,1.),.UNSPECIFIED.);
#4291 = CARTESIAN_POINT('',(0.,-16.89999259786));
#4292 = CARTESIAN_POINT('',(-0.104916269332,-16.95008369954));
#4293 = CARTESIAN_POINT('',(-0.209884743051,-17.00020002764));
#4294 = CARTESIAN_POINT('',(-0.314811599157,-17.0502978001));
#4295 = CARTESIAN_POINT('',(-0.41972429064,-17.10039123265));
#4296 = CARTESIAN_POINT('',(-0.524649053334,-17.15049279099));
#4297 = CARTESIAN_POINT('',(-0.629615201118,-17.20061530015));
#4298 = CARTESIAN_POINT('',(-0.846743817542,-17.30429670403));
#4299 = CARTESIAN_POINT('',(-0.959024356618,-17.35791197739));
#4300 = CARTESIAN_POINT('',(-1.071246095848,-17.41149778863));
#4301 = CARTESIAN_POINT('',(-1.18345089826,-17.46507251494));
#4302 = CARTESIAN_POINT('',(-1.295671964164,-17.51865182129));
#4303 = CARTESIAN_POINT('',(-1.407951741759,-17.57225734564));
#4304 = CARTESIAN_POINT('',(-1.608598188005,-17.66805075392));
#4305 = CARTESIAN_POINT('',(-1.697053166865,-17.71028098372));
#4306 = CARTESIAN_POINT('',(-1.785492982096,-17.75250433461));
#4307 = CARTESIAN_POINT('',(-1.873924343234,-17.79472474464));
#4308 = CARTESIAN_POINT('',(-1.96236658444,-17.83695175996));
#4309 = CARTESIAN_POINT('',(-2.050822711519,-17.87918660176));
#4310 = CARTESIAN_POINT('',(-2.245110583438,-17.97195418131));
#4311 = CARTESIAN_POINT('',(-2.351030051619,-18.02252912464));
#4312 = CARTESIAN_POINT('',(-2.456907615459,-18.073084355));
#4313 = CARTESIAN_POINT('',(-2.562771087302,-18.12363186953));
#4314 = CARTESIAN_POINT('',(-2.668646784228,-18.17418333996));
#4315 = CARTESIAN_POINT('',(-2.774565570947,-18.22475440193));
#4316 = CARTESIAN_POINT('',(-2.991274094065,-18.32822242839));
#4317 = CARTESIAN_POINT('',(-3.102179079817,-18.38117443718));
#4318 = CARTESIAN_POINT('',(-3.213028706479,-18.43410143128));
#4319 = CARTESIAN_POINT('',(-3.323862830115,-18.4870241706));
#4320 = CARTESIAN_POINT('',(-3.434713554324,-18.53995840704));
#4321 = CARTESIAN_POINT('',(-3.545620248791,-18.59291893361));
#4322 = CARTESIAN_POINT('',(-3.772853054752,-18.70142127824));
#4323 = CARTESIAN_POINT('',(-3.889327277533,-18.75703347598));
#4324 = CARTESIAN_POINT('',(-4.005731676272,-18.81260547085));
#4325 = CARTESIAN_POINT('',(-4.12212016637,-18.86816085897));
#4326 = CARTESIAN_POINT('',(-4.238528651408,-18.92372060254));
#4327 = CARTESIAN_POINT('',(-4.35500643303,-18.97933191512));
#4328 = CARTESIAN_POINT('',(-4.539628725591,-19.06749608615));
#4329 = CARTESIAN_POINT('',(-4.60787602701,-19.10008757651));
#4330 = CARTESIAN_POINT('',(-4.676117138611,-19.13269292184));
#4331 = CARTESIAN_POINT('',(-4.744352934756,-19.16527196055));
#4332 = CARTESIAN_POINT('',(-4.812589157804,-19.19782842029));
#4333 = CARTESIAN_POINT('',(-4.880828680403,-19.23040520485));
#4334 = CARTESIAN_POINT('',(-5.038676915604,-19.30576167567));
#4335 = CARTESIAN_POINT('',(-5.12829289452,-19.34855149797));
#4336 = CARTESIAN_POINT('',(-5.217892729545,-19.39134275417));
#4337 = CARTESIAN_POINT('',(-5.307487491746,-19.43413334917));
#4338 = CARTESIAN_POINT('',(-5.397098575866,-19.47692828516));
#4339 = CARTESIAN_POINT('',(-5.486728159399,-19.51972865145));
#4340 = CARTESIAN_POINT('',(-5.677297051516,-19.61072308402));
#4341 = CARTESIAN_POINT('',(-5.778297595417,-19.65894561355));
#4342 = CARTESIAN_POINT('',(-5.879266445225,-19.70714967731));
#4343 = CARTESIAN_POINT('',(-5.980229747541,-19.75535120067));
#4344 = CARTESIAN_POINT('',(-6.081209440371,-19.80356263826));
#4345 = CARTESIAN_POINT('',(-6.18222325113,-19.85179215979));
#4346 = CARTESIAN_POINT('',(-6.28318530718,-19.89999805314));
#4347 = ( GEOMETRIC_REPRESENTATION_CONTEXT(2) 
PARAMETRIC_REPRESENTATION_CONTEXT() REPRESENTATION_CONTEXT('2D SPACE',''
  ) );
#4348 = ORIENTED_EDGE('',*,*,#4349,.F.);
#4349 = EDGE_CURVE('',#4350,#4168,#4352,.T.);
#4350 = VERTEX_POINT('',#4351);
#4351 = CARTESIAN_POINT('',(8.75,-1.74999995,5.250003539928));
#4352 = SURFACE_CURVE('',#4353,(#4426,#4502),.PCURVE_S1.);
#4353 = B_SPLINE_CURVE_WITH_KNOTS('',8,(#4354,#4355,#4356,#4357,#4358,
    #4359,#4360,#4361,#4362,#4363,#4364,#4365,#4366,#4367,#4368,#4369,
    #4370,#4371,#4372,#4373,#4374,#4375,#4376,#4377,#4378,#4379,#4380,
    #4381,#4382,#4383,#4384,#4385,#4386,#4387,#4388,#4389,#4390,#4391,
    #4392,#4393,#4394,#4395,#4396,#4397,#4398,#4399,#4400,#4401,#4402,
    #4403,#4404,#4405,#4406,#4407,#4408,#4409,#4410,#4411,#4412,#4413,
    #4414,#4415,#4416,#4417,#4418,#4419,#4420,#4421,#4422,#4423,#4424,
    #4425),.UNSPECIFIED.,.F.,.F.,(9,7,7,7,7,7,7,7,7,7,9),(0.,
    9.750734559641E-02,0.207724717802,0.313617694258,0.42123620421,
    0.536034846443,0.595658050161,0.654837659172,0.813278631535,
    0.899558161166,1.),.UNSPECIFIED.);
#4354 = CARTESIAN_POINT('',(8.75,-1.74999995,5.250003539928));
#4355 = CARTESIAN_POINT('',(8.75,-1.482049114502,5.286560514084));
#4356 = CARTESIAN_POINT('',(8.726555638468,-1.214020506568,
    5.323127736184));
#4357 = CARTESIAN_POINT('',(8.679644438303,-0.94840782917,5.359691812484
    ));
#4358 = CARTESIAN_POINT('',(8.609581552709,-0.687617023974,
    5.396250094738));
#4359 = CARTESIAN_POINT('',(8.516963143888,-0.433970052158,
    5.432805762679));
#4360 = CARTESIAN_POINT('',(8.402642171471,-0.189700025592,
    5.469362990228));
#4361 = CARTESIAN_POINT('',(8.267736590695,4.306231162545E-02,
    5.505922195425));
#4362 = CARTESIAN_POINT('',(7.939520832961,0.510138099341,5.583793238658
    ));
#4363 = CARTESIAN_POINT('',(7.740804824682,0.740819732959,5.625123370221
    ));
#4364 = CARTESIAN_POINT('',(7.519567795565,0.951389470213,5.666446269413
    ));
#4365 = CARTESIAN_POINT('',(7.278225539455,1.139316428751,5.70776347828)
  );
#4366 = CARTESIAN_POINT('',(7.019472945882,1.302443638934,5.749081788604
    ));
#4367 = CARTESIAN_POINT('',(6.746254837153,1.438967640282,5.790407534936
    ));
#4368 = CARTESIAN_POINT('',(6.461776043466,1.54747481398,5.831741004293)
  );
#4369 = CARTESIAN_POINT('',(5.88874690093,1.703503441674,5.912759788373)
  );
#4370 = CARTESIAN_POINT('',(5.60060194611,1.753302926216,5.952473051672)
  );
#4371 = CARTESIAN_POINT('',(5.308173863841,1.775576802176,5.992183268367
    ));
#4372 = CARTESIAN_POINT('',(5.014543995628,1.769942182773,6.031887761819
    ));
#4373 = CARTESIAN_POINT('',(4.722780997995,1.736418460225,6.071591598075
    ));
#4374 = CARTESIAN_POINT('',(4.435925239361,1.67539628307,6.111300411775)
  );
#4375 = CARTESIAN_POINT('',(4.156971170933,1.587662200708,6.151013154642
    ));
#4376 = CARTESIAN_POINT('',(3.61635508099,1.359451421021,6.231063318978)
  );
#4377 = CARTESIAN_POINT('',(3.354867620488,1.218062274156,6.271426894116
    ));
#4378 = CARTESIAN_POINT('',(3.107509099068,1.051590304497,6.311784503343
    ));
#4379 = CARTESIAN_POINT('',(2.877074398531,0.861733387161,6.352135868919
    ));
#4380 = CARTESIAN_POINT('',(2.66607030061,0.650509680794,6.392486955432)
  );
#4381 = CARTESIAN_POINT('',(2.476731169685,0.420223060233,6.432844224478
    ));
#4382 = CARTESIAN_POINT('',(2.310995275886,0.173474339709,6.473209471834
    ));
#4383 = CARTESIAN_POINT('',(2.020481359965,-0.364439787222,6.55661733692
    ));
#4384 = CARTESIAN_POINT('',(1.899083622597,-0.657637301609,
    6.599684827679));
#4385 = CARTESIAN_POINT('',(1.808216742453,-0.96281026043,6.642743043673
    ));
#4386 = CARTESIAN_POINT('',(1.749194792084,-1.276220576363,
    6.685791408635));
#4387 = CARTESIAN_POINT('',(1.722789476936,-1.594043892165,
    6.728835233126));
#4388 = CARTESIAN_POINT('',(1.729272275403,-1.912389140595,
    6.771881411424));
#4389 = CARTESIAN_POINT('',(1.76836950427,-2.227306522021,6.814933701408
    ));
#4390 = CARTESIAN_POINT('',(1.875876564944,-2.69453711234,6.880323979248
    ));
#4391 = CARTESIAN_POINT('',(1.921175380092,-2.852292243145,
    6.902677030984));
#4392 = CARTESIAN_POINT('',(1.97489798189,-3.007544743181,6.92503123152)
  );
#4393 = CARTESIAN_POINT('',(2.036881070081,-3.159768642367,
    6.947387005696));
#4394 = CARTESIAN_POINT('',(2.106923574066,-3.308454764732,
    6.969744528472));
#4395 = CARTESIAN_POINT('',(2.184786652907,-3.453110728413,
    6.992103724928));
#4396 = CARTESIAN_POINT('',(2.270193695326,-3.593260945658,7.01446427026
    ));
#4397 = CARTESIAN_POINT('',(2.454777730602,-3.862626522923,
    7.059020541819));
#4398 = CARTESIAN_POINT('',(2.553860181209,-3.991931555096,7.08121914992
    ));
#4399 = CARTESIAN_POINT('',(2.659765484492,-4.115909621452,
    7.103416334075));
#4400 = CARTESIAN_POINT('',(2.772155269803,-4.234138644804,
    7.125609091062));
#4401 = CARTESIAN_POINT('',(2.89066498289,-4.346226568671,7.147796494455
    ));
#4402 = CARTESIAN_POINT('',(3.014903885895,-4.451811357279,7.16997969462
    ));
#4403 = CARTESIAN_POINT('',(3.144455057352,-4.550560995556,
    7.192161918718));
#4404 = CARTESIAN_POINT('',(3.638757603527,-4.887446697359,
    7.273748303322));
#4405 = CARTESIAN_POINT('',(4.033974569494,-5.08185068056,7.333233572315
    ));
#4406 = CARTESIAN_POINT('',(4.455444980278,-5.218869330121,
    7.392698846224));
#4407 = CARTESIAN_POINT('',(4.893355382111,-5.29480246715,7.452133055997
    ));
#4408 = CARTESIAN_POINT('',(5.337625379809,-5.307630563729,
    7.511555394983));
#4409 = CARTESIAN_POINT('',(5.777964405151,-5.257310225621,
    7.570998000158));
#4410 = CARTESIAN_POINT('',(6.203994757576,-5.145519451775,
    7.630482442305));
#4411 = CARTESIAN_POINT('',(6.824150586186,-4.885010470394,
    7.722237474729));
#4412 = CARTESIAN_POINT('',(7.035707303597,-4.776222815642,
    7.754590511835));
#4413 = CARTESIAN_POINT('',(7.238607019612,-4.651145302887,
    7.786942468181));
#4414 = CARTESIAN_POINT('',(7.431393631441,-4.510594457007,
    7.819293340151));
#4415 = CARTESIAN_POINT('',(7.61271391515,-4.355530353898,7.851645190363
    ));
#4416 = CARTESIAN_POINT('',(7.781317786118,-4.187048125484,
    7.883999556922));
#4417 = CARTESIAN_POINT('',(7.936069214868,-4.006382118865,
    7.916354839724));
#4418 = CARTESIAN_POINT('',(8.238829962999,-3.592036293667,
    7.986362369077));
#4419 = CARTESIAN_POINT('',(8.381642167961,-3.354413747652,
    8.024030365772));
#4420 = CARTESIAN_POINT('',(8.502785266684,-3.104236806478,
    8.061694466141));
#4421 = CARTESIAN_POINT('',(8.600999920854,-2.843829969471,8.09935304185
    ));
#4422 = CARTESIAN_POINT('',(8.675332057104,-2.575629445526,8.13701049847
    ));
#4423 = CARTESIAN_POINT('',(8.725116674115,-2.302164548879,
    8.174671679087));
#4424 = CARTESIAN_POINT('',(8.75,-2.026051545484,8.212336197052));
#4425 = CARTESIAN_POINT('',(8.75,-1.74999995,8.249992697869));
#4426 = PCURVE('',#2153,#4427);
#4427 = DEFINITIONAL_REPRESENTATION('',(#4428),#4501);
#4428 = B_SPLINE_CURVE_WITH_KNOTS('',8,(#4429,#4430,#4431,#4432,#4433,
    #4434,#4435,#4436,#4437,#4438,#4439,#4440,#4441,#4442,#4443,#4444,
    #4445,#4446,#4447,#4448,#4449,#4450,#4451,#4452,#4453,#4454,#4455,
    #4456,#4457,#4458,#4459,#4460,#4461,#4462,#4463,#4464,#4465,#4466,
    #4467,#4468,#4469,#4470,#4471,#4472,#4473,#4474,#4475,#4476,#4477,
    #4478,#4479,#4480,#4481,#4482,#4483,#4484,#4485,#4486,#4487,#4488,
    #4489,#4490,#4491,#4492,#4493,#4494,#4495,#4496,#4497,#4498,#4499,
    #4500),.UNSPECIFIED.,.F.,.F.,(9,7,7,7,7,7,7,7,7,7,9),(0.,
    9.750734559641E-02,0.207724717802,0.313617694258,0.42123620421,
    0.536034846443,0.595658050161,0.654837659172,0.813278631535,
    0.899558161166,1.),.UNSPECIFIED.);
#4429 = CARTESIAN_POINT('',(0.212136975237,34.813222077456));
#4430 = CARTESIAN_POINT('',(0.212141730863,34.898058677229));
#4431 = CARTESIAN_POINT('',(0.212146311432,34.982919348554));
#4432 = CARTESIAN_POINT('',(0.212150140351,35.067773952392));
#4433 = CARTESIAN_POINT('',(0.212152620175,35.152617322952));
#4434 = CARTESIAN_POINT('',(0.212153371418,35.2374574628));
#4435 = CARTESIAN_POINT('',(0.21215234663,35.322304136977));
#4436 = CARTESIAN_POINT('',(0.212149819747,35.407157866147));
#4437 = CARTESIAN_POINT('',(0.212142216456,35.587899806079));
#4438 = CARTESIAN_POINT('',(0.212136848336,35.683830952683));
#4439 = CARTESIAN_POINT('',(0.212130800802,35.779746428804));
#4440 = CARTESIAN_POINT('',(0.212125037171,35.87564823244));
#4441 = CARTESIAN_POINT('',(0.212120534834,35.971550522501));
#4442 = CARTESIAN_POINT('',(0.212117876836,36.06746704389));
#4443 = CARTESIAN_POINT('',(0.212117029333,36.163398518279));
#4444 = CARTESIAN_POINT('',(0.212118157037,36.351431663106));
#4445 = CARTESIAN_POINT('',(0.212120012752,36.443598394978));
#4446 = CARTESIAN_POINT('',(0.212122870705,36.535756411256));
#4447 = CARTESIAN_POINT('',(0.212125985518,36.62790072303));
#4448 = CARTESIAN_POINT('',(0.212128568239,36.720044382752));
#4449 = CARTESIAN_POINT('',(0.21213007903,36.812201353693));
#4450 = CARTESIAN_POINT('',(0.212130411635,36.904369377296));
#4451 = CARTESIAN_POINT('',(0.212129520455,37.090157783714));
#4452 = CARTESIAN_POINT('',(0.212128258914,37.183838928054));
#4453 = CARTESIAN_POINT('',(0.212126567141,37.277506932281));
#4454 = CARTESIAN_POINT('',(0.212125210649,37.3711598955));
#4455 = CARTESIAN_POINT('',(0.2121252889,37.464809856474));
#4456 = CARTESIAN_POINT('',(0.21212750355,37.558470660303));
#4457 = CARTESIAN_POINT('',(0.212131533806,37.652147001233));
#4458 = CARTESIAN_POINT('',(0.2121414014,37.845710576782));
#4459 = CARTESIAN_POINT('',(0.21214736038,37.945655339125));
#4460 = CARTESIAN_POINT('',(0.212152799872,38.045579428377));
#4461 = CARTESIAN_POINT('',(0.212155722505,38.145484784992));
#4462 = CARTESIAN_POINT('',(0.212152964774,38.245388925829));
#4463 = CARTESIAN_POINT('',(0.212143205073,38.345310020605));
#4464 = CARTESIAN_POINT('',(0.212129414612,38.44525191481));
#4465 = CARTESIAN_POINT('',(0.212109992933,38.59704687278));
#4466 = CARTESIAN_POINT('',(0.212103303961,38.648936633925));
#4467 = CARTESIAN_POINT('',(0.212097842238,38.700827047243));
#4468 = CARTESIAN_POINT('',(0.212094519331,38.752717602755));
#4469 = CARTESIAN_POINT('',(0.212093881132,38.804607810653));
#4470 = CARTESIAN_POINT('',(0.212096107859,38.8564972013));
#4471 = CARTESIAN_POINT('',(0.212101014054,38.90838532523));
#4472 = CARTESIAN_POINT('',(0.212115030778,39.011772147719));
#4473 = CARTESIAN_POINT('',(0.212125705102,39.063274968396));
#4474 = CARTESIAN_POINT('',(0.212134138956,39.114778161122));
#4475 = CARTESIAN_POINT('',(0.212136828263,39.166280506363));
#4476 = CARTESIAN_POINT('',(0.212132697458,39.217781619111));
#4477 = CARTESIAN_POINT('',(0.212123099497,39.269281948881));
#4478 = CARTESIAN_POINT('',(0.21211181585,39.320782779712));
#4479 = CARTESIAN_POINT('',(0.212086959788,39.510175900391));
#4480 = CARTESIAN_POINT('',(0.212083263193,39.648240226046));
#4481 = CARTESIAN_POINT('',(0.212116712441,39.786197184866));
#4482 = CARTESIAN_POINT('',(0.21214630188,39.924088382213));
#4483 = CARTESIAN_POINT('',(0.212156982206,40.061983060574));
#4484 = CARTESIAN_POINT('',(0.212156016561,40.199943886808));
#4485 = CARTESIAN_POINT('',(0.212149326477,40.338011206114));
#4486 = CARTESIAN_POINT('',(0.212137996033,40.550982356107));
#4487 = CARTESIAN_POINT('',(0.212133788939,40.626076825067));
#4488 = CARTESIAN_POINT('',(0.212130158584,40.701167839215));
#4489 = CARTESIAN_POINT('',(0.21212763878,40.77625451412));
#4490 = CARTESIAN_POINT('',(0.212126391261,40.851341371446));
#4491 = CARTESIAN_POINT('',(0.212126217581,40.926432306623));
#4492 = CARTESIAN_POINT('',(0.212126699639,41.001524292151));
#4493 = CARTESIAN_POINT('',(0.212128364331,41.164000738551));
#4494 = CARTESIAN_POINT('',(0.2121296453,41.25142159226));
#4495 = CARTESIAN_POINT('',(0.212130693783,41.338833784596));
#4496 = CARTESIAN_POINT('',(0.21213088085,41.42623456853));
#4497 = CARTESIAN_POINT('',(0.212129915098,41.513634647097));
#4498 = CARTESIAN_POINT('',(0.21212796134,41.601044990047));
#4499 = CARTESIAN_POINT('',(0.212125529535,41.688463863115));
#4500 = CARTESIAN_POINT('',(0.212123133936,41.775864069915));
#4501 = ( GEOMETRIC_REPRESENTATION_CONTEXT(2) 
PARAMETRIC_REPRESENTATION_CONTEXT() REPRESENTATION_CONTEXT('2D SPACE',''
  ) );
#4502 = PCURVE('',#3237,#4503);
#4503 = DEFINITIONAL_REPRESENTATION('',(#4504),#4577);
#4504 = B_SPLINE_CURVE_WITH_KNOTS('',8,(#4505,#4506,#4507,#4508,#4509,
    #4510,#4511,#4512,#4513,#4514,#4515,#4516,#4517,#4518,#4519,#4520,
    #4521,#4522,#4523,#4524,#4525,#4526,#4527,#4528,#4529,#4530,#4531,
    #4532,#4533,#4534,#4535,#4536,#4537,#4538,#4539,#4540,#4541,#4542,
    #4543,#4544,#4545,#4546,#4547,#4548,#4549,#4550,#4551,#4552,#4553,
    #4554,#4555,#4556,#4557,#4558,#4559,#4560,#4561,#4562,#4563,#4564,
    #4565,#4566,#4567,#4568,#4569,#4570,#4571,#4572,#4573,#4574,#4575,
    #4576),.UNSPECIFIED.,.F.,.F.,(9,7,7,7,7,7,7,7,7,7,9),(0.,
    9.750734559641E-02,0.207724717802,0.313617694258,0.42123620421,
    0.536034846443,0.595658050161,0.654837659172,0.813278631535,
    0.899558161166,1.),.UNSPECIFIED.);
#4505 = CARTESIAN_POINT('',(0.,-13.90000343992));
#4506 = CARTESIAN_POINT('',(-7.655738157093E-02,-13.93656041408));
#4507 = CARTESIAN_POINT('',(-0.153136640307,-13.97312763618));
#4508 = CARTESIAN_POINT('',(-0.2297106045,-14.00969171248));
#4509 = CARTESIAN_POINT('',(-0.30627458067,-14.04624999473));
#4510 = CARTESIAN_POINT('',(-0.382835715282,-14.08280566267));
#4511 = CARTESIAN_POINT('',(-0.45940272479,-14.11936289022));
#4512 = CARTESIAN_POINT('',(-0.535975994032,-14.15592209542));
#4513 = CARTESIAN_POINT('',(-0.6990799111,-14.23379313865));
#4514 = CARTESIAN_POINT('',(-0.785649264155,-14.27512327022));
#4515 = CARTESIAN_POINT('',(-0.872204238741,-14.31644616941));
#4516 = CARTESIAN_POINT('',(-0.958746642006,-14.35776337828));
#4517 = CARTESIAN_POINT('',(-1.045289365306,-14.3990816886));
#4518 = CARTESIAN_POINT('',(-1.131844996631,-14.44040743493));
#4519 = CARTESIAN_POINT('',(-1.218414361654,-14.48174090429));
#4520 = CARTESIAN_POINT('',(-1.388097699587,-14.56275968837));
#4521 = CARTESIAN_POINT('',(-1.471270358927,-14.60247295167));
#4522 = CARTESIAN_POINT('',(-1.554435547964,-14.64218316836));
#4523 = CARTESIAN_POINT('',(-1.637588786562,-14.68188766181));
#4524 = CARTESIAN_POINT('',(-1.720741762034,-14.72159149807));
#4525 = CARTESIAN_POINT('',(-1.803906876083,-14.76130031177));
#4526 = CARTESIAN_POINT('',(-1.887081844452,-14.80101305464));
#4527 = CARTESIAN_POINT('',(-2.054741829984,-14.88106321897));
#4528 = CARTESIAN_POINT('',(-2.139281668669,-14.92142679411));
#4529 = CARTESIAN_POINT('',(-2.22380915133,-14.96178440334));
#4530 = CARTESIAN_POINT('',(-2.30832242009,-15.00213576891));
#4531 = CARTESIAN_POINT('',(-2.392832359636,-15.04248685543));
#4532 = CARTESIAN_POINT('',(-2.477351680388,-15.08284412447));
#4533 = CARTESIAN_POINT('',(-2.561884960063,-15.12320937183));
#4534 = CARTESIAN_POINT('',(-2.736556650536,-15.20661723692));
#4535 = CARTESIAN_POINT('',(-2.82674700654,-15.24968472767));
#4536 = CARTESIAN_POINT('',(-2.916919274085,-15.29274294367));
#4537 = CARTESIAN_POINT('',(-3.007075506798,-15.33579130863));
#4538 = CARTESIAN_POINT('',(-3.097231465682,-15.37883513312));
#4539 = CARTESIAN_POINT('',(-3.187403061203,-15.42188131142));
#4540 = CARTESIAN_POINT('',(-3.277593084693,-15.4649336014));
#4541 = CARTESIAN_POINT('',(-3.414575786603,-15.53032387924));
#4542 = CARTESIAN_POINT('',(-3.461401953663,-15.55267693098));
#4543 = CARTESIAN_POINT('',(-3.508228540785,-15.57503113152));
#4544 = CARTESIAN_POINT('',(-3.555055102083,-15.59738690569));
#4545 = CARTESIAN_POINT('',(-3.601881237063,-15.61974442847));
#4546 = CARTESIAN_POINT('',(-3.648706590613,-15.64210362492));
#4547 = CARTESIAN_POINT('',(-3.69553085301,-15.66446417026));
#4548 = CARTESIAN_POINT('',(-3.788828305912,-15.70902044181));
#4549 = CARTESIAN_POINT('',(-3.835305219035,-15.73121904992));
#4550 = CARTESIAN_POINT('',(-3.881782572746,-15.75341623407));
#4551 = CARTESIAN_POINT('',(-3.928259200874,-15.77560899106));
#4552 = CARTESIAN_POINT('',(-3.97473469762,-15.79779639445));
#4553 = CARTESIAN_POINT('',(-4.021209417556,-15.81997959462));
#4554 = CARTESIAN_POINT('',(-4.067684475623,-15.84216181871));
#4555 = CARTESIAN_POINT('',(-4.238594878988,-15.92374820332));
#4556 = CARTESIAN_POINT('',(-4.363184702135,-15.98323347231));
#4557 = CARTESIAN_POINT('',(-4.487677853103,-16.04269874622));
#4558 = CARTESIAN_POINT('',(-4.612116056928,-16.10213295599));
#4559 = CARTESIAN_POINT('',(-4.736556573575,-16.16155529498));
#4560 = CARTESIAN_POINT('',(-4.861055366427,-16.22099790015));
#4561 = CARTESIAN_POINT('',(-4.985648583965,-16.2804823423));
#4562 = CARTESIAN_POINT('',(-5.177834331943,-16.37223737472));
#4563 = CARTESIAN_POINT('',(-5.245599519164,-16.40459041183));
#4564 = CARTESIAN_POINT('',(-5.313361429983,-16.43694236818));
#4565 = CARTESIAN_POINT('',(-5.381119438202,-16.46929324015));
#4566 = CARTESIAN_POINT('',(-5.448877792278,-16.50164509036));
#4567 = CARTESIAN_POINT('',(-5.516640128055,-16.53399945692));
#4568 = CARTESIAN_POINT('',(-5.584403766868,-16.56635473972));
#4569 = CARTESIAN_POINT('',(-5.731024625553,-16.63636226907));
#4570 = CARTESIAN_POINT('',(-5.809914808248,-16.67403026577));
#4571 = CARTESIAN_POINT('',(-5.888797638698,-16.71169436614));
#4572 = CARTESIAN_POINT('',(-5.96767050244,-16.74935294185));
#4573 = CARTESIAN_POINT('',(-6.046542858999,-16.78701039847));
#4574 = CARTESIAN_POINT('',(-6.12542440534,-16.82467157908));
#4575 = CARTESIAN_POINT('',(-6.204313422756,-16.86233609705));
#4576 = CARTESIAN_POINT('',(-6.28318530718,-16.89999259786));
#4577 = ( GEOMETRIC_REPRESENTATION_CONTEXT(2) 
PARAMETRIC_REPRESENTATION_CONTEXT() REPRESENTATION_CONTEXT('2D SPACE',''
  ) );
#4578 = ORIENTED_EDGE('',*,*,#4579,.F.);
#4579 = EDGE_CURVE('',#4580,#4350,#4582,.T.);
#4580 = VERTEX_POINT('',#4581);
#4581 = CARTESIAN_POINT('',(8.75,-1.74999995,2.2500033136));
#4582 = SURFACE_CURVE('',#4583,(#4649,#4718),.PCURVE_S1.);
#4583 = B_SPLINE_CURVE_WITH_KNOTS('',8,(#4584,#4585,#4586,#4587,#4588,
    #4589,#4590,#4591,#4592,#4593,#4594,#4595,#4596,#4597,#4598,#4599,
    #4600,#4601,#4602,#4603,#4604,#4605,#4606,#4607,#4608,#4609,#4610,
    #4611,#4612,#4613,#4614,#4615,#4616,#4617,#4618,#4619,#4620,#4621,
    #4622,#4623,#4624,#4625,#4626,#4627,#4628,#4629,#4630,#4631,#4632,
    #4633,#4634,#4635,#4636,#4637,#4638,#4639,#4640,#4641,#4642,#4643,
    #4644,#4645,#4646,#4647,#4648),.UNSPECIFIED.,.F.,.F.,(9,7,7,7,7,7,7,
    7,7,9),(0.,0.185699115606,0.268465411414,0.400390292454,
    0.474011848705,0.559148926207,0.657956474741,0.761613855486,
    0.866889154573,1.),.UNSPECIFIED.);
#4584 = CARTESIAN_POINT('',(8.75,-1.74999995,2.2500033136));
#4585 = CARTESIAN_POINT('',(8.75,-1.239732520642,2.319607147919));
#4586 = CARTESIAN_POINT('',(8.664978662904,-0.728139205877,
    2.389391008269));
#4587 = CARTESIAN_POINT('',(8.49417837573,-0.23395486157,2.459062688984)
  );
#4588 = CARTESIAN_POINT('',(8.242659311822,0.226568171507,2.528686418348
    ));
#4589 = CARTESIAN_POINT('',(7.917830910375,0.638672239851,2.598314358808
    ));
#4590 = CARTESIAN_POINT('',(7.530362366153,0.98975187239,2.667992270043)
  );
#4591 = CARTESIAN_POINT('',(7.093199467985,1.268772862751,2.737783516861
    ));
#4592 = CARTESIAN_POINT('',(6.4147152352,1.558347294186,2.838417020931)
  );
#4593 = CARTESIAN_POINT('',(6.198875758008,1.632103628423,2.869446912877
    ));
#4594 = CARTESIAN_POINT('',(5.977750194557,1.689741800054,2.900476575144
    ));
#4595 = CARTESIAN_POINT('',(5.752752883179,1.730830464764,2.931505216831
    ));
#4596 = CARTESIAN_POINT('',(5.525323663686,1.755088209505,2.962534407888
    ));
#4597 = CARTESIAN_POINT('',(5.296922128493,1.762377296223,2.993565798224
    ));
#4598 = CARTESIAN_POINT('',(5.06902424005,1.752710288939,3.024598812717)
  );
#4599 = CARTESIAN_POINT('',(4.483044591592,1.684124516728,3.1050876376)
  );
#4600 = CARTESIAN_POINT('',(4.127713933821,1.599324505308,3.154582274786
    ));
#4601 = CARTESIAN_POINT('',(3.783398437601,1.472508023259,3.204060685253
    ));
#4602 = CARTESIAN_POINT('',(3.455863940096,1.305467289968,3.253525177683
    ));
#4603 = CARTESIAN_POINT('',(3.150412376197,1.100824445334,3.302985802041
    ));
#4604 = CARTESIAN_POINT('',(2.871913269067,0.861933319841,3.352453354919
    ));
#4605 = CARTESIAN_POINT('',(2.624735780958,0.592952185364,3.401932968852
    ));
#4606 = CARTESIAN_POINT('',(2.294044443977,0.135009277462,3.478973852296
    ));
#4607 = CARTESIAN_POINT('',(2.186425673905,-3.685476962155E-02,
    3.506570169268));
#4608 = CARTESIAN_POINT('',(2.090249648218,-0.215705229692,
    3.534166071402));
#4609 = CARTESIAN_POINT('',(2.006044265413,-0.400646922088,
    3.561762198292));
#4610 = CARTESIAN_POINT('',(1.93424871432,-0.590746304071,3.589360650401
    ));
#4611 = CARTESIAN_POINT('',(1.875213073398,-0.785034269634,3.61696318237
    ));
#4612 = CARTESIAN_POINT('',(1.829197910028,-0.982508948302,
    3.644569396325));
#4613 = CARTESIAN_POINT('',(1.758415676434,-1.412993131517,
    3.704098396471));
#4614 = CARTESIAN_POINT('',(1.738089512358,-1.646769482527,
    3.736032071836));
#4615 = CARTESIAN_POINT('',(1.735665146404,-1.881865237596,3.76794734399
    ));
#4616 = CARTESIAN_POINT('',(1.751225427684,-2.116679550636,
    3.799849251453));
#4617 = CARTESIAN_POINT('',(1.784686027062,-2.349620171182,
    3.831752111122));
#4618 = CARTESIAN_POINT('',(1.835801452224,-2.579110520978,
    3.863664561082));
#4619 = CARTESIAN_POINT('',(1.904157346388,-2.803596724784,
    3.895584023663));
#4620 = CARTESIAN_POINT('',(2.087787926477,-3.274509988243,
    3.964542000618));
#4621 = CARTESIAN_POINT('',(2.208880026444,-3.518790156357,
    4.001597951426));
#4622 = CARTESIAN_POINT('',(2.351505774776,-3.751976642587,
    4.038653675083));
#4623 = CARTESIAN_POINT('',(2.51444989666,-3.971862977813,4.075704469432
    ));
#4624 = CARTESIAN_POINT('',(2.696253944918,-4.176428565994,
    4.112752206267));
#4625 = CARTESIAN_POINT('',(2.895239722405,-4.363835139902,
    4.149800779706));
#4626 = CARTESIAN_POINT('',(3.109503620078,-4.532445787563,
    4.186850492928));
#4627 = CARTESIAN_POINT('',(3.575420669191,-4.836572339607,
    4.262750374577));
#4628 = CARTESIAN_POINT('',(3.828515479557,-4.970137609202,
    4.301619236541));
#4629 = CARTESIAN_POINT('',(4.093672630762,-5.079903063591,
    4.340483726507));
#4630 = CARTESIAN_POINT('',(4.368258845354,-5.164631567447,
    4.379343287683));
#4631 = CARTESIAN_POINT('',(4.649536013069,-5.223439935748,
    4.418203783348));
#4632 = CARTESIAN_POINT('',(4.934682762751,-5.255777685037,
    4.457070653967));
#4633 = CARTESIAN_POINT('',(5.220802832652,-5.26145274494,4.495942497183
    ));
#4634 = CARTESIAN_POINT('',(5.793472243066,-5.219631663718,
    4.574274223957));
#4635 = CARTESIAN_POINT('',(6.080140469839,-5.171290976128,
    4.613758175157));
#4636 = CARTESIAN_POINT('',(6.36177870077,-5.095878331436,4.653238612583
    ));
#4637 = CARTESIAN_POINT('',(6.635401536107,-4.994043949368,
    4.692712391306));
#4638 = CARTESIAN_POINT('',(6.898169045477,-4.866805646242,
    4.732184516806));
#4639 = CARTESIAN_POINT('',(7.147390343337,-4.715513198003,
    4.771661043073));
#4640 = CARTESIAN_POINT('',(7.380546089379,-4.541863425161,4.81114188517
    ));
#4641 = CARTESIAN_POINT('',(7.866904126594,-4.102800700029,
    4.900521798427));
#4642 = CARTESIAN_POINT('',(8.10937112617,-3.825027003841,4.950463391818
    ));
#4643 = CARTESIAN_POINT('',(8.317851929471,-3.518912411747,5.00038650621
    ));
#4644 = CARTESIAN_POINT('',(8.488620998748,-3.189400299822,
    5.050297492166));
#4645 = CARTESIAN_POINT('',(8.618776740707,-2.841838131839,
    5.100210934442));
#4646 = CARTESIAN_POINT('',(8.706293594735,-2.481962271634,
    5.150140388946));
#4647 = CARTESIAN_POINT('',(8.75,-2.115856084172,5.200089184495));
#4648 = CARTESIAN_POINT('',(8.75,-1.74999995,5.250003539928));
#4649 = PCURVE('',#2153,#4650);
#4650 = DEFINITIONAL_REPRESENTATION('',(#4651),#4717);
#4651 = B_SPLINE_CURVE_WITH_KNOTS('',8,(#4652,#4653,#4654,#4655,#4656,
    #4657,#4658,#4659,#4660,#4661,#4662,#4663,#4664,#4665,#4666,#4667,
    #4668,#4669,#4670,#4671,#4672,#4673,#4674,#4675,#4676,#4677,#4678,
    #4679,#4680,#4681,#4682,#4683,#4684,#4685,#4686,#4687,#4688,#4689,
    #4690,#4691,#4692,#4693,#4694,#4695,#4696,#4697,#4698,#4699,#4700,
    #4701,#4702,#4703,#4704,#4705,#4706,#4707,#4708,#4709,#4710,#4711,
    #4712,#4713,#4714,#4715,#4716),.UNSPECIFIED.,.F.,.F.,(9,7,7,7,7,7,7,
    7,7,9),(0.,0.185699115606,0.268465411414,0.400390292454,
    0.474011848705,0.559148926207,0.657956474741,0.761613855486,
    0.866889154573,1.),.UNSPECIFIED.);
#4652 = CARTESIAN_POINT('',(0.212136503569,27.850577885769));
#4653 = CARTESIAN_POINT('',(0.212127437745,28.012135013821));
#4654 = CARTESIAN_POINT('',(0.212117894996,28.174110743642));
#4655 = CARTESIAN_POINT('',(0.212111901853,28.335820292523));
#4656 = CARTESIAN_POINT('',(0.212113655111,28.497405839297));
#4657 = CARTESIAN_POINT('',(0.212122262349,28.658989911365));
#4658 = CARTESIAN_POINT('',(0.212128492784,28.820693860284));
#4659 = CARTESIAN_POINT('',(0.212130560763,28.982667678717));
#4660 = CARTESIAN_POINT('',(0.212129817813,29.21622733386));
#4661 = CARTESIAN_POINT('',(0.212129079876,29.288245246446));
#4662 = CARTESIAN_POINT('',(0.21212796753,29.360263240421));
#4663 = CARTESIAN_POINT('',(0.212126793635,29.432278966761));
#4664 = CARTESIAN_POINT('',(0.212125966027,29.504295399827));
#4665 = CARTESIAN_POINT('',(0.212125880438,29.576315719421));
#4666 = CARTESIAN_POINT('',(0.212126789757,29.648338175737));
#4667 = CARTESIAN_POINT('',(0.212131614107,29.835135281468));
#4668 = CARTESIAN_POINT('',(0.212137045027,29.949997555531));
#4669 = CARTESIAN_POINT('',(0.212144581625,30.064818713654));
#4670 = CARTESIAN_POINT('',(0.212153102639,30.179605954114));
#4671 = CARTESIAN_POINT('',(0.212157543385,30.294390913411));
#4672 = CARTESIAN_POINT('',(0.212153104131,30.409206526067));
#4673 = CARTESIAN_POINT('',(0.212140517649,30.524063501529));
#4674 = CARTESIAN_POINT('',(0.212117966719,30.702903269739));
#4675 = CARTESIAN_POINT('',(0.212109422378,30.766965072943));
#4676 = CARTESIAN_POINT('',(0.212101018623,30.831025682631));
#4677 = CARTESIAN_POINT('',(0.212094524531,30.895083679969));
#4678 = CARTESIAN_POINT('',(0.212091937981,30.959140661149));
#4679 = CARTESIAN_POINT('',(0.21209455313,31.023198574636));
#4680 = CARTESIAN_POINT('',(0.212102027893,31.087257058419));
#4681 = CARTESIAN_POINT('',(0.212122348922,31.225383463334));
#4682 = CARTESIAN_POINT('',(0.212143733465,31.299462644693));
#4683 = CARTESIAN_POINT('',(0.212140677347,31.373539224175));
#4684 = CARTESIAN_POINT('',(0.212120651945,31.447612634301));
#4685 = CARTESIAN_POINT('',(0.212101423898,31.521686945893));
#4686 = CARTESIAN_POINT('',(0.212092861242,31.595766012314));
#4687 = CARTESIAN_POINT('',(0.212092649498,31.669847649339));
#4688 = CARTESIAN_POINT('',(0.212099710687,31.829879352734));
#4689 = CARTESIAN_POINT('',(0.212110056369,31.915864844254));
#4690 = CARTESIAN_POINT('',(0.212124005756,32.001843894515));
#4691 = CARTESIAN_POINT('',(0.212137147519,32.087812829846));
#4692 = CARTESIAN_POINT('',(0.212146363626,32.173781111488));
#4693 = CARTESIAN_POINT('',(0.212150940867,32.259758947684));
#4694 = CARTESIAN_POINT('',(0.212152038278,32.34574513997));
#4695 = CARTESIAN_POINT('',(0.212148907639,32.521904907359));
#4696 = CARTESIAN_POINT('',(0.212144477502,32.612122199595));
#4697 = CARTESIAN_POINT('',(0.212138555281,32.702331793622));
#4698 = CARTESIAN_POINT('',(0.212132970685,32.792529394432));
#4699 = CARTESIAN_POINT('',(0.212129014799,32.882726491185));
#4700 = CARTESIAN_POINT('',(0.212127004853,32.972935189945));
#4701 = CARTESIAN_POINT('',(0.212126446839,33.063153046727));
#4702 = CARTESIAN_POINT('',(0.212127150576,33.244950545793));
#4703 = CARTESIAN_POINT('',(0.212128427198,33.336586021816));
#4704 = CARTESIAN_POINT('',(0.212130006785,33.428212845587));
#4705 = CARTESIAN_POINT('',(0.212130995955,33.519825184238));
#4706 = CARTESIAN_POINT('',(0.212130796887,33.611435635984));
#4707 = CARTESIAN_POINT('',(0.212129362333,33.703058328965));
#4708 = CARTESIAN_POINT('',(0.212127135738,33.794692338299));
#4709 = CARTESIAN_POINT('',(0.212121567023,34.00214166256));
#4710 = CARTESIAN_POINT('',(0.21211808544,34.118055895418));
#4711 = CARTESIAN_POINT('',(0.212115382845,34.233925962307));
#4712 = CARTESIAN_POINT('',(0.212115006242,34.349764063313));
#4713 = CARTESIAN_POINT('',(0.21211799831,34.465602336787));
#4714 = CARTESIAN_POINT('',(0.212123658504,34.581473394046));
#4715 = CARTESIAN_POINT('',(0.212130481975,34.69738743051));
#4716 = CARTESIAN_POINT('',(0.212136975237,34.813222077456));
#4717 = ( GEOMETRIC_REPRESENTATION_CONTEXT(2) 
PARAMETRIC_REPRESENTATION_CONTEXT() REPRESENTATION_CONTEXT('2D SPACE',''
  ) );
#4718 = PCURVE('',#3012,#4719);
#4719 = DEFINITIONAL_REPRESENTATION('',(#4720),#4786);
#4720 = B_SPLINE_CURVE_WITH_KNOTS('',8,(#4721,#4722,#4723,#4724,#4725,
    #4726,#4727,#4728,#4729,#4730,#4731,#4732,#4733,#4734,#4735,#4736,
    #4737,#4738,#4739,#4740,#4741,#4742,#4743,#4744,#4745,#4746,#4747,
    #4748,#4749,#4750,#4751,#4752,#4753,#4754,#4755,#4756,#4757,#4758,
    #4759,#4760,#4761,#4762,#4763,#4764,#4765,#4766,#4767,#4768,#4769,
    #4770,#4771,#4772,#4773,#4774,#4775,#4776,#4777,#4778,#4779,#4780,
    #4781,#4782,#4783,#4784,#4785),.UNSPECIFIED.,.F.,.F.,(9,7,7,7,7,7,7,
    7,7,9),(0.,0.185699115606,0.268465411414,0.400390292454,
    0.474011848705,0.559148926207,0.657956474741,0.761613855486,
    0.866889154573,1.),.UNSPECIFIED.);
#4721 = CARTESIAN_POINT('',(0.,-10.9000032136));
#4722 = CARTESIAN_POINT('',(-0.145790694102,-10.96960704791));
#4723 = CARTESIAN_POINT('',(-0.291958572168,-11.03939090826));
#4724 = CARTESIAN_POINT('',(-0.437885878933,-11.10906258898));
#4725 = CARTESIAN_POINT('',(-0.583701642981,-11.17868631835));
#4726 = CARTESIAN_POINT('',(-0.729518068805,-11.2483142588));
#4727 = CARTESIAN_POINT('',(-0.875444407329,-11.31799217004));
#4728 = CARTESIAN_POINT('',(-1.021614445066,-11.38778341686));
#4729 = CARTESIAN_POINT('',(-1.2323845017,-11.48841692093));
#4730 = CARTESIAN_POINT('',(-1.297375096951,-11.51944681287));
#4731 = CARTESIAN_POINT('',(-1.362365512116,-11.55047647514));
#4732 = CARTESIAN_POINT('',(-1.427353550816,-11.58150511683));
#4733 = CARTESIAN_POINT('',(-1.49234186642,-11.61253430788));
#4734 = CARTESIAN_POINT('',(-1.55733335799,-11.64356569822));
#4735 = CARTESIAN_POINT('',(-1.622326531618,-11.67459871271));
#4736 = CARTESIAN_POINT('',(-1.79089218686,-11.7550875376));
#4737 = CARTESIAN_POINT('',(-1.894543543027,-11.80458217478));
#4738 = CARTESIAN_POINT('',(-1.99815792278,-11.85406058525));
#4739 = CARTESIAN_POINT('',(-2.101742502348,-11.90352507768));
#4740 = CARTESIAN_POINT('',(-2.205326369253,-11.95298570204));
#4741 = CARTESIAN_POINT('',(-2.30893899897,-12.00245325491));
#4742 = CARTESIAN_POINT('',(-2.412588976653,-12.05193286885));
#4743 = CARTESIAN_POINT('',(-2.573977964784,-12.12897375229));
#4744 = CARTESIAN_POINT('',(-2.63178863445,-12.15657006926));
#4745 = CARTESIAN_POINT('',(-2.689597931462,-12.1841659714));
#4746 = CARTESIAN_POINT('',(-2.747404560895,-12.21176209829));
#4747 = CARTESIAN_POINT('',(-2.805210057333,-12.2393605504));
#4748 = CARTESIAN_POINT('',(-2.863016337242,-12.26696308237));
#4749 = CARTESIAN_POINT('',(-2.920823251338,-12.29456929632));
#4750 = CARTESIAN_POINT('',(-3.045470265298,-12.35409829647));
#4751 = CARTESIAN_POINT('',(-3.112320633774,-12.38603197183));
#4752 = CARTESIAN_POINT('',(-3.179168683699,-12.41794724399));
#4753 = CARTESIAN_POINT('',(-3.246013777479,-12.44984915145));
#4754 = CARTESIAN_POINT('',(-3.312859466791,-12.48175201112));
#4755 = CARTESIAN_POINT('',(-3.379709098584,-12.51366446108));
#4756 = CARTESIAN_POINT('',(-3.446560758907,-12.54558392366));
#4757 = CARTESIAN_POINT('',(-3.590974985026,-12.61454190061));
#4758 = CARTESIAN_POINT('',(-3.66856943741,-12.65159785142));
#4759 = CARTESIAN_POINT('',(-3.746158684493,-12.68865357508));
#4760 = CARTESIAN_POINT('',(-3.823739290348,-12.72570436943));
#4761 = CARTESIAN_POINT('',(-3.901319450392,-12.76275210626));
#4762 = CARTESIAN_POINT('',(-3.978908004938,-12.7998006797));
#4763 = CARTESIAN_POINT('',(-4.056503626219,-12.83685039292));
#4764 = CARTESIAN_POINT('',(-4.215472666026,-12.91275027457));
#4765 = CARTESIAN_POINT('',(-4.29688548296,-12.95161913654));
#4766 = CARTESIAN_POINT('',(-4.37829075577,-12.9904836265));
#4767 = CARTESIAN_POINT('',(-4.459684797557,-13.02934318768));
#4768 = CARTESIAN_POINT('',(-4.541078284078,-13.06820368334));
#4769 = CARTESIAN_POINT('',(-4.622482450329,-13.10707055396));
#4770 = CARTESIAN_POINT('',(-4.703895308087,-13.14594239718));
#4771 = CARTESIAN_POINT('',(-4.867950862754,-13.22427412395));
#4772 = CARTESIAN_POINT('',(-4.950643960777,-13.26375807515));
#4773 = CARTESIAN_POINT('',(-5.033329824711,-13.30323851258));
#4774 = CARTESIAN_POINT('',(-5.116003103088,-13.3427122913));
#4775 = CARTESIAN_POINT('',(-5.198674965693,-13.3821844168));
#4776 = CARTESIAN_POINT('',(-5.281357918098,-13.42166094307));
#4777 = CARTESIAN_POINT('',(-5.364050911785,-13.46114178517));
#4778 = CARTESIAN_POINT('',(-5.551258145416,-13.55052169842));
#4779 = CARTESIAN_POINT('',(-5.655861484461,-13.60046329181));
#4780 = CARTESIAN_POINT('',(-5.760424302308,-13.65038640621));
#4781 = CARTESIAN_POINT('',(-5.864957588161,-13.70029739216));
#4782 = CARTESIAN_POINT('',(-5.969490649501,-13.75021083444));
#4783 = CARTESIAN_POINT('',(-6.074053307384,-13.80014028894));
#4784 = CARTESIAN_POINT('',(-6.17865498313,-13.85008908449));
#4785 = CARTESIAN_POINT('',(-6.28318530718,-13.90000343992));
#4786 = ( GEOMETRIC_REPRESENTATION_CONTEXT(2) 
PARAMETRIC_REPRESENTATION_CONTEXT() REPRESENTATION_CONTEXT('2D SPACE',''
  ) );
#4787 = ORIENTED_EDGE('',*,*,#4788,.F.);
#4788 = EDGE_CURVE('',#3964,#4580,#4789,.T.);
#4789 = SURFACE_CURVE('',#4790,(#4856,#4925),.PCURVE_S1.);
#4790 = B_SPLINE_CURVE_WITH_KNOTS('',8,(#4791,#4792,#4793,#4794,#4795,
    #4796,#4797,#4798,#4799,#4800,#4801,#4802,#4803,#4804,#4805,#4806,
    #4807,#4808,#4809,#4810,#4811,#4812,#4813,#4814,#4815,#4816,#4817,
    #4818,#4819,#4820,#4821,#4822,#4823,#4824,#4825,#4826,#4827,#4828,
    #4829,#4830,#4831,#4832,#4833,#4834,#4835,#4836,#4837,#4838,#4839,
    #4840,#4841,#4842,#4843,#4844,#4845,#4846,#4847,#4848,#4849,#4850,
    #4851,#4852,#4853,#4854,#4855),.UNSPECIFIED.,.F.,.F.,(9,7,7,7,7,7,7,
    7,7,9),(0.,0.111570009042,0.232628409995,0.350478504057,
    0.402286539589,0.464906118687,0.590491863208,0.688955852941,
    0.865567868396,1.),.UNSPECIFIED.);
#4791 = CARTESIAN_POINT('',(8.75,-1.74999995,-0.750004800723));
#4792 = CARTESIAN_POINT('',(8.75,-1.443427221205,-0.708181124811));
#4793 = CARTESIAN_POINT('',(8.719310094492,-1.136738932582,
    -0.666341856212));
#4794 = CARTESIAN_POINT('',(8.657891809052,-0.83368518434,
    -0.624510106021));
#4795 = CARTESIAN_POINT('',(8.566294403452,-0.537859647292,
    -0.582685990197));
#4796 = CARTESIAN_POINT('',(8.44553347444,-0.252696924338,
    -0.540863161894));
#4797 = CARTESIAN_POINT('',(8.297049325385,1.852678363737E-02,
    -0.499034480429));
#4798 = CARTESIAN_POINT('',(8.122735504818,0.272717450991,
    -0.457197949613));
#4799 = CARTESIAN_POINT('',(7.710506426026,0.761288640245,
    -0.369993283763));
#4800 = CARTESIAN_POINT('',(7.46826891303,0.992351924693,-0.324590574992
    ));
#4801 = CARTESIAN_POINT('',(7.201378109681,1.196515145925,
    -0.279197345499));
#4802 = CARTESIAN_POINT('',(6.913377148712,1.370774319114,
    -0.233811042769));
#4803 = CARTESIAN_POINT('',(6.608144413847,1.512710865163,
    -0.188423079152));
#4804 = CARTESIAN_POINT('',(6.289851199724,1.620449139549,
    -0.143026471906));
#4805 = CARTESIAN_POINT('',(5.96297440548,1.692720265419,
    -9.762241446922E-02));
#4806 = CARTESIAN_POINT('',(5.310421711015,1.76442983778,
    -8.070186358895E-03));
#4807 = CARTESIAN_POINT('',(4.9846322667,1.765782055941,
    3.612209857758E-02));
#4808 = CARTESIAN_POINT('',(4.65935915701,1.732573671891,
    8.030148589575E-02));
#4809 = CARTESIAN_POINT('',(4.338889446916,1.665027261984,0.124469344065
    ));
#4810 = CARTESIAN_POINT('',(4.027365869581,1.563960335181,0.168637576307
    ));
#4811 = CARTESIAN_POINT('',(3.728784240657,1.430729588278,0.212821547126
    ));
#4812 = CARTESIAN_POINT('',(3.446965417258,1.267274280834,0.25702785102)
  );
#4813 = CARTESIAN_POINT('',(3.070497597817,0.992268736395,0.320643892884
    ));
#4814 = CARTESIAN_POINT('',(2.959430479829,0.902936261555,0.340073057095
    ));
#4815 = CARTESIAN_POINT('',(2.852558268798,0.808472650869,0.359500525409
    ));
#4816 = CARTESIAN_POINT('',(2.750161826565,0.709113737326,0.378923676267
    ));
#4817 = CARTESIAN_POINT('',(2.652501792512,0.605107533226,0.398341871247
    ));
#4818 = CARTESIAN_POINT('',(2.559818583564,0.496714230176,0.417756455071
    ));
#4819 = CARTESIAN_POINT('',(2.472332394183,0.384206199096,0.437170755595
    ));
#4820 = CARTESIAN_POINT('',(2.291023240202,0.127251778877,0.48006192843)
  );
#4821 = CARTESIAN_POINT('',(2.199701787441,-1.894671444559E-02,
    0.503535893716));
#4822 = CARTESIAN_POINT('',(2.116649859486,-0.170199238649,
    0.527012119174));
#4823 = CARTESIAN_POINT('',(2.042192641154,-0.325957764012,
    0.550490528262));
#4824 = CARTESIAN_POINT('',(1.976609480692,-0.485654482196,
    0.573970828393));
#4825 = CARTESIAN_POINT('',(1.920133889772,-0.648701806247,
    0.597452510935));
#4826 = CARTESIAN_POINT('',(1.872953543492,-0.814492370595,
    0.620934851215));
#4827 = CARTESIAN_POINT('',(1.759514853052,-1.319141680362,
    0.691510991403));
#4828 = CARTESIAN_POINT('',(1.721729862912,-1.664599595636,
    0.738630994928));
#4829 = CARTESIAN_POINT('',(1.723108040684,-2.013517616325,
    0.785733157561));
#4830 = CARTESIAN_POINT('',(1.763893474477,-2.360702773971,0.83281823336
    ));
#4831 = CARTESIAN_POINT('',(1.843556085087,-2.701077255168,
    0.879899636131));
#4832 = CARTESIAN_POINT('',(1.96086817156,-3.029685782483,0.926991704626
    ));
#4833 = CARTESIAN_POINT('',(2.11383541383,-3.341728336306,0.974098096931
    ));
#4834 = CARTESIAN_POINT('',(2.445058660561,-3.860813453207,
    1.058094573629));
#4835 = CARTESIAN_POINT('',(2.610810159583,-4.076121866633,1.0950169739)
  );
#4836 = CARTESIAN_POINT('',(2.795387786324,-4.276451773141,1.1319362263)
  );
#4837 = CARTESIAN_POINT('',(2.997187440583,-4.459900509845,
    1.168851111902));
#4838 = CARTESIAN_POINT('',(3.214407016005,-4.624791149444,
    1.205765555863));
#4839 = CARTESIAN_POINT('',(3.44506857599,-4.769664601043,1.242683845385
    ));
#4840 = CARTESIAN_POINT('',(3.687018041459,-4.893298021031,
    1.279605999376));
#4841 = CARTESIAN_POINT('',(4.387906403585,-5.176720183719,
    1.382740767722));
#4842 = CARTESIAN_POINT('',(4.867750886169,-5.287768253004,
    1.449102641405));
#4843 = CARTESIAN_POINT('',(5.362839474052,-5.321356929583,
    1.515372689418));
#4844 = CARTESIAN_POINT('',(5.858607782567,-5.275985461504,
    1.581595071067));
#4845 = CARTESIAN_POINT('',(6.340883486696,-5.15253259501,1.647820354069
    ));
#4846 = CARTESIAN_POINT('',(6.796047628129,-4.95494252612,1.714095909185
    ));
#4847 = CARTESIAN_POINT('',(7.21089992921,-4.689466363861,1.780466414755
    ));
#4848 = CARTESIAN_POINT('',(7.850118985662,-4.121893465708,
    1.897092893264));
#4849 = CARTESIAN_POINT('',(8.096994546843,-3.843083856582,
    1.947535056257));
#4850 = CARTESIAN_POINT('',(8.309400049589,-3.535125550698,
    1.997956190363));
#4851 = CARTESIAN_POINT('',(8.483465529925,-3.203091946108,
    2.048360271885));
#4852 = CARTESIAN_POINT('',(8.616176640595,-2.852475641216,
    2.098761302643));
#4853 = CARTESIAN_POINT('',(8.705429159476,-2.489176714836,
    2.149174759002));
#4854 = CARTESIAN_POINT('',(8.75,-2.119456290922,2.199607038113));
#4855 = CARTESIAN_POINT('',(8.75,-1.74999995,2.2500033136));
#4856 = PCURVE('',#2153,#4857);
#4857 = DEFINITIONAL_REPRESENTATION('',(#4858),#4924);
#4858 = B_SPLINE_CURVE_WITH_KNOTS('',8,(#4859,#4860,#4861,#4862,#4863,
    #4864,#4865,#4866,#4867,#4868,#4869,#4870,#4871,#4872,#4873,#4874,
    #4875,#4876,#4877,#4878,#4879,#4880,#4881,#4882,#4883,#4884,#4885,
    #4886,#4887,#4888,#4889,#4890,#4891,#4892,#4893,#4894,#4895,#4896,
    #4897,#4898,#4899,#4900,#4901,#4902,#4903,#4904,#4905,#4906,#4907,
    #4908,#4909,#4910,#4911,#4912,#4913,#4914,#4915,#4916,#4917,#4918,
    #4919,#4920,#4921,#4922,#4923),.UNSPECIFIED.,.F.,.F.,(9,7,7,7,7,7,7,
    7,7,9),(0.,0.111570009042,0.232628409995,0.350478504057,
    0.402286539589,0.464906118687,0.590491863208,0.688955852941,
    0.865567868396,1.),.UNSPECIFIED.);
#4859 = CARTESIAN_POINT('',(0.212123544417,20.887935880343));
#4860 = CARTESIAN_POINT('',(0.212126210577,20.984999299733));
#4861 = CARTESIAN_POINT('',(0.212128863932,21.082098928912));
#4862 = CARTESIAN_POINT('',(0.212130792338,21.179182298483));
#4863 = CARTESIAN_POINT('',(0.212131332704,21.276250227523));
#4864 = CARTESIAN_POINT('',(0.212130396869,21.373317590989));
#4865 = CARTESIAN_POINT('',(0.212128628792,21.470399904754));
#4866 = CARTESIAN_POINT('',(0.21212712205,21.567500007048));
#4867 = CARTESIAN_POINT('',(0.212126089067,21.769893396244));
#4868 = CARTESIAN_POINT('',(0.212126754697,21.875266609808));
#4869 = CARTESIAN_POINT('',(0.212129548439,21.980614330618));
#4870 = CARTESIAN_POINT('',(0.212135218733,22.085941254491));
#4871 = CARTESIAN_POINT('',(0.212142914773,22.191268708609));
#4872 = CARTESIAN_POINT('',(0.21214986173,22.296617452887));
#4873 = CARTESIAN_POINT('',(0.212152596408,22.401990400999));
#4874 = CARTESIAN_POINT('',(0.212147918033,22.609838186461));
#4875 = CARTESIAN_POINT('',(0.212140742682,22.712415017697));
#4876 = CARTESIAN_POINT('',(0.212127858272,22.814971284288));
#4877 = CARTESIAN_POINT('',(0.212110161915,22.917508690068));
#4878 = CARTESIAN_POINT('',(0.212092692536,23.020046591487));
#4879 = CARTESIAN_POINT('',(0.212085657477,23.122603896325));
#4880 = CARTESIAN_POINT('',(0.212097427772,23.225182171969));
#4881 = CARTESIAN_POINT('',(0.212119625958,23.372791035698));
#4882 = CARTESIAN_POINT('',(0.212128148747,23.417869836245));
#4883 = CARTESIAN_POINT('',(0.21213430245,23.462948588752));
#4884 = CARTESIAN_POINT('',(0.21213571597,23.508025100125));
#4885 = CARTESIAN_POINT('',(0.212131760394,23.553098920782));
#4886 = CARTESIAN_POINT('',(0.212123548992,23.598171344658));
#4887 = CARTESIAN_POINT('',(0.212113937216,23.643245409204));
#4888 = CARTESIAN_POINT('',(0.212099769568,23.742813988618));
#4889 = CARTESIAN_POINT('',(0.212094398913,23.797303093763));
#4890 = CARTESIAN_POINT('',(0.212092037918,23.851792505307));
#4891 = CARTESIAN_POINT('',(0.212092887723,23.90628171551));
#4892 = CARTESIAN_POINT('',(0.212096723424,23.960770414407));
#4893 = CARTESIAN_POINT('',(0.212102894075,24.015258489804));
#4894 = CARTESIAN_POINT('',(0.212110322681,24.069746027286));
#4895 = CARTESIAN_POINT('',(0.212131913022,24.233509451817));
#4896 = CARTESIAN_POINT('',(0.212146937835,24.34284473795));
#4897 = CARTESIAN_POINT('',(0.212156061647,24.452148301687));
#4898 = CARTESIAN_POINT('',(0.212156285667,24.561426814451));
#4899 = CARTESIAN_POINT('',(0.212150544105,24.670706592742));
#4900 = CARTESIAN_POINT('',(0.212143492362,24.780013275077));
#4901 = CARTESIAN_POINT('',(0.212137108364,24.889352105432));
#4902 = CARTESIAN_POINT('',(0.212128966752,25.084311333897));
#4903 = CARTESIAN_POINT('',(0.212126475679,25.170007937021));
#4904 = CARTESIAN_POINT('',(0.21212559498,25.255694591503));
#4905 = CARTESIAN_POINT('',(0.212126135538,25.341368778722));
#4906 = CARTESIAN_POINT('',(0.212127488958,25.427040606947));
#4907 = CARTESIAN_POINT('',(0.212128912873,25.512721244572));
#4908 = CARTESIAN_POINT('',(0.21212980831,25.598411718465));
#4909 = CARTESIAN_POINT('',(0.212130313374,25.837774463414));
#4910 = CARTESIAN_POINT('',(0.212128301235,25.991795809178));
#4911 = CARTESIAN_POINT('',(0.212122662181,26.14560999062));
#4912 = CARTESIAN_POINT('',(0.21211494507,26.299316954403));
#4913 = CARTESIAN_POINT('',(0.212112348892,26.453022247864));
#4914 = CARTESIAN_POINT('',(0.212116549312,26.606833062959));
#4915 = CARTESIAN_POINT('',(0.212124653932,26.760857839575));
#4916 = CARTESIAN_POINT('',(0.212139837855,27.03150915512));
#4917 = CARTESIAN_POINT('',(0.212146713122,27.148568153945));
#4918 = CARTESIAN_POINT('',(0.21215239978,27.265580297855));
#4919 = CARTESIAN_POINT('',(0.212155176131,27.382557640885));
#4920 = CARTESIAN_POINT('',(0.212153949254,27.499534473193));
#4921 = CARTESIAN_POINT('',(0.212149395734,27.616545603245));
#4922 = CARTESIAN_POINT('',(0.21214306763,27.733603330966));
#4923 = CARTESIAN_POINT('',(0.212136503569,27.850577885769));
#4924 = ( GEOMETRIC_REPRESENTATION_CONTEXT(2) 
PARAMETRIC_REPRESENTATION_CONTEXT() REPRESENTATION_CONTEXT('2D SPACE',''
  ) );
#4925 = PCURVE('',#2811,#4926);
#4926 = DEFINITIONAL_REPRESENTATION('',(#4927),#4993);
#4927 = B_SPLINE_CURVE_WITH_KNOTS('',8,(#4928,#4929,#4930,#4931,#4932,
    #4933,#4934,#4935,#4936,#4937,#4938,#4939,#4940,#4941,#4942,#4943,
    #4944,#4945,#4946,#4947,#4948,#4949,#4950,#4951,#4952,#4953,#4954,
    #4955,#4956,#4957,#4958,#4959,#4960,#4961,#4962,#4963,#4964,#4965,
    #4966,#4967,#4968,#4969,#4970,#4971,#4972,#4973,#4974,#4975,#4976,
    #4977,#4978,#4979,#4980,#4981,#4982,#4983,#4984,#4985,#4986,#4987,
    #4988,#4989,#4990,#4991,#4992),.UNSPECIFIED.,.F.,.F.,(9,7,7,7,7,7,7,
    7,7,9),(0.,0.111570009042,0.232628409995,0.350478504057,
    0.402286539589,0.464906118687,0.590491863208,0.688955852941,
    0.865567868396,1.),.UNSPECIFIED.);
#4928 = CARTESIAN_POINT('',(0.,-7.899995099277));
#4929 = CARTESIAN_POINT('',(-8.759220822718E-02,-7.941818775189));
#4930 = CARTESIAN_POINT('',(-0.175217448014,-7.983658043788));
#4931 = CARTESIAN_POINT('',(-0.262828268726,-8.025489793979));
#4932 = CARTESIAN_POINT('',(-0.350425201161,-8.067313909803));
#4933 = CARTESIAN_POINT('',(-0.438021357688,-8.109136738106));
#4934 = CARTESIAN_POINT('',(-0.525630466409,-8.150965419571));
#4935 = CARTESIAN_POINT('',(-0.613254990749,-8.192801950387));
#4936 = CARTESIAN_POINT('',(-0.795896519963,-8.280006616237));
#4937 = CARTESIAN_POINT('',(-0.890985550463,-8.325409325008));
#4938 = CARTESIAN_POINT('',(-0.986051020278,-8.370802554501));
#4939 = CARTESIAN_POINT('',(-1.081097476425,-8.416188857231));
#4940 = CARTESIAN_POINT('',(-1.176144770369,-8.461576820848));
#4941 = CARTESIAN_POINT('',(-1.271212139238,-8.506973428094));
#4942 = CARTESIAN_POINT('',(-1.366302231819,-8.552377485531));
#4943 = CARTESIAN_POINT('',(-1.553868227131,-8.641929713641));
#4944 = CARTESIAN_POINT('',(-1.646436154316,-8.686121998578));
#4945 = CARTESIAN_POINT('',(-1.738985709949,-8.730301385896));
#4946 = CARTESIAN_POINT('',(-1.831518044697,-8.774469244065));
#4947 = CARTESIAN_POINT('',(-1.924049649482,-8.818637476307));
#4948 = CARTESIAN_POINT('',(-2.016597585227,-8.862821447126));
#4949 = CARTESIAN_POINT('',(-2.109164931131,-8.90702775102));
#4950 = CARTESIAN_POINT('',(-2.242369107246,-8.970643792884));
#4951 = CARTESIAN_POINT('',(-2.2830489137,-8.990072957095));
#4952 = CARTESIAN_POINT('',(-2.323728742041,-9.009500425409));
#4953 = CARTESIAN_POINT('',(-2.36440657426,-9.028923576267));
#4954 = CARTESIAN_POINT('',(-2.405081966703,-9.048341771247));
#4955 = CARTESIAN_POINT('',(-2.445756050063,-9.067756355071));
#4956 = CARTESIAN_POINT('',(-2.486431529386,-9.087170655595));
#4957 = CARTESIAN_POINT('',(-2.576283372695,-9.13006182843));
#4958 = CARTESIAN_POINT('',(-2.625454780372,-9.153535793716));
#4959 = CARTESIAN_POINT('',(-2.674626411594,-9.177012019174));
#4960 = CARTESIAN_POINT('',(-2.723797916802,-9.200490428262));
#4961 = CARTESIAN_POINT('',(-2.77296909239,-9.223970728393));
#4962 = CARTESIAN_POINT('',(-2.822139880705,-9.247452410935));
#4963 = CARTESIAN_POINT('',(-2.871310370042,-9.270934751215));
#4964 = CARTESIAN_POINT('',(-3.019093791922,-9.341510891403));
#4965 = CARTESIAN_POINT('',(-3.117760762662,-9.388630894928));
#4966 = CARTESIAN_POINT('',(-3.216399422361,-9.435733057561));
#4967 = CARTESIAN_POINT('',(-3.315014823745,-9.48281813336));
#4968 = CARTESIAN_POINT('',(-3.413630205382,-9.529899536131));
#4969 = CARTESIAN_POINT('',(-3.512268872568,-9.576991604626));
#4970 = CARTESIAN_POINT('',(-3.610936092099,-9.624097996931));
#4971 = CARTESIAN_POINT('',(-3.786867014945,-9.708094473629));
#4972 = CARTESIAN_POINT('',(-3.864199494381,-9.7450168739));
#4973 = CARTESIAN_POINT('',(-3.941523209251,-9.7819361263));
#4974 = CARTESIAN_POINT('',(-4.01883609648,-9.818851011902));
#4975 = CARTESIAN_POINT('',(-4.096147385433,-9.855765455863));
#4976 = CARTESIAN_POINT('',(-4.173467129589,-9.892683745385));
#4977 = CARTESIAN_POINT('',(-4.250796125895,-9.929605899376));
#4978 = CARTESIAN_POINT('',(-4.466803045373,-10.03274066772));
#4979 = CARTESIAN_POINT('',(-4.605796482173,-10.0991025414));
#4980 = CARTESIAN_POINT('',(-4.744602833946,-10.16537258941));
#4981 = CARTESIAN_POINT('',(-4.883311006066,-10.23159497106));
#4982 = CARTESIAN_POINT('',(-5.022015915185,-10.29782025407));
#4983 = CARTESIAN_POINT('',(-5.160815511125,-10.36409580918));
#4984 = CARTESIAN_POINT('',(-5.299808354622,-10.43046631475));
#4985 = CARTESIAN_POINT('',(-5.544046444691,-10.54709279326));
#4986 = CARTESIAN_POINT('',(-5.649681757163,-10.59753495625));
#4987 = CARTESIAN_POINT('',(-5.755275163669,-10.64795609036));
#4988 = CARTESIAN_POINT('',(-5.860837499508,-10.69836017188));
#4989 = CARTESIAN_POINT('',(-5.966399428091,-10.74876120264));
#4990 = CARTESIAN_POINT('',(-6.0719920467,-10.799174659));
#4991 = CARTESIAN_POINT('',(-6.17762635263,-10.84960693811));
#4992 = CARTESIAN_POINT('',(-6.28318530718,-10.9000032136));
#4993 = ( GEOMETRIC_REPRESENTATION_CONTEXT(2) 
PARAMETRIC_REPRESENTATION_CONTEXT() REPRESENTATION_CONTEXT('2D SPACE',''
  ) );
#4994 = ADVANCED_FACE('',(#4995),#1890,.T.);
#4995 = FACE_BOUND('',#4996,.T.);
#4996 = EDGE_LOOP('',(#4997,#4998,#5106,#5107));
#4997 = ORIENTED_EDGE('',*,*,#4058,.F.);
#4998 = ORIENTED_EDGE('',*,*,#4999,.F.);
#4999 = EDGE_CURVE('',#2521,#3962,#5000,.T.);
#5000 = SURFACE_CURVE('',#5001,(#5034,#5070),.PCURVE_S1.);
#5001 = B_SPLINE_CURVE_WITH_KNOTS('',6,(#5002,#5003,#5004,#5005,#5006,
    #5007,#5008,#5009,#5010,#5011,#5012,#5013,#5014,#5015,#5016,#5017,
    #5018,#5019,#5020,#5021,#5022,#5023,#5024,#5025,#5026,#5027,#5028,
    #5029,#5030,#5031,#5032,#5033),.UNSPECIFIED.,.F.,.F.,(7,5,5,5,5,5,7)
  ,(0.,0.249000748273,0.299999098439,0.323998194817,0.34799724041,
    0.673984922782,1.),.UNSPECIFIED.);
#5002 = CARTESIAN_POINT('',(6.720777298697,-5.790625962148,
    6.667882619523E-02));
#5003 = CARTESIAN_POINT('',(6.931490609106,-5.713926379548,
    6.667913241219E-02));
#5004 = CARTESIAN_POINT('',(7.137408455415,-5.624039469498,
    6.667899607979E-02));
#5005 = CARTESIAN_POINT('',(7.337490577601,-5.521344551299,
    6.667839171645E-02));
#5006 = CARTESIAN_POINT('',(7.530749566752,-5.40632260855,
    6.667735491752E-02));
#5007 = CARTESIAN_POINT('',(7.716253481565,-5.279554865229,
    6.667596818835E-02));
#5008 = CARTESIAN_POINT('',(7.929354590261,-5.113491401313,
    6.667401469294E-02));
#5009 = CARTESIAN_POINT('',(7.96521890778,-5.084797149452,
    6.667367273817E-02));
#5010 = CARTESIAN_POINT('',(8.000713975238,-5.055644404067,
    6.66733218877E-02));
#5011 = CARTESIAN_POINT('',(8.035832479211,-5.026039117914,
    6.667296314993E-02));
#5012 = CARTESIAN_POINT('',(8.070567235033,-4.995987398605,
    6.667259756702E-02));
#5013 = CARTESIAN_POINT('',(8.121072960756,-4.95114645998,
    6.667205146195E-02));
#5014 = CARTESIAN_POINT('',(8.137148191142,-4.93669993484,
    6.667187543081E-02));
#5015 = CARTESIAN_POINT('',(8.153136142894,-4.922156585599,
    6.66716982331E-02));
#5016 = CARTESIAN_POINT('',(8.169036087625,-4.907517071949,
    6.667151998122E-02));
#5017 = CARTESIAN_POINT('',(8.184847303615,-4.892782060876,
    6.667134078839E-02));
#5018 = CARTESIAN_POINT('',(8.216290814731,-4.863122423811,
    6.667098074927E-02));
#5019 = CARTESIAN_POINT('',(8.231923110298,-4.848197798161,
    6.667079990289E-02));
#5020 = CARTESIAN_POINT('',(8.247465247457,-4.833179023973,
    6.667061834352E-02));
#5021 = CARTESIAN_POINT('',(8.262916518042,-4.818066782603,
    6.667043618546E-02));
#5022 = CARTESIAN_POINT('',(8.278276220765,-4.802861762493,
    6.66702535433E-02));
#5023 = CARTESIAN_POINT('',(8.500926805333,-4.579778593677,
    6.666758462155E-02));
#5024 = CARTESIAN_POINT('',(8.691299581389,-4.354989687291,
    6.666503064603E-02));
#5025 = CARTESIAN_POINT('',(8.862889835626,-4.114965394389,
    6.666269467718E-02));
#5026 = CARTESIAN_POINT('',(9.014222843344,-3.861680463442,
    6.666086953193E-02));
#5027 = CARTESIAN_POINT('',(9.144078146322,-3.597276222227,
    6.665969392382E-02));
#5028 = CARTESIAN_POINT('',(9.359019720198,-3.050868792855,
    6.665860198407E-02));
#5029 = CARTESIAN_POINT('',(9.44411541385,-2.768830607272,
    6.665868564087E-02));
#5030 = CARTESIAN_POINT('',(9.50590998728,-2.480297410796,
    6.665938239154E-02));
#5031 = CARTESIAN_POINT('',(9.543837751294,-2.187668791428,
    6.66605153372E-02));
#5032 = CARTESIAN_POINT('',(9.557632712114,-1.893395686899,
    6.666179221767E-02));
#5033 = CARTESIAN_POINT('',(9.547387901847,-1.599979952396,
    6.666298538067E-02));
#5034 = PCURVE('',#1890,#5035);
#5035 = DEFINITIONAL_REPRESENTATION('',(#5036),#5069);
#5036 = B_SPLINE_CURVE_WITH_KNOTS('',6,(#5037,#5038,#5039,#5040,#5041,
    #5042,#5043,#5044,#5045,#5046,#5047,#5048,#5049,#5050,#5051,#5052,
    #5053,#5054,#5055,#5056,#5057,#5058,#5059,#5060,#5061,#5062,#5063,
    #5064,#5065,#5066,#5067,#5068),.UNSPECIFIED.,.F.,.F.,(7,5,5,5,5,5,7)
  ,(0.,0.249000748273,0.299999098439,0.323998194817,0.34799724041,
    0.673984922782,1.),.UNSPECIFIED.);
#5037 = CARTESIAN_POINT('',(0.6,19.534112495884));
#5038 = CARTESIAN_POINT('',(0.575101191116,19.591900412022));
#5039 = CARTESIAN_POINT('',(0.550201449512,19.649689466579));
#5040 = CARTESIAN_POINT('',(0.525301825969,19.707477160309));
#5041 = CARTESIAN_POINT('',(0.500401762074,19.765264870401));
#5042 = CARTESIAN_POINT('',(0.475500748013,19.823053970302));
#5043 = CARTESIAN_POINT('',(0.44550000345,19.892677623201));
#5044 = CARTESIAN_POINT('',(0.44040001582,19.90451329866));
#5045 = CARTESIAN_POINT('',(0.435300018456,19.916348975887));
#5046 = CARTESIAN_POINT('',(0.430200012379,19.928184654841));
#5047 = CARTESIAN_POINT('',(0.425099998656,19.940020335463));
#5048 = CARTESIAN_POINT('',(0.417599981582,19.957425720954));
#5049 = CARTESIAN_POINT('',(0.415199983306,19.96299542462));
#5050 = CARTESIAN_POINT('',(0.412799983678,19.968565128672));
#5051 = CARTESIAN_POINT('',(0.410399982812,19.974134833107));
#5052 = CARTESIAN_POINT('',(0.407999980823,19.979704537919));
#5053 = CARTESIAN_POINT('',(0.403199979909,19.990843936504));
#5054 = CARTESIAN_POINT('',(0.400799980981,19.996413630284));
#5055 = CARTESIAN_POINT('',(0.398399981159,20.001983324438));
#5056 = CARTESIAN_POINT('',(0.395999980559,20.00755301896));
#5057 = CARTESIAN_POINT('',(0.3935999793,20.013122713843));
#5058 = CARTESIAN_POINT('',(0.358599888396,20.094347586054));
#5059 = CARTESIAN_POINT('',(0.325997717085,20.17000742897));
#5060 = CARTESIAN_POINT('',(0.2933980509,20.245661954418));
#5061 = CARTESIAN_POINT('',(0.260798895831,20.321316470636));
#5062 = CARTESIAN_POINT('',(0.228198108547,20.39697627658));
#5063 = CARTESIAN_POINT('',(0.162999136874,20.548292765022));
#5064 = CARTESIAN_POINT('',(0.130396993014,20.623958636954));
#5065 = CARTESIAN_POINT('',(9.779786794232E-02,20.699618926428));
#5066 = CARTESIAN_POINT('',(6.519928936806E-02,20.775278965035));
#5067 = CARTESIAN_POINT('',(3.259865341498E-02,20.850944121694));
#5068 = CARTESIAN_POINT('',(0.,20.926604493996));
#5069 = ( GEOMETRIC_REPRESENTATION_CONTEXT(2) 
PARAMETRIC_REPRESENTATION_CONTEXT() REPRESENTATION_CONTEXT('2D SPACE',''
  ) );
#5070 = PCURVE('',#2505,#5071);
#5071 = DEFINITIONAL_REPRESENTATION('',(#5072),#5105);
#5072 = B_SPLINE_CURVE_WITH_KNOTS('',6,(#5073,#5074,#5075,#5076,#5077,
    #5078,#5079,#5080,#5081,#5082,#5083,#5084,#5085,#5086,#5087,#5088,
    #5089,#5090,#5091,#5092,#5093,#5094,#5095,#5096,#5097,#5098,#5099,
    #5100,#5101,#5102,#5103,#5104),.UNSPECIFIED.,.F.,.F.,(7,5,5,5,5,5,7)
  ,(0.,0.249000748273,0.299999098439,0.323998194817,0.34799724041,
    0.673984922782,1.),.UNSPECIFIED.);
#5073 = CARTESIAN_POINT('',(-1.919886150924,-6.667872619523E-02));
#5074 = CARTESIAN_POINT('',(-1.972034869188,-6.667903241219E-02));
#5075 = CARTESIAN_POINT('',(-2.024184631765,-6.667889607978E-02));
#5076 = CARTESIAN_POINT('',(-2.076333153828,-6.667829171645E-02));
#5077 = CARTESIAN_POINT('',(-2.128481646596,-6.667725491752E-02));
#5078 = CARTESIAN_POINT('',(-2.180631324873,-6.667586818835E-02));
#5079 = CARTESIAN_POINT('',(-2.243460573403,-6.667391469295E-02));
#5080 = CARTESIAN_POINT('',(-2.254141230594,-6.667357273817E-02));
#5081 = CARTESIAN_POINT('',(-2.264821886056,-6.66732218877E-02));
#5082 = CARTESIAN_POINT('',(-2.2755025397,-6.667286314993E-02));
#5083 = CARTESIAN_POINT('',(-2.286183191446,-6.667249756702E-02));
#5084 = CARTESIAN_POINT('',(-2.301890002709,-6.667195146195E-02));
#5085 = CARTESIAN_POINT('',(-2.306916163791,-6.667177543081E-02));
#5086 = CARTESIAN_POINT('',(-2.311942324467,-6.66715982331E-02));
#5087 = CARTESIAN_POINT('',(-2.316968484737,-6.667141998122E-02));
#5088 = CARTESIAN_POINT('',(-2.321994644598,-6.667124078839E-02));
#5089 = CARTESIAN_POINT('',(-2.332046952868,-6.667088074927E-02));
#5090 = CARTESIAN_POINT('',(-2.337073101282,-6.667069990289E-02));
#5091 = CARTESIAN_POINT('',(-2.342099249294,-6.667051834351E-02));
#5092 = CARTESIAN_POINT('',(-2.347125396903,-6.667033618546E-02));
#5093 = CARTESIAN_POINT('',(-2.352151544108,-6.66701535433E-02));
#5094 = CARTESIAN_POINT('',(-2.425449653707,-6.666748462155E-02));
#5095 = CARTESIAN_POINT('',(-2.493725694247,-6.666493064602E-02));
#5096 = CARTESIAN_POINT('',(-2.561996823463,-6.666259467719E-02));
#5097 = CARTESIAN_POINT('',(-2.630267899783,-6.666076953192E-02));
#5098 = CARTESIAN_POINT('',(-2.69854380954,-6.665959392382E-02));
#5099 = CARTESIAN_POINT('',(-2.835093094495,-6.665850198407E-02));
#5100 = CARTESIAN_POINT('',(-2.903374762515,-6.665858564085E-02));
#5101 = CARTESIAN_POINT('',(-2.971651617246,-6.665928239159E-02));
#5102 = CARTESIAN_POINT('',(-3.03992853547,-6.666041533715E-02));
#5103 = CARTESIAN_POINT('',(-3.108210352492,-6.666169221768E-02));
#5104 = CARTESIAN_POINT('',(-3.176488060636,-6.666288538068E-02));
#5105 = ( GEOMETRIC_REPRESENTATION_CONTEXT(2) 
PARAMETRIC_REPRESENTATION_CONTEXT() REPRESENTATION_CONTEXT('2D SPACE',''
  ) );
#5106 = ORIENTED_EDGE('',*,*,#2520,.T.);
#5107 = ORIENTED_EDGE('',*,*,#1796,.T.);
#5108 = ADVANCED_FACE('',(#5109),#2447,.T.);
#5109 = FACE_BOUND('',#5110,.T.);
#5110 = EDGE_LOOP('',(#5111));
#5111 = ORIENTED_EDGE('',*,*,#2430,.T.);
#5112 = ADVANCED_FACE('',(#5113),#2505,.F.);
#5113 = FACE_BOUND('',#5114,.F.);
#5114 = EDGE_LOOP('',(#5115,#5138,#5160,#5161,#5162,#5163,#5185,#5186));
#5115 = ORIENTED_EDGE('',*,*,#5116,.T.);
#5116 = EDGE_CURVE('',#2489,#5117,#5119,.T.);
#5117 = VERTEX_POINT('',#5118);
#5118 = CARTESIAN_POINT('',(1.75,-1.74999995,0.6000001));
#5119 = SEAM_CURVE('',#5120,(#5124,#5131),.PCURVE_S1.);
#5120 = LINE('',#5121,#5122);
#5121 = CARTESIAN_POINT('',(0.85,-1.74999995,1.000000011686E-07));
#5122 = VECTOR('',#5123,1.);
#5123 = DIRECTION('',(0.832050294338,-2.037935459381E-16,0.554700196225)
  );
#5124 = PCURVE('',#2505,#5125);
#5125 = DEFINITIONAL_REPRESENTATION('',(#5126),#5130);
#5126 = LINE('',#5127,#5128);
#5127 = CARTESIAN_POINT('',(-6.28318530718,0.));
#5128 = VECTOR('',#5129,1.);
#5129 = DIRECTION('',(-0.,-1.));
#5130 = ( GEOMETRIC_REPRESENTATION_CONTEXT(2) 
PARAMETRIC_REPRESENTATION_CONTEXT() REPRESENTATION_CONTEXT('2D SPACE',''
  ) );
#5131 = PCURVE('',#2505,#5132);
#5132 = DEFINITIONAL_REPRESENTATION('',(#5133),#5137);
#5133 = LINE('',#5134,#5135);
#5134 = CARTESIAN_POINT('',(0.,-0.));
#5135 = VECTOR('',#5136,1.);
#5136 = DIRECTION('',(-0.,-1.));
#5137 = ( GEOMETRIC_REPRESENTATION_CONTEXT(2) 
PARAMETRIC_REPRESENTATION_CONTEXT() REPRESENTATION_CONTEXT('2D SPACE',''
  ) );
#5138 = ORIENTED_EDGE('',*,*,#5139,.F.);
#5139 = EDGE_CURVE('',#3964,#5117,#5140,.T.);
#5140 = SURFACE_CURVE('',#5141,(#5146,#5153),.PCURVE_S1.);
#5141 = CIRCLE('',#5142,3.5);
#5142 = AXIS2_PLACEMENT_3D('',#5143,#5144,#5145);
#5143 = CARTESIAN_POINT('',(5.25,-1.74999995,0.6000001));
#5144 = DIRECTION('',(1.110223024625E-16,0.,1.));
#5145 = DIRECTION('',(-1.,0.,1.110223024625E-16));
#5146 = PCURVE('',#2505,#5147);
#5147 = DEFINITIONAL_REPRESENTATION('',(#5148),#5152);
#5148 = LINE('',#5149,#5150);
#5149 = CARTESIAN_POINT('',(-0.,-0.6));
#5150 = VECTOR('',#5151,1.);
#5151 = DIRECTION('',(-1.,-0.));
#5152 = ( GEOMETRIC_REPRESENTATION_CONTEXT(2) 
PARAMETRIC_REPRESENTATION_CONTEXT() REPRESENTATION_CONTEXT('2D SPACE',''
  ) );
#5153 = PCURVE('',#2811,#5154);
#5154 = DEFINITIONAL_REPRESENTATION('',(#5155),#5159);
#5155 = LINE('',#5156,#5157);
#5156 = CARTESIAN_POINT('',(3.14159265359,-9.25));
#5157 = VECTOR('',#5158,1.);
#5158 = DIRECTION('',(-1.,0.));
#5159 = ( GEOMETRIC_REPRESENTATION_CONTEXT(2) 
PARAMETRIC_REPRESENTATION_CONTEXT() REPRESENTATION_CONTEXT('2D SPACE',''
  ) );
#5160 = ORIENTED_EDGE('',*,*,#3961,.F.);
#5161 = ORIENTED_EDGE('',*,*,#4999,.F.);
#5162 = ORIENTED_EDGE('',*,*,#2629,.F.);
#5163 = ORIENTED_EDGE('',*,*,#5164,.F.);
#5164 = EDGE_CURVE('',#5117,#2630,#5165,.T.);
#5165 = SURFACE_CURVE('',#5166,(#5171,#5178),.PCURVE_S1.);
#5166 = CIRCLE('',#5167,3.5);
#5167 = AXIS2_PLACEMENT_3D('',#5168,#5169,#5170);
#5168 = CARTESIAN_POINT('',(5.25,-1.74999995,0.6000001));
#5169 = DIRECTION('',(1.110223024625E-16,0.,1.));
#5170 = DIRECTION('',(-1.,0.,1.110223024625E-16));
#5171 = PCURVE('',#2505,#5172);
#5172 = DEFINITIONAL_REPRESENTATION('',(#5173),#5177);
#5173 = LINE('',#5174,#5175);
#5174 = CARTESIAN_POINT('',(-0.,-0.6));
#5175 = VECTOR('',#5176,1.);
#5176 = DIRECTION('',(-1.,-0.));
#5177 = ( GEOMETRIC_REPRESENTATION_CONTEXT(2) 
PARAMETRIC_REPRESENTATION_CONTEXT() REPRESENTATION_CONTEXT('2D SPACE',''
  ) );
#5178 = PCURVE('',#2811,#5179);
#5179 = DEFINITIONAL_REPRESENTATION('',(#5180),#5184);
#5180 = LINE('',#5181,#5182);
#5181 = CARTESIAN_POINT('',(-3.14159265359,-9.25));
#5182 = VECTOR('',#5183,1.);
#5183 = DIRECTION('',(-1.,0.));
#5184 = ( GEOMETRIC_REPRESENTATION_CONTEXT(2) 
PARAMETRIC_REPRESENTATION_CONTEXT() REPRESENTATION_CONTEXT('2D SPACE',''
  ) );
#5185 = ORIENTED_EDGE('',*,*,#5116,.F.);
#5186 = ORIENTED_EDGE('',*,*,#2488,.T.);
#5187 = ADVANCED_FACE('',(#5188),#3452,.F.);
#5188 = FACE_BOUND('',#5189,.T.);
#5189 = EDGE_LOOP('',(#5190,#5191,#5212,#5213));
#5190 = ORIENTED_EDGE('',*,*,#3318,.F.);
#5191 = ORIENTED_EDGE('',*,*,#5192,.T.);
#5192 = EDGE_CURVE('',#3084,#4168,#5193,.T.);
#5193 = SURFACE_CURVE('',#5194,(#5198,#5205),.PCURVE_S1.);
#5194 = LINE('',#5195,#5196);
#5195 = CARTESIAN_POINT('',(8.75,-1.74999995,-8.6499999));
#5196 = VECTOR('',#5197,1.);
#5197 = DIRECTION('',(0.,0.,1.));
#5198 = PCURVE('',#3452,#5199);
#5199 = DEFINITIONAL_REPRESENTATION('',(#5200),#5204);
#5200 = LINE('',#5201,#5202);
#5201 = CARTESIAN_POINT('',(-0.,0.));
#5202 = VECTOR('',#5203,1.);
#5203 = DIRECTION('',(-0.,-1.));
#5204 = ( GEOMETRIC_REPRESENTATION_CONTEXT(2) 
PARAMETRIC_REPRESENTATION_CONTEXT() REPRESENTATION_CONTEXT('2D SPACE',''
  ) );
#5205 = PCURVE('',#3237,#5206);
#5206 = DEFINITIONAL_REPRESENTATION('',(#5207),#5211);
#5207 = LINE('',#5208,#5209);
#5208 = CARTESIAN_POINT('',(-6.28318530718,0.));
#5209 = VECTOR('',#5210,1.);
#5210 = DIRECTION('',(-0.,-1.));
#5211 = ( GEOMETRIC_REPRESENTATION_CONTEXT(2) 
PARAMETRIC_REPRESENTATION_CONTEXT() REPRESENTATION_CONTEXT('2D SPACE',''
  ) );
#5212 = ORIENTED_EDGE('',*,*,#4167,.T.);
#5213 = ORIENTED_EDGE('',*,*,#3727,.F.);
#5214 = ADVANCED_FACE('',(#5215),#3237,.F.);
#5215 = FACE_BOUND('',#5216,.T.);
#5216 = EDGE_LOOP('',(#5217,#5218,#5239,#5240));
#5217 = ORIENTED_EDGE('',*,*,#3083,.F.);
#5218 = ORIENTED_EDGE('',*,*,#5219,.T.);
#5219 = EDGE_CURVE('',#2879,#4350,#5220,.T.);
#5220 = SURFACE_CURVE('',#5221,(#5225,#5232),.PCURVE_S1.);
#5221 = LINE('',#5222,#5223);
#5222 = CARTESIAN_POINT('',(8.75,-1.74999995,-8.6499999));
#5223 = VECTOR('',#5224,1.);
#5224 = DIRECTION('',(0.,0.,1.));
#5225 = PCURVE('',#3237,#5226);
#5226 = DEFINITIONAL_REPRESENTATION('',(#5227),#5231);
#5227 = LINE('',#5228,#5229);
#5228 = CARTESIAN_POINT('',(-0.,0.));
#5229 = VECTOR('',#5230,1.);
#5230 = DIRECTION('',(-0.,-1.));
#5231 = ( GEOMETRIC_REPRESENTATION_CONTEXT(2) 
PARAMETRIC_REPRESENTATION_CONTEXT() REPRESENTATION_CONTEXT('2D SPACE',''
  ) );
#5232 = PCURVE('',#3012,#5233);
#5233 = DEFINITIONAL_REPRESENTATION('',(#5234),#5238);
#5234 = LINE('',#5235,#5236);
#5235 = CARTESIAN_POINT('',(-6.28318530718,0.));
#5236 = VECTOR('',#5237,1.);
#5237 = DIRECTION('',(-0.,-1.));
#5238 = ( GEOMETRIC_REPRESENTATION_CONTEXT(2) 
PARAMETRIC_REPRESENTATION_CONTEXT() REPRESENTATION_CONTEXT('2D SPACE',''
  ) );
#5239 = ORIENTED_EDGE('',*,*,#4349,.T.);
#5240 = ORIENTED_EDGE('',*,*,#5192,.F.);
#5241 = ADVANCED_FACE('',(#5242),#3012,.F.);
#5242 = FACE_BOUND('',#5243,.T.);
#5243 = EDGE_LOOP('',(#5244,#5245,#5266,#5267));
#5244 = ORIENTED_EDGE('',*,*,#2878,.F.);
#5245 = ORIENTED_EDGE('',*,*,#5246,.T.);
#5246 = EDGE_CURVE('',#2686,#4580,#5247,.T.);
#5247 = SURFACE_CURVE('',#5248,(#5252,#5259),.PCURVE_S1.);
#5248 = LINE('',#5249,#5250);
#5249 = CARTESIAN_POINT('',(8.75,-1.74999995,-8.6499999));
#5250 = VECTOR('',#5251,1.);
#5251 = DIRECTION('',(0.,0.,1.));
#5252 = PCURVE('',#3012,#5253);
#5253 = DEFINITIONAL_REPRESENTATION('',(#5254),#5258);
#5254 = LINE('',#5255,#5256);
#5255 = CARTESIAN_POINT('',(-0.,0.));
#5256 = VECTOR('',#5257,1.);
#5257 = DIRECTION('',(-0.,-1.));
#5258 = ( GEOMETRIC_REPRESENTATION_CONTEXT(2) 
PARAMETRIC_REPRESENTATION_CONTEXT() REPRESENTATION_CONTEXT('2D SPACE',''
  ) );
#5259 = PCURVE('',#2811,#5260);
#5260 = DEFINITIONAL_REPRESENTATION('',(#5261),#5265);
#5261 = LINE('',#5262,#5263);
#5262 = CARTESIAN_POINT('',(-6.28318530718,0.));
#5263 = VECTOR('',#5264,1.);
#5264 = DIRECTION('',(-0.,-1.));
#5265 = ( GEOMETRIC_REPRESENTATION_CONTEXT(2) 
PARAMETRIC_REPRESENTATION_CONTEXT() REPRESENTATION_CONTEXT('2D SPACE',''
  ) );
#5266 = ORIENTED_EDGE('',*,*,#4579,.T.);
#5267 = ORIENTED_EDGE('',*,*,#5219,.F.);
#5268 = ADVANCED_FACE('',(#5269),#2811,.F.);
#5269 = FACE_BOUND('',#5270,.T.);
#5270 = EDGE_LOOP('',(#5271,#5272,#5273,#5274,#5275));
#5271 = ORIENTED_EDGE('',*,*,#2685,.F.);
#5272 = ORIENTED_EDGE('',*,*,#5164,.F.);
#5273 = ORIENTED_EDGE('',*,*,#5139,.F.);
#5274 = ORIENTED_EDGE('',*,*,#4788,.T.);
#5275 = ORIENTED_EDGE('',*,*,#5246,.F.);
#5276 = ( GEOMETRIC_REPRESENTATION_CONTEXT(3) 
GLOBAL_UNCERTAINTY_ASSIGNED_CONTEXT((#5280)) 
GLOBAL_UNIT_ASSIGNED_CONTEXT((#5277,#5278,#5279)) REPRESENTATION_CONTEXT
('Context #1','3D Context with UNIT and UNCERTAINTY') );
#5277 = ( LENGTH_UNIT() NAMED_UNIT(*) SI_UNIT(.MILLI.,.METRE.) );
#5278 = ( NAMED_UNIT(*) PLANE_ANGLE_UNIT() SI_UNIT($,.RADIAN.) );
#5279 = ( NAMED_UNIT(*) SI_UNIT($,.STERADIAN.) SOLID_ANGLE_UNIT() );
#5280 = UNCERTAINTY_MEASURE_WITH_UNIT(LENGTH_MEASURE(2.E-06),#5277,
  'distance_accuracy_value','confusion accuracy');
#5281 = PRODUCT_RELATED_PRODUCT_CATEGORY('part',$,(#7));
ENDSEC;
END-ISO-10303-21;
