ISO-10303-21;
HEADER;
FILE_DESCRIPTION(('Open CASCADE Model'),'2;1');
FILE_NAME('Open CASCADE Shape Model','2026-09-30T13:18:45',('Author'),(
    'Open CASCADE'),'Open CASCADE STEP processor 7.8','Open CASCADE 7.8'
  ,'Unknown');
FILE_SCHEMA(('AUTOMOTIVE_DESIGN { 1 0 10303 214 1 1 1 1 }'));
ENDSEC;
DATA;
#1 = APPLICATION_PROTOCOL_DEFINITION('international standard',
  'automotive_design',2000,#2);
#2 = APPLICATION_CONTEXT(
  'core data for automotive mechanical design processes');
#3 = SHAPE_DEFINITION_REPRESENTATION(#4,#10);
#4 = PRODUCT_DEFINITION_SHAPE('','',#5);
#5 = PRODUCT_DEFINITION('design','',#6,#9);
#6 = PRODUCT_DEFINITION_FORMATION('','',#7);
#7 = PRODUCT('Open CASCADE STEP translator 7.8 5',
  'Open CASCADE STEP translator 7.8 5','',(#8));
#8 = PRODUCT_CONTEXT('',#2,'mechanical');
#9 = PRODUCT_DEFINITION_CONTEXT('part definition',#2,'design');
#10 = ADVANCED_BREP_SHAPE_REPRESENTATION('',(#11,#15),#5856);
#11 = AXIS2_PLACEMENT_3D('',#12,#13,#14);
#12 = CARTESIAN_POINT('',(0.,0.,0.));
#13 = DIRECTION('',(0.,0.,1.));
#14 = DIRECTION('',(1.,0.,-0.));
#15 = MANIFOLD_SOLID_BREP('',#16);
#16 = CLOSED_SHELL('',(#17,#137,#214,#322,#377,#453,#679,#707,#734,#790,
    #825,#855,#956,#1005,#1079,#1106,#1141,#1168,#1279,#1334,#2169,#2464
    ,#2468,#4075,#4181,#5660,#5686,#5714,#5740,#5768,#5795,#5822,#5849)
  );
#17 = ADVANCED_FACE('',(#18),#32,.F.);
#18 = FACE_BOUND('',#19,.F.);
#19 = EDGE_LOOP('',(#20,#55,#83,#111));
#20 = ORIENTED_EDGE('',*,*,#21,.F.);
#21 = EDGE_CURVE('',#22,#24,#26,.T.);
#22 = VERTEX_POINT('',#23);
#23 = CARTESIAN_POINT('',(-10.75000005,-4.14999995,0.));
#24 = VERTEX_POINT('',#25);
#25 = CARTESIAN_POINT('',(-14.75000005,-4.14999995,0.));
#26 = SURFACE_CURVE('',#27,(#31,#43),.PCURVE_S1.);
#27 = LINE('',#28,#29);
#28 = CARTESIAN_POINT('',(-10.75000005,-4.14999995,0.));
#29 = VECTOR('',#30,1.);
#30 = DIRECTION('',(-1.,0.,1.110223024625E-16));
#31 = PCURVE('',#32,#37);
#32 = PLANE('',#33);
#33 = AXIS2_PLACEMENT_3D('',#34,#35,#36);
#34 = CARTESIAN_POINT('',(-10.75000005,-4.14999995,0.));
#35 = DIRECTION('',(1.110223024625E-16,0.,1.));
#36 = DIRECTION('',(-1.,0.,1.110223024625E-16));
#37 = DEFINITIONAL_REPRESENTATION('',(#38),#42);
#38 = LINE('',#39,#40);
#39 = CARTESIAN_POINT('',(0.,0.));
#40 = VECTOR('',#41,1.);
#41 = DIRECTION('',(1.,0.));
#42 = ( GEOMETRIC_REPRESENTATION_CONTEXT(2) 
PARAMETRIC_REPRESENTATION_CONTEXT() REPRESENTATION_CONTEXT('2D SPACE',''
  ) );
#43 = PCURVE('',#44,#49);
#44 = PLANE('',#45);
#45 = AXIS2_PLACEMENT_3D('',#46,#47,#48);
#46 = CARTESIAN_POINT('',(-10.75000005,-4.14999995,0.));
#47 = DIRECTION('',(0.,1.,0.));
#48 = DIRECTION('',(-1.,0.,1.110223024625E-16));
#49 = DEFINITIONAL_REPRESENTATION('',(#50),#54);
#50 = LINE('',#51,#52);
#51 = CARTESIAN_POINT('',(0.,0.));
#52 = VECTOR('',#53,1.);
#53 = DIRECTION('',(1.,0.));
#54 = ( GEOMETRIC_REPRESENTATION_CONTEXT(2) 
PARAMETRIC_REPRESENTATION_CONTEXT() REPRESENTATION_CONTEXT('2D SPACE',''
  ) );
#55 = ORIENTED_EDGE('',*,*,#56,.T.);
#56 = EDGE_CURVE('',#22,#57,#59,.T.);
#57 = VERTEX_POINT('',#58);
#58 = CARTESIAN_POINT('',(-10.75000005,2.85000005,0.));
#59 = SURFACE_CURVE('',#60,(#64,#71),.PCURVE_S1.);
#60 = LINE('',#61,#62);
#61 = CARTESIAN_POINT('',(-10.75000005,-4.14999995,0.));
#62 = VECTOR('',#63,1.);
#63 = DIRECTION('',(0.,1.,0.));
#64 = PCURVE('',#32,#65);
#65 = DEFINITIONAL_REPRESENTATION('',(#66),#70);
#66 = LINE('',#67,#68);
#67 = CARTESIAN_POINT('',(0.,0.));
#68 = VECTOR('',#69,1.);
#69 = DIRECTION('',(0.,-1.));
#70 = ( GEOMETRIC_REPRESENTATION_CONTEXT(2) 
PARAMETRIC_REPRESENTATION_CONTEXT() REPRESENTATION_CONTEXT('2D SPACE',''
  ) );
#71 = PCURVE('',#72,#77);
#72 = PLANE('',#73);
#73 = AXIS2_PLACEMENT_3D('',#74,#75,#76);
#74 = CARTESIAN_POINT('',(-10.75000005,-4.14999995,0.));
#75 = DIRECTION('',(-1.,0.,1.110223024625E-16));
#76 = DIRECTION('',(1.110223024625E-16,0.,1.));
#77 = DEFINITIONAL_REPRESENTATION('',(#78),#82);
#78 = LINE('',#79,#80);
#79 = CARTESIAN_POINT('',(0.,0.));
#80 = VECTOR('',#81,1.);
#81 = DIRECTION('',(0.,1.));
#82 = ( GEOMETRIC_REPRESENTATION_CONTEXT(2) 
PARAMETRIC_REPRESENTATION_CONTEXT() REPRESENTATION_CONTEXT('2D SPACE',''
  ) );
#83 = ORIENTED_EDGE('',*,*,#84,.T.);
#84 = EDGE_CURVE('',#57,#85,#87,.T.);
#85 = VERTEX_POINT('',#86);
#86 = CARTESIAN_POINT('',(-14.75000005,2.85000005,0.));
#87 = SURFACE_CURVE('',#88,(#92,#99),.PCURVE_S1.);
#88 = LINE('',#89,#90);
#89 = CARTESIAN_POINT('',(-10.75000005,2.85000005,0.));
#90 = VECTOR('',#91,1.);
#91 = DIRECTION('',(-1.,0.,1.110223024625E-16));
#92 = PCURVE('',#32,#93);
#93 = DEFINITIONAL_REPRESENTATION('',(#94),#98);
#94 = LINE('',#95,#96);
#95 = CARTESIAN_POINT('',(0.,-7.));
#96 = VECTOR('',#97,1.);
#97 = DIRECTION('',(1.,0.));
#98 = ( GEOMETRIC_REPRESENTATION_CONTEXT(2) 
PARAMETRIC_REPRESENTATION_CONTEXT() REPRESENTATION_CONTEXT('2D SPACE',''
  ) );
#99 = PCURVE('',#100,#105);
#100 = PLANE('',#101);
#101 = AXIS2_PLACEMENT_3D('',#102,#103,#104);
#102 = CARTESIAN_POINT('',(-10.75000005,2.85000005,0.));
#103 = DIRECTION('',(0.,1.,0.));
#104 = DIRECTION('',(-1.,0.,1.110223024625E-16));
#105 = DEFINITIONAL_REPRESENTATION('',(#106),#110);
#106 = LINE('',#107,#108);
#107 = CARTESIAN_POINT('',(0.,0.));
#108 = VECTOR('',#109,1.);
#109 = DIRECTION('',(1.,0.));
#110 = ( GEOMETRIC_REPRESENTATION_CONTEXT(2) 
PARAMETRIC_REPRESENTATION_CONTEXT() REPRESENTATION_CONTEXT('2D SPACE',''
  ) );
#111 = ORIENTED_EDGE('',*,*,#112,.F.);
#112 = EDGE_CURVE('',#24,#85,#113,.T.);
#113 = SURFACE_CURVE('',#114,(#118,#125),.PCURVE_S1.);
#114 = LINE('',#115,#116);
#115 = CARTESIAN_POINT('',(-14.75000005,-4.14999995,0.));
#116 = VECTOR('',#117,1.);
#117 = DIRECTION('',(0.,1.,0.));
#118 = PCURVE('',#32,#119);
#119 = DEFINITIONAL_REPRESENTATION('',(#120),#124);
#120 = LINE('',#121,#122);
#121 = CARTESIAN_POINT('',(4.,0.));
#122 = VECTOR('',#123,1.);
#123 = DIRECTION('',(0.,-1.));
#124 = ( GEOMETRIC_REPRESENTATION_CONTEXT(2) 
PARAMETRIC_REPRESENTATION_CONTEXT() REPRESENTATION_CONTEXT('2D SPACE',''
  ) );
#125 = PCURVE('',#126,#131);
#126 = PLANE('',#127);
#127 = AXIS2_PLACEMENT_3D('',#128,#129,#130);
#128 = CARTESIAN_POINT('',(-14.75000005,-4.14999995,0.));
#129 = DIRECTION('',(-1.,0.,1.110223024625E-16));
#130 = DIRECTION('',(1.110223024625E-16,0.,1.));
#131 = DEFINITIONAL_REPRESENTATION('',(#132),#136);
#132 = LINE('',#133,#134);
#133 = CARTESIAN_POINT('',(0.,0.));
#134 = VECTOR('',#135,1.);
#135 = DIRECTION('',(0.,1.));
#136 = ( GEOMETRIC_REPRESENTATION_CONTEXT(2) 
PARAMETRIC_REPRESENTATION_CONTEXT() REPRESENTATION_CONTEXT('2D SPACE',''
  ) );
#137 = ADVANCED_FACE('',(#138),#44,.F.);
#138 = FACE_BOUND('',#139,.F.);
#139 = EDGE_LOOP('',(#140,#163,#164,#187));
#140 = ORIENTED_EDGE('',*,*,#141,.F.);
#141 = EDGE_CURVE('',#22,#142,#144,.T.);
#142 = VERTEX_POINT('',#143);
#143 = CARTESIAN_POINT('',(-10.75000005,-4.14999995,13.746765936373));
#144 = SURFACE_CURVE('',#145,(#149,#156),.PCURVE_S1.);
#145 = LINE('',#146,#147);
#146 = CARTESIAN_POINT('',(-10.75000005,-4.14999995,0.));
#147 = VECTOR('',#148,1.);
#148 = DIRECTION('',(1.110223024625E-16,0.,1.));
#149 = PCURVE('',#44,#150);
#150 = DEFINITIONAL_REPRESENTATION('',(#151),#155);
#151 = LINE('',#152,#153);
#152 = CARTESIAN_POINT('',(0.,0.));
#153 = VECTOR('',#154,1.);
#154 = DIRECTION('',(0.,1.));
#155 = ( GEOMETRIC_REPRESENTATION_CONTEXT(2) 
PARAMETRIC_REPRESENTATION_CONTEXT() REPRESENTATION_CONTEXT('2D SPACE',''
  ) );
#156 = PCURVE('',#72,#157);
#157 = DEFINITIONAL_REPRESENTATION('',(#158),#162);
#158 = LINE('',#159,#160);
#159 = CARTESIAN_POINT('',(0.,0.));
#160 = VECTOR('',#161,1.);
#161 = DIRECTION('',(1.,0.));
#162 = ( GEOMETRIC_REPRESENTATION_CONTEXT(2) 
PARAMETRIC_REPRESENTATION_CONTEXT() REPRESENTATION_CONTEXT('2D SPACE',''
  ) );
#163 = ORIENTED_EDGE('',*,*,#21,.T.);
#164 = ORIENTED_EDGE('',*,*,#165,.T.);
#165 = EDGE_CURVE('',#24,#166,#168,.T.);
#166 = VERTEX_POINT('',#167);
#167 = CARTESIAN_POINT('',(-14.75000005,-4.14999995,13.746765936373));
#168 = SURFACE_CURVE('',#169,(#173,#180),.PCURVE_S1.);
#169 = LINE('',#170,#171);
#170 = CARTESIAN_POINT('',(-14.75000005,-4.14999995,0.));
#171 = VECTOR('',#172,1.);
#172 = DIRECTION('',(1.110223024625E-16,0.,1.));
#173 = PCURVE('',#44,#174);
#174 = DEFINITIONAL_REPRESENTATION('',(#175),#179);
#175 = LINE('',#176,#177);
#176 = CARTESIAN_POINT('',(4.,-4.440892098501E-16));
#177 = VECTOR('',#178,1.);
#178 = DIRECTION('',(0.,1.));
#179 = ( GEOMETRIC_REPRESENTATION_CONTEXT(2) 
PARAMETRIC_REPRESENTATION_CONTEXT() REPRESENTATION_CONTEXT('2D SPACE',''
  ) );
#180 = PCURVE('',#126,#181);
#181 = DEFINITIONAL_REPRESENTATION('',(#182),#186);
#182 = LINE('',#183,#184);
#183 = CARTESIAN_POINT('',(0.,0.));
#184 = VECTOR('',#185,1.);
#185 = DIRECTION('',(1.,0.));
#186 = ( GEOMETRIC_REPRESENTATION_CONTEXT(2) 
PARAMETRIC_REPRESENTATION_CONTEXT() REPRESENTATION_CONTEXT('2D SPACE',''
  ) );
#187 = ORIENTED_EDGE('',*,*,#188,.F.);
#188 = EDGE_CURVE('',#142,#166,#189,.T.);
#189 = SURFACE_CURVE('',#190,(#195,#202),.PCURVE_S1.);
#190 = CIRCLE('',#191,4.7);
#191 = AXIS2_PLACEMENT_3D('',#192,#193,#194);
#192 = CARTESIAN_POINT('',(-12.75000005,-4.14999995,18.));
#193 = DIRECTION('',(0.,1.,-0.));
#194 = DIRECTION('',(-1.,0.,1.110223024625E-16));
#195 = PCURVE('',#44,#196);
#196 = DEFINITIONAL_REPRESENTATION('',(#197),#201);
#197 = CIRCLE('',#198,4.7);
#198 = AXIS2_PLACEMENT_2D('',#199,#200);
#199 = CARTESIAN_POINT('',(2.,18.));
#200 = DIRECTION('',(1.,0.));
#201 = ( GEOMETRIC_REPRESENTATION_CONTEXT(2) 
PARAMETRIC_REPRESENTATION_CONTEXT() REPRESENTATION_CONTEXT('2D SPACE',''
  ) );
#202 = PCURVE('',#203,#208);
#203 = CYLINDRICAL_SURFACE('',#204,4.7);
#204 = AXIS2_PLACEMENT_3D('',#205,#206,#207);
#205 = CARTESIAN_POINT('',(-12.75000005,-4.34999995,18.));
#206 = DIRECTION('',(0.,1.,0.));
#207 = DIRECTION('',(-1.,0.,1.110223024625E-16));
#208 = DEFINITIONAL_REPRESENTATION('',(#209),#213);
#209 = LINE('',#210,#211);
#210 = CARTESIAN_POINT('',(0.,0.2));
#211 = VECTOR('',#212,1.);
#212 = DIRECTION('',(1.,0.));
#213 = ( GEOMETRIC_REPRESENTATION_CONTEXT(2) 
PARAMETRIC_REPRESENTATION_CONTEXT() REPRESENTATION_CONTEXT('2D SPACE',''
  ) );
#214 = ADVANCED_FACE('',(#215,#291),#126,.T.);
#215 = FACE_BOUND('',#216,.T.);
#216 = EDGE_LOOP('',(#217,#240,#241,#242,#265));
#217 = ORIENTED_EDGE('',*,*,#218,.F.);
#218 = EDGE_CURVE('',#85,#219,#221,.T.);
#219 = VERTEX_POINT('',#220);
#220 = CARTESIAN_POINT('',(-14.75000005,2.85000005,4.));
#221 = SURFACE_CURVE('',#222,(#226,#233),.PCURVE_S1.);
#222 = LINE('',#223,#224);
#223 = CARTESIAN_POINT('',(-14.75000005,2.85000005,0.));
#224 = VECTOR('',#225,1.);
#225 = DIRECTION('',(1.110223024625E-16,0.,1.));
#226 = PCURVE('',#126,#227);
#227 = DEFINITIONAL_REPRESENTATION('',(#228),#232);
#228 = LINE('',#229,#230);
#229 = CARTESIAN_POINT('',(0.,7.));
#230 = VECTOR('',#231,1.);
#231 = DIRECTION('',(1.,0.));
#232 = ( GEOMETRIC_REPRESENTATION_CONTEXT(2) 
PARAMETRIC_REPRESENTATION_CONTEXT() REPRESENTATION_CONTEXT('2D SPACE',''
  ) );
#233 = PCURVE('',#100,#234);
#234 = DEFINITIONAL_REPRESENTATION('',(#235),#239);
#235 = LINE('',#236,#237);
#236 = CARTESIAN_POINT('',(4.,-4.440892098501E-16));
#237 = VECTOR('',#238,1.);
#238 = DIRECTION('',(0.,1.));
#239 = ( GEOMETRIC_REPRESENTATION_CONTEXT(2) 
PARAMETRIC_REPRESENTATION_CONTEXT() REPRESENTATION_CONTEXT('2D SPACE',''
  ) );
#240 = ORIENTED_EDGE('',*,*,#112,.F.);
#241 = ORIENTED_EDGE('',*,*,#165,.T.);
#242 = ORIENTED_EDGE('',*,*,#243,.T.);
#243 = EDGE_CURVE('',#166,#244,#246,.T.);
#244 = VERTEX_POINT('',#245);
#245 = CARTESIAN_POINT('',(-14.75000005,2.85000005,13.746765936373));
#246 = SURFACE_CURVE('',#247,(#251,#258),.PCURVE_S1.);
#247 = LINE('',#248,#249);
#248 = CARTESIAN_POINT('',(-14.75000005,-4.34999995,13.746765936373));
#249 = VECTOR('',#250,1.);
#250 = DIRECTION('',(0.,1.,0.));
#251 = PCURVE('',#126,#252);
#252 = DEFINITIONAL_REPRESENTATION('',(#253),#257);
#253 = LINE('',#254,#255);
#254 = CARTESIAN_POINT('',(13.746765936373,-0.2));
#255 = VECTOR('',#256,1.);
#256 = DIRECTION('',(0.,1.));
#257 = ( GEOMETRIC_REPRESENTATION_CONTEXT(2) 
PARAMETRIC_REPRESENTATION_CONTEXT() REPRESENTATION_CONTEXT('2D SPACE',''
  ) );
#258 = PCURVE('',#203,#259);
#259 = DEFINITIONAL_REPRESENTATION('',(#260),#264);
#260 = LINE('',#261,#262);
#261 = CARTESIAN_POINT('',(5.151938572833,0.));
#262 = VECTOR('',#263,1.);
#263 = DIRECTION('',(0.,1.));
#264 = ( GEOMETRIC_REPRESENTATION_CONTEXT(2) 
PARAMETRIC_REPRESENTATION_CONTEXT() REPRESENTATION_CONTEXT('2D SPACE',''
  ) );
#265 = ORIENTED_EDGE('',*,*,#266,.F.);
#266 = EDGE_CURVE('',#219,#244,#267,.T.);
#267 = SURFACE_CURVE('',#268,(#272,#279),.PCURVE_S1.);
#268 = LINE('',#269,#270);
#269 = CARTESIAN_POINT('',(-14.75000005,2.85000005,0.));
#270 = VECTOR('',#271,1.);
#271 = DIRECTION('',(1.110223024625E-16,0.,1.));
#272 = PCURVE('',#126,#273);
#273 = DEFINITIONAL_REPRESENTATION('',(#274),#278);
#274 = LINE('',#275,#276);
#275 = CARTESIAN_POINT('',(0.,7.));
#276 = VECTOR('',#277,1.);
#277 = DIRECTION('',(1.,0.));
#278 = ( GEOMETRIC_REPRESENTATION_CONTEXT(2) 
PARAMETRIC_REPRESENTATION_CONTEXT() REPRESENTATION_CONTEXT('2D SPACE',''
  ) );
#279 = PCURVE('',#280,#285);
#280 = PLANE('',#281);
#281 = AXIS2_PLACEMENT_3D('',#282,#283,#284);
#282 = CARTESIAN_POINT('',(-10.75000005,2.85000005,0.));
#283 = DIRECTION('',(0.,1.,0.));
#284 = DIRECTION('',(-1.,0.,1.110223024625E-16));
#285 = DEFINITIONAL_REPRESENTATION('',(#286),#290);
#286 = LINE('',#287,#288);
#287 = CARTESIAN_POINT('',(4.,-4.440892098501E-16));
#288 = VECTOR('',#289,1.);
#289 = DIRECTION('',(0.,1.));
#290 = ( GEOMETRIC_REPRESENTATION_CONTEXT(2) 
PARAMETRIC_REPRESENTATION_CONTEXT() REPRESENTATION_CONTEXT('2D SPACE',''
  ) );
#291 = FACE_BOUND('',#292,.T.);
#292 = EDGE_LOOP('',(#293));
#293 = ORIENTED_EDGE('',*,*,#294,.F.);
#294 = EDGE_CURVE('',#295,#295,#297,.T.);
#295 = VERTEX_POINT('',#296);
#296 = CARTESIAN_POINT('',(-14.75000005,-0.64999995,6.));
#297 = SURFACE_CURVE('',#298,(#303,#310),.PCURVE_S1.);
#298 = CIRCLE('',#299,2.);
#299 = AXIS2_PLACEMENT_3D('',#300,#301,#302);
#300 = CARTESIAN_POINT('',(-14.75000005,-0.64999995,4.));
#301 = DIRECTION('',(-1.,0.,1.110223024625E-16));
#302 = DIRECTION('',(1.110223024625E-16,0.,1.));
#303 = PCURVE('',#126,#304);
#304 = DEFINITIONAL_REPRESENTATION('',(#305),#309);
#305 = CIRCLE('',#306,2.);
#306 = AXIS2_PLACEMENT_2D('',#307,#308);
#307 = CARTESIAN_POINT('',(4.,3.5));
#308 = DIRECTION('',(1.,0.));
#309 = ( GEOMETRIC_REPRESENTATION_CONTEXT(2) 
PARAMETRIC_REPRESENTATION_CONTEXT() REPRESENTATION_CONTEXT('2D SPACE',''
  ) );
#310 = PCURVE('',#311,#316);
#311 = CYLINDRICAL_SURFACE('',#312,2.);
#312 = AXIS2_PLACEMENT_3D('',#313,#314,#315);
#313 = CARTESIAN_POINT('',(-9.75000005,-0.64999995,4.));
#314 = DIRECTION('',(-1.,0.,1.110223024625E-16));
#315 = DIRECTION('',(1.110223024625E-16,0.,1.));
#316 = DEFINITIONAL_REPRESENTATION('',(#317),#321);
#317 = LINE('',#318,#319);
#318 = CARTESIAN_POINT('',(0.,5.));
#319 = VECTOR('',#320,1.);
#320 = DIRECTION('',(1.,0.));
#321 = ( GEOMETRIC_REPRESENTATION_CONTEXT(2) 
PARAMETRIC_REPRESENTATION_CONTEXT() REPRESENTATION_CONTEXT('2D SPACE',''
  ) );
#322 = ADVANCED_FACE('',(#323),#100,.T.);
#323 = FACE_BOUND('',#324,.T.);
#324 = EDGE_LOOP('',(#325,#348,#349,#350));
#325 = ORIENTED_EDGE('',*,*,#326,.F.);
#326 = EDGE_CURVE('',#57,#327,#329,.T.);
#327 = VERTEX_POINT('',#328);
#328 = CARTESIAN_POINT('',(-10.75000005,2.85000005,4.));
#329 = SURFACE_CURVE('',#330,(#334,#341),.PCURVE_S1.);
#330 = LINE('',#331,#332);
#331 = CARTESIAN_POINT('',(-10.75000005,2.85000005,0.));
#332 = VECTOR('',#333,1.);
#333 = DIRECTION('',(1.110223024625E-16,0.,1.));
#334 = PCURVE('',#100,#335);
#335 = DEFINITIONAL_REPRESENTATION('',(#336),#340);
#336 = LINE('',#337,#338);
#337 = CARTESIAN_POINT('',(0.,0.));
#338 = VECTOR('',#339,1.);
#339 = DIRECTION('',(0.,1.));
#340 = ( GEOMETRIC_REPRESENTATION_CONTEXT(2) 
PARAMETRIC_REPRESENTATION_CONTEXT() REPRESENTATION_CONTEXT('2D SPACE',''
  ) );
#341 = PCURVE('',#72,#342);
#342 = DEFINITIONAL_REPRESENTATION('',(#343),#347);
#343 = LINE('',#344,#345);
#344 = CARTESIAN_POINT('',(0.,7.));
#345 = VECTOR('',#346,1.);
#346 = DIRECTION('',(1.,0.));
#347 = ( GEOMETRIC_REPRESENTATION_CONTEXT(2) 
PARAMETRIC_REPRESENTATION_CONTEXT() REPRESENTATION_CONTEXT('2D SPACE',''
  ) );
#348 = ORIENTED_EDGE('',*,*,#84,.T.);
#349 = ORIENTED_EDGE('',*,*,#218,.T.);
#350 = ORIENTED_EDGE('',*,*,#351,.F.);
#351 = EDGE_CURVE('',#327,#219,#352,.T.);
#352 = SURFACE_CURVE('',#353,(#358,#365),.PCURVE_S1.);
#353 = CIRCLE('',#354,2.);
#354 = AXIS2_PLACEMENT_3D('',#355,#356,#357);
#355 = CARTESIAN_POINT('',(-12.75000005,2.85000005,4.));
#356 = DIRECTION('',(0.,1.,-0.));
#357 = DIRECTION('',(-1.,0.,1.110223024625E-16));
#358 = PCURVE('',#100,#359);
#359 = DEFINITIONAL_REPRESENTATION('',(#360),#364);
#360 = CIRCLE('',#361,2.);
#361 = AXIS2_PLACEMENT_2D('',#362,#363);
#362 = CARTESIAN_POINT('',(2.,4.));
#363 = DIRECTION('',(1.,0.));
#364 = ( GEOMETRIC_REPRESENTATION_CONTEXT(2) 
PARAMETRIC_REPRESENTATION_CONTEXT() REPRESENTATION_CONTEXT('2D SPACE',''
  ) );
#365 = PCURVE('',#366,#371);
#366 = CYLINDRICAL_SURFACE('',#367,2.);
#367 = AXIS2_PLACEMENT_3D('',#368,#369,#370);
#368 = CARTESIAN_POINT('',(-12.75000005,2.35000005,4.));
#369 = DIRECTION('',(0.,1.,0.));
#370 = DIRECTION('',(-1.,0.,1.110223024625E-16));
#371 = DEFINITIONAL_REPRESENTATION('',(#372),#376);
#372 = LINE('',#373,#374);
#373 = CARTESIAN_POINT('',(0.,0.5));
#374 = VECTOR('',#375,1.);
#375 = DIRECTION('',(1.,0.));
#376 = ( GEOMETRIC_REPRESENTATION_CONTEXT(2) 
PARAMETRIC_REPRESENTATION_CONTEXT() REPRESENTATION_CONTEXT('2D SPACE',''
  ) );
#377 = ADVANCED_FACE('',(#378,#427),#72,.F.);
#378 = FACE_BOUND('',#379,.F.);
#379 = EDGE_LOOP('',(#380,#381,#382,#383,#406));
#380 = ORIENTED_EDGE('',*,*,#326,.F.);
#381 = ORIENTED_EDGE('',*,*,#56,.F.);
#382 = ORIENTED_EDGE('',*,*,#141,.T.);
#383 = ORIENTED_EDGE('',*,*,#384,.T.);
#384 = EDGE_CURVE('',#142,#385,#387,.T.);
#385 = VERTEX_POINT('',#386);
#386 = CARTESIAN_POINT('',(-10.75000005,2.85000005,13.746765936373));
#387 = SURFACE_CURVE('',#388,(#392,#399),.PCURVE_S1.);
#388 = LINE('',#389,#390);
#389 = CARTESIAN_POINT('',(-10.75000005,-4.34999995,13.746765936373));
#390 = VECTOR('',#391,1.);
#391 = DIRECTION('',(0.,1.,0.));
#392 = PCURVE('',#72,#393);
#393 = DEFINITIONAL_REPRESENTATION('',(#394),#398);
#394 = LINE('',#395,#396);
#395 = CARTESIAN_POINT('',(13.746765936373,-0.2));
#396 = VECTOR('',#397,1.);
#397 = DIRECTION('',(0.,1.));
#398 = ( GEOMETRIC_REPRESENTATION_CONTEXT(2) 
PARAMETRIC_REPRESENTATION_CONTEXT() REPRESENTATION_CONTEXT('2D SPACE',''
  ) );
#399 = PCURVE('',#203,#400);
#400 = DEFINITIONAL_REPRESENTATION('',(#401),#405);
#401 = LINE('',#402,#403);
#402 = CARTESIAN_POINT('',(4.272839387937,0.));
#403 = VECTOR('',#404,1.);
#404 = DIRECTION('',(0.,1.));
#405 = ( GEOMETRIC_REPRESENTATION_CONTEXT(2) 
PARAMETRIC_REPRESENTATION_CONTEXT() REPRESENTATION_CONTEXT('2D SPACE',''
  ) );
#406 = ORIENTED_EDGE('',*,*,#407,.F.);
#407 = EDGE_CURVE('',#327,#385,#408,.T.);
#408 = SURFACE_CURVE('',#409,(#413,#420),.PCURVE_S1.);
#409 = LINE('',#410,#411);
#410 = CARTESIAN_POINT('',(-10.75000005,2.85000005,0.));
#411 = VECTOR('',#412,1.);
#412 = DIRECTION('',(1.110223024625E-16,0.,1.));
#413 = PCURVE('',#72,#414);
#414 = DEFINITIONAL_REPRESENTATION('',(#415),#419);
#415 = LINE('',#416,#417);
#416 = CARTESIAN_POINT('',(0.,7.));
#417 = VECTOR('',#418,1.);
#418 = DIRECTION('',(1.,0.));
#419 = ( GEOMETRIC_REPRESENTATION_CONTEXT(2) 
PARAMETRIC_REPRESENTATION_CONTEXT() REPRESENTATION_CONTEXT('2D SPACE',''
  ) );
#420 = PCURVE('',#280,#421);
#421 = DEFINITIONAL_REPRESENTATION('',(#422),#426);
#422 = LINE('',#423,#424);
#423 = CARTESIAN_POINT('',(0.,0.));
#424 = VECTOR('',#425,1.);
#425 = DIRECTION('',(0.,1.));
#426 = ( GEOMETRIC_REPRESENTATION_CONTEXT(2) 
PARAMETRIC_REPRESENTATION_CONTEXT() REPRESENTATION_CONTEXT('2D SPACE',''
  ) );
#427 = FACE_BOUND('',#428,.F.);
#428 = EDGE_LOOP('',(#429));
#429 = ORIENTED_EDGE('',*,*,#430,.F.);
#430 = EDGE_CURVE('',#431,#431,#433,.T.);
#431 = VERTEX_POINT('',#432);
#432 = CARTESIAN_POINT('',(-10.75000005,-0.64999995,6.));
#433 = SURFACE_CURVE('',#434,(#439,#446),.PCURVE_S1.);
#434 = CIRCLE('',#435,2.);
#435 = AXIS2_PLACEMENT_3D('',#436,#437,#438);
#436 = CARTESIAN_POINT('',(-10.75000005,-0.64999995,4.));
#437 = DIRECTION('',(-1.,0.,1.110223024625E-16));
#438 = DIRECTION('',(1.110223024625E-16,0.,1.));
#439 = PCURVE('',#72,#440);
#440 = DEFINITIONAL_REPRESENTATION('',(#441),#445);
#441 = CIRCLE('',#442,2.);
#442 = AXIS2_PLACEMENT_2D('',#443,#444);
#443 = CARTESIAN_POINT('',(4.,3.5));
#444 = DIRECTION('',(1.,0.));
#445 = ( GEOMETRIC_REPRESENTATION_CONTEXT(2) 
PARAMETRIC_REPRESENTATION_CONTEXT() REPRESENTATION_CONTEXT('2D SPACE',''
  ) );
#446 = PCURVE('',#311,#447);
#447 = DEFINITIONAL_REPRESENTATION('',(#448),#452);
#448 = LINE('',#449,#450);
#449 = CARTESIAN_POINT('',(0.,1.));
#450 = VECTOR('',#451,1.);
#451 = DIRECTION('',(1.,0.));
#452 = ( GEOMETRIC_REPRESENTATION_CONTEXT(2) 
PARAMETRIC_REPRESENTATION_CONTEXT() REPRESENTATION_CONTEXT('2D SPACE',''
  ) );
#453 = ADVANCED_FACE('',(#454,#536,#652),#203,.T.);
#454 = FACE_BOUND('',#455,.T.);
#455 = EDGE_LOOP('',(#456,#485,#508,#535));
#456 = ORIENTED_EDGE('',*,*,#457,.F.);
#457 = EDGE_CURVE('',#458,#458,#460,.T.);
#458 = VERTEX_POINT('',#459);
#459 = CARTESIAN_POINT('',(-17.45000005,3.05000005,18.));
#460 = SURFACE_CURVE('',#461,(#466,#473),.PCURVE_S1.);
#461 = CIRCLE('',#462,4.7);
#462 = AXIS2_PLACEMENT_3D('',#463,#464,#465);
#463 = CARTESIAN_POINT('',(-12.75000005,3.05000005,18.));
#464 = DIRECTION('',(0.,1.,-0.));
#465 = DIRECTION('',(-1.,0.,1.110223024625E-16));
#466 = PCURVE('',#203,#467);
#467 = DEFINITIONAL_REPRESENTATION('',(#468),#472);
#468 = LINE('',#469,#470);
#469 = CARTESIAN_POINT('',(0.,7.4));
#470 = VECTOR('',#471,1.);
#471 = DIRECTION('',(1.,0.));
#472 = ( GEOMETRIC_REPRESENTATION_CONTEXT(2) 
PARAMETRIC_REPRESENTATION_CONTEXT() REPRESENTATION_CONTEXT('2D SPACE',''
  ) );
#473 = PCURVE('',#474,#479);
#474 = PLANE('',#475);
#475 = AXIS2_PLACEMENT_3D('',#476,#477,#478);
#476 = CARTESIAN_POINT('',(-12.75000005,3.05000005,18.));
#477 = DIRECTION('',(0.,1.,0.));
#478 = DIRECTION('',(-1.,0.,1.110223024625E-16));
#479 = DEFINITIONAL_REPRESENTATION('',(#480),#484);
#480 = CIRCLE('',#481,4.7);
#481 = AXIS2_PLACEMENT_2D('',#482,#483);
#482 = CARTESIAN_POINT('',(0.,0.));
#483 = DIRECTION('',(1.,0.));
#484 = ( GEOMETRIC_REPRESENTATION_CONTEXT(2) 
PARAMETRIC_REPRESENTATION_CONTEXT() REPRESENTATION_CONTEXT('2D SPACE',''
  ) );
#485 = ORIENTED_EDGE('',*,*,#486,.F.);
#486 = EDGE_CURVE('',#487,#458,#489,.T.);
#487 = VERTEX_POINT('',#488);
#488 = CARTESIAN_POINT('',(-17.45000005,-4.34999995,18.));
#489 = SEAM_CURVE('',#490,(#494,#501),.PCURVE_S1.);
#490 = LINE('',#491,#492);
#491 = CARTESIAN_POINT('',(-17.45000005,-4.34999995,18.));
#492 = VECTOR('',#493,1.);
#493 = DIRECTION('',(0.,1.,0.));
#494 = PCURVE('',#203,#495);
#495 = DEFINITIONAL_REPRESENTATION('',(#496),#500);
#496 = LINE('',#497,#498);
#497 = CARTESIAN_POINT('',(6.28318530718,-0.));
#498 = VECTOR('',#499,1.);
#499 = DIRECTION('',(0.,1.));
#500 = ( GEOMETRIC_REPRESENTATION_CONTEXT(2) 
PARAMETRIC_REPRESENTATION_CONTEXT() REPRESENTATION_CONTEXT('2D SPACE',''
  ) );
#501 = PCURVE('',#203,#502);
#502 = DEFINITIONAL_REPRESENTATION('',(#503),#507);
#503 = LINE('',#504,#505);
#504 = CARTESIAN_POINT('',(0.,-0.));
#505 = VECTOR('',#506,1.);
#506 = DIRECTION('',(0.,1.));
#507 = ( GEOMETRIC_REPRESENTATION_CONTEXT(2) 
PARAMETRIC_REPRESENTATION_CONTEXT() REPRESENTATION_CONTEXT('2D SPACE',''
  ) );
#508 = ORIENTED_EDGE('',*,*,#509,.T.);
#509 = EDGE_CURVE('',#487,#487,#510,.T.);
#510 = SURFACE_CURVE('',#511,(#516,#523),.PCURVE_S1.);
#511 = CIRCLE('',#512,4.7);
#512 = AXIS2_PLACEMENT_3D('',#513,#514,#515);
#513 = CARTESIAN_POINT('',(-12.75000005,-4.34999995,18.));
#514 = DIRECTION('',(0.,1.,-0.));
#515 = DIRECTION('',(-1.,0.,1.110223024625E-16));
#516 = PCURVE('',#203,#517);
#517 = DEFINITIONAL_REPRESENTATION('',(#518),#522);
#518 = LINE('',#519,#520);
#519 = CARTESIAN_POINT('',(0.,0.));
#520 = VECTOR('',#521,1.);
#521 = DIRECTION('',(1.,0.));
#522 = ( GEOMETRIC_REPRESENTATION_CONTEXT(2) 
PARAMETRIC_REPRESENTATION_CONTEXT() REPRESENTATION_CONTEXT('2D SPACE',''
  ) );
#523 = PCURVE('',#524,#529);
#524 = PLANE('',#525);
#525 = AXIS2_PLACEMENT_3D('',#526,#527,#528);
#526 = CARTESIAN_POINT('',(-12.75000005,-4.34999995,18.));
#527 = DIRECTION('',(0.,1.,0.));
#528 = DIRECTION('',(-1.,0.,1.110223024625E-16));
#529 = DEFINITIONAL_REPRESENTATION('',(#530),#534);
#530 = CIRCLE('',#531,4.7);
#531 = AXIS2_PLACEMENT_2D('',#532,#533);
#532 = CARTESIAN_POINT('',(0.,0.));
#533 = DIRECTION('',(1.,0.));
#534 = ( GEOMETRIC_REPRESENTATION_CONTEXT(2) 
PARAMETRIC_REPRESENTATION_CONTEXT() REPRESENTATION_CONTEXT('2D SPACE',''
  ) );
#535 = ORIENTED_EDGE('',*,*,#486,.T.);
#536 = FACE_BOUND('',#537,.T.);
#537 = EDGE_LOOP('',(#538,#568,#597,#625));
#538 = ORIENTED_EDGE('',*,*,#539,.F.);
#539 = EDGE_CURVE('',#540,#542,#544,.T.);
#540 = VERTEX_POINT('',#541);
#541 = CARTESIAN_POINT('',(-9.131989546975,-4.14999995,15.));
#542 = VERTEX_POINT('',#543);
#543 = CARTESIAN_POINT('',(-9.131989546975,2.85000005,15.));
#544 = SURFACE_CURVE('',#545,(#549,#556),.PCURVE_S1.);
#545 = LINE('',#546,#547);
#546 = CARTESIAN_POINT('',(-9.131989546975,-4.34999995,15.));
#547 = VECTOR('',#548,1.);
#548 = DIRECTION('',(0.,1.,0.));
#549 = PCURVE('',#203,#550);
#550 = DEFINITIONAL_REPRESENTATION('',(#551),#555);
#551 = LINE('',#552,#553);
#552 = CARTESIAN_POINT('',(3.833877726673,0.));
#553 = VECTOR('',#554,1.);
#554 = DIRECTION('',(0.,1.));
#555 = ( GEOMETRIC_REPRESENTATION_CONTEXT(2) 
PARAMETRIC_REPRESENTATION_CONTEXT() REPRESENTATION_CONTEXT('2D SPACE',''
  ) );
#556 = PCURVE('',#557,#562);
#557 = PLANE('',#558);
#558 = AXIS2_PLACEMENT_3D('',#559,#560,#561);
#559 = CARTESIAN_POINT('',(11.24999995,-4.14999995,15.));
#560 = DIRECTION('',(1.110223024625E-16,0.,1.));
#561 = DIRECTION('',(-1.,0.,1.110223024625E-16));
#562 = DEFINITIONAL_REPRESENTATION('',(#563),#567);
#563 = LINE('',#564,#565);
#564 = CARTESIAN_POINT('',(20.381989496975,0.2));
#565 = VECTOR('',#566,1.);
#566 = DIRECTION('',(0.,-1.));
#567 = ( GEOMETRIC_REPRESENTATION_CONTEXT(2) 
PARAMETRIC_REPRESENTATION_CONTEXT() REPRESENTATION_CONTEXT('2D SPACE',''
  ) );
#568 = ORIENTED_EDGE('',*,*,#569,.F.);
#569 = EDGE_CURVE('',#570,#540,#572,.T.);
#570 = VERTEX_POINT('',#571);
#571 = CARTESIAN_POINT('',(-9.131989546975,-4.14999995,21.));
#572 = SURFACE_CURVE('',#573,(#578,#585),.PCURVE_S1.);
#573 = CIRCLE('',#574,4.7);
#574 = AXIS2_PLACEMENT_3D('',#575,#576,#577);
#575 = CARTESIAN_POINT('',(-12.75000005,-4.14999995,18.));
#576 = DIRECTION('',(0.,1.,-0.));
#577 = DIRECTION('',(-1.,0.,1.110223024625E-16));
#578 = PCURVE('',#203,#579);
#579 = DEFINITIONAL_REPRESENTATION('',(#580),#584);
#580 = LINE('',#581,#582);
#581 = CARTESIAN_POINT('',(0.,0.2));
#582 = VECTOR('',#583,1.);
#583 = DIRECTION('',(1.,0.));
#584 = ( GEOMETRIC_REPRESENTATION_CONTEXT(2) 
PARAMETRIC_REPRESENTATION_CONTEXT() REPRESENTATION_CONTEXT('2D SPACE',''
  ) );
#585 = PCURVE('',#586,#591);
#586 = PLANE('',#587);
#587 = AXIS2_PLACEMENT_3D('',#588,#589,#590);
#588 = CARTESIAN_POINT('',(11.24999995,-4.14999995,15.));
#589 = DIRECTION('',(0.,1.,0.));
#590 = DIRECTION('',(-1.,0.,1.110223024625E-16));
#591 = DEFINITIONAL_REPRESENTATION('',(#592),#596);
#592 = CIRCLE('',#593,4.7);
#593 = AXIS2_PLACEMENT_2D('',#594,#595);
#594 = CARTESIAN_POINT('',(24.,3.));
#595 = DIRECTION('',(1.,0.));
#596 = ( GEOMETRIC_REPRESENTATION_CONTEXT(2) 
PARAMETRIC_REPRESENTATION_CONTEXT() REPRESENTATION_CONTEXT('2D SPACE',''
  ) );
#597 = ORIENTED_EDGE('',*,*,#598,.T.);
#598 = EDGE_CURVE('',#570,#599,#601,.T.);
#599 = VERTEX_POINT('',#600);
#600 = CARTESIAN_POINT('',(-9.131989546975,2.85000005,21.));
#601 = SURFACE_CURVE('',#602,(#606,#613),.PCURVE_S1.);
#602 = LINE('',#603,#604);
#603 = CARTESIAN_POINT('',(-9.131989546975,-4.34999995,21.));
#604 = VECTOR('',#605,1.);
#605 = DIRECTION('',(0.,1.,0.));
#606 = PCURVE('',#203,#607);
#607 = DEFINITIONAL_REPRESENTATION('',(#608),#612);
#608 = LINE('',#609,#610);
#609 = CARTESIAN_POINT('',(2.449307580506,0.));
#610 = VECTOR('',#611,1.);
#611 = DIRECTION('',(0.,1.));
#612 = ( GEOMETRIC_REPRESENTATION_CONTEXT(2) 
PARAMETRIC_REPRESENTATION_CONTEXT() REPRESENTATION_CONTEXT('2D SPACE',''
  ) );
#613 = PCURVE('',#614,#619);
#614 = PLANE('',#615);
#615 = AXIS2_PLACEMENT_3D('',#616,#617,#618);
#616 = CARTESIAN_POINT('',(11.24999995,-4.14999995,21.));
#617 = DIRECTION('',(1.110223024625E-16,0.,1.));
#618 = DIRECTION('',(-1.,0.,1.110223024625E-16));
#619 = DEFINITIONAL_REPRESENTATION('',(#620),#624);
#620 = LINE('',#621,#622);
#621 = CARTESIAN_POINT('',(20.381989496975,0.2));
#622 = VECTOR('',#623,1.);
#623 = DIRECTION('',(0.,-1.));
#624 = ( GEOMETRIC_REPRESENTATION_CONTEXT(2) 
PARAMETRIC_REPRESENTATION_CONTEXT() REPRESENTATION_CONTEXT('2D SPACE',''
  ) );
#625 = ORIENTED_EDGE('',*,*,#626,.T.);
#626 = EDGE_CURVE('',#599,#542,#627,.T.);
#627 = SURFACE_CURVE('',#628,(#633,#640),.PCURVE_S1.);
#628 = CIRCLE('',#629,4.7);
#629 = AXIS2_PLACEMENT_3D('',#630,#631,#632);
#630 = CARTESIAN_POINT('',(-12.75000005,2.85000005,18.));
#631 = DIRECTION('',(0.,1.,-0.));
#632 = DIRECTION('',(-1.,0.,1.110223024625E-16));
#633 = PCURVE('',#203,#634);
#634 = DEFINITIONAL_REPRESENTATION('',(#635),#639);
#635 = LINE('',#636,#637);
#636 = CARTESIAN_POINT('',(0.,7.2));
#637 = VECTOR('',#638,1.);
#638 = DIRECTION('',(1.,0.));
#639 = ( GEOMETRIC_REPRESENTATION_CONTEXT(2) 
PARAMETRIC_REPRESENTATION_CONTEXT() REPRESENTATION_CONTEXT('2D SPACE',''
  ) );
#640 = PCURVE('',#641,#646);
#641 = PLANE('',#642);
#642 = AXIS2_PLACEMENT_3D('',#643,#644,#645);
#643 = CARTESIAN_POINT('',(11.24999995,2.85000005,15.));
#644 = DIRECTION('',(0.,1.,0.));
#645 = DIRECTION('',(-1.,0.,1.110223024625E-16));
#646 = DEFINITIONAL_REPRESENTATION('',(#647),#651);
#647 = CIRCLE('',#648,4.7);
#648 = AXIS2_PLACEMENT_2D('',#649,#650);
#649 = CARTESIAN_POINT('',(24.,3.));
#650 = DIRECTION('',(1.,0.));
#651 = ( GEOMETRIC_REPRESENTATION_CONTEXT(2) 
PARAMETRIC_REPRESENTATION_CONTEXT() REPRESENTATION_CONTEXT('2D SPACE',''
  ) );
#652 = FACE_BOUND('',#653,.T.);
#653 = EDGE_LOOP('',(#654,#655,#656,#678));
#654 = ORIENTED_EDGE('',*,*,#188,.F.);
#655 = ORIENTED_EDGE('',*,*,#384,.T.);
#656 = ORIENTED_EDGE('',*,*,#657,.T.);
#657 = EDGE_CURVE('',#385,#244,#658,.T.);
#658 = SURFACE_CURVE('',#659,(#664,#671),.PCURVE_S1.);
#659 = CIRCLE('',#660,4.7);
#660 = AXIS2_PLACEMENT_3D('',#661,#662,#663);
#661 = CARTESIAN_POINT('',(-12.75000005,2.85000005,18.));
#662 = DIRECTION('',(0.,1.,-0.));
#663 = DIRECTION('',(-1.,0.,1.110223024625E-16));
#664 = PCURVE('',#203,#665);
#665 = DEFINITIONAL_REPRESENTATION('',(#666),#670);
#666 = LINE('',#667,#668);
#667 = CARTESIAN_POINT('',(0.,7.2));
#668 = VECTOR('',#669,1.);
#669 = DIRECTION('',(1.,0.));
#670 = ( GEOMETRIC_REPRESENTATION_CONTEXT(2) 
PARAMETRIC_REPRESENTATION_CONTEXT() REPRESENTATION_CONTEXT('2D SPACE',''
  ) );
#671 = PCURVE('',#280,#672);
#672 = DEFINITIONAL_REPRESENTATION('',(#673),#677);
#673 = CIRCLE('',#674,4.7);
#674 = AXIS2_PLACEMENT_2D('',#675,#676);
#675 = CARTESIAN_POINT('',(2.,18.));
#676 = DIRECTION('',(1.,0.));
#677 = ( GEOMETRIC_REPRESENTATION_CONTEXT(2) 
PARAMETRIC_REPRESENTATION_CONTEXT() REPRESENTATION_CONTEXT('2D SPACE',''
  ) );
#678 = ORIENTED_EDGE('',*,*,#243,.F.);
#679 = ADVANCED_FACE('',(#680),#280,.T.);
#680 = FACE_BOUND('',#681,.T.);
#681 = EDGE_LOOP('',(#682,#683,#705,#706));
#682 = ORIENTED_EDGE('',*,*,#407,.F.);
#683 = ORIENTED_EDGE('',*,*,#684,.F.);
#684 = EDGE_CURVE('',#219,#327,#685,.T.);
#685 = SURFACE_CURVE('',#686,(#691,#698),.PCURVE_S1.);
#686 = CIRCLE('',#687,2.);
#687 = AXIS2_PLACEMENT_3D('',#688,#689,#690);
#688 = CARTESIAN_POINT('',(-12.75000005,2.85000005,4.));
#689 = DIRECTION('',(0.,1.,-0.));
#690 = DIRECTION('',(-1.,0.,1.110223024625E-16));
#691 = PCURVE('',#280,#692);
#692 = DEFINITIONAL_REPRESENTATION('',(#693),#697);
#693 = CIRCLE('',#694,2.);
#694 = AXIS2_PLACEMENT_2D('',#695,#696);
#695 = CARTESIAN_POINT('',(2.,4.));
#696 = DIRECTION('',(1.,0.));
#697 = ( GEOMETRIC_REPRESENTATION_CONTEXT(2) 
PARAMETRIC_REPRESENTATION_CONTEXT() REPRESENTATION_CONTEXT('2D SPACE',''
  ) );
#698 = PCURVE('',#366,#699);
#699 = DEFINITIONAL_REPRESENTATION('',(#700),#704);
#700 = LINE('',#701,#702);
#701 = CARTESIAN_POINT('',(0.,0.5));
#702 = VECTOR('',#703,1.);
#703 = DIRECTION('',(1.,0.));
#704 = ( GEOMETRIC_REPRESENTATION_CONTEXT(2) 
PARAMETRIC_REPRESENTATION_CONTEXT() REPRESENTATION_CONTEXT('2D SPACE',''
  ) );
#705 = ORIENTED_EDGE('',*,*,#266,.T.);
#706 = ORIENTED_EDGE('',*,*,#657,.F.);
#707 = ADVANCED_FACE('',(#708),#311,.F.);
#708 = FACE_BOUND('',#709,.F.);
#709 = EDGE_LOOP('',(#710,#711,#732,#733));
#710 = ORIENTED_EDGE('',*,*,#294,.F.);
#711 = ORIENTED_EDGE('',*,*,#712,.F.);
#712 = EDGE_CURVE('',#431,#295,#713,.T.);
#713 = SEAM_CURVE('',#714,(#718,#725),.PCURVE_S1.);
#714 = LINE('',#715,#716);
#715 = CARTESIAN_POINT('',(-9.75000005,-0.64999995,6.));
#716 = VECTOR('',#717,1.);
#717 = DIRECTION('',(-1.,0.,1.110223024625E-16));
#718 = PCURVE('',#311,#719);
#719 = DEFINITIONAL_REPRESENTATION('',(#720),#724);
#720 = LINE('',#721,#722);
#721 = CARTESIAN_POINT('',(6.28318530718,-0.));
#722 = VECTOR('',#723,1.);
#723 = DIRECTION('',(0.,1.));
#724 = ( GEOMETRIC_REPRESENTATION_CONTEXT(2) 
PARAMETRIC_REPRESENTATION_CONTEXT() REPRESENTATION_CONTEXT('2D SPACE',''
  ) );
#725 = PCURVE('',#311,#726);
#726 = DEFINITIONAL_REPRESENTATION('',(#727),#731);
#727 = LINE('',#728,#729);
#728 = CARTESIAN_POINT('',(0.,-0.));
#729 = VECTOR('',#730,1.);
#730 = DIRECTION('',(0.,1.));
#731 = ( GEOMETRIC_REPRESENTATION_CONTEXT(2) 
PARAMETRIC_REPRESENTATION_CONTEXT() REPRESENTATION_CONTEXT('2D SPACE',''
  ) );
#732 = ORIENTED_EDGE('',*,*,#430,.T.);
#733 = ORIENTED_EDGE('',*,*,#712,.T.);
#734 = ADVANCED_FACE('',(#735),#366,.T.);
#735 = FACE_BOUND('',#736,.T.);
#736 = EDGE_LOOP('',(#737,#738,#761,#788,#789));
#737 = ORIENTED_EDGE('',*,*,#351,.T.);
#738 = ORIENTED_EDGE('',*,*,#739,.T.);
#739 = EDGE_CURVE('',#219,#740,#742,.T.);
#740 = VERTEX_POINT('',#741);
#741 = CARTESIAN_POINT('',(-14.75000005,5.35000005,4.));
#742 = SEAM_CURVE('',#743,(#747,#754),.PCURVE_S1.);
#743 = LINE('',#744,#745);
#744 = CARTESIAN_POINT('',(-14.75000005,2.35000005,4.));
#745 = VECTOR('',#746,1.);
#746 = DIRECTION('',(0.,1.,0.));
#747 = PCURVE('',#366,#748);
#748 = DEFINITIONAL_REPRESENTATION('',(#749),#753);
#749 = LINE('',#750,#751);
#750 = CARTESIAN_POINT('',(0.,-0.));
#751 = VECTOR('',#752,1.);
#752 = DIRECTION('',(0.,1.));
#753 = ( GEOMETRIC_REPRESENTATION_CONTEXT(2) 
PARAMETRIC_REPRESENTATION_CONTEXT() REPRESENTATION_CONTEXT('2D SPACE',''
  ) );
#754 = PCURVE('',#366,#755);
#755 = DEFINITIONAL_REPRESENTATION('',(#756),#760);
#756 = LINE('',#757,#758);
#757 = CARTESIAN_POINT('',(6.28318530718,-0.));
#758 = VECTOR('',#759,1.);
#759 = DIRECTION('',(0.,1.));
#760 = ( GEOMETRIC_REPRESENTATION_CONTEXT(2) 
PARAMETRIC_REPRESENTATION_CONTEXT() REPRESENTATION_CONTEXT('2D SPACE',''
  ) );
#761 = ORIENTED_EDGE('',*,*,#762,.F.);
#762 = EDGE_CURVE('',#740,#740,#763,.T.);
#763 = SURFACE_CURVE('',#764,(#769,#776),.PCURVE_S1.);
#764 = CIRCLE('',#765,2.);
#765 = AXIS2_PLACEMENT_3D('',#766,#767,#768);
#766 = CARTESIAN_POINT('',(-12.75000005,5.35000005,4.));
#767 = DIRECTION('',(0.,1.,-0.));
#768 = DIRECTION('',(-1.,0.,1.110223024625E-16));
#769 = PCURVE('',#366,#770);
#770 = DEFINITIONAL_REPRESENTATION('',(#771),#775);
#771 = LINE('',#772,#773);
#772 = CARTESIAN_POINT('',(0.,3.));
#773 = VECTOR('',#774,1.);
#774 = DIRECTION('',(1.,0.));
#775 = ( GEOMETRIC_REPRESENTATION_CONTEXT(2) 
PARAMETRIC_REPRESENTATION_CONTEXT() REPRESENTATION_CONTEXT('2D SPACE',''
  ) );
#776 = PCURVE('',#777,#782);
#777 = PLANE('',#778);
#778 = AXIS2_PLACEMENT_3D('',#779,#780,#781);
#779 = CARTESIAN_POINT('',(-12.75000005,5.35000005,4.));
#780 = DIRECTION('',(0.,1.,0.));
#781 = DIRECTION('',(-1.,0.,1.110223024625E-16));
#782 = DEFINITIONAL_REPRESENTATION('',(#783),#787);
#783 = CIRCLE('',#784,2.);
#784 = AXIS2_PLACEMENT_2D('',#785,#786);
#785 = CARTESIAN_POINT('',(0.,0.));
#786 = DIRECTION('',(1.,0.));
#787 = ( GEOMETRIC_REPRESENTATION_CONTEXT(2) 
PARAMETRIC_REPRESENTATION_CONTEXT() REPRESENTATION_CONTEXT('2D SPACE',''
  ) );
#788 = ORIENTED_EDGE('',*,*,#739,.F.);
#789 = ORIENTED_EDGE('',*,*,#684,.T.);
#790 = ADVANCED_FACE('',(#791,#794),#474,.T.);
#791 = FACE_BOUND('',#792,.T.);
#792 = EDGE_LOOP('',(#793));
#793 = ORIENTED_EDGE('',*,*,#457,.T.);
#794 = FACE_BOUND('',#795,.T.);
#795 = EDGE_LOOP('',(#796));
#796 = ORIENTED_EDGE('',*,*,#797,.F.);
#797 = EDGE_CURVE('',#798,#798,#800,.T.);
#798 = VERTEX_POINT('',#799);
#799 = CARTESIAN_POINT('',(-16.00000005,3.05000005,18.));
#800 = SURFACE_CURVE('',#801,(#806,#813),.PCURVE_S1.);
#801 = CIRCLE('',#802,3.25);
#802 = AXIS2_PLACEMENT_3D('',#803,#804,#805);
#803 = CARTESIAN_POINT('',(-12.75000005,3.05000005,18.));
#804 = DIRECTION('',(0.,1.,-0.));
#805 = DIRECTION('',(-1.,0.,1.110223024625E-16));
#806 = PCURVE('',#474,#807);
#807 = DEFINITIONAL_REPRESENTATION('',(#808),#812);
#808 = CIRCLE('',#809,3.25);
#809 = AXIS2_PLACEMENT_2D('',#810,#811);
#810 = CARTESIAN_POINT('',(0.,0.));
#811 = DIRECTION('',(1.,0.));
#812 = ( GEOMETRIC_REPRESENTATION_CONTEXT(2) 
PARAMETRIC_REPRESENTATION_CONTEXT() REPRESENTATION_CONTEXT('2D SPACE',''
  ) );
#813 = PCURVE('',#814,#819);
#814 = CYLINDRICAL_SURFACE('',#815,3.25);
#815 = AXIS2_PLACEMENT_3D('',#816,#817,#818);
#816 = CARTESIAN_POINT('',(-12.75000005,-4.64999995,18.));
#817 = DIRECTION('',(0.,1.,0.));
#818 = DIRECTION('',(-1.,0.,1.110223024625E-16));
#819 = DEFINITIONAL_REPRESENTATION('',(#820),#824);
#820 = LINE('',#821,#822);
#821 = CARTESIAN_POINT('',(0.,7.7));
#822 = VECTOR('',#823,1.);
#823 = DIRECTION('',(1.,0.));
#824 = ( GEOMETRIC_REPRESENTATION_CONTEXT(2) 
PARAMETRIC_REPRESENTATION_CONTEXT() REPRESENTATION_CONTEXT('2D SPACE',''
  ) );
#825 = ADVANCED_FACE('',(#826,#829),#524,.F.);
#826 = FACE_BOUND('',#827,.F.);
#827 = EDGE_LOOP('',(#828));
#828 = ORIENTED_EDGE('',*,*,#509,.T.);
#829 = FACE_BOUND('',#830,.F.);
#830 = EDGE_LOOP('',(#831));
#831 = ORIENTED_EDGE('',*,*,#832,.F.);
#832 = EDGE_CURVE('',#833,#833,#835,.T.);
#833 = VERTEX_POINT('',#834);
#834 = CARTESIAN_POINT('',(-16.00000005,-4.34999995,18.));
#835 = SURFACE_CURVE('',#836,(#841,#848),.PCURVE_S1.);
#836 = CIRCLE('',#837,3.25);
#837 = AXIS2_PLACEMENT_3D('',#838,#839,#840);
#838 = CARTESIAN_POINT('',(-12.75000005,-4.34999995,18.));
#839 = DIRECTION('',(0.,1.,-0.));
#840 = DIRECTION('',(-1.,0.,1.110223024625E-16));
#841 = PCURVE('',#524,#842);
#842 = DEFINITIONAL_REPRESENTATION('',(#843),#847);
#843 = CIRCLE('',#844,3.25);
#844 = AXIS2_PLACEMENT_2D('',#845,#846);
#845 = CARTESIAN_POINT('',(0.,0.));
#846 = DIRECTION('',(1.,0.));
#847 = ( GEOMETRIC_REPRESENTATION_CONTEXT(2) 
PARAMETRIC_REPRESENTATION_CONTEXT() REPRESENTATION_CONTEXT('2D SPACE',''
  ) );
#848 = PCURVE('',#814,#849);
#849 = DEFINITIONAL_REPRESENTATION('',(#850),#854);
#850 = LINE('',#851,#852);
#851 = CARTESIAN_POINT('',(0.,0.3));
#852 = VECTOR('',#853,1.);
#853 = DIRECTION('',(1.,0.));
#854 = ( GEOMETRIC_REPRESENTATION_CONTEXT(2) 
PARAMETRIC_REPRESENTATION_CONTEXT() REPRESENTATION_CONTEXT('2D SPACE',''
  ) );
#855 = ADVANCED_FACE('',(#856),#557,.F.);
#856 = FACE_BOUND('',#857,.F.);
#857 = EDGE_LOOP('',(#858,#881,#910,#934,#955));
#858 = ORIENTED_EDGE('',*,*,#859,.F.);
#859 = EDGE_CURVE('',#860,#540,#862,.T.);
#860 = VERTEX_POINT('',#861);
#861 = CARTESIAN_POINT('',(6.13238331723,-4.14999995,15.));
#862 = SURFACE_CURVE('',#863,(#867,#874),.PCURVE_S1.);
#863 = LINE('',#864,#865);
#864 = CARTESIAN_POINT('',(11.24999995,-4.14999995,15.));
#865 = VECTOR('',#866,1.);
#866 = DIRECTION('',(-1.,0.,1.110223024625E-16));
#867 = PCURVE('',#557,#868);
#868 = DEFINITIONAL_REPRESENTATION('',(#869),#873);
#869 = LINE('',#870,#871);
#870 = CARTESIAN_POINT('',(0.,0.));
#871 = VECTOR('',#872,1.);
#872 = DIRECTION('',(1.,0.));
#873 = ( GEOMETRIC_REPRESENTATION_CONTEXT(2) 
PARAMETRIC_REPRESENTATION_CONTEXT() REPRESENTATION_CONTEXT('2D SPACE',''
  ) );
#874 = PCURVE('',#586,#875);
#875 = DEFINITIONAL_REPRESENTATION('',(#876),#880);
#876 = LINE('',#877,#878);
#877 = CARTESIAN_POINT('',(0.,0.));
#878 = VECTOR('',#879,1.);
#879 = DIRECTION('',(1.,0.));
#880 = ( GEOMETRIC_REPRESENTATION_CONTEXT(2) 
PARAMETRIC_REPRESENTATION_CONTEXT() REPRESENTATION_CONTEXT('2D SPACE',''
  ) );
#881 = ORIENTED_EDGE('',*,*,#882,.F.);
#882 = EDGE_CURVE('',#883,#860,#885,.T.);
#883 = VERTEX_POINT('',#884);
#884 = CARTESIAN_POINT('',(5.04999995,-0.64999995,15.));
#885 = SURFACE_CURVE('',#886,(#891,#898),.PCURVE_S1.);
#886 = CIRCLE('',#887,6.2);
#887 = AXIS2_PLACEMENT_3D('',#888,#889,#890);
#888 = CARTESIAN_POINT('',(11.24999995,-0.64999995,15.));
#889 = DIRECTION('',(1.110223024625E-16,0.,1.));
#890 = DIRECTION('',(-1.,0.,1.110223024625E-16));
#891 = PCURVE('',#557,#892);
#892 = DEFINITIONAL_REPRESENTATION('',(#893),#897);
#893 = CIRCLE('',#894,6.2);
#894 = AXIS2_PLACEMENT_2D('',#895,#896);
#895 = CARTESIAN_POINT('',(0.,-3.5));
#896 = DIRECTION('',(1.,0.));
#897 = ( GEOMETRIC_REPRESENTATION_CONTEXT(2) 
PARAMETRIC_REPRESENTATION_CONTEXT() REPRESENTATION_CONTEXT('2D SPACE',''
  ) );
#898 = PCURVE('',#899,#904);
#899 = CYLINDRICAL_SURFACE('',#900,6.2);
#900 = AXIS2_PLACEMENT_3D('',#901,#902,#903);
#901 = CARTESIAN_POINT('',(11.24999995,-0.64999995,13.));
#902 = DIRECTION('',(1.110223024625E-16,0.,1.));
#903 = DIRECTION('',(-1.,0.,1.110223024625E-16));
#904 = DEFINITIONAL_REPRESENTATION('',(#905),#909);
#905 = LINE('',#906,#907);
#906 = CARTESIAN_POINT('',(0.,2.));
#907 = VECTOR('',#908,1.);
#908 = DIRECTION('',(1.,0.));
#909 = ( GEOMETRIC_REPRESENTATION_CONTEXT(2) 
PARAMETRIC_REPRESENTATION_CONTEXT() REPRESENTATION_CONTEXT('2D SPACE',''
  ) );
#910 = ORIENTED_EDGE('',*,*,#911,.F.);
#911 = EDGE_CURVE('',#912,#883,#914,.T.);
#912 = VERTEX_POINT('',#913);
#913 = CARTESIAN_POINT('',(6.13238331723,2.85000005,15.));
#914 = SURFACE_CURVE('',#915,(#920,#927),.PCURVE_S1.);
#915 = CIRCLE('',#916,6.2);
#916 = AXIS2_PLACEMENT_3D('',#917,#918,#919);
#917 = CARTESIAN_POINT('',(11.24999995,-0.64999995,15.));
#918 = DIRECTION('',(1.110223024625E-16,0.,1.));
#919 = DIRECTION('',(-1.,0.,1.110223024625E-16));
#920 = PCURVE('',#557,#921);
#921 = DEFINITIONAL_REPRESENTATION('',(#922),#926);
#922 = CIRCLE('',#923,6.2);
#923 = AXIS2_PLACEMENT_2D('',#924,#925);
#924 = CARTESIAN_POINT('',(0.,-3.5));
#925 = DIRECTION('',(1.,0.));
#926 = ( GEOMETRIC_REPRESENTATION_CONTEXT(2) 
PARAMETRIC_REPRESENTATION_CONTEXT() REPRESENTATION_CONTEXT('2D SPACE',''
  ) );
#927 = PCURVE('',#899,#928);
#928 = DEFINITIONAL_REPRESENTATION('',(#929),#933);
#929 = LINE('',#930,#931);
#930 = CARTESIAN_POINT('',(0.,2.));
#931 = VECTOR('',#932,1.);
#932 = DIRECTION('',(1.,0.));
#933 = ( GEOMETRIC_REPRESENTATION_CONTEXT(2) 
PARAMETRIC_REPRESENTATION_CONTEXT() REPRESENTATION_CONTEXT('2D SPACE',''
  ) );
#934 = ORIENTED_EDGE('',*,*,#935,.T.);
#935 = EDGE_CURVE('',#912,#542,#936,.T.);
#936 = SURFACE_CURVE('',#937,(#941,#948),.PCURVE_S1.);
#937 = LINE('',#938,#939);
#938 = CARTESIAN_POINT('',(11.24999995,2.85000005,15.));
#939 = VECTOR('',#940,1.);
#940 = DIRECTION('',(-1.,0.,1.110223024625E-16));
#941 = PCURVE('',#557,#942);
#942 = DEFINITIONAL_REPRESENTATION('',(#943),#947);
#943 = LINE('',#944,#945);
#944 = CARTESIAN_POINT('',(0.,-7.));
#945 = VECTOR('',#946,1.);
#946 = DIRECTION('',(1.,0.));
#947 = ( GEOMETRIC_REPRESENTATION_CONTEXT(2) 
PARAMETRIC_REPRESENTATION_CONTEXT() REPRESENTATION_CONTEXT('2D SPACE',''
  ) );
#948 = PCURVE('',#641,#949);
#949 = DEFINITIONAL_REPRESENTATION('',(#950),#954);
#950 = LINE('',#951,#952);
#951 = CARTESIAN_POINT('',(0.,0.));
#952 = VECTOR('',#953,1.);
#953 = DIRECTION('',(1.,0.));
#954 = ( GEOMETRIC_REPRESENTATION_CONTEXT(2) 
PARAMETRIC_REPRESENTATION_CONTEXT() REPRESENTATION_CONTEXT('2D SPACE',''
  ) );
#955 = ORIENTED_EDGE('',*,*,#539,.F.);
#956 = ADVANCED_FACE('',(#957),#641,.T.);
#957 = FACE_BOUND('',#958,.T.);
#958 = EDGE_LOOP('',(#959,#982,#1003,#1004));
#959 = ORIENTED_EDGE('',*,*,#960,.F.);
#960 = EDGE_CURVE('',#961,#599,#963,.T.);
#961 = VERTEX_POINT('',#962);
#962 = CARTESIAN_POINT('',(6.13238331723,2.85000005,21.));
#963 = SURFACE_CURVE('',#964,(#968,#975),.PCURVE_S1.);
#964 = LINE('',#965,#966);
#965 = CARTESIAN_POINT('',(11.24999995,2.85000005,21.));
#966 = VECTOR('',#967,1.);
#967 = DIRECTION('',(-1.,0.,1.110223024625E-16));
#968 = PCURVE('',#641,#969);
#969 = DEFINITIONAL_REPRESENTATION('',(#970),#974);
#970 = LINE('',#971,#972);
#971 = CARTESIAN_POINT('',(-1.110223024625E-15,6.));
#972 = VECTOR('',#973,1.);
#973 = DIRECTION('',(1.,0.));
#974 = ( GEOMETRIC_REPRESENTATION_CONTEXT(2) 
PARAMETRIC_REPRESENTATION_CONTEXT() REPRESENTATION_CONTEXT('2D SPACE',''
  ) );
#975 = PCURVE('',#614,#976);
#976 = DEFINITIONAL_REPRESENTATION('',(#977),#981);
#977 = LINE('',#978,#979);
#978 = CARTESIAN_POINT('',(0.,-7.));
#979 = VECTOR('',#980,1.);
#980 = DIRECTION('',(1.,0.));
#981 = ( GEOMETRIC_REPRESENTATION_CONTEXT(2) 
PARAMETRIC_REPRESENTATION_CONTEXT() REPRESENTATION_CONTEXT('2D SPACE',''
  ) );
#982 = ORIENTED_EDGE('',*,*,#983,.F.);
#983 = EDGE_CURVE('',#912,#961,#984,.T.);
#984 = SURFACE_CURVE('',#985,(#989,#996),.PCURVE_S1.);
#985 = LINE('',#986,#987);
#986 = CARTESIAN_POINT('',(6.13238331723,2.85000005,13.));
#987 = VECTOR('',#988,1.);
#988 = DIRECTION('',(1.110223024625E-16,0.,1.));
#989 = PCURVE('',#641,#990);
#990 = DEFINITIONAL_REPRESENTATION('',(#991),#995);
#991 = LINE('',#992,#993);
#992 = CARTESIAN_POINT('',(5.11761663277,-2.));
#993 = VECTOR('',#994,1.);
#994 = DIRECTION('',(0.,1.));
#995 = ( GEOMETRIC_REPRESENTATION_CONTEXT(2) 
PARAMETRIC_REPRESENTATION_CONTEXT() REPRESENTATION_CONTEXT('2D SPACE',''
  ) );
#996 = PCURVE('',#899,#997);
#997 = DEFINITIONAL_REPRESENTATION('',(#998),#1002);
#998 = LINE('',#999,#1000);
#999 = CARTESIAN_POINT('',(5.683338381572,0.));
#1000 = VECTOR('',#1001,1.);
#1001 = DIRECTION('',(0.,1.));
#1002 = ( GEOMETRIC_REPRESENTATION_CONTEXT(2) 
PARAMETRIC_REPRESENTATION_CONTEXT() REPRESENTATION_CONTEXT('2D SPACE',''
  ) );
#1003 = ORIENTED_EDGE('',*,*,#935,.T.);
#1004 = ORIENTED_EDGE('',*,*,#626,.F.);
#1005 = ADVANCED_FACE('',(#1006),#614,.T.);
#1006 = FACE_BOUND('',#1007,.T.);
#1007 = EDGE_LOOP('',(#1008,#1031,#1055,#1077,#1078));
#1008 = ORIENTED_EDGE('',*,*,#1009,.F.);
#1009 = EDGE_CURVE('',#1010,#570,#1012,.T.);
#1010 = VERTEX_POINT('',#1011);
#1011 = CARTESIAN_POINT('',(6.13238331723,-4.14999995,21.));
#1012 = SURFACE_CURVE('',#1013,(#1017,#1024),.PCURVE_S1.);
#1013 = LINE('',#1014,#1015);
#1014 = CARTESIAN_POINT('',(11.24999995,-4.14999995,21.));
#1015 = VECTOR('',#1016,1.);
#1016 = DIRECTION('',(-1.,0.,1.110223024625E-16));
#1017 = PCURVE('',#614,#1018);
#1018 = DEFINITIONAL_REPRESENTATION('',(#1019),#1023);
#1019 = LINE('',#1020,#1021);
#1020 = CARTESIAN_POINT('',(0.,0.));
#1021 = VECTOR('',#1022,1.);
#1022 = DIRECTION('',(1.,0.));
#1023 = ( GEOMETRIC_REPRESENTATION_CONTEXT(2) 
PARAMETRIC_REPRESENTATION_CONTEXT() REPRESENTATION_CONTEXT('2D SPACE',''
  ) );
#1024 = PCURVE('',#586,#1025);
#1025 = DEFINITIONAL_REPRESENTATION('',(#1026),#1030);
#1026 = LINE('',#1027,#1028);
#1027 = CARTESIAN_POINT('',(-1.110223024625E-15,6.));
#1028 = VECTOR('',#1029,1.);
#1029 = DIRECTION('',(1.,0.));
#1030 = ( GEOMETRIC_REPRESENTATION_CONTEXT(2) 
PARAMETRIC_REPRESENTATION_CONTEXT() REPRESENTATION_CONTEXT('2D SPACE',''
  ) );
#1031 = ORIENTED_EDGE('',*,*,#1032,.F.);
#1032 = EDGE_CURVE('',#1033,#1010,#1035,.T.);
#1033 = VERTEX_POINT('',#1034);
#1034 = CARTESIAN_POINT('',(5.04999995,-0.64999995,21.));
#1035 = SURFACE_CURVE('',#1036,(#1041,#1048),.PCURVE_S1.);
#1036 = CIRCLE('',#1037,6.2);
#1037 = AXIS2_PLACEMENT_3D('',#1038,#1039,#1040);
#1038 = CARTESIAN_POINT('',(11.24999995,-0.64999995,21.));
#1039 = DIRECTION('',(1.110223024625E-16,0.,1.));
#1040 = DIRECTION('',(-1.,0.,1.110223024625E-16));
#1041 = PCURVE('',#614,#1042);
#1042 = DEFINITIONAL_REPRESENTATION('',(#1043),#1047);
#1043 = CIRCLE('',#1044,6.2);
#1044 = AXIS2_PLACEMENT_2D('',#1045,#1046);
#1045 = CARTESIAN_POINT('',(0.,-3.5));
#1046 = DIRECTION('',(1.,0.));
#1047 = ( GEOMETRIC_REPRESENTATION_CONTEXT(2) 
PARAMETRIC_REPRESENTATION_CONTEXT() REPRESENTATION_CONTEXT('2D SPACE',''
  ) );
#1048 = PCURVE('',#899,#1049);
#1049 = DEFINITIONAL_REPRESENTATION('',(#1050),#1054);
#1050 = LINE('',#1051,#1052);
#1051 = CARTESIAN_POINT('',(0.,8.));
#1052 = VECTOR('',#1053,1.);
#1053 = DIRECTION('',(1.,0.));
#1054 = ( GEOMETRIC_REPRESENTATION_CONTEXT(2) 
PARAMETRIC_REPRESENTATION_CONTEXT() REPRESENTATION_CONTEXT('2D SPACE',''
  ) );
#1055 = ORIENTED_EDGE('',*,*,#1056,.F.);
#1056 = EDGE_CURVE('',#961,#1033,#1057,.T.);
#1057 = SURFACE_CURVE('',#1058,(#1063,#1070),.PCURVE_S1.);
#1058 = CIRCLE('',#1059,6.2);
#1059 = AXIS2_PLACEMENT_3D('',#1060,#1061,#1062);
#1060 = CARTESIAN_POINT('',(11.24999995,-0.64999995,21.));
#1061 = DIRECTION('',(1.110223024625E-16,0.,1.));
#1062 = DIRECTION('',(-1.,0.,1.110223024625E-16));
#1063 = PCURVE('',#614,#1064);
#1064 = DEFINITIONAL_REPRESENTATION('',(#1065),#1069);
#1065 = CIRCLE('',#1066,6.2);
#1066 = AXIS2_PLACEMENT_2D('',#1067,#1068);
#1067 = CARTESIAN_POINT('',(0.,-3.5));
#1068 = DIRECTION('',(1.,0.));
#1069 = ( GEOMETRIC_REPRESENTATION_CONTEXT(2) 
PARAMETRIC_REPRESENTATION_CONTEXT() REPRESENTATION_CONTEXT('2D SPACE',''
  ) );
#1070 = PCURVE('',#899,#1071);
#1071 = DEFINITIONAL_REPRESENTATION('',(#1072),#1076);
#1072 = LINE('',#1073,#1074);
#1073 = CARTESIAN_POINT('',(0.,8.));
#1074 = VECTOR('',#1075,1.);
#1075 = DIRECTION('',(1.,0.));
#1076 = ( GEOMETRIC_REPRESENTATION_CONTEXT(2) 
PARAMETRIC_REPRESENTATION_CONTEXT() REPRESENTATION_CONTEXT('2D SPACE',''
  ) );
#1077 = ORIENTED_EDGE('',*,*,#960,.T.);
#1078 = ORIENTED_EDGE('',*,*,#598,.F.);
#1079 = ADVANCED_FACE('',(#1080),#586,.F.);
#1080 = FACE_BOUND('',#1081,.F.);
#1081 = EDGE_LOOP('',(#1082,#1083,#1104,#1105));
#1082 = ORIENTED_EDGE('',*,*,#1009,.F.);
#1083 = ORIENTED_EDGE('',*,*,#1084,.F.);
#1084 = EDGE_CURVE('',#860,#1010,#1085,.T.);
#1085 = SURFACE_CURVE('',#1086,(#1090,#1097),.PCURVE_S1.);
#1086 = LINE('',#1087,#1088);
#1087 = CARTESIAN_POINT('',(6.13238331723,-4.14999995,13.));
#1088 = VECTOR('',#1089,1.);
#1089 = DIRECTION('',(1.110223024625E-16,0.,1.));
#1090 = PCURVE('',#586,#1091);
#1091 = DEFINITIONAL_REPRESENTATION('',(#1092),#1096);
#1092 = LINE('',#1093,#1094);
#1093 = CARTESIAN_POINT('',(5.11761663277,-2.));
#1094 = VECTOR('',#1095,1.);
#1095 = DIRECTION('',(0.,1.));
#1096 = ( GEOMETRIC_REPRESENTATION_CONTEXT(2) 
PARAMETRIC_REPRESENTATION_CONTEXT() REPRESENTATION_CONTEXT('2D SPACE',''
  ) );
#1097 = PCURVE('',#899,#1098);
#1098 = DEFINITIONAL_REPRESENTATION('',(#1099),#1103);
#1099 = LINE('',#1100,#1101);
#1100 = CARTESIAN_POINT('',(0.599846925607,0.));
#1101 = VECTOR('',#1102,1.);
#1102 = DIRECTION('',(0.,1.));
#1103 = ( GEOMETRIC_REPRESENTATION_CONTEXT(2) 
PARAMETRIC_REPRESENTATION_CONTEXT() REPRESENTATION_CONTEXT('2D SPACE',''
  ) );
#1104 = ORIENTED_EDGE('',*,*,#859,.T.);
#1105 = ORIENTED_EDGE('',*,*,#569,.F.);
#1106 = ADVANCED_FACE('',(#1107,#1138),#777,.F.);
#1107 = FACE_BOUND('',#1108,.F.);
#1108 = EDGE_LOOP('',(#1109));
#1109 = ORIENTED_EDGE('',*,*,#1110,.T.);
#1110 = EDGE_CURVE('',#1111,#1111,#1113,.T.);
#1111 = VERTEX_POINT('',#1112);
#1112 = CARTESIAN_POINT('',(-16.25000005,5.35000005,4.));
#1113 = SURFACE_CURVE('',#1114,(#1119,#1126),.PCURVE_S1.);
#1114 = CIRCLE('',#1115,3.5);
#1115 = AXIS2_PLACEMENT_3D('',#1116,#1117,#1118);
#1116 = CARTESIAN_POINT('',(-12.75000005,5.35000005,4.));
#1117 = DIRECTION('',(0.,1.,-0.));
#1118 = DIRECTION('',(-1.,0.,1.110223024625E-16));
#1119 = PCURVE('',#777,#1120);
#1120 = DEFINITIONAL_REPRESENTATION('',(#1121),#1125);
#1121 = CIRCLE('',#1122,3.5);
#1122 = AXIS2_PLACEMENT_2D('',#1123,#1124);
#1123 = CARTESIAN_POINT('',(0.,0.));
#1124 = DIRECTION('',(1.,0.));
#1125 = ( GEOMETRIC_REPRESENTATION_CONTEXT(2) 
PARAMETRIC_REPRESENTATION_CONTEXT() REPRESENTATION_CONTEXT('2D SPACE',''
  ) );
#1126 = PCURVE('',#1127,#1132);
#1127 = CYLINDRICAL_SURFACE('',#1128,3.5);
#1128 = AXIS2_PLACEMENT_3D('',#1129,#1130,#1131);
#1129 = CARTESIAN_POINT('',(-12.75000005,5.35000005,4.));
#1130 = DIRECTION('',(0.,1.,0.));
#1131 = DIRECTION('',(-1.,0.,1.110223024625E-16));
#1132 = DEFINITIONAL_REPRESENTATION('',(#1133),#1137);
#1133 = LINE('',#1134,#1135);
#1134 = CARTESIAN_POINT('',(0.,0.));
#1135 = VECTOR('',#1136,1.);
#1136 = DIRECTION('',(1.,0.));
#1137 = ( GEOMETRIC_REPRESENTATION_CONTEXT(2) 
PARAMETRIC_REPRESENTATION_CONTEXT() REPRESENTATION_CONTEXT('2D SPACE',''
  ) );
#1138 = FACE_BOUND('',#1139,.F.);
#1139 = EDGE_LOOP('',(#1140));
#1140 = ORIENTED_EDGE('',*,*,#762,.F.);
#1141 = ADVANCED_FACE('',(#1142),#814,.F.);
#1142 = FACE_BOUND('',#1143,.F.);
#1143 = EDGE_LOOP('',(#1144,#1145,#1166,#1167));
#1144 = ORIENTED_EDGE('',*,*,#797,.F.);
#1145 = ORIENTED_EDGE('',*,*,#1146,.F.);
#1146 = EDGE_CURVE('',#833,#798,#1147,.T.);
#1147 = SEAM_CURVE('',#1148,(#1152,#1159),.PCURVE_S1.);
#1148 = LINE('',#1149,#1150);
#1149 = CARTESIAN_POINT('',(-16.00000005,-4.64999995,18.));
#1150 = VECTOR('',#1151,1.);
#1151 = DIRECTION('',(0.,1.,0.));
#1152 = PCURVE('',#814,#1153);
#1153 = DEFINITIONAL_REPRESENTATION('',(#1154),#1158);
#1154 = LINE('',#1155,#1156);
#1155 = CARTESIAN_POINT('',(6.28318530718,-0.));
#1156 = VECTOR('',#1157,1.);
#1157 = DIRECTION('',(0.,1.));
#1158 = ( GEOMETRIC_REPRESENTATION_CONTEXT(2) 
PARAMETRIC_REPRESENTATION_CONTEXT() REPRESENTATION_CONTEXT('2D SPACE',''
  ) );
#1159 = PCURVE('',#814,#1160);
#1160 = DEFINITIONAL_REPRESENTATION('',(#1161),#1165);
#1161 = LINE('',#1162,#1163);
#1162 = CARTESIAN_POINT('',(0.,-0.));
#1163 = VECTOR('',#1164,1.);
#1164 = DIRECTION('',(0.,1.));
#1165 = ( GEOMETRIC_REPRESENTATION_CONTEXT(2) 
PARAMETRIC_REPRESENTATION_CONTEXT() REPRESENTATION_CONTEXT('2D SPACE',''
  ) );
#1166 = ORIENTED_EDGE('',*,*,#832,.T.);
#1167 = ORIENTED_EDGE('',*,*,#1146,.T.);
#1168 = ADVANCED_FACE('',(#1169),#899,.T.);
#1169 = FACE_BOUND('',#1170,.T.);
#1170 = EDGE_LOOP('',(#1171,#1194,#1221,#1222,#1223,#1224,#1225,#1248,
    #1275,#1276,#1277,#1278));
#1171 = ORIENTED_EDGE('',*,*,#1172,.T.);
#1172 = EDGE_CURVE('',#1033,#1173,#1175,.T.);
#1173 = VERTEX_POINT('',#1174);
#1174 = CARTESIAN_POINT('',(5.04999995,-0.64999995,25.));
#1175 = SEAM_CURVE('',#1176,(#1180,#1187),.PCURVE_S1.);
#1176 = LINE('',#1177,#1178);
#1177 = CARTESIAN_POINT('',(5.04999995,-0.64999995,13.));
#1178 = VECTOR('',#1179,1.);
#1179 = DIRECTION('',(1.110223024625E-16,0.,1.));
#1180 = PCURVE('',#899,#1181);
#1181 = DEFINITIONAL_REPRESENTATION('',(#1182),#1186);
#1182 = LINE('',#1183,#1184);
#1183 = CARTESIAN_POINT('',(6.28318530718,-0.));
#1184 = VECTOR('',#1185,1.);
#1185 = DIRECTION('',(0.,1.));
#1186 = ( GEOMETRIC_REPRESENTATION_CONTEXT(2) 
PARAMETRIC_REPRESENTATION_CONTEXT() REPRESENTATION_CONTEXT('2D SPACE',''
  ) );
#1187 = PCURVE('',#899,#1188);
#1188 = DEFINITIONAL_REPRESENTATION('',(#1189),#1193);
#1189 = LINE('',#1190,#1191);
#1190 = CARTESIAN_POINT('',(0.,-0.));
#1191 = VECTOR('',#1192,1.);
#1192 = DIRECTION('',(0.,1.));
#1193 = ( GEOMETRIC_REPRESENTATION_CONTEXT(2) 
PARAMETRIC_REPRESENTATION_CONTEXT() REPRESENTATION_CONTEXT('2D SPACE',''
  ) );
#1194 = ORIENTED_EDGE('',*,*,#1195,.F.);
#1195 = EDGE_CURVE('',#1173,#1173,#1196,.T.);
#1196 = SURFACE_CURVE('',#1197,(#1202,#1209),.PCURVE_S1.);
#1197 = CIRCLE('',#1198,6.2);
#1198 = AXIS2_PLACEMENT_3D('',#1199,#1200,#1201);
#1199 = CARTESIAN_POINT('',(11.24999995,-0.64999995,25.));
#1200 = DIRECTION('',(1.110223024625E-16,0.,1.));
#1201 = DIRECTION('',(-1.,0.,1.110223024625E-16));
#1202 = PCURVE('',#899,#1203);
#1203 = DEFINITIONAL_REPRESENTATION('',(#1204),#1208);
#1204 = LINE('',#1205,#1206);
#1205 = CARTESIAN_POINT('',(0.,12.));
#1206 = VECTOR('',#1207,1.);
#1207 = DIRECTION('',(1.,0.));
#1208 = ( GEOMETRIC_REPRESENTATION_CONTEXT(2) 
PARAMETRIC_REPRESENTATION_CONTEXT() REPRESENTATION_CONTEXT('2D SPACE',''
  ) );
#1209 = PCURVE('',#1210,#1215);
#1210 = PLANE('',#1211);
#1211 = AXIS2_PLACEMENT_3D('',#1212,#1213,#1214);
#1212 = CARTESIAN_POINT('',(11.24999995,-0.64999995,25.));
#1213 = DIRECTION('',(1.110223024625E-16,0.,1.));
#1214 = DIRECTION('',(-1.,0.,1.110223024625E-16));
#1215 = DEFINITIONAL_REPRESENTATION('',(#1216),#1220);
#1216 = CIRCLE('',#1217,6.2);
#1217 = AXIS2_PLACEMENT_2D('',#1218,#1219);
#1218 = CARTESIAN_POINT('',(0.,0.));
#1219 = DIRECTION('',(1.,0.));
#1220 = ( GEOMETRIC_REPRESENTATION_CONTEXT(2) 
PARAMETRIC_REPRESENTATION_CONTEXT() REPRESENTATION_CONTEXT('2D SPACE',''
  ) );
#1221 = ORIENTED_EDGE('',*,*,#1172,.F.);
#1222 = ORIENTED_EDGE('',*,*,#1032,.T.);
#1223 = ORIENTED_EDGE('',*,*,#1084,.F.);
#1224 = ORIENTED_EDGE('',*,*,#882,.F.);
#1225 = ORIENTED_EDGE('',*,*,#1226,.F.);
#1226 = EDGE_CURVE('',#1227,#883,#1229,.T.);
#1227 = VERTEX_POINT('',#1228);
#1228 = CARTESIAN_POINT('',(5.04999995,-0.64999995,13.));
#1229 = SEAM_CURVE('',#1230,(#1234,#1241),.PCURVE_S1.);
#1230 = LINE('',#1231,#1232);
#1231 = CARTESIAN_POINT('',(5.04999995,-0.64999995,13.));
#1232 = VECTOR('',#1233,1.);
#1233 = DIRECTION('',(1.110223024625E-16,0.,1.));
#1234 = PCURVE('',#899,#1235);
#1235 = DEFINITIONAL_REPRESENTATION('',(#1236),#1240);
#1236 = LINE('',#1237,#1238);
#1237 = CARTESIAN_POINT('',(6.28318530718,-0.));
#1238 = VECTOR('',#1239,1.);
#1239 = DIRECTION('',(0.,1.));
#1240 = ( GEOMETRIC_REPRESENTATION_CONTEXT(2) 
PARAMETRIC_REPRESENTATION_CONTEXT() REPRESENTATION_CONTEXT('2D SPACE',''
  ) );
#1241 = PCURVE('',#899,#1242);
#1242 = DEFINITIONAL_REPRESENTATION('',(#1243),#1247);
#1243 = LINE('',#1244,#1245);
#1244 = CARTESIAN_POINT('',(0.,-0.));
#1245 = VECTOR('',#1246,1.);
#1246 = DIRECTION('',(0.,1.));
#1247 = ( GEOMETRIC_REPRESENTATION_CONTEXT(2) 
PARAMETRIC_REPRESENTATION_CONTEXT() REPRESENTATION_CONTEXT('2D SPACE',''
  ) );
#1248 = ORIENTED_EDGE('',*,*,#1249,.T.);
#1249 = EDGE_CURVE('',#1227,#1227,#1250,.T.);
#1250 = SURFACE_CURVE('',#1251,(#1256,#1263),.PCURVE_S1.);
#1251 = CIRCLE('',#1252,6.2);
#1252 = AXIS2_PLACEMENT_3D('',#1253,#1254,#1255);
#1253 = CARTESIAN_POINT('',(11.24999995,-0.64999995,13.));
#1254 = DIRECTION('',(1.110223024625E-16,0.,1.));
#1255 = DIRECTION('',(-1.,0.,1.110223024625E-16));
#1256 = PCURVE('',#899,#1257);
#1257 = DEFINITIONAL_REPRESENTATION('',(#1258),#1262);
#1258 = LINE('',#1259,#1260);
#1259 = CARTESIAN_POINT('',(0.,0.));
#1260 = VECTOR('',#1261,1.);
#1261 = DIRECTION('',(1.,0.));
#1262 = ( GEOMETRIC_REPRESENTATION_CONTEXT(2) 
PARAMETRIC_REPRESENTATION_CONTEXT() REPRESENTATION_CONTEXT('2D SPACE',''
  ) );
#1263 = PCURVE('',#1264,#1269);
#1264 = PLANE('',#1265);
#1265 = AXIS2_PLACEMENT_3D('',#1266,#1267,#1268);
#1266 = CARTESIAN_POINT('',(11.24999995,-0.64999995,13.));
#1267 = DIRECTION('',(1.110223024625E-16,0.,1.));
#1268 = DIRECTION('',(-1.,0.,1.110223024625E-16));
#1269 = DEFINITIONAL_REPRESENTATION('',(#1270),#1274);
#1270 = CIRCLE('',#1271,6.2);
#1271 = AXIS2_PLACEMENT_2D('',#1272,#1273);
#1272 = CARTESIAN_POINT('',(0.,0.));
#1273 = DIRECTION('',(1.,0.));
#1274 = ( GEOMETRIC_REPRESENTATION_CONTEXT(2) 
PARAMETRIC_REPRESENTATION_CONTEXT() REPRESENTATION_CONTEXT('2D SPACE',''
  ) );
#1275 = ORIENTED_EDGE('',*,*,#1226,.T.);
#1276 = ORIENTED_EDGE('',*,*,#911,.F.);
#1277 = ORIENTED_EDGE('',*,*,#983,.T.);
#1278 = ORIENTED_EDGE('',*,*,#1056,.T.);
#1279 = ADVANCED_FACE('',(#1280),#1127,.T.);
#1280 = FACE_BOUND('',#1281,.T.);
#1281 = EDGE_LOOP('',(#1282,#1311,#1332,#1333));
#1282 = ORIENTED_EDGE('',*,*,#1283,.F.);
#1283 = EDGE_CURVE('',#1284,#1284,#1286,.T.);
#1284 = VERTEX_POINT('',#1285);
#1285 = CARTESIAN_POINT('',(-16.25000005,6.85000005,4.));
#1286 = SURFACE_CURVE('',#1287,(#1292,#1299),.PCURVE_S1.);
#1287 = CIRCLE('',#1288,3.5);
#1288 = AXIS2_PLACEMENT_3D('',#1289,#1290,#1291);
#1289 = CARTESIAN_POINT('',(-12.75000005,6.85000005,4.));
#1290 = DIRECTION('',(0.,1.,-0.));
#1291 = DIRECTION('',(-1.,0.,1.110223024625E-16));
#1292 = PCURVE('',#1127,#1293);
#1293 = DEFINITIONAL_REPRESENTATION('',(#1294),#1298);
#1294 = LINE('',#1295,#1296);
#1295 = CARTESIAN_POINT('',(0.,1.5));
#1296 = VECTOR('',#1297,1.);
#1297 = DIRECTION('',(1.,0.));
#1298 = ( GEOMETRIC_REPRESENTATION_CONTEXT(2) 
PARAMETRIC_REPRESENTATION_CONTEXT() REPRESENTATION_CONTEXT('2D SPACE',''
  ) );
#1299 = PCURVE('',#1300,#1305);
#1300 = PLANE('',#1301);
#1301 = AXIS2_PLACEMENT_3D('',#1302,#1303,#1304);
#1302 = CARTESIAN_POINT('',(-12.75000005,6.85000005,4.));
#1303 = DIRECTION('',(0.,1.,0.));
#1304 = DIRECTION('',(-1.,0.,1.110223024625E-16));
#1305 = DEFINITIONAL_REPRESENTATION('',(#1306),#1310);
#1306 = CIRCLE('',#1307,3.5);
#1307 = AXIS2_PLACEMENT_2D('',#1308,#1309);
#1308 = CARTESIAN_POINT('',(0.,0.));
#1309 = DIRECTION('',(1.,0.));
#1310 = ( GEOMETRIC_REPRESENTATION_CONTEXT(2) 
PARAMETRIC_REPRESENTATION_CONTEXT() REPRESENTATION_CONTEXT('2D SPACE',''
  ) );
#1311 = ORIENTED_EDGE('',*,*,#1312,.F.);
#1312 = EDGE_CURVE('',#1111,#1284,#1313,.T.);
#1313 = SEAM_CURVE('',#1314,(#1318,#1325),.PCURVE_S1.);
#1314 = LINE('',#1315,#1316);
#1315 = CARTESIAN_POINT('',(-16.25000005,5.35000005,4.));
#1316 = VECTOR('',#1317,1.);
#1317 = DIRECTION('',(0.,1.,0.));
#1318 = PCURVE('',#1127,#1319);
#1319 = DEFINITIONAL_REPRESENTATION('',(#1320),#1324);
#1320 = LINE('',#1321,#1322);
#1321 = CARTESIAN_POINT('',(6.28318530718,-0.));
#1322 = VECTOR('',#1323,1.);
#1323 = DIRECTION('',(0.,1.));
#1324 = ( GEOMETRIC_REPRESENTATION_CONTEXT(2) 
PARAMETRIC_REPRESENTATION_CONTEXT() REPRESENTATION_CONTEXT('2D SPACE',''
  ) );
#1325 = PCURVE('',#1127,#1326);
#1326 = DEFINITIONAL_REPRESENTATION('',(#1327),#1331);
#1327 = LINE('',#1328,#1329);
#1328 = CARTESIAN_POINT('',(0.,-0.));
#1329 = VECTOR('',#1330,1.);
#1330 = DIRECTION('',(0.,1.));
#1331 = ( GEOMETRIC_REPRESENTATION_CONTEXT(2) 
PARAMETRIC_REPRESENTATION_CONTEXT() REPRESENTATION_CONTEXT('2D SPACE',''
  ) );
#1332 = ORIENTED_EDGE('',*,*,#1110,.T.);
#1333 = ORIENTED_EDGE('',*,*,#1312,.T.);
#1334 = ADVANCED_FACE('',(#1335,#1338),#1264,.F.);
#1335 = FACE_BOUND('',#1336,.F.);
#1336 = EDGE_LOOP('',(#1337));
#1337 = ORIENTED_EDGE('',*,*,#1249,.T.);
#1338 = FACE_BOUND('',#1339,.F.);
#1339 = EDGE_LOOP('',(#1340,#1575,#1604,#1633,#1866));
#1340 = ORIENTED_EDGE('',*,*,#1341,.F.);
#1341 = EDGE_CURVE('',#1342,#1344,#1346,.T.);
#1342 = VERTEX_POINT('',#1343);
#1343 = CARTESIAN_POINT('',(14.681328648763,3.991556826946E-02,13.));
#1344 = VERTEX_POINT('',#1345);
#1345 = CARTESIAN_POINT('',(12.578781894424,3.439572965725,13.));
#1346 = SURFACE_CURVE('',#1347,(#1366,#1388),.PCURVE_S1.);
#1347 = B_SPLINE_CURVE_WITH_KNOTS('',5,(#1348,#1349,#1350,#1351,#1352,
    #1353,#1354,#1355,#1356,#1357,#1358,#1359,#1360,#1361,#1362,#1363,
    #1364,#1365),.UNSPECIFIED.,.F.,.F.,(6,4,4,4,6),(0.,0.215258067714,
    0.437938920033,0.712453863266,1.),.UNSPECIFIED.);
#1348 = CARTESIAN_POINT('',(14.681325790484,3.971811993736E-02,13.));
#1349 = CARTESIAN_POINT('',(14.683895983397,0.21865349996,13.));
#1350 = CARTESIAN_POINT('',(14.674792950204,0.398037788659,13.));
#1351 = CARTESIAN_POINT('',(14.654147013013,0.576833147562,13.));
#1352 = CARTESIAN_POINT('',(14.622215331123,0.754076966676,13.));
#1353 = CARTESIAN_POINT('',(14.535007218287,1.109713164853,13.));
#1354 = CARTESIAN_POINT('',(14.478963113317,1.287937005182,13.));
#1355 = CARTESIAN_POINT('',(14.411608486763,1.462571222639,13.));
#1356 = CARTESIAN_POINT('',(14.333437675099,1.632737050363,13.));
#1357 = CARTESIAN_POINT('',(14.136020479609,2.000950627675,13.));
#1358 = CARTESIAN_POINT('',(14.011446102401,2.196272286936,13.));
#1359 = CARTESIAN_POINT('',(13.872363908311,2.382147283525,13.));
#1360 = CARTESIAN_POINT('',(13.719991887359,2.557359653792,13.));
#1361 = CARTESIAN_POINT('',(13.383487764004,2.892226108383,13.));
#1362 = CARTESIAN_POINT('',(13.198186466054,3.050751661269,13.));
#1363 = CARTESIAN_POINT('',(13.001241896774,3.195344309788,13.));
#1364 = CARTESIAN_POINT('',(12.794235629934,3.325153168608,13.));
#1365 = CARTESIAN_POINT('',(12.578781894424,3.439572965725,13.));
#1366 = PCURVE('',#1264,#1367);
#1367 = DEFINITIONAL_REPRESENTATION('',(#1368),#1387);
#1368 = B_SPLINE_CURVE_WITH_KNOTS('',5,(#1369,#1370,#1371,#1372,#1373,
    #1374,#1375,#1376,#1377,#1378,#1379,#1380,#1381,#1382,#1383,#1384,
    #1385,#1386),.UNSPECIFIED.,.F.,.F.,(6,4,4,4,6),(0.,0.215258067714,
    0.437938920033,0.712453863266,1.),.UNSPECIFIED.);
#1369 = CARTESIAN_POINT('',(-3.431325840484,-0.689718069937));
#1370 = CARTESIAN_POINT('',(-3.433896033397,-0.86865344996));
#1371 = CARTESIAN_POINT('',(-3.424793000204,-1.048037738659));
#1372 = CARTESIAN_POINT('',(-3.404147063013,-1.226833097562));
#1373 = CARTESIAN_POINT('',(-3.372215381123,-1.404076916676));
#1374 = CARTESIAN_POINT('',(-3.285007268287,-1.759713114853));
#1375 = CARTESIAN_POINT('',(-3.228963163317,-1.937936955182));
#1376 = CARTESIAN_POINT('',(-3.161608536763,-2.112571172639));
#1377 = CARTESIAN_POINT('',(-3.083437725099,-2.282737000363));
#1378 = CARTESIAN_POINT('',(-2.886020529609,-2.650950577675));
#1379 = CARTESIAN_POINT('',(-2.761446152401,-2.846272236936));
#1380 = CARTESIAN_POINT('',(-2.622363958311,-3.032147233525));
#1381 = CARTESIAN_POINT('',(-2.469991937359,-3.207359603792));
#1382 = CARTESIAN_POINT('',(-2.133487814004,-3.542226058383));
#1383 = CARTESIAN_POINT('',(-1.948186516054,-3.700751611269));
#1384 = CARTESIAN_POINT('',(-1.751241946774,-3.845344259788));
#1385 = CARTESIAN_POINT('',(-1.544235679934,-3.975153118608));
#1386 = CARTESIAN_POINT('',(-1.328781944424,-4.089572915725));
#1387 = ( GEOMETRIC_REPRESENTATION_CONTEXT(2) 
PARAMETRIC_REPRESENTATION_CONTEXT() REPRESENTATION_CONTEXT('2D SPACE',''
  ) );
#1388 = PCURVE('',#1389,#1554);
#1389 = B_SPLINE_SURFACE_WITH_KNOTS('',1,11,(
    (#1390,#1391,#1392,#1393,#1394,#1395,#1396,#1397,#1398,#1399,#1400
      ,#1401,#1402,#1403,#1404,#1405,#1406,#1407,#1408,#1409,#1410,#1411
      ,#1412,#1413,#1414,#1415,#1416,#1417,#1418,#1419,#1420,#1421,#1422
      ,#1423,#1424,#1425,#1426,#1427,#1428,#1429,#1430,#1431,#1432,#1433
      ,#1434,#1435,#1436,#1437,#1438,#1439,#1440,#1441,#1442,#1443,#1444
      ,#1445,#1446,#1447,#1448,#1449,#1450,#1451,#1452,#1453,#1454,#1455
      ,#1456,#1457,#1458,#1459,#1460,#1461,#1462,#1463,#1464,#1465,#1466
      ,#1467,#1468,#1469,#1470,#1471)
    ,(#1472,#1473,#1474,#1475,#1476,#1477,#1478,#1479,#1480,#1481,#1482
      ,#1483,#1484,#1485,#1486,#1487,#1488,#1489,#1490,#1491,#1492,#1493
      ,#1494,#1495,#1496,#1497,#1498,#1499,#1500,#1501,#1502,#1503,#1504
      ,#1505,#1506,#1507,#1508,#1509,#1510,#1511,#1512,#1513,#1514,#1515
      ,#1516,#1517,#1518,#1519,#1520,#1521,#1522,#1523,#1524,#1525,#1526
      ,#1527,#1528,#1529,#1530,#1531,#1532,#1533,#1534,#1535,#1536,#1537
      ,#1538,#1539,#1540,#1541,#1542,#1543,#1544,#1545,#1546,#1547,#1548
      ,#1549,#1550,#1551,#1552,#1553
    )),.UNSPECIFIED.,.F.,.F.,.F.,(2,2),(12,10,10,10,10,10,10,10,12),(0.,
    1.030776406404),(0.,7.41804369632,14.83608739264,22.25413108896,
    29.672174785281,37.090218481601,44.508262177921,51.926305874241,
    59.344349570561),.UNSPECIFIED.);
#1390 = CARTESIAN_POINT('',(15.54999995,-0.64999995,8.6));
#1391 = CARTESIAN_POINT('',(15.549998214746,2.113183864624,
    8.804550988581));
#1392 = CARTESIAN_POINT('',(13.598121259042,4.876554360867,
    9.009068810259));
#1393 = CARTESIAN_POINT('',(9.681794954515,6.104305031701,9.213695683754
    ));
#1394 = CARTESIAN_POINT('',(5.21707102466,4.268871321905,9.418074894949)
  );
#1395 = CARTESIAN_POINT('',(2.721023713799,-0.802613054791,
    9.622870672432));
#1396 = CARTESIAN_POINT('',(5.111277077507,-6.572940166787,
    9.827130449368));
#1397 = CARTESIAN_POINT('',(10.462181444953,-8.394130894813,
    10.031924841653));
#1398 = CARTESIAN_POINT('',(14.917156482567,-6.534879613204,
    10.236306276174));
#1399 = CARTESIAN_POINT('',(16.818226029234,-2.897500944145,
    10.440930852694));
#1400 = CARTESIAN_POINT('',(16.244426095419,0.436693988181,
    10.645450465656));
#1401 = CARTESIAN_POINT('',(12.33669199653,4.344424213552,
    11.054550258112));
#1402 = CARTESIAN_POINT('',(9.002508214312,4.91823622634,11.259069994335
    ));
#1403 = CARTESIAN_POINT('',(5.365096983944,3.017126990192,
    11.463694105525));
#1404 = CARTESIAN_POINT('',(3.505907459276,-1.437758194415,
    11.668076643732));
#1405 = CARTESIAN_POINT('',(5.32701705967,-6.788810161699,
    11.872869058229));
#1406 = CARTESIAN_POINT('',(11.097418355807,-9.178884081622,
    12.07713168243));
#1407 = CARTESIAN_POINT('',(16.168855781746,-6.682999033747,
    12.281924076068));
#1408 = CARTESIAN_POINT('',(18.00430945336,-2.21816712561,
    12.486306647751));
#1409 = CARTESIAN_POINT('',(16.776553585873,1.698107314509,
    12.690930724361));
#1410 = CARTESIAN_POINT('',(14.01318388898,3.650001291775,
    12.895450487548));
#1411 = CARTESIAN_POINT('',(8.486816072912,3.649998562621,
    13.304550247119));
#1412 = CARTESIAN_POINT('',(5.723445740388,1.698120957244,
    13.509070012147));
#1413 = CARTESIAN_POINT('',(4.495694833332,-2.21820440994,
    13.713694081788));
#1414 = CARTESIAN_POINT('',(6.331128827658,-6.682929468758,
    13.918076670034));
#1415 = CARTESIAN_POINT('',(11.402612916723,-9.178975638449,
    14.122869033949));
#1416 = CARTESIAN_POINT('',(17.172940272266,-6.788723240915,
    14.327131700979));
#1417 = CARTESIAN_POINT('',(18.994130829319,-1.437818195254,
    14.531924064551));
#1418 = CARTESIAN_POINT('',(17.134879644992,3.017156456476,
    14.73630665334));
#1419 = CARTESIAN_POINT('',(13.497500933167,4.918226172784,
    14.940930722431));
#1420 = CARTESIAN_POINT('',(10.163306013691,4.34442618799,
    15.145450487877));
#1421 = CARTESIAN_POINT('',(6.255575785508,0.436692100261,
    15.554550246953));
#1422 = CARTESIAN_POINT('',(5.681763775182,-2.897491691733,
    15.759070012412));
#1423 = CARTESIAN_POINT('',(7.582873007782,-6.534902908006,
    15.963694081442));
#1424 = CARTESIAN_POINT('',(12.037758196655,-8.394092449637,
    16.168076670407));
#1425 = CARTESIAN_POINT('',(17.388810159641,-6.57298283211,
    16.372869033616));
#1426 = CARTESIAN_POINT('',(19.778884083184,-0.802581550472,
    16.577131701227));
#1427 = CARTESIAN_POINT('',(17.282999032784,4.268855885647,
    16.781924064398));
#1428 = CARTESIAN_POINT('',(12.818167126076,6.104309551464,
    16.986306653417));
#1429 = CARTESIAN_POINT('',(8.901892685328,4.876553686529,17.1909307224)
  );
#1430 = CARTESIAN_POINT('',(6.949998708255,2.113183988868,
    17.395450487888));
#1431 = CARTESIAN_POINT('',(6.950001437359,-3.413183827032,
    17.804550246934));
#1432 = CARTESIAN_POINT('',(8.901879042807,-6.176554159709,
    18.009070012486));
#1433 = CARTESIAN_POINT('',(12.818204409853,-7.404305066527,
    18.213694081291));
#1434 = CARTESIAN_POINT('',(17.282929468866,-5.568871072503,
    18.418076670627));
#1435 = CARTESIAN_POINT('',(19.778975638355,-0.497386983141,
    18.622869033363));
#1436 = CARTESIAN_POINT('',(17.38872324097,5.272940372191,18.82713170146
    ));
#1437 = CARTESIAN_POINT('',(12.037818195234,7.094130929335,
    19.031924064222));
#1438 = CARTESIAN_POINT('',(7.58284354353,5.234879745004,19.236306653522
    ));
#1439 = CARTESIAN_POINT('',(5.681773827213,1.597501033155,
    19.440930722356));
#1440 = CARTESIAN_POINT('',(6.255573812013,-1.736693886305,
    19.645450487895));
#1441 = CARTESIAN_POINT('',(10.163307899734,-5.644424114496,
    20.054550246942));
#1442 = CARTESIAN_POINT('',(13.497491691756,-6.218236124805,
    20.259070012427));
#1443 = CARTESIAN_POINT('',(17.134902907947,-4.317126892244,
    20.46369408145));
#1444 = CARTESIAN_POINT('',(18.994092449736,0.137758296698,
    20.66807667033));
#1445 = CARTESIAN_POINT('',(17.172982831985,5.48881025958,
    20.872869033796));
#1446 = CARTESIAN_POINT('',(11.402581550599,7.878884183255,
    21.077131700943));
#1447 = CARTESIAN_POINT('',(6.331144114238,5.382999132717,
    21.281924064741));
#1448 = CARTESIAN_POINT('',(4.495690448633,0.918167226127,
    21.486306653083));
#1449 = CARTESIAN_POINT('',(5.723446313397,-2.998107214702,
    21.690930722667));
#1450 = CARTESIAN_POINT('',(8.48681601118,-4.950001191731,
    21.895450487713));
#1451 = CARTESIAN_POINT('',(14.013183826936,-4.949998462664,
    22.304550247295));
#1452 = CARTESIAN_POINT('',(16.776554160269,-2.998120857046,
    22.509070010409));
#1453 = CARTESIAN_POINT('',(18.004305064903,0.918204509394,
    22.713694087219));
#1454 = CARTESIAN_POINT('',(16.168871075876,5.382929569879,
    22.918076658549));
#1455 = CARTESIAN_POINT('',(11.097386977652,7.878975736632,
    23.122869052654));
#1456 = CARTESIAN_POINT('',(5.327059635052,5.488723343309,
    23.327131676364));
#1457 = CARTESIAN_POINT('',(3.505869062792,0.137818292648,
    23.531924091283));
#1458 = CARTESIAN_POINT('',(5.365120262094,-4.317156354119,
    23.736306629192));
#1459 = CARTESIAN_POINT('',(9.002498961541,-6.218226074553,
    23.940930740549));
#1460 = CARTESIAN_POINT('',(12.336693889561,-5.644426086898,
    24.145450476707));
#1461 = CARTESIAN_POINT('',(16.244424108028,-1.736692002435,
    24.554550269178));
#1462 = CARTESIAN_POINT('',(16.818236162695,1.597491804475,
    24.75906988214));
#1463 = CARTESIAN_POINT('',(14.91712678255,5.234902971119,
    24.963694458647));
#1464 = CARTESIAN_POINT('',(10.462241929304,7.094092625623,
    25.168075893198));
#1465 = CARTESIAN_POINT('',(5.111189376419,5.272982809746,25.37287028543
    ));
#1466 = CARTESIAN_POINT('',(2.721116293262,-0.497418189359,
    25.577130062449));
#1467 = CARTESIAN_POINT('',(5.217000351033,-5.568855959164,
    25.781925839825));
#1468 = CARTESIAN_POINT('',(9.681833239778,-7.404309294865,
    25.986305051127));
#1469 = CARTESIAN_POINT('',(13.598106865152,-6.176553704025,
    26.190931924542));
#1470 = CARTESIAN_POINT('',(15.550001407372,-3.41318381638,
    26.395449746265));
#1471 = CARTESIAN_POINT('',(15.549999720366,-0.65000001683,
    26.600000734827));
#1472 = CARTESIAN_POINT('',(14.59999995,-0.64999995,9.));
#1473 = CARTESIAN_POINT('',(14.599995445727,1.502702904607,
    9.204544416914));
#1474 = CARTESIAN_POINT('',(13.079356377955,3.655628961283,
    9.409095052621));
#1475 = CARTESIAN_POINT('',(10.028260399156,4.611901744622,
    9.613625241112));
#1476 = CARTESIAN_POINT('',(6.549894854626,3.182480017233,9.818201866304
    ));
#1477 = CARTESIAN_POINT('',(4.605412048208,-0.769358306834,
    10.022700385245));
#1478 = CARTESIAN_POINT('',(6.467395836507,-5.263922686688,
    10.227299404434));
#1479 = CARTESIAN_POINT('',(10.636339078034,-6.683549561685,
    10.431798183047));
#1480 = CARTESIAN_POINT('',(14.106904042456,-5.234565056554,
    10.636374391432));
#1481 = CARTESIAN_POINT('',(15.588062884951,-2.401013513712,
    10.840905010562));
#1482 = CARTESIAN_POINT('',(15.14100077606,0.196619357077,
    11.045455310419));
#1483 = CARTESIAN_POINT('',(12.096614128731,3.240995774472,
    11.454544553877));
#1484 = CARTESIAN_POINT('',(9.499010182876,3.68808912753,11.659094830604
    ));
#1485 = CARTESIAN_POINT('',(6.665374194358,2.206826976428,
    11.863625537039));
#1486 = CARTESIAN_POINT('',(5.216550154244,-1.263504533937,
    12.068201538391));
#1487 = CARTESIAN_POINT('',(6.635966847092,-5.432831319573,
    12.272700687926));
#1488 = CARTESIAN_POINT('',(11.130723473473,-7.294348490944,
    12.477299173221));
#1489 = CARTESIAN_POINT('',(15.082440485071,-5.350287133296,
    12.681798326601));
#1490 = CARTESIAN_POINT('',(16.511913062292,-1.871640975259,
    12.886374321761));
#1491 = CARTESIAN_POINT('',(15.555627309462,1.17932027502,
    13.090905034623));
#1492 = CARTESIAN_POINT('',(13.40270275361,2.700003360657,
    13.295455306315));
#1493 = CARTESIAN_POINT('',(9.097297121009,2.699996145283,
    13.704544555936));
#1494 = CARTESIAN_POINT('',(6.944370997196,1.179355506095,
    13.909094827274));
#1495 = CARTESIAN_POINT('',(5.988098310711,-1.871738205482,
    14.113625541466));
#1496 = CARTESIAN_POINT('',(7.417519921469,-5.350106480717,
    14.318201533498));
#1497 = CARTESIAN_POINT('',(11.3693583634,-7.294586526908,
    14.522700692434));
#1498 = CARTESIAN_POINT('',(15.863922643487,-5.432605075553,
    14.72729916978));
#1499 = CARTESIAN_POINT('',(17.283549588507,-1.263660193593,
    14.931798328739));
#1500 = CARTESIAN_POINT('',(15.834565043533,2.206903837472,
    15.13637432072));
#1501 = CARTESIAN_POINT('',(13.001013518212,3.688063090286,
    15.340905034983));
#1502 = CARTESIAN_POINT('',(10.403380642153,3.241000858091,
    15.545455306253));
#1503 = CARTESIAN_POINT('',(7.359004225916,0.196614237756,
    15.954544555968));
#1504 = CARTESIAN_POINT('',(6.911910871833,-2.400989731742,
    16.159094827221));
#1505 = CARTESIAN_POINT('',(8.393173024429,-5.234625686173,
    16.363625541538));
#1506 = CARTESIAN_POINT('',(11.863504532975,-6.68344976731,
    16.568201533415));
#1507 = CARTESIAN_POINT('',(16.032831320474,-5.264033033025,
    16.772700692514));
#1508 = CARTESIAN_POINT('',(17.894348490242,-0.769276441711,
    16.977299169716));
#1509 = CARTESIAN_POINT('',(15.950287133738,3.182440594499,
    17.181798328782));
#1510 = CARTESIAN_POINT('',(12.471640975046,4.611913157714,
    17.386374320696));
#1511 = CARTESIAN_POINT('',(9.420679725047,3.655627411043,
    17.590905034995));
#1512 = CARTESIAN_POINT('',(7.899996639338,1.50270285334,17.795455306248
    ));
#1513 = CARTESIAN_POINT('',(7.900003854707,-2.802702778854,
    18.204544555976));
#1514 = CARTESIAN_POINT('',(9.420644493967,-4.955628903041,
    18.40909482718));
#1515 = CARTESIAN_POINT('',(12.47173820534,-5.911901588948,
    18.613625541642));
#1516 = CARTESIAN_POINT('',(15.950106480926,-4.482479978909,
    18.818201533236));
#1517 = CARTESIAN_POINT('',(17.894586526688,-0.530641536301,
    19.022700692742));
#1518 = CARTESIAN_POINT('',(16.032605075727,3.963922743346,
    19.227299169497));
#1519 = CARTESIAN_POINT('',(11.863660193484,5.383549688513,
    19.431798328939));
#1520 = CARTESIAN_POINT('',(8.393096162588,3.934565143575,
    19.636374320614));
#1521 = CARTESIAN_POINT('',(6.911936909684,1.101013618181,
    19.840905035024));
#1522 = CARTESIAN_POINT('',(7.358999141921,-1.496619257838,
    20.045455306244));
#1523 = CARTESIAN_POINT('',(10.40338576223,-4.540995674092,
    20.454544555975));
#1524 = CARTESIAN_POINT('',(13.000989731811,-4.988089028145,
    20.659094827195));
#1525 = CARTESIAN_POINT('',(15.834625686002,-3.506826875609,
    20.863625541594));
#1526 = CARTESIAN_POINT('',(17.283449767605,-3.649536697006E-02,
    21.068201533335));
#1527 = CARTESIAN_POINT('',(15.864033032639,4.132831420404,
    21.272700692592));
#1528 = CARTESIAN_POINT('',(11.369276442122,5.994348590319,
    21.477299169674));
#1529 = CARTESIAN_POINT('',(7.417559405123,4.050287233675,
    21.681798328775));
#1530 = CARTESIAN_POINT('',(5.988086842596,0.571641075081,
    21.886374320736));
#1531 = CARTESIAN_POINT('',(6.944372588732,-2.479320174959,
    22.090905034949));
#1532 = CARTESIAN_POINT('',(9.097297146797,-4.000003260669,
    22.295455306283));
#1533 = CARTESIAN_POINT('',(13.402702778583,-3.999996045269,
    22.704544555904));
#1534 = CARTESIAN_POINT('',(15.555628904615,-2.479355406146,
    22.909094827602));
#1535 = CARTESIAN_POINT('',(16.511901584376,0.57173830559,
    23.113625540434));
#1536 = CARTESIAN_POINT('',(15.082479988414,4.050106580554,
    23.318201535686));
#1537 = CARTESIAN_POINT('',(11.130641520845,5.994586627091,
    23.522700688871));
#1538 = CARTESIAN_POINT('',(6.636077277022,4.132605175395,
    23.727299174457));
#1539 = CARTESIAN_POINT('',(5.216450289376,-3.633970630002E-02,
    23.931798323679));
#1540 = CARTESIAN_POINT('',(6.665434876338,-3.506903737527,
    24.136374325273));
#1541 = CARTESIAN_POINT('',(9.498986366942,-4.988062990267,
    24.340905031579));
#1542 = CARTESIAN_POINT('',(12.096619266975,-4.54100075809,
    24.545455308347));
#1543 = CARTESIAN_POINT('',(15.140995655931,-1.49661413777,
    24.954544551802));
#1544 = CARTESIAN_POINT('',(15.588089134552,1.100989831839,
    25.159094851635));
#1545 = CARTESIAN_POINT('',(14.106826567545,3.934625785896,
    25.363625470846));
#1546 = CARTESIAN_POINT('',(10.636496001675,5.383449867852,
    25.568201679079));
#1547 = CARTESIAN_POINT('',(6.467167557342,3.964033132201,
    25.772700457879));
#1548 = CARTESIAN_POINT('',(4.605652747912,-0.530723457258,
    25.977299476911));
#1549 = CARTESIAN_POINT('',(6.549711316522,-4.482440495589,
    26.18179799594));
#1550 = CARTESIAN_POINT('',(10.028360233327,-5.911913056735,
    26.386374621103));
#1551 = CARTESIAN_POINT('',(13.079319193317,-4.955627311782,
    26.590904809598));
#1552 = CARTESIAN_POINT('',(14.600003866255,-2.802702752881,
    26.795455445304));
#1553 = CARTESIAN_POINT('',(14.599999352953,-0.64999993747,
    26.99999986222));
#1554 = DEFINITIONAL_REPRESENTATION('',(#1555),#1574);
#1555 = B_SPLINE_CURVE_WITH_KNOTS('',5,(#1556,#1557,#1558,#1559,#1560,
    #1561,#1562,#1563,#1564,#1565,#1566,#1567,#1568,#1569,#1570,#1571,
    #1572,#1573),.UNSPECIFIED.,.F.,.F.,(6,4,4,4,6),(0.,0.215258067714,
    0.437938920033,0.712453863266,1.),.UNSPECIFIED.);
#1556 = CARTESIAN_POINT('',(0.868066662547,13.395802188358));
#1557 = CARTESIAN_POINT('',(0.827070896555,13.448251645827));
#1558 = CARTESIAN_POINT('',(0.7865392112,13.500107362118));
#1559 = CARTESIAN_POINT('',(0.746452596061,13.551393655798));
#1560 = CARTESIAN_POINT('',(0.70679233628,13.602134467453));
#1561 = CARTESIAN_POINT('',(0.626940757259,13.704295503779));
#1562 = CARTESIAN_POINT('',(0.586777693353,13.755679578365));
#1563 = CARTESIAN_POINT('',(0.547036802228,13.806523521466));
#1564 = CARTESIAN_POINT('',(0.507700873944,13.856849354994));
#1565 = CARTESIAN_POINT('',(0.420745805241,13.968098453062));
#1566 = CARTESIAN_POINT('',(0.373328974567,14.028762886843));
#1567 = CARTESIAN_POINT('',(0.326479021859,14.08870208368));
#1568 = CARTESIAN_POINT('',(0.280168792682,14.147950812613));
#1569 = CARTESIAN_POINT('',(0.186413522018,14.267900269291));
#1570 = CARTESIAN_POINT('',(0.139017592,14.328538170975));
#1571 = CARTESIAN_POINT('',(9.216585035475E-02,14.388479933997));
#1572 = CARTESIAN_POINT('',(4.583284205476E-02,14.447758133954));
#1573 = CARTESIAN_POINT('',(0.,14.506396423573));
#1574 = ( GEOMETRIC_REPRESENTATION_CONTEXT(2) 
PARAMETRIC_REPRESENTATION_CONTEXT() REPRESENTATION_CONTEXT('2D SPACE',''
  ) );
#1575 = ORIENTED_EDGE('',*,*,#1576,.F.);
#1576 = EDGE_CURVE('',#1577,#1342,#1579,.T.);
#1577 = VERTEX_POINT('',#1578);
#1578 = CARTESIAN_POINT('',(14.74999995,-0.64999995,13.));
#1579 = SURFACE_CURVE('',#1580,(#1585,#1592),.PCURVE_S1.);
#1580 = CIRCLE('',#1581,3.5);
#1581 = AXIS2_PLACEMENT_3D('',#1582,#1583,#1584);
#1582 = CARTESIAN_POINT('',(11.24999995,-0.64999995,13.));
#1583 = DIRECTION('',(0.,0.,1.));
#1584 = DIRECTION('',(1.,0.,0.));
#1585 = PCURVE('',#1264,#1586);
#1586 = DEFINITIONAL_REPRESENTATION('',(#1587),#1591);
#1587 = CIRCLE('',#1588,3.5);
#1588 = AXIS2_PLACEMENT_2D('',#1589,#1590);
#1589 = CARTESIAN_POINT('',(0.,0.));
#1590 = DIRECTION('',(-1.,0.));
#1591 = ( GEOMETRIC_REPRESENTATION_CONTEXT(2) 
PARAMETRIC_REPRESENTATION_CONTEXT() REPRESENTATION_CONTEXT('2D SPACE',''
  ) );
#1592 = PCURVE('',#1593,#1598);
#1593 = CYLINDRICAL_SURFACE('',#1594,3.5);
#1594 = AXIS2_PLACEMENT_3D('',#1595,#1596,#1597);
#1595 = CARTESIAN_POINT('',(11.24999995,-0.64999995,7.35));
#1596 = DIRECTION('',(0.,0.,1.));
#1597 = DIRECTION('',(1.,0.,0.));
#1598 = DEFINITIONAL_REPRESENTATION('',(#1599),#1603);
#1599 = LINE('',#1600,#1601);
#1600 = CARTESIAN_POINT('',(0.,5.65));
#1601 = VECTOR('',#1602,1.);
#1602 = DIRECTION('',(1.,0.));
#1603 = ( GEOMETRIC_REPRESENTATION_CONTEXT(2) 
PARAMETRIC_REPRESENTATION_CONTEXT() REPRESENTATION_CONTEXT('2D SPACE',''
  ) );
#1604 = ORIENTED_EDGE('',*,*,#1605,.F.);
#1605 = EDGE_CURVE('',#1606,#1577,#1608,.T.);
#1606 = VERTEX_POINT('',#1607);
#1607 = CARTESIAN_POINT('',(8.67498590798,-3.020506784472,13.));
#1608 = SURFACE_CURVE('',#1609,(#1614,#1621),.PCURVE_S1.);
#1609 = CIRCLE('',#1610,3.5);
#1610 = AXIS2_PLACEMENT_3D('',#1611,#1612,#1613);
#1611 = CARTESIAN_POINT('',(11.24999995,-0.64999995,13.));
#1612 = DIRECTION('',(0.,0.,1.));
#1613 = DIRECTION('',(1.,0.,0.));
#1614 = PCURVE('',#1264,#1615);
#1615 = DEFINITIONAL_REPRESENTATION('',(#1616),#1620);
#1616 = CIRCLE('',#1617,3.5);
#1617 = AXIS2_PLACEMENT_2D('',#1618,#1619);
#1618 = CARTESIAN_POINT('',(0.,0.));
#1619 = DIRECTION('',(-1.,0.));
#1620 = ( GEOMETRIC_REPRESENTATION_CONTEXT(2) 
PARAMETRIC_REPRESENTATION_CONTEXT() REPRESENTATION_CONTEXT('2D SPACE',''
  ) );
#1621 = PCURVE('',#1622,#1627);
#1622 = CYLINDRICAL_SURFACE('',#1623,3.5);
#1623 = AXIS2_PLACEMENT_3D('',#1624,#1625,#1626);
#1624 = CARTESIAN_POINT('',(11.24999995,-0.64999995,7.35));
#1625 = DIRECTION('',(0.,0.,1.));
#1626 = DIRECTION('',(1.,0.,0.));
#1627 = DEFINITIONAL_REPRESENTATION('',(#1628),#1632);
#1628 = LINE('',#1629,#1630);
#1629 = CARTESIAN_POINT('',(0.,5.65));
#1630 = VECTOR('',#1631,1.);
#1631 = DIRECTION('',(1.,0.));
#1632 = ( GEOMETRIC_REPRESENTATION_CONTEXT(2) 
PARAMETRIC_REPRESENTATION_CONTEXT() REPRESENTATION_CONTEXT('2D SPACE',''
  ) );
#1633 = ORIENTED_EDGE('',*,*,#1634,.F.);
#1634 = EDGE_CURVE('',#1635,#1606,#1637,.T.);
#1635 = VERTEX_POINT('',#1636);
#1636 = CARTESIAN_POINT('',(7.160462245911,0.678771755879,13.));
#1637 = SURFACE_CURVE('',#1638,(#1657,#1679),.PCURVE_S1.);
#1638 = B_SPLINE_CURVE_WITH_KNOTS('',5,(#1639,#1640,#1641,#1642,#1643,
    #1644,#1645,#1646,#1647,#1648,#1649,#1650,#1651,#1652,#1653,#1654,
    #1655,#1656),.UNSPECIFIED.,.F.,.F.,(6,4,4,4,6),(0.,0.287539027346,
    0.561058235946,0.784735709427,1.),.UNSPECIFIED.);
#1639 = CARTESIAN_POINT('',(7.160462245911,0.678771755879,13.));
#1640 = CARTESIAN_POINT('',(7.126388468471,0.437218056167,13.));
#1641 = CARTESIAN_POINT('',(7.10972597052,0.193453545373,13.));
#1642 = CARTESIAN_POINT('',(7.110934803363,-5.086092447977E-02,13.));
#1643 = CARTESIAN_POINT('',(7.130258582162,-0.293946152555,13.));
#1644 = CARTESIAN_POINT('',(7.203233765264,-0.762178165141,13.));
#1645 = CARTESIAN_POINT('',(7.25516642541,-0.987627841207,13.));
#1646 = CARTESIAN_POINT('',(7.323419881557,-1.208631671692,13.));
#1647 = CARTESIAN_POINT('',(7.407729982868,-1.423507988762,13.));
#1648 = CARTESIAN_POINT('',(7.589169677723,-1.799862538166,13.));
#1649 = CARTESIAN_POINT('',(7.681164924667,-1.963938869903,13.));
#1650 = CARTESIAN_POINT('',(7.783226575714,-2.121844364864,13.));
#1651 = CARTESIAN_POINT('',(7.894928863126,-2.272650270656,13.));
#1652 = CARTESIAN_POINT('',(8.131927533788,-2.552882286524,13.));
#1653 = CARTESIAN_POINT('',(8.256556194008,-2.682901125692,13.));
#1654 = CARTESIAN_POINT('',(8.389073935608,-2.804701349088,13.));
#1655 = CARTESIAN_POINT('',(8.52885304969,-2.917509080476,13.));
#1656 = CARTESIAN_POINT('',(8.675130534116,-3.020608731215,13.));
#1657 = PCURVE('',#1264,#1658);
#1658 = DEFINITIONAL_REPRESENTATION('',(#1659),#1678);
#1659 = B_SPLINE_CURVE_WITH_KNOTS('',5,(#1660,#1661,#1662,#1663,#1664,
    #1665,#1666,#1667,#1668,#1669,#1670,#1671,#1672,#1673,#1674,#1675,
    #1676,#1677),.UNSPECIFIED.,.F.,.F.,(6,4,4,4,6),(0.,0.287539027346,
    0.561058235946,0.784735709427,1.),.UNSPECIFIED.);
#1660 = CARTESIAN_POINT('',(4.089537704089,-1.328771705879));
#1661 = CARTESIAN_POINT('',(4.123611481529,-1.087218006167));
#1662 = CARTESIAN_POINT('',(4.14027397948,-0.843453495373));
#1663 = CARTESIAN_POINT('',(4.139065146637,-0.59913902552));
#1664 = CARTESIAN_POINT('',(4.119741367838,-0.356053797445));
#1665 = CARTESIAN_POINT('',(4.046766184736,0.112178215141));
#1666 = CARTESIAN_POINT('',(3.99483352459,0.337627891207));
#1667 = CARTESIAN_POINT('',(3.926580068443,0.558631721692));
#1668 = CARTESIAN_POINT('',(3.842269967132,0.773508038762));
#1669 = CARTESIAN_POINT('',(3.660830272277,1.149862588166));
#1670 = CARTESIAN_POINT('',(3.568835025333,1.313938919903));
#1671 = CARTESIAN_POINT('',(3.466773374286,1.471844414864));
#1672 = CARTESIAN_POINT('',(3.355071086874,1.622650320656));
#1673 = CARTESIAN_POINT('',(3.118072416212,1.902882336524));
#1674 = CARTESIAN_POINT('',(2.993443755992,2.032901175692));
#1675 = CARTESIAN_POINT('',(2.860926014392,2.154701399088));
#1676 = CARTESIAN_POINT('',(2.72114690031,2.267509130476));
#1677 = CARTESIAN_POINT('',(2.574869415884,2.370608781215));
#1678 = ( GEOMETRIC_REPRESENTATION_CONTEXT(2) 
PARAMETRIC_REPRESENTATION_CONTEXT() REPRESENTATION_CONTEXT('2D SPACE',''
  ) );
#1679 = PCURVE('',#1680,#1845);
#1680 = B_SPLINE_SURFACE_WITH_KNOTS('',1,11,(
    (#1681,#1682,#1683,#1684,#1685,#1686,#1687,#1688,#1689,#1690,#1691
      ,#1692,#1693,#1694,#1695,#1696,#1697,#1698,#1699,#1700,#1701,#1702
      ,#1703,#1704,#1705,#1706,#1707,#1708,#1709,#1710,#1711,#1712,#1713
      ,#1714,#1715,#1716,#1717,#1718,#1719,#1720,#1721,#1722,#1723,#1724
      ,#1725,#1726,#1727,#1728,#1729,#1730,#1731,#1732,#1733,#1734,#1735
      ,#1736,#1737,#1738,#1739,#1740,#1741,#1742,#1743,#1744,#1745,#1746
      ,#1747,#1748,#1749,#1750,#1751,#1752,#1753,#1754,#1755,#1756,#1757
      ,#1758,#1759,#1760,#1761,#1762)
    ,(#1763,#1764,#1765,#1766,#1767,#1768,#1769,#1770,#1771,#1772,#1773
      ,#1774,#1775,#1776,#1777,#1778,#1779,#1780,#1781,#1782,#1783,#1784
      ,#1785,#1786,#1787,#1788,#1789,#1790,#1791,#1792,#1793,#1794,#1795
      ,#1796,#1797,#1798,#1799,#1800,#1801,#1802,#1803,#1804,#1805,#1806
      ,#1807,#1808,#1809,#1810,#1811,#1812,#1813,#1814,#1815,#1816,#1817
      ,#1818,#1819,#1820,#1821,#1822,#1823,#1824,#1825,#1826,#1827,#1828
      ,#1829,#1830,#1831,#1832,#1833,#1834,#1835,#1836,#1837,#1838,#1839
      ,#1840,#1841,#1842,#1843,#1844
    )),.UNSPECIFIED.,.F.,.F.,.F.,(2,2),(12,10,10,10,10,10,10,10,12),(0.,
    1.030776406404),(0.,7.41804369632,14.83608739264,22.25413108896,
    29.672174785281,37.090218481601,44.508262177921,51.926305874241,
    59.344349570561),.UNSPECIFIED.);
#1681 = CARTESIAN_POINT('',(14.59999995,-0.64999995,7.7));
#1682 = CARTESIAN_POINT('',(14.600004455267,1.502703249082,
    7.904544416914));
#1683 = CARTESIAN_POINT('',(13.079319503216,3.655628185956,
    8.109095052621));
#1684 = CARTESIAN_POINT('',(10.028359995945,4.611914090069,
    8.313625241122));
#1685 = CARTESIAN_POINT('',(6.549710464486,3.182441260832,8.518201866264
    ));
#1686 = CARTESIAN_POINT('',(4.605651564126,-0.769276488553,8.72270038533
    ));
#1687 = CARTESIAN_POINT('',(6.467166722267,-5.264033872736,
    8.927299404317));
#1688 = CARTESIAN_POINT('',(10.636495914822,-6.683450845216,
    9.131798183158));
#1689 = CARTESIAN_POINT('',(14.106827093899,-5.234626492424,
    9.336374391362));
#1690 = CARTESIAN_POINT('',(15.588089914232,-2.400990027642,
    9.540905010589));
#1691 = CARTESIAN_POINT('',(15.140996346241,0.196614403207,
    9.745455310414));
#1692 = CARTESIAN_POINT('',(12.096619403293,3.241001554725,
    10.154544553879));
#1693 = CARTESIAN_POINT('',(9.498986038739,3.688063856868,10.3590948306)
  );
#1694 = CARTESIAN_POINT('',(6.665434048316,2.206904329553,
    10.563625537053));
#1695 = CARTESIAN_POINT('',(5.216449216787,-1.263660325646,
    10.768201538346));
#1696 = CARTESIAN_POINT('',(6.636076472077,-5.432605945044,
    10.972700688017));
#1697 = CARTESIAN_POINT('',(11.130641524872,-7.2945877117,
    11.177299173099));
#1698 = CARTESIAN_POINT('',(15.082480688759,-5.350107303986,
    11.381798326714));
#1699 = CARTESIAN_POINT('',(16.511902526864,-1.871738403567,
    11.586374321689));
#1700 = CARTESIAN_POINT('',(15.555629665103,1.179355848242,
    11.790905034651));
#1701 = CARTESIAN_POINT('',(13.402703149723,2.69999675038,11.99545530631
    ));
#1702 = CARTESIAN_POINT('',(9.097296750596,2.700003949669,
    12.404544555938));
#1703 = CARTESIAN_POINT('',(6.944371814561,1.179320584869,
    12.609094827269));
#1704 = CARTESIAN_POINT('',(5.98808590925,-1.871641212467,
    12.813625541481));
#1705 = CARTESIAN_POINT('',(7.417558739918,-5.350287985718,
    13.018201533452));
#1706 = CARTESIAN_POINT('',(11.369276487858,-7.294349674092,
    13.222700692526));
#1707 = CARTESIAN_POINT('',(15.864033873278,-5.432832155492,
    13.427299169656));
#1708 = CARTESIAN_POINT('',(17.283450844869,-1.26350461987,
    13.631798328854));
#1709 = CARTESIAN_POINT('',(15.834626492598,2.206827501948,
    13.836374320648));
#1710 = CARTESIAN_POINT('',(13.00099002758,3.68808990784,14.040905035012
    ));
#1711 = CARTESIAN_POINT('',(10.403385596804,3.24099646439,
    14.245455306248));
#1712 = CARTESIAN_POINT('',(7.358998445267,0.19661949418,14.65454455597)
  );
#1713 = CARTESIAN_POINT('',(6.911936143149,-2.401013846508,
    14.859094827218));
#1714 = CARTESIAN_POINT('',(8.393095670424,-5.234565871319,
    15.063625541552));
#1715 = CARTESIAN_POINT('',(11.863660325668,-6.68355066149,
    15.268201533372));
#1716 = CARTESIAN_POINT('',(16.03260594503,-5.263923447953,
    15.472700692602));
#1717 = CARTESIAN_POINT('',(17.894587711704,-0.769358359833,
    15.677299169595));
#1718 = CARTESIAN_POINT('',(15.950107303987,3.18248077926,
    15.881798328895));
#1719 = CARTESIAN_POINT('',(12.471738403561,4.611902631479,
    16.086374320626));
#1720 = CARTESIAN_POINT('',(9.420644151766,3.655629763507,
    16.290905035023));
#1721 = CARTESIAN_POINT('',(7.900003249612,1.502703249996,
    16.495455306244));
#1722 = CARTESIAN_POINT('',(7.89999605035,-2.802703149543,
    16.904544555978));
#1723 = CARTESIAN_POINT('',(9.420679415044,-4.955628085191,
    17.109094827177));
#1724 = CARTESIAN_POINT('',(12.471641212662,-5.911913991117,
    17.313625541655));
#1725 = CARTESIAN_POINT('',(15.95028798542,-4.482441159662,
    17.518201533194));
#1726 = CARTESIAN_POINT('',(17.894349674422,-0.53072341249,
    17.722700692828));
#1727 = CARTESIAN_POINT('',(16.032832155216,3.964033973456,
    17.92729916938));
#1728 = CARTESIAN_POINT('',(11.863504620047,5.383450944843,
    18.131798329049));
#1729 = CARTESIAN_POINT('',(8.39317249796,3.934626592562,18.336374320545
    ));
#1730 = CARTESIAN_POINT('',(6.9119100922,1.10099012761,18.540905035051)
  );
#1731 = CARTESIAN_POINT('',(7.359003535596,-1.496614303205,
    18.74545530624));
#1732 = CARTESIAN_POINT('',(10.403380505838,-4.541001454724,
    19.154544555977));
#1733 = CARTESIAN_POINT('',(13.001013846427,-4.988063756875,
    19.35909482719));
#1734 = CARTESIAN_POINT('',(15.834565871521,-3.506904229535,
    19.56362554161));
#1735 = CARTESIAN_POINT('',(17.283550661143,-3.633957438757E-02,
    19.768201533287));
#1736 = CARTESIAN_POINT('',(15.863923448402,4.132606045097,
    19.972700692686));
#1737 = CARTESIAN_POINT('',(11.369358359367,5.994587811633,
    20.177299169548));
#1738 = CARTESIAN_POINT('',(7.417519221152,4.050107404049,
    20.381798328892));
#1739 = CARTESIAN_POINT('',(5.988097368197,0.571738503524,
    20.586374320663));
#1740 = CARTESIAN_POINT('',(6.94437023672,-2.479355748222,
    20.790905034977));
#1741 = CARTESIAN_POINT('',(9.097296749868,-3.999996650385,
    20.995455306278));
#1742 = CARTESIAN_POINT('',(13.402703149811,-4.000003849666,
    21.404544555906));
#1743 = CARTESIAN_POINT('',(15.555628083637,-2.479320484892,
    21.609094827598));
#1744 = CARTESIAN_POINT('',(16.51191399563,0.571641312561,
    21.813625540447));
#1745 = CARTESIAN_POINT('',(15.08244115028,4.050288085466,
    22.018201535645));
#1746 = CARTESIAN_POINT('',(11.130723427751,5.994349774581,
    22.222700688956));
#1747 = CARTESIAN_POINT('',(6.635966006417,4.13283225477,22.427299174341
    ));
#1748 = CARTESIAN_POINT('',(5.216549077023,-3.649527929153E-02,
    22.631798323788));
#1749 = CARTESIAN_POINT('',(6.665373387733,-3.506827402736,
    22.836374325204));
#1750 = CARTESIAN_POINT('',(9.499009887117,-4.988089807235,
    23.040905031606));
#1751 = CARTESIAN_POINT('',(12.096614294159,-4.540996364772,
    23.245455308343));
#1752 = CARTESIAN_POINT('',(15.141001472704,-1.496619393407,
    23.654544551804));
#1753 = CARTESIAN_POINT('',(15.588063651527,1.101013941963,
    23.859094851632));
#1754 = CARTESIAN_POINT('',(14.106904534531,3.934565984476,
    24.063625470861));
#1755 = CARTESIAN_POINT('',(10.636338946007,5.383550734405,
    24.268201679035));
#1756 = CARTESIAN_POINT('',(6.467394966969,3.963923591529,24.47270045797
    ));
#1757 = CARTESIAN_POINT('',(4.605410863477,-0.530641597154,
    24.677299476788));
#1758 = CARTESIAN_POINT('',(6.549894031298,-4.482480617568,
    24.881797996057));
#1759 = CARTESIAN_POINT('',(10.028260201117,-5.91190258713,
    25.086374621027));
#1760 = CARTESIAN_POINT('',(13.079356720072,-4.955629621762,
    25.290904809631));
#1761 = CARTESIAN_POINT('',(14.599996050841,-2.802703175748,
    25.495455445296));
#1762 = CARTESIAN_POINT('',(14.600000547047,-0.649999937469,
    25.69999986222));
#1763 = CARTESIAN_POINT('',(15.54999995,-0.64999995,8.1));
#1764 = CARTESIAN_POINT('',(15.550001679953,2.113183997115,
    8.304550988581));
#1765 = CARTESIAN_POINT('',(13.59810707645,4.876554062664,8.509068810258
    ));
#1766 = CARTESIAN_POINT('',(9.681833260972,6.104309779952,8.713695683758
    ));
#1767 = CARTESIAN_POINT('',(5.217000105377,4.268856415595,8.918074894934
    ));
#1768 = CARTESIAN_POINT('',(2.721115835305,-0.802581586219,
    9.122870672466));
#1769 = CARTESIAN_POINT('',(5.111188956646,-6.572982930654,
    9.327130449322));
#1770 = CARTESIAN_POINT('',(10.462241766794,-8.394092926938,
    9.531924841696));
#1771 = CARTESIAN_POINT('',(14.917126886969,-6.534903242386,
    9.736306276147));
#1772 = CARTESIAN_POINT('',(16.818236425112,-2.897491911041,
    9.940930852705));
#1773 = CARTESIAN_POINT('',(16.244424391642,0.436692082847,
    10.145450465654));
#1774 = CARTESIAN_POINT('',(12.336694025208,4.344426436726,
    10.554550258113));
#1775 = CARTESIAN_POINT('',(9.002498928104,4.918226506855,
    10.759069994334));
#1776 = CARTESIAN_POINT('',(5.365120004697,3.017156741393,10.96369410553
    ));
#1777 = CARTESIAN_POINT('',(3.505868637175,-1.437818114303,
    11.168076643716));
#1778 = CARTESIAN_POINT('',(5.327059223127,-6.788723479189,
    11.372869058263));
#1779 = CARTESIAN_POINT('',(11.097386837113,-9.178976089604,
    11.577131682384));
#1780 = CARTESIAN_POINT('',(16.168871244705,-6.682929868629,
    11.78192407611));
#1781 = CARTESIAN_POINT('',(18.004305401272,-2.218204598036,
    11.986306647724));
#1782 = CARTESIAN_POINT('',(16.776554491889,1.698120996517,
    12.190930724372));
#1783 = CARTESIAN_POINT('',(14.013184041331,3.649998749362,
    12.395450487546));
#1784 = CARTESIAN_POINT('',(8.486815930445,3.650001564308,
    12.804550247119));
#1785 = CARTESIAN_POINT('',(5.723446054759,1.698107526003,
    13.009070012146));
#1786 = CARTESIAN_POINT('',(4.495690063539,-2.218167104935,
    13.213694081793));
#1787 = CARTESIAN_POINT('',(6.331143757832,-6.682999278373,
    13.418076670018));
#1788 = CARTESIAN_POINT('',(11.402581426129,-9.178884541212,
    13.622869033982));
#1789 = CARTESIAN_POINT('',(17.172983052956,-6.788810579352,
    13.827131700934));
#1790 = CARTESIAN_POINT('',(18.994092850995,-1.437758359207,
    14.031924064593));
#1791 = CARTESIAN_POINT('',(17.134903279249,3.017127096659,
    14.236306653314));
#1792 = CARTESIAN_POINT('',(13.497491898309,4.918236487227,
    14.440930722442));
#1793 = CARTESIAN_POINT('',(10.163307919325,4.344424498105,
    14.645450487876));
#1794 = CARTESIAN_POINT('',(6.255573562182,0.436694121963,
    15.054550246954));
#1795 = CARTESIAN_POINT('',(5.681773494918,-2.897500966643,
    15.259070012411));
#1796 = CARTESIAN_POINT('',(7.582843256242,-6.534879902294,
    15.463694081448));
#1797 = CARTESIAN_POINT('',(12.037818116921,-8.394131255089,
    15.668076670388));
#1798 = CARTESIAN_POINT('',(17.388723476778,-6.572940684007,
    15.872869033653));
#1799 = CARTESIAN_POINT('',(19.778976091438,-0.802613057439,
    16.077131701177));
#1800 = CARTESIAN_POINT('',(17.282929867496,4.268871341322,
    16.281924064445));
#1801 = CARTESIAN_POINT('',(12.818204598581,6.104305502914,
    16.486306653388));
#1802 = CARTESIAN_POINT('',(8.901879003297,4.876554591322,
    16.690930722411));
#1803 = CARTESIAN_POINT('',(6.950001250668,2.113184141428,
    16.895450487886));
#1804 = CARTESIAN_POINT('',(6.949998435683,-3.413183969605,
    17.304550246935));
#1805 = CARTESIAN_POINT('',(8.90189247399,-6.176553845151,
    17.509070012484));
#1806 = CARTESIAN_POINT('',(12.818167104978,-7.404309836593,
    17.713694081297));
#1807 = CARTESIAN_POINT('',(17.282999278285,-5.568856142021,
    17.918076670611));
#1808 = CARTESIAN_POINT('',(19.778884541333,-0.497418473985,
    18.122869033397));
#1809 = CARTESIAN_POINT('',(17.388810579232,5.272983153005,
    18.327131701414));
#1810 = CARTESIAN_POINT('',(12.037758359299,7.094092950998,
    18.531924064265));
#1811 = CARTESIAN_POINT('',(7.582872903287,5.234903379231,
    18.736306653495));
#1812 = CARTESIAN_POINT('',(5.681763512796,1.59749199832,18.940930722366
    ));
#1813 = CARTESIAN_POINT('',(6.255575501888,-1.736691980677,
    19.145450487893));
#1814 = CARTESIAN_POINT('',(10.163305878045,-5.644426337816,
    19.554550246943));
#1815 = CARTESIAN_POINT('',(13.497500966608,-6.218226405086,
    19.759070012427));
#1816 = CARTESIAN_POINT('',(17.134879902378,-4.317156643755,
    19.963694081453));
#1817 = CARTESIAN_POINT('',(18.994131254942,0.137818216923,
    20.168076670318));
#1818 = CARTESIAN_POINT('',(17.172940684202,5.488723576768,
    20.372869033824));
#1819 = CARTESIAN_POINT('',(11.402613057231,7.878976191454,
    20.577131700904));
#1820 = CARTESIAN_POINT('',(6.331128658865,5.382929967475,
    20.781924064778));
#1821 = CARTESIAN_POINT('',(4.495694496941,0.918204698606,
    20.986306653059));
#1822 = CARTESIAN_POINT('',(5.723445408777,-2.998120896726,
    21.190930722677));
#1823 = CARTESIAN_POINT('',(8.486815858515,-4.949998649314,
    21.395450487711));
#1824 = CARTESIAN_POINT('',(14.013183969716,-4.950001464355,
    21.804550247296));
#1825 = CARTESIAN_POINT('',(16.776553844508,-2.998107425795,
    22.009070010409));
#1826 = CARTESIAN_POINT('',(18.004309838463,0.918167204383,
    22.213694087221));
#1827 = CARTESIAN_POINT('',(16.168856138133,5.38299937946,
    22.418076658538));
#1828 = CARTESIAN_POINT('',(11.097418480308,7.878884639513,
    22.622869052681));
#1829 = CARTESIAN_POINT('',(5.327016838666,5.48881068153,22.827131676324
    ));
#1830 = CARTESIAN_POINT('',(3.50590705804,0.137758456882,23.031924091322
    ));
#1831 = CARTESIAN_POINT('',(5.365096612631,-4.317126994583,
    23.236306629167));
#1832 = CARTESIAN_POINT('',(9.002508007762,-6.218236388771,
    23.440930740559));
#1833 = CARTESIAN_POINT('',(12.336691976939,-5.64442439716,
    23.645450476705));
#1834 = CARTESIAN_POINT('',(16.244426345249,-1.736694023834,
    24.05455026918));
#1835 = CARTESIAN_POINT('',(16.818226361531,1.597501077599,
    24.259069882136));
#1836 = CARTESIAN_POINT('',(14.917156769854,5.234879970573,
    24.46369445866));
#1837 = CARTESIAN_POINT('',(10.462181523275,7.094131420451,
    24.66807589317));
#1838 = CARTESIAN_POINT('',(5.111276841664,5.272940678717,
    24.872870285479));
#1839 = CARTESIAN_POINT('',(2.721023260784,-0.497386704703,
    25.077130062388));
#1840 = CARTESIAN_POINT('',(5.217070625949,-5.568871390696,
    25.281925839879));
#1841 = CARTESIAN_POINT('',(9.68179476585,-7.404305268093,
    25.486305051092));
#1842 = CARTESIAN_POINT('',(13.59812129852,-6.176554592479,
    25.690931924556));
#1843 = CARTESIAN_POINT('',(15.549998401444,-3.413183979021,
    25.895449746262));
#1844 = CARTESIAN_POINT('',(15.550000179633,-0.650000016829,
    26.100000734827));
#1845 = DEFINITIONAL_REPRESENTATION('',(#1846),#1865);
#1846 = B_SPLINE_CURVE_WITH_KNOTS('',5,(#1847,#1848,#1849,#1850,#1851,
    #1852,#1853,#1854,#1855,#1856,#1857,#1858,#1859,#1860,#1861,#1862,
    #1863,#1864),.UNSPECIFIED.,.F.,.F.,(6,4,4,4,6),(0.,0.287539027346,
    0.561058235946,0.784735709427,1.),.UNSPECIFIED.);
#1847 = CARTESIAN_POINT('',(1.030776406404,16.154849382816));
#1848 = CARTESIAN_POINT('',(0.984943682404,16.213487255929));
#1849 = CARTESIAN_POINT('',(0.938610587249,16.272765320888));
#1850 = CARTESIAN_POINT('',(0.891758635163,16.332707227749));
#1851 = CARTESIAN_POINT('',(0.844362519368,16.393345346789));
#1852 = CARTESIAN_POINT('',(0.750772214602,16.513083867198));
#1853 = CARTESIAN_POINT('',(0.704630860519,16.572116671389));
#1854 = CARTESIAN_POINT('',(0.657954068189,16.631834511384));
#1855 = CARTESIAN_POINT('',(0.610715078108,16.692271617813));
#1856 = CARTESIAN_POINT('',(0.523775694384,16.803501012515));
#1857 = CARTESIAN_POINT('',(0.484269555618,16.854044774956));
#1858 = CARTESIAN_POINT('',(0.444355251755,16.905110734652));
#1859 = CARTESIAN_POINT('',(0.404015291878,16.956721269441));
#1860 = CARTESIAN_POINT('',(0.323982887652,17.059113906716));
#1861 = CARTESIAN_POINT('',(0.284322606272,17.109854860506));
#1862 = CARTESIAN_POINT('',(0.24423601011,17.161141234458));
#1863 = CARTESIAN_POINT('',(0.203704300999,17.212997080405));
#1864 = CARTESIAN_POINT('',(0.16270838804,17.26544682449));
#1865 = ( GEOMETRIC_REPRESENTATION_CONTEXT(2) 
PARAMETRIC_REPRESENTATION_CONTEXT() REPRESENTATION_CONTEXT('2D SPACE',''
  ) );
#1866 = ORIENTED_EDGE('',*,*,#1867,.F.);
#1867 = EDGE_CURVE('',#1344,#1635,#1868,.T.);
#1868 = SURFACE_CURVE('',#1869,(#1912,#1958),.PCURVE_S1.);
#1869 = B_SPLINE_CURVE_WITH_KNOTS('',6,(#1870,#1871,#1872,#1873,#1874,
    #1875,#1876,#1877,#1878,#1879,#1880,#1881,#1882,#1883,#1884,#1885,
    #1886,#1887,#1888,#1889,#1890,#1891,#1892,#1893,#1894,#1895,#1896,
    #1897,#1898,#1899,#1900,#1901,#1902,#1903,#1904,#1905,#1906,#1907,
    #1908,#1909,#1910,#1911),.UNSPECIFIED.,.F.,.F.,(7,5,5,5,5,5,5,5,7),(
    0.,1.900104801299E-02,0.200009079688,0.232010289722,0.25301123652,
    0.282012654281,0.557022101065,0.969998970843,1.),.UNSPECIFIED.);
#1870 = CARTESIAN_POINT('',(12.578781894424,3.439572965725,13.));
#1871 = CARTESIAN_POINT('',(12.558439615102,3.446182511061,13.));
#1872 = CARTESIAN_POINT('',(12.538057874516,3.452670605695,13.));
#1873 = CARTESIAN_POINT('',(12.517637579023,3.459036954812,13.));
#1874 = CARTESIAN_POINT('',(12.497179637809,3.465281272753,13.));
#1875 = CARTESIAN_POINT('',(12.476684962888,3.471403283018,13.));
#1876 = CARTESIAN_POINT('',(12.260576611127,3.534554616595,13.));
#1877 = CARTESIAN_POINT('',(12.061744955173,3.580583702666,13.));
#1878 = CARTESIAN_POINT('',(11.860457237689,3.61525727894,13.));
#1879 = CARTESIAN_POINT('',(11.657522949186,3.638420921073,13.));
#1880 = CARTESIAN_POINT('',(11.453762245973,3.649999794853,13.));
#1881 = CARTESIAN_POINT('',(11.213981693302,3.650000004642,13.));
#1882 = CARTESIAN_POINT('',(11.17795852123,3.649638138792,13.));
#1883 = CARTESIAN_POINT('',(11.141939892471,3.648914339589,13.));
#1884 = CARTESIAN_POINT('',(11.105930353259,3.647828650485,13.));
#1885 = CARTESIAN_POINT('',(11.069934449276,3.646381194376,13.));
#1886 = CARTESIAN_POINT('',(11.010346172838,3.643384995075,13.));
#1887 = CARTESIAN_POINT('',(10.986743449402,3.642042101343,13.));
#1888 = CARTESIAN_POINT('',(10.963149839701,3.640543549559,13.));
#1889 = CARTESIAN_POINT('',(10.939566627311,3.638889411526,13.));
#1890 = CARTESIAN_POINT('',(10.915995095035,3.637079773683,13.));
#1891 = CARTESIAN_POINT('',(10.859903137674,3.632401104862,13.));
#1892 = CARTESIAN_POINT('',(10.827394469294,3.629391120319,13.));
#1893 = CARTESIAN_POINT('',(10.794913896428,3.626085049768,13.));
#1894 = CARTESIAN_POINT('',(10.762464790674,3.622483212315,13.));
#1895 = CARTESIAN_POINT('',(10.730050518564,3.618585979894,13.));
#1896 = CARTESIAN_POINT('',(10.390664380924,3.574640709465,13.));
#1897 = CARTESIAN_POINT('',(10.0870637752,3.508360591881,13.));
#1898 = CARTESIAN_POINT('',(9.789795838418,3.415915128259,13.));
#1899 = CARTESIAN_POINT('',(9.501635557567,3.298108939692,13.));
#1900 = CARTESIAN_POINT('',(9.225233718177,3.156092520195,13.));
#1901 = CARTESIAN_POINT('',(8.569405087163,2.744187817612,13.));
#1902 = CARTESIAN_POINT('',(8.207651771645,2.445760926954,13.));
#1903 = CARTESIAN_POINT('',(7.88650008009,2.101525413728,13.));
#1904 = CARTESIAN_POINT('',(7.61273732868,1.71852484473,13.));
#1905 = CARTESIAN_POINT('',(7.391925494039,1.304803557646,13.));
#1906 = CARTESIAN_POINT('',(7.215659326554,0.838345234636,13.));
#1907 = CARTESIAN_POINT('',(7.204019297203,0.806641466186,13.));
#1908 = CARTESIAN_POINT('',(7.192678331114,0.77482869674,13.));
#1909 = CARTESIAN_POINT('',(7.181637699442,0.742910453853,13.));
#1910 = CARTESIAN_POINT('',(7.170898617732,0.710890284661,13.));
#1911 = CARTESIAN_POINT('',(7.160462245911,0.678771755879,13.));
#1912 = PCURVE('',#1264,#1913);
#1913 = DEFINITIONAL_REPRESENTATION('',(#1914),#1957);
#1914 = B_SPLINE_CURVE_WITH_KNOTS('',6,(#1915,#1916,#1917,#1918,#1919,
    #1920,#1921,#1922,#1923,#1924,#1925,#1926,#1927,#1928,#1929,#1930,
    #1931,#1932,#1933,#1934,#1935,#1936,#1937,#1938,#1939,#1940,#1941,
    #1942,#1943,#1944,#1945,#1946,#1947,#1948,#1949,#1950,#1951,#1952,
    #1953,#1954,#1955,#1956),.UNSPECIFIED.,.F.,.F.,(7,5,5,5,5,5,5,5,7),(
    0.,1.900104801299E-02,0.200009079688,0.232010289722,0.25301123652,
    0.282012654281,0.557022101065,0.969998970843,1.),.UNSPECIFIED.);
#1915 = CARTESIAN_POINT('',(-1.328781944424,-4.089572915725));
#1916 = CARTESIAN_POINT('',(-1.308439665102,-4.096182461061));
#1917 = CARTESIAN_POINT('',(-1.288057924516,-4.102670555695));
#1918 = CARTESIAN_POINT('',(-1.267637629023,-4.109036904812));
#1919 = CARTESIAN_POINT('',(-1.247179687809,-4.115281222753));
#1920 = CARTESIAN_POINT('',(-1.226685012888,-4.121403233018));
#1921 = CARTESIAN_POINT('',(-1.010576661127,-4.184554566595));
#1922 = CARTESIAN_POINT('',(-0.811745005173,-4.230583652666));
#1923 = CARTESIAN_POINT('',(-0.610457287689,-4.26525722894));
#1924 = CARTESIAN_POINT('',(-0.407522999186,-4.288420871073));
#1925 = CARTESIAN_POINT('',(-0.203762295973,-4.299999744853));
#1926 = CARTESIAN_POINT('',(3.601825669762E-02,-4.299999954642));
#1927 = CARTESIAN_POINT('',(7.204142877038E-02,-4.299638088792));
#1928 = CARTESIAN_POINT('',(0.108060057529,-4.298914289589));
#1929 = CARTESIAN_POINT('',(0.144069596741,-4.297828600485));
#1930 = CARTESIAN_POINT('',(0.180065500724,-4.296381144376));
#1931 = CARTESIAN_POINT('',(0.239653777162,-4.293384945075));
#1932 = CARTESIAN_POINT('',(0.263256500598,-4.292042051343));
#1933 = CARTESIAN_POINT('',(0.286850110299,-4.290543499559));
#1934 = CARTESIAN_POINT('',(0.310433322689,-4.288889361526));
#1935 = CARTESIAN_POINT('',(0.334004854965,-4.287079723683));
#1936 = CARTESIAN_POINT('',(0.390096812326,-4.282401054862));
#1937 = CARTESIAN_POINT('',(0.422605480706,-4.279391070319));
#1938 = CARTESIAN_POINT('',(0.455086053572,-4.276084999768));
#1939 = CARTESIAN_POINT('',(0.487535159326,-4.272483162315));
#1940 = CARTESIAN_POINT('',(0.519949431436,-4.268585929894));
#1941 = CARTESIAN_POINT('',(0.859335569076,-4.224640659465));
#1942 = CARTESIAN_POINT('',(1.1629361748,-4.158360541881));
#1943 = CARTESIAN_POINT('',(1.460204111582,-4.065915078259));
#1944 = CARTESIAN_POINT('',(1.748364392433,-3.948108889692));
#1945 = CARTESIAN_POINT('',(2.024766231823,-3.806092470195));
#1946 = CARTESIAN_POINT('',(2.680594862837,-3.394187767612));
#1947 = CARTESIAN_POINT('',(3.042348178355,-3.095760876954));
#1948 = CARTESIAN_POINT('',(3.36349986991,-2.751525363728));
#1949 = CARTESIAN_POINT('',(3.63726262132,-2.36852479473));
#1950 = CARTESIAN_POINT('',(3.858074455961,-1.954803507646));
#1951 = CARTESIAN_POINT('',(4.034340623446,-1.488345184636));
#1952 = CARTESIAN_POINT('',(4.045980652797,-1.456641416186));
#1953 = CARTESIAN_POINT('',(4.057321618886,-1.42482864674));
#1954 = CARTESIAN_POINT('',(4.068362250558,-1.392910403853));
#1955 = CARTESIAN_POINT('',(4.079101332268,-1.360890234661));
#1956 = CARTESIAN_POINT('',(4.089537704089,-1.328771705879));
#1957 = ( GEOMETRIC_REPRESENTATION_CONTEXT(2) 
PARAMETRIC_REPRESENTATION_CONTEXT() REPRESENTATION_CONTEXT('2D SPACE',''
  ) );
#1958 = PCURVE('',#1959,#2124);
#1959 = B_SPLINE_SURFACE_WITH_KNOTS('',1,11,(
    (#1960,#1961,#1962,#1963,#1964,#1965,#1966,#1967,#1968,#1969,#1970
      ,#1971,#1972,#1973,#1974,#1975,#1976,#1977,#1978,#1979,#1980,#1981
      ,#1982,#1983,#1984,#1985,#1986,#1987,#1988,#1989,#1990,#1991,#1992
      ,#1993,#1994,#1995,#1996,#1997,#1998,#1999,#2000,#2001,#2002,#2003
      ,#2004,#2005,#2006,#2007,#2008,#2009,#2010,#2011,#2012,#2013,#2014
      ,#2015,#2016,#2017,#2018,#2019,#2020,#2021,#2022,#2023,#2024,#2025
      ,#2026,#2027,#2028,#2029,#2030,#2031,#2032,#2033,#2034,#2035,#2036
      ,#2037,#2038,#2039,#2040,#2041)
    ,(#2042,#2043,#2044,#2045,#2046,#2047,#2048,#2049,#2050,#2051,#2052
      ,#2053,#2054,#2055,#2056,#2057,#2058,#2059,#2060,#2061,#2062,#2063
      ,#2064,#2065,#2066,#2067,#2068,#2069,#2070,#2071,#2072,#2073,#2074
      ,#2075,#2076,#2077,#2078,#2079,#2080,#2081,#2082,#2083,#2084,#2085
      ,#2086,#2087,#2088,#2089,#2090,#2091,#2092,#2093,#2094,#2095,#2096
      ,#2097,#2098,#2099,#2100,#2101,#2102,#2103,#2104,#2105,#2106,#2107
      ,#2108,#2109,#2110,#2111,#2112,#2113,#2114,#2115,#2116,#2117,#2118
      ,#2119,#2120,#2121,#2122,#2123
    )),.UNSPECIFIED.,.F.,.F.,.F.,(2,2),(12,10,10,10,10,10,10,10,12),(0.,
    0.5),(0.,7.41804369632,14.83608739264,22.25413108896,29.672174785281
    ,37.090218481601,44.508262177921,51.926305874241,59.344349570561),
  .UNSPECIFIED.);
#1960 = CARTESIAN_POINT('',(15.54999995,-0.64999995,8.1));
#1961 = CARTESIAN_POINT('',(15.550001679953,2.113183997114,
    8.304550988581));
#1962 = CARTESIAN_POINT('',(13.59810707645,4.876554062664,8.509068810258
    ));
#1963 = CARTESIAN_POINT('',(9.681833260971,6.104309779951,8.713695683758
    ));
#1964 = CARTESIAN_POINT('',(5.217000105377,4.268856415596,8.918074894934
    ));
#1965 = CARTESIAN_POINT('',(2.721115835304,-0.80258158622,9.122870672466
    ));
#1966 = CARTESIAN_POINT('',(5.111188956647,-6.572982930653,
    9.327130449322));
#1967 = CARTESIAN_POINT('',(10.462241766793,-8.39409292694,
    9.531924841696));
#1968 = CARTESIAN_POINT('',(14.91712688697,-6.534903242385,
    9.736306276147));
#1969 = CARTESIAN_POINT('',(16.818236425112,-2.897491911041,
    9.940930852705));
#1970 = CARTESIAN_POINT('',(16.244424391642,0.436692082847,
    10.145450465654));
#1971 = CARTESIAN_POINT('',(12.336694025208,4.344426436726,
    10.554550258113));
#1972 = CARTESIAN_POINT('',(9.002498928104,4.918226506855,
    10.759069994334));
#1973 = CARTESIAN_POINT('',(5.365120004697,3.017156741393,10.96369410553
    ));
#1974 = CARTESIAN_POINT('',(3.505868637175,-1.437818114303,
    11.168076643716));
#1975 = CARTESIAN_POINT('',(5.327059223127,-6.788723479189,
    11.372869058263));
#1976 = CARTESIAN_POINT('',(11.097386837113,-9.178976089604,
    11.577131682384));
#1977 = CARTESIAN_POINT('',(16.168871244704,-6.682929868629,
    11.78192407611));
#1978 = CARTESIAN_POINT('',(18.004305401272,-2.218204598036,
    11.986306647724));
#1979 = CARTESIAN_POINT('',(16.776554491889,1.698120996517,
    12.190930724372));
#1980 = CARTESIAN_POINT('',(14.013184041331,3.649998749362,
    12.395450487546));
#1981 = CARTESIAN_POINT('',(8.486815930445,3.650001564308,
    12.804550247119));
#1982 = CARTESIAN_POINT('',(5.723446054759,1.698107526003,
    13.009070012146));
#1983 = CARTESIAN_POINT('',(4.49569006354,-2.218167104935,
    13.213694081793));
#1984 = CARTESIAN_POINT('',(6.331143757831,-6.682999278373,
    13.418076670018));
#1985 = CARTESIAN_POINT('',(11.40258142613,-9.178884541213,
    13.622869033982));
#1986 = CARTESIAN_POINT('',(17.172983052955,-6.788810579352,
    13.827131700934));
#1987 = CARTESIAN_POINT('',(18.994092850996,-1.437758359207,
    14.031924064593));
#1988 = CARTESIAN_POINT('',(17.134903279248,3.017127096659,
    14.236306653314));
#1989 = CARTESIAN_POINT('',(13.497491898309,4.918236487227,
    14.440930722442));
#1990 = CARTESIAN_POINT('',(10.163307919325,4.344424498105,
    14.645450487876));
#1991 = CARTESIAN_POINT('',(6.255573562182,0.436694121963,
    15.054550246954));
#1992 = CARTESIAN_POINT('',(5.681773494918,-2.897500966643,
    15.259070012411));
#1993 = CARTESIAN_POINT('',(7.582843256242,-6.534879902294,
    15.463694081448));
#1994 = CARTESIAN_POINT('',(12.037818116921,-8.394131255088,
    15.668076670388));
#1995 = CARTESIAN_POINT('',(17.388723476778,-6.572940684008,
    15.872869033653));
#1996 = CARTESIAN_POINT('',(19.778976091439,-0.802613057438,
    16.077131701177));
#1997 = CARTESIAN_POINT('',(17.282929867495,4.268871341321,
    16.281924064445));
#1998 = CARTESIAN_POINT('',(12.818204598582,6.104305502914,
    16.486306653388));
#1999 = CARTESIAN_POINT('',(8.901879003297,4.876554591322,
    16.690930722411));
#2000 = CARTESIAN_POINT('',(6.950001250668,2.113184141428,
    16.895450487886));
#2001 = CARTESIAN_POINT('',(6.949998435683,-3.413183969605,
    17.304550246935));
#2002 = CARTESIAN_POINT('',(8.90189247399,-6.176553845151,
    17.509070012484));
#2003 = CARTESIAN_POINT('',(12.818167104979,-7.404309836593,
    17.713694081297));
#2004 = CARTESIAN_POINT('',(17.282999278283,-5.568856142021,
    17.918076670611));
#2005 = CARTESIAN_POINT('',(19.778884541335,-0.497418473985,
    18.122869033397));
#2006 = CARTESIAN_POINT('',(17.38881057923,5.272983153006,
    18.327131701414));
#2007 = CARTESIAN_POINT('',(12.0377583593,7.094092950997,18.531924064265
    ));
#2008 = CARTESIAN_POINT('',(7.582872903287,5.234903379231,
    18.736306653495));
#2009 = CARTESIAN_POINT('',(5.681763512797,1.597491998319,
    18.940930722366));
#2010 = CARTESIAN_POINT('',(6.255575501888,-1.736691980677,
    19.145450487893));
#2011 = CARTESIAN_POINT('',(10.163305878045,-5.644426337816,
    19.554550246943));
#2012 = CARTESIAN_POINT('',(13.497500966609,-6.218226405086,
    19.759070012427));
#2013 = CARTESIAN_POINT('',(17.134879902378,-4.317156643756,
    19.963694081453));
#2014 = CARTESIAN_POINT('',(18.994131254943,0.137818216926,
    20.168076670318));
#2015 = CARTESIAN_POINT('',(17.172940684201,5.488723576765,
    20.372869033824));
#2016 = CARTESIAN_POINT('',(11.402613057232,7.878976191457,
    20.577131700904));
#2017 = CARTESIAN_POINT('',(6.331128658865,5.382929967473,
    20.781924064778));
#2018 = CARTESIAN_POINT('',(4.495694496941,0.918204698607,
    20.986306653059));
#2019 = CARTESIAN_POINT('',(5.723445408777,-2.998120896726,
    21.190930722677));
#2020 = CARTESIAN_POINT('',(8.486815858515,-4.949998649314,
    21.395450487711));
#2021 = CARTESIAN_POINT('',(14.013183969716,-4.950001464355,
    21.804550247296));
#2022 = CARTESIAN_POINT('',(16.776553844508,-2.998107425796,
    22.009070010409));
#2023 = CARTESIAN_POINT('',(18.004309838463,0.918167204384,
    22.213694087221));
#2024 = CARTESIAN_POINT('',(16.168856138132,5.382999379459,
    22.418076658538));
#2025 = CARTESIAN_POINT('',(11.097418480308,7.878884639516,
    22.622869052681));
#2026 = CARTESIAN_POINT('',(5.327016838665,5.488810681528,
    22.827131676324));
#2027 = CARTESIAN_POINT('',(3.505907058041,0.137758456884,
    23.031924091322));
#2028 = CARTESIAN_POINT('',(5.365096612631,-4.317126994584,
    23.236306629167));
#2029 = CARTESIAN_POINT('',(9.002508007762,-6.21823638877,
    23.440930740559));
#2030 = CARTESIAN_POINT('',(12.336691976939,-5.64442439716,
    23.645450476705));
#2031 = CARTESIAN_POINT('',(16.244426345249,-1.736694023834,
    24.05455026918));
#2032 = CARTESIAN_POINT('',(16.818226361532,1.597501077599,
    24.259069882136));
#2033 = CARTESIAN_POINT('',(14.917156769853,5.234879970573,
    24.46369445866));
#2034 = CARTESIAN_POINT('',(10.462181523276,7.094131420451,
    24.66807589317));
#2035 = CARTESIAN_POINT('',(5.111276841662,5.272940678718,
    24.872870285479));
#2036 = CARTESIAN_POINT('',(2.721023260785,-0.497386704703,
    25.077130062388));
#2037 = CARTESIAN_POINT('',(5.217070625948,-5.568871390695,
    25.281925839879));
#2038 = CARTESIAN_POINT('',(9.68179476585,-7.404305268094,
    25.486305051092));
#2039 = CARTESIAN_POINT('',(13.598121298519,-6.176554592479,
    25.690931924556));
#2040 = CARTESIAN_POINT('',(15.549998401444,-3.413183979021,
    25.895449746262));
#2041 = CARTESIAN_POINT('',(15.550000179633,-0.650000016829,
    26.100000734827));
#2042 = CARTESIAN_POINT('',(15.54999995,-0.64999995,8.6));
#2043 = CARTESIAN_POINT('',(15.549998214746,2.113183864624,
    8.804550988581));
#2044 = CARTESIAN_POINT('',(13.598121259042,4.876554360867,
    9.009068810259));
#2045 = CARTESIAN_POINT('',(9.681794954515,6.104305031703,9.213695683754
    ));
#2046 = CARTESIAN_POINT('',(5.217071024659,4.268871321903,9.418074894949
    ));
#2047 = CARTESIAN_POINT('',(2.7210237138,-0.802613054788,9.622870672432)
  );
#2048 = CARTESIAN_POINT('',(5.111277077506,-6.57294016679,9.827130449368
    ));
#2049 = CARTESIAN_POINT('',(10.462181444954,-8.394130894811,
    10.031924841653));
#2050 = CARTESIAN_POINT('',(14.917156482567,-6.534879613205,
    10.236306276174));
#2051 = CARTESIAN_POINT('',(16.818226029235,-2.897500944145,
    10.440930852694));
#2052 = CARTESIAN_POINT('',(16.244426095419,0.436693988181,
    10.645450465656));
#2053 = CARTESIAN_POINT('',(12.33669199653,4.344424213552,
    11.054550258112));
#2054 = CARTESIAN_POINT('',(9.002508214311,4.918236226341,
    11.259069994335));
#2055 = CARTESIAN_POINT('',(5.365096983945,3.01712699019,11.463694105525
    ));
#2056 = CARTESIAN_POINT('',(3.505907459274,-1.437758194413,
    11.668076643732));
#2057 = CARTESIAN_POINT('',(5.327017059672,-6.788810161703,
    11.872869058229));
#2058 = CARTESIAN_POINT('',(11.097418355805,-9.178884081619,
    12.07713168243));
#2059 = CARTESIAN_POINT('',(16.168855781748,-6.68299903375,
    12.281924076068));
#2060 = CARTESIAN_POINT('',(18.004309453359,-2.218167125608,
    12.486306647751));
#2061 = CARTESIAN_POINT('',(16.776553585873,1.698107314508,
    12.690930724361));
#2062 = CARTESIAN_POINT('',(14.01318388898,3.650001291776,
    12.895450487548));
#2063 = CARTESIAN_POINT('',(8.486816072912,3.649998562621,
    13.304550247119));
#2064 = CARTESIAN_POINT('',(5.723445740388,1.698120957244,
    13.509070012147));
#2065 = CARTESIAN_POINT('',(4.495694833332,-2.21820440994,
    13.713694081788));
#2066 = CARTESIAN_POINT('',(6.331128827658,-6.682929468759,
    13.918076670034));
#2067 = CARTESIAN_POINT('',(11.402612916723,-9.178975638448,
    14.122869033949));
#2068 = CARTESIAN_POINT('',(17.172940272266,-6.788723240916,
    14.327131700979));
#2069 = CARTESIAN_POINT('',(18.994130829319,-1.437818195253,
    14.531924064551));
#2070 = CARTESIAN_POINT('',(17.134879644992,3.017156456475,
    14.73630665334));
#2071 = CARTESIAN_POINT('',(13.497500933167,4.918226172784,
    14.940930722431));
#2072 = CARTESIAN_POINT('',(10.163306013691,4.34442618799,
    15.145450487877));
#2073 = CARTESIAN_POINT('',(6.255575785508,0.436692100261,
    15.554550246953));
#2074 = CARTESIAN_POINT('',(5.681763775181,-2.897491691733,
    15.759070012412));
#2075 = CARTESIAN_POINT('',(7.582873007783,-6.534902908006,
    15.963694081442));
#2076 = CARTESIAN_POINT('',(12.037758196654,-8.394092449636,
    16.168076670407));
#2077 = CARTESIAN_POINT('',(17.388810159643,-6.572982832111,
    16.372869033616));
#2078 = CARTESIAN_POINT('',(19.778884083183,-0.802581550471,
    16.577131701227));
#2079 = CARTESIAN_POINT('',(17.282999032785,4.268855885646,
    16.781924064398));
#2080 = CARTESIAN_POINT('',(12.818167126075,6.104309551465,
    16.986306653417));
#2081 = CARTESIAN_POINT('',(8.901892685329,4.876553686529,17.1909307224)
  );
#2082 = CARTESIAN_POINT('',(6.949998708255,2.113183988868,
    17.395450487888));
#2083 = CARTESIAN_POINT('',(6.950001437359,-3.413183827032,
    17.804550246934));
#2084 = CARTESIAN_POINT('',(8.901879042807,-6.176554159709,
    18.009070012486));
#2085 = CARTESIAN_POINT('',(12.818204409853,-7.404305066527,
    18.213694081291));
#2086 = CARTESIAN_POINT('',(17.282929468866,-5.568871072503,
    18.418076670627));
#2087 = CARTESIAN_POINT('',(19.778975638355,-0.49738698314,
    18.622869033363));
#2088 = CARTESIAN_POINT('',(17.388723240969,5.272940372191,
    18.82713170146));
#2089 = CARTESIAN_POINT('',(12.037818195234,7.094130929335,
    19.031924064222));
#2090 = CARTESIAN_POINT('',(7.58284354353,5.234879745004,19.236306653522
    ));
#2091 = CARTESIAN_POINT('',(5.681773827213,1.597501033155,
    19.440930722356));
#2092 = CARTESIAN_POINT('',(6.255573812013,-1.736693886305,
    19.645450487895));
#2093 = CARTESIAN_POINT('',(10.163307899734,-5.644424114496,
    20.054550246942));
#2094 = CARTESIAN_POINT('',(13.497491691756,-6.218236124805,
    20.259070012427));
#2095 = CARTESIAN_POINT('',(17.134902907947,-4.317126892245,
    20.46369408145));
#2096 = CARTESIAN_POINT('',(18.994092449736,0.137758296699,
    20.66807667033));
#2097 = CARTESIAN_POINT('',(17.172982831984,5.488810259579,
    20.872869033796));
#2098 = CARTESIAN_POINT('',(11.4025815506,7.878884183256,21.077131700943
    ));
#2099 = CARTESIAN_POINT('',(6.331144114238,5.382999132716,
    21.281924064741));
#2100 = CARTESIAN_POINT('',(4.495690448633,0.918167226127,
    21.486306653083));
#2101 = CARTESIAN_POINT('',(5.723446313397,-2.998107214702,
    21.690930722667));
#2102 = CARTESIAN_POINT('',(8.48681601118,-4.950001191731,
    21.895450487713));
#2103 = CARTESIAN_POINT('',(14.013183826936,-4.949998462664,
    22.304550247295));
#2104 = CARTESIAN_POINT('',(16.776554160269,-2.998120857047,
    22.509070010409));
#2105 = CARTESIAN_POINT('',(18.004305064903,0.918204509394,
    22.713694087219));
#2106 = CARTESIAN_POINT('',(16.168871075876,5.382929569878,
    22.918076658549));
#2107 = CARTESIAN_POINT('',(11.097386977652,7.878975736634,
    23.122869052654));
#2108 = CARTESIAN_POINT('',(5.327059635052,5.488723343308,
    23.327131676364));
#2109 = CARTESIAN_POINT('',(3.505869062792,0.137818292649,
    23.531924091283));
#2110 = CARTESIAN_POINT('',(5.365120262094,-4.317156354119,
    23.736306629192));
#2111 = CARTESIAN_POINT('',(9.002498961541,-6.218226074552,
    23.940930740549));
#2112 = CARTESIAN_POINT('',(12.336693889561,-5.644426086898,
    24.145450476707));
#2113 = CARTESIAN_POINT('',(16.244424108028,-1.736692002435,
    24.554550269178));
#2114 = CARTESIAN_POINT('',(16.818236162695,1.597491804475,
    24.75906988214));
#2115 = CARTESIAN_POINT('',(14.917126782551,5.234902971119,
    24.963694458647));
#2116 = CARTESIAN_POINT('',(10.462241929302,7.094092625623,
    25.168075893198));
#2117 = CARTESIAN_POINT('',(5.111189376422,5.272982809745,25.37287028543
    ));
#2118 = CARTESIAN_POINT('',(2.72111629326,-0.497418189358,
    25.577130062449));
#2119 = CARTESIAN_POINT('',(5.217000351034,-5.568855959165,
    25.781925839825));
#2120 = CARTESIAN_POINT('',(9.681833239777,-7.404309294864,
    25.986305051127));
#2121 = CARTESIAN_POINT('',(13.598106865152,-6.176553704025,
    26.190931924542));
#2122 = CARTESIAN_POINT('',(15.550001407372,-3.41318381638,
    26.395449746265));
#2123 = CARTESIAN_POINT('',(15.549999720366,-0.65000001683,
    26.600000734827));
#2124 = DEFINITIONAL_REPRESENTATION('',(#2125),#2168);
#2125 = B_SPLINE_CURVE_WITH_KNOTS('',6,(#2126,#2127,#2128,#2129,#2130,
    #2131,#2132,#2133,#2134,#2135,#2136,#2137,#2138,#2139,#2140,#2141,
    #2142,#2143,#2144,#2145,#2146,#2147,#2148,#2149,#2150,#2151,#2152,
    #2153,#2154,#2155,#2156,#2157,#2158,#2159,#2160,#2161,#2162,#2163,
    #2164,#2165,#2166,#2167),.UNSPECIFIED.,.F.,.F.,(7,5,5,5,5,5,5,5,7),(
    0.,1.900104801299E-02,0.200009079688,0.232010289722,0.25301123652,
    0.282012654281,0.557022101065,0.969998970843,1.),.UNSPECIFIED.);
#2126 = CARTESIAN_POINT('',(0.5,14.506396423573));
#2127 = CARTESIAN_POINT('',(0.498416667212,14.511616552666));
#2128 = CARTESIAN_POINT('',(0.49683333419,14.516836682231));
#2129 = CARTESIAN_POINT('',(0.495250000942,14.522056812187));
#2130 = CARTESIAN_POINT('',(0.493666667474,14.527276942448));
#2131 = CARTESIAN_POINT('',(0.492083333794,14.532497072926));
#2132 = CARTESIAN_POINT('',(0.475416823972,14.587445279846));
#2133 = CARTESIAN_POINT('',(0.460333380578,14.637174188161));
#2134 = CARTESIAN_POINT('',(0.445250203931,14.686902106115));
#2135 = CARTESIAN_POINT('',(0.43016702809,14.736629819007));
#2136 = CARTESIAN_POINT('',(0.4150835169,14.786358285224));
#2137 = CARTESIAN_POINT('',(0.397333311213,14.844877819822));
#2138 = CARTESIAN_POINT('',(0.394666636451,14.853669430205));
#2139 = CARTESIAN_POINT('',(0.39199996847,14.862461035325));
#2140 = CARTESIAN_POINT('',(0.389333306271,14.871252637256));
#2141 = CARTESIAN_POINT('',(0.386666649008,14.880044237636));
#2142 = CARTESIAN_POINT('',(0.38224999223,14.894605367134));
#2143 = CARTESIAN_POINT('',(0.380499990284,14.90037489649));
#2144 = CARTESIAN_POINT('',(0.378749989959,14.906144426083));
#2145 = CARTESIAN_POINT('',(0.376999991078,14.911913956207));
#2146 = CARTESIAN_POINT('',(0.375249993486,14.917683487099));
#2147 = CARTESIAN_POINT('',(0.371083326116,14.931420497966));
#2148 = CARTESIAN_POINT('',(0.36866665737,14.939387978851));
#2149 = CARTESIAN_POINT('',(0.366249990464,14.947355462052));
#2150 = CARTESIAN_POINT('',(0.363833325109,14.955322947884));
#2151 = CARTESIAN_POINT('',(0.361416661071,14.963290436518));
#2152 = CARTESIAN_POINT('',(0.336083700332,15.046810628126));
#2153 = CARTESIAN_POINT('',(0.313165656644,15.122369676039));
#2154 = CARTESIAN_POINT('',(0.290249793912,15.197921649422));
#2155 = CARTESIAN_POINT('',(0.267333942441,15.273473542531));
#2156 = CARTESIAN_POINT('',(0.244416004006,15.349032216101));
#2157 = CARTESIAN_POINT('',(0.187087437057,15.53803981386));
#2158 = CARTESIAN_POINT('',(0.152661489426,15.651539111544));
#2159 = CARTESIAN_POINT('',(0.118251052625,15.764987023593));
#2160 = CARTESIAN_POINT('',(8.384032384712E-02,15.87843585522));
#2161 = CARTESIAN_POINT('',(4.941353407647E-02,15.991937655702));
#2162 = CARTESIAN_POINT('',(1.250000032625E-02,16.11363806621));
#2163 = CARTESIAN_POINT('',(1.000000132234E-02,16.121880325457));
#2164 = CARTESIAN_POINT('',(7.500001709108E-03,16.130122586992));
#2165 = CARTESIAN_POINT('',(5.000001564479E-03,16.138364850567));
#2166 = CARTESIAN_POINT('',(2.500000967826E-03,16.146607115928));
#2167 = CARTESIAN_POINT('',(0.,16.154849382816));
#2168 = ( GEOMETRIC_REPRESENTATION_CONTEXT(2) 
PARAMETRIC_REPRESENTATION_CONTEXT() REPRESENTATION_CONTEXT('2D SPACE',''
  ) );
#2169 = ADVANCED_FACE('',(#2170,#2173),#1210,.T.);
#2170 = FACE_BOUND('',#2171,.T.);
#2171 = EDGE_LOOP('',(#2172));
#2172 = ORIENTED_EDGE('',*,*,#1195,.T.);
#2173 = FACE_BOUND('',#2174,.T.);
#2174 = EDGE_LOOP('',(#2175,#2206,#2235,#2303,#2398));
#2175 = ORIENTED_EDGE('',*,*,#2176,.F.);
#2176 = EDGE_CURVE('',#2177,#2179,#2181,.T.);
#2177 = VERTEX_POINT('',#2178);
#2178 = CARTESIAN_POINT('',(14.74999995,-0.64999995,25.));
#2179 = VERTEX_POINT('',#2180);
#2180 = CARTESIAN_POINT('',(14.681314683985,3.998504923943E-02,25.));
#2181 = SURFACE_CURVE('',#2182,(#2187,#2194),.PCURVE_S1.);
#2182 = CIRCLE('',#2183,3.5);
#2183 = AXIS2_PLACEMENT_3D('',#2184,#2185,#2186);
#2184 = CARTESIAN_POINT('',(11.24999995,-0.64999995,25.));
#2185 = DIRECTION('',(0.,0.,1.));
#2186 = DIRECTION('',(1.,0.,0.));
#2187 = PCURVE('',#1210,#2188);
#2188 = DEFINITIONAL_REPRESENTATION('',(#2189),#2193);
#2189 = CIRCLE('',#2190,3.5);
#2190 = AXIS2_PLACEMENT_2D('',#2191,#2192);
#2191 = CARTESIAN_POINT('',(1.7763568394E-15,0.));
#2192 = DIRECTION('',(-1.,0.));
#2193 = ( GEOMETRIC_REPRESENTATION_CONTEXT(2) 
PARAMETRIC_REPRESENTATION_CONTEXT() REPRESENTATION_CONTEXT('2D SPACE',''
  ) );
#2194 = PCURVE('',#2195,#2200);
#2195 = CYLINDRICAL_SURFACE('',#2196,3.5);
#2196 = AXIS2_PLACEMENT_3D('',#2197,#2198,#2199);
#2197 = CARTESIAN_POINT('',(11.24999995,-0.64999995,7.35));
#2198 = DIRECTION('',(0.,0.,1.));
#2199 = DIRECTION('',(1.,0.,0.));
#2200 = DEFINITIONAL_REPRESENTATION('',(#2201),#2205);
#2201 = LINE('',#2202,#2203);
#2202 = CARTESIAN_POINT('',(0.,17.65));
#2203 = VECTOR('',#2204,1.);
#2204 = DIRECTION('',(1.,0.));
#2205 = ( GEOMETRIC_REPRESENTATION_CONTEXT(2) 
PARAMETRIC_REPRESENTATION_CONTEXT() REPRESENTATION_CONTEXT('2D SPACE',''
  ) );
#2206 = ORIENTED_EDGE('',*,*,#2207,.F.);
#2207 = EDGE_CURVE('',#2208,#2177,#2210,.T.);
#2208 = VERTEX_POINT('',#2209);
#2209 = CARTESIAN_POINT('',(8.674980273872,-3.020500711717,25.));
#2210 = SURFACE_CURVE('',#2211,(#2216,#2223),.PCURVE_S1.);
#2211 = CIRCLE('',#2212,3.5);
#2212 = AXIS2_PLACEMENT_3D('',#2213,#2214,#2215);
#2213 = CARTESIAN_POINT('',(11.24999995,-0.64999995,25.));
#2214 = DIRECTION('',(0.,0.,1.));
#2215 = DIRECTION('',(1.,0.,0.));
#2216 = PCURVE('',#1210,#2217);
#2217 = DEFINITIONAL_REPRESENTATION('',(#2218),#2222);
#2218 = CIRCLE('',#2219,3.5);
#2219 = AXIS2_PLACEMENT_2D('',#2220,#2221);
#2220 = CARTESIAN_POINT('',(1.7763568394E-15,0.));
#2221 = DIRECTION('',(-1.,0.));
#2222 = ( GEOMETRIC_REPRESENTATION_CONTEXT(2) 
PARAMETRIC_REPRESENTATION_CONTEXT() REPRESENTATION_CONTEXT('2D SPACE',''
  ) );
#2223 = PCURVE('',#2224,#2229);
#2224 = CYLINDRICAL_SURFACE('',#2225,3.5);
#2225 = AXIS2_PLACEMENT_3D('',#2226,#2227,#2228);
#2226 = CARTESIAN_POINT('',(11.24999995,-0.64999995,7.35));
#2227 = DIRECTION('',(0.,0.,1.));
#2228 = DIRECTION('',(1.,0.,0.));
#2229 = DEFINITIONAL_REPRESENTATION('',(#2230),#2234);
#2230 = LINE('',#2231,#2232);
#2231 = CARTESIAN_POINT('',(0.,17.65));
#2232 = VECTOR('',#2233,1.);
#2233 = DIRECTION('',(1.,0.));
#2234 = ( GEOMETRIC_REPRESENTATION_CONTEXT(2) 
PARAMETRIC_REPRESENTATION_CONTEXT() REPRESENTATION_CONTEXT('2D SPACE',''
  ) );
#2235 = ORIENTED_EDGE('',*,*,#2236,.F.);
#2236 = EDGE_CURVE('',#2237,#2208,#2239,.T.);
#2237 = VERTEX_POINT('',#2238);
#2238 = CARTESIAN_POINT('',(7.160474693635,0.678771678077,25.));
#2239 = SURFACE_CURVE('',#2240,(#2259,#2281),.PCURVE_S1.);
#2240 = B_SPLINE_CURVE_WITH_KNOTS('',5,(#2241,#2242,#2243,#2244,#2245,
    #2246,#2247,#2248,#2249,#2250,#2251,#2252,#2253,#2254,#2255,#2256,
    #2257,#2258),.UNSPECIFIED.,.F.,.F.,(6,4,4,4,6),(0.,0.287542981609,
    0.561061479675,0.784736503263,1.),.UNSPECIFIED.);
#2241 = CARTESIAN_POINT('',(7.160474693635,0.678771678077,25.));
#2242 = CARTESIAN_POINT('',(7.126401469274,0.437214947537,25.));
#2243 = CARTESIAN_POINT('',(7.109738925393,0.193447577993,25.));
#2244 = CARTESIAN_POINT('',(7.110946892783,-5.086971989513E-02,25.));
#2245 = CARTESIAN_POINT('',(7.130269252399,-0.293957821221,25.));
#2246 = CARTESIAN_POINT('',(7.203240974395,-0.762191834991,25.));
#2247 = CARTESIAN_POINT('',(7.255171059517,-0.987640706973,25.));
#2248 = CARTESIAN_POINT('',(7.323421758959,-1.208643880131,25.));
#2249 = CARTESIAN_POINT('',(7.407729443874,-1.423519522056,25.));
#2250 = CARTESIAN_POINT('',(7.589165030479,-1.799871022425,25.));
#2251 = CARTESIAN_POINT('',(7.681158240315,-1.963945150846,25.));
#2252 = CARTESIAN_POINT('',(7.783218147348,-2.1218482798,25.));
#2253 = CARTESIAN_POINT('',(7.89491897657,-2.272651624463,25.));
#2254 = CARTESIAN_POINT('',(8.131915913965,-2.552879337248,25.));
#2255 = CARTESIAN_POINT('',(8.256544418507,-2.6828963466,25.));
#2256 = CARTESIAN_POINT('',(8.389062143098,-2.804694548478,25.));
#2257 = CARTESIAN_POINT('',(8.528841206455,-2.917500254275,25.));
#2258 = CARTESIAN_POINT('',(8.675118486708,-3.020598097334,25.));
#2259 = PCURVE('',#1210,#2260);
#2260 = DEFINITIONAL_REPRESENTATION('',(#2261),#2280);
#2261 = B_SPLINE_CURVE_WITH_KNOTS('',5,(#2262,#2263,#2264,#2265,#2266,
    #2267,#2268,#2269,#2270,#2271,#2272,#2273,#2274,#2275,#2276,#2277,
    #2278,#2279),.UNSPECIFIED.,.F.,.F.,(6,4,4,4,6),(0.,0.287542981609,
    0.561061479675,0.784736503263,1.),.UNSPECIFIED.);
#2262 = CARTESIAN_POINT('',(4.089525256365,-1.328771628077));
#2263 = CARTESIAN_POINT('',(4.123598480726,-1.087214897537));
#2264 = CARTESIAN_POINT('',(4.140261024607,-0.843447527993));
#2265 = CARTESIAN_POINT('',(4.139053057217,-0.599130230105));
#2266 = CARTESIAN_POINT('',(4.119730697601,-0.356042128779));
#2267 = CARTESIAN_POINT('',(4.046758975605,0.112191884991));
#2268 = CARTESIAN_POINT('',(3.994828890483,0.337640756973));
#2269 = CARTESIAN_POINT('',(3.926578191041,0.558643930131));
#2270 = CARTESIAN_POINT('',(3.842270506126,0.773519572056));
#2271 = CARTESIAN_POINT('',(3.660834919521,1.149871072425));
#2272 = CARTESIAN_POINT('',(3.568841709685,1.313945200846));
#2273 = CARTESIAN_POINT('',(3.466781802652,1.4718483298));
#2274 = CARTESIAN_POINT('',(3.35508097343,1.622651674463));
#2275 = CARTESIAN_POINT('',(3.118084036035,1.902879387248));
#2276 = CARTESIAN_POINT('',(2.993455531493,2.0328963966));
#2277 = CARTESIAN_POINT('',(2.860937806902,2.154694598478));
#2278 = CARTESIAN_POINT('',(2.721158743545,2.267500304275));
#2279 = CARTESIAN_POINT('',(2.574881463292,2.370598147334));
#2280 = ( GEOMETRIC_REPRESENTATION_CONTEXT(2) 
PARAMETRIC_REPRESENTATION_CONTEXT() REPRESENTATION_CONTEXT('2D SPACE',''
  ) );
#2281 = PCURVE('',#1680,#2282);
#2282 = DEFINITIONAL_REPRESENTATION('',(#2283),#2302);
#2283 = B_SPLINE_CURVE_WITH_KNOTS('',5,(#2284,#2285,#2286,#2287,#2288,
    #2289,#2290,#2291,#2292,#2293,#2294,#2295,#2296,#2297,#2298,#2299,
    #2300,#2301),.UNSPECIFIED.,.F.,.F.,(6,4,4,4,6),(0.,0.287542981609,
    0.561061479675,0.784736503263,1.),.UNSPECIFIED.);
#2284 = CARTESIAN_POINT('',(1.030776406404,55.717749249235));
#2285 = CARTESIAN_POINT('',(0.984943878058,55.776386935264));
#2286 = CARTESIAN_POINT('',(0.938610980891,55.835664783901));
#2287 = CARTESIAN_POINT('',(0.891759111265,55.895606594839));
#2288 = CARTESIAN_POINT('',(0.844362880659,55.956244849421));
#2289 = CARTESIAN_POINT('',(0.750772616118,56.075983270158));
#2290 = CARTESIAN_POINT('',(0.704631460846,56.135015784391));
#2291 = CARTESIAN_POINT('',(0.65795463991,56.194733619849));
#2292 = CARTESIAN_POINT('',(0.610715422577,56.255170977552));
#2293 = CARTESIAN_POINT('',(0.523775738673,56.366400695066));
#2294 = CARTESIAN_POINT('',(0.484269570587,56.416944471341));
#2295 = CARTESIAN_POINT('',(0.444355212667,56.468010482703));
#2296 = CARTESIAN_POINT('',(0.404015228246,56.519621038541));
#2297 = CARTESIAN_POINT('',(0.32398266313,56.622013874066));
#2298 = CARTESIAN_POINT('',(0.284322230308,56.672755023895));
#2299 = CARTESIAN_POINT('',(0.244235604267,56.724041443828));
#2300 = CARTESIAN_POINT('',(0.203704018034,56.775897143865));
#2301 = CARTESIAN_POINT('',(0.16270838804,56.82834653821));
#2302 = ( GEOMETRIC_REPRESENTATION_CONTEXT(2) 
PARAMETRIC_REPRESENTATION_CONTEXT() REPRESENTATION_CONTEXT('2D SPACE',''
  ) );
#2303 = ORIENTED_EDGE('',*,*,#2304,.F.);
#2304 = EDGE_CURVE('',#2305,#2237,#2307,.T.);
#2305 = VERTEX_POINT('',#2306);
#2306 = CARTESIAN_POINT('',(12.578785624612,3.439539577453,25.));
#2307 = SURFACE_CURVE('',#2308,(#2336,#2367),.PCURVE_S1.);
#2308 = B_SPLINE_CURVE_WITH_KNOTS('',6,(#2309,#2310,#2311,#2312,#2313,
    #2314,#2315,#2316,#2317,#2318,#2319,#2320,#2321,#2322,#2323,#2324,
    #2325,#2326,#2327,#2328,#2329,#2330,#2331,#2332,#2333,#2334,#2335),
  .UNSPECIFIED.,.F.,.F.,(7,5,5,5,5,7),(0.,0.397993446807,0.782986062272,
    0.803987439946,0.827989024962,1.),.UNSPECIFIED.);
#2309 = CARTESIAN_POINT('',(12.578785624612,3.439539577453,25.));
#2310 = CARTESIAN_POINT('',(12.152707520717,3.577982596013,25.));
#2311 = CARTESIAN_POINT('',(11.709172387974,3.663204302485,25.));
#2312 = CARTESIAN_POINT('',(11.256821695846,3.692325890545,25.));
#2313 = CARTESIAN_POINT('',(10.804381411598,3.664632703861,25.));
#2314 = CARTESIAN_POINT('',(10.360580053872,3.580808837182,25.));
#2315 = CARTESIAN_POINT('',(9.5214905923,3.311081445226,25.));
#2316 = CARTESIAN_POINT('',(9.124826516204,3.12851687569,25.));
#2317 = CARTESIAN_POINT('',(8.751924100061,2.898475628017,25.));
#2318 = CARTESIAN_POINT('',(8.409602255,2.624996433299,25.));
#2319 = CARTESIAN_POINT('',(8.103961008108,2.313138486283,25.));
#2320 = CARTESIAN_POINT('',(7.825563779529,1.950710448931,25.));
#2321 = CARTESIAN_POINT('',(7.811286447281,1.931867657889,25.));
#2322 = CARTESIAN_POINT('',(7.797133580594,1.912930880969,25.));
#2323 = CARTESIAN_POINT('',(7.783105951528,1.893901146764,25.));
#2324 = CARTESIAN_POINT('',(7.769204320785,1.874779492284,25.));
#2325 = CARTESIAN_POINT('',(7.739686707298,1.833609776966,25.));
#2326 = CARTESIAN_POINT('',(7.724109524879,1.811533897013,25.));
#2327 = CARTESIAN_POINT('',(7.708699009056,1.789340883697,25.));
#2328 = CARTESIAN_POINT('',(7.693456258566,1.767032311281,25.));
#2329 = CARTESIAN_POINT('',(7.678382352281,1.744609767701,25.));
#2330 = CARTESIAN_POINT('',(7.55666656582,1.560575004526,25.));
#2331 = CARTESIAN_POINT('',(7.458580012698,1.393301738299,25.));
#2332 = CARTESIAN_POINT('',(7.369610966948,1.220848816575,25.));
#2333 = CARTESIAN_POINT('',(7.290094727936,1.043838451974,25.));
#2334 = CARTESIAN_POINT('',(7.220309236413,0.862920504678,25.));
#2335 = CARTESIAN_POINT('',(7.160474693635,0.678771678077,25.));
#2336 = PCURVE('',#1210,#2337);
#2337 = DEFINITIONAL_REPRESENTATION('',(#2338),#2366);
#2338 = B_SPLINE_CURVE_WITH_KNOTS('',6,(#2339,#2340,#2341,#2342,#2343,
    #2344,#2345,#2346,#2347,#2348,#2349,#2350,#2351,#2352,#2353,#2354,
    #2355,#2356,#2357,#2358,#2359,#2360,#2361,#2362,#2363,#2364,#2365),
  .UNSPECIFIED.,.F.,.F.,(7,5,5,5,5,7),(0.,0.397993446807,0.782986062272,
    0.803987439946,0.827989024962,1.),.UNSPECIFIED.);
#2339 = CARTESIAN_POINT('',(-1.328785674612,-4.089539527453));
#2340 = CARTESIAN_POINT('',(-0.902707570717,-4.227982546013));
#2341 = CARTESIAN_POINT('',(-0.459172437974,-4.313204252485));
#2342 = CARTESIAN_POINT('',(-6.821745846226E-03,-4.342325840545));
#2343 = CARTESIAN_POINT('',(0.445618538402,-4.314632653861));
#2344 = CARTESIAN_POINT('',(0.889419896128,-4.230808787182));
#2345 = CARTESIAN_POINT('',(1.7285093577,-3.961081395226));
#2346 = CARTESIAN_POINT('',(2.125173433796,-3.77851682569));
#2347 = CARTESIAN_POINT('',(2.498075849939,-3.548475578017));
#2348 = CARTESIAN_POINT('',(2.840397695,-3.274996383299));
#2349 = CARTESIAN_POINT('',(3.146038941892,-2.963138436283));
#2350 = CARTESIAN_POINT('',(3.424436170471,-2.600710398931));
#2351 = CARTESIAN_POINT('',(3.438713502719,-2.581867607889));
#2352 = CARTESIAN_POINT('',(3.452866369406,-2.562930830969));
#2353 = CARTESIAN_POINT('',(3.466893998472,-2.543901096764));
#2354 = CARTESIAN_POINT('',(3.480795629215,-2.524779442284));
#2355 = CARTESIAN_POINT('',(3.510313242702,-2.483609726966));
#2356 = CARTESIAN_POINT('',(3.525890425121,-2.461533847013));
#2357 = CARTESIAN_POINT('',(3.541300940944,-2.439340833697));
#2358 = CARTESIAN_POINT('',(3.556543691434,-2.417032261281));
#2359 = CARTESIAN_POINT('',(3.571617597719,-2.394609717701));
#2360 = CARTESIAN_POINT('',(3.69333338418,-2.210574954526));
#2361 = CARTESIAN_POINT('',(3.791419937302,-2.043301688299));
#2362 = CARTESIAN_POINT('',(3.880388983052,-1.870848766575));
#2363 = CARTESIAN_POINT('',(3.959905222064,-1.693838401974));
#2364 = CARTESIAN_POINT('',(4.029690713587,-1.512920454678));
#2365 = CARTESIAN_POINT('',(4.089525256365,-1.328771628077));
#2366 = ( GEOMETRIC_REPRESENTATION_CONTEXT(2) 
PARAMETRIC_REPRESENTATION_CONTEXT() REPRESENTATION_CONTEXT('2D SPACE',''
  ) );
#2367 = PCURVE('',#1959,#2368);
#2368 = DEFINITIONAL_REPRESENTATION('',(#2369),#2397);
#2369 = B_SPLINE_CURVE_WITH_KNOTS('',6,(#2370,#2371,#2372,#2373,#2374,
    #2375,#2376,#2377,#2378,#2379,#2380,#2381,#2382,#2383,#2384,#2385,
    #2386,#2387,#2388,#2389,#2390,#2391,#2392,#2393,#2394,#2395,#2396),
  .UNSPECIFIED.,.F.,.F.,(7,5,5,5,5,7),(0.,0.397993446807,0.782986062272,
    0.803987439946,0.827989024962,1.),.UNSPECIFIED.);
#2370 = CARTESIAN_POINT('',(0.5,54.069295150642));
#2371 = CARTESIAN_POINT('',(0.46683663495,54.178631773022));
#2372 = CARTESIAN_POINT('',(0.433662049149,54.288005365342));
#2373 = CARTESIAN_POINT('',(0.400500569071,54.397335715815));
#2374 = CARTESIAN_POINT('',(0.367338924227,54.506666581797));
#2375 = CARTESIAN_POINT('',(0.334163894719,54.61604156401));
#2376 = CARTESIAN_POINT('',(0.268919434787,54.831146472375));
#2377 = CARTESIAN_POINT('',(0.236829155406,54.936945135593));
#2378 = CARTESIAN_POINT('',(0.204750025032,55.04270705357));
#2379 = CARTESIAN_POINT('',(0.172670896147,55.148468987974));
#2380 = CARTESIAN_POINT('',(0.140580620132,55.25426769388));
#2381 = CARTESIAN_POINT('',(0.106749999575,55.365804171837));
#2382 = CARTESIAN_POINT('',(0.104999999353,55.37157376339));
#2383 = CARTESIAN_POINT('',(0.103249999281,55.37734335449));
#2384 = CARTESIAN_POINT('',(0.101499999359,55.38311294514));
#2385 = CARTESIAN_POINT('',(9.9749999584E-02,55.388882535342));
#2386 = CARTESIAN_POINT('',(9.599999950215E-02,55.401245944862));
#2387 = CARTESIAN_POINT('',(9.399999923441E-02,55.407839764063));
#2388 = CARTESIAN_POINT('',(9.199999914981E-02,55.414433582708));
#2389 = CARTESIAN_POINT('',(8.999999924551E-02,55.421027400807));
#2390 = CARTESIAN_POINT('',(8.799999951808E-02,55.427621218367));
#2391 = CARTESIAN_POINT('',(7.166670184096E-02,55.481470618587));
#2392 = CARTESIAN_POINT('',(5.733324073534E-02,55.528726741355));
#2393 = CARTESIAN_POINT('',(4.299998697224E-02,55.575982182097));
#2394 = CARTESIAN_POINT('',(2.866673637971E-02,55.623237613109));
#2395 = CARTESIAN_POINT('',(1.433328436646E-02,55.670493708023));
#2396 = CARTESIAN_POINT('',(0.,55.717749249235));
#2397 = ( GEOMETRIC_REPRESENTATION_CONTEXT(2) 
PARAMETRIC_REPRESENTATION_CONTEXT() REPRESENTATION_CONTEXT('2D SPACE',''
  ) );
#2398 = ORIENTED_EDGE('',*,*,#2399,.F.);
#2399 = EDGE_CURVE('',#2179,#2305,#2400,.T.);
#2400 = SURFACE_CURVE('',#2401,(#2420,#2442),.PCURVE_S1.);
#2401 = B_SPLINE_CURVE_WITH_KNOTS('',5,(#2402,#2403,#2404,#2405,#2406,
    #2407,#2408,#2409,#2410,#2411,#2412,#2413,#2414,#2415,#2416,#2417,
    #2418,#2419),.UNSPECIFIED.,.F.,.F.,(6,4,4,4,6),(0.,0.215261069743,
    0.438934196719,0.713494105261,1.),.UNSPECIFIED.);
#2402 = CARTESIAN_POINT('',(14.681310911156,3.972414273788E-02,25.));
#2403 = CARTESIAN_POINT('',(14.683882021026,0.218661346249,25.));
#2404 = CARTESIAN_POINT('',(14.674781039114,0.398047453251,25.));
#2405 = CARTESIAN_POINT('',(14.654138021939,0.576844823416,25.));
#2406 = CARTESIAN_POINT('',(14.622209534571,0.754090861177,25.));
#2407 = CARTESIAN_POINT('',(14.53481045141,1.110534987341,25.));
#2408 = CARTESIAN_POINT('',(14.478467972995,1.2895413329,25.));
#2409 = CARTESIAN_POINT('',(14.410715175831,1.464921541988,25.));
#2410 = CARTESIAN_POINT('',(14.332052989885,1.635785208947,25.));
#2411 = CARTESIAN_POINT('',(14.133817751995,2.00455507881,25.));
#2412 = CARTESIAN_POINT('',(14.009006392688,2.199773937567,25.));
#2413 = CARTESIAN_POINT('',(13.869693540443,2.385527093752,25.));
#2414 = CARTESIAN_POINT('',(13.717099242124,2.560599829257,25.));
#2415 = CARTESIAN_POINT('',(13.380813806763,2.894501039445,25.));
#2416 = CARTESIAN_POINT('',(13.196053667578,3.052296120995,25.));
#2417 = CARTESIAN_POINT('',(12.999746633465,3.196253068762,25.));
#2418 = CARTESIAN_POINT('',(12.793458490187,3.325533430544,25.));
#2419 = CARTESIAN_POINT('',(12.578785624612,3.439539577453,25.));
#2420 = PCURVE('',#1210,#2421);
#2421 = DEFINITIONAL_REPRESENTATION('',(#2422),#2441);
#2422 = B_SPLINE_CURVE_WITH_KNOTS('',5,(#2423,#2424,#2425,#2426,#2427,
    #2428,#2429,#2430,#2431,#2432,#2433,#2434,#2435,#2436,#2437,#2438,
    #2439,#2440),.UNSPECIFIED.,.F.,.F.,(6,4,4,4,6),(0.,0.215261069743,
    0.438934196719,0.713494105261,1.),.UNSPECIFIED.);
#2423 = CARTESIAN_POINT('',(-3.431310961156,-0.689724092738));
#2424 = CARTESIAN_POINT('',(-3.433882071026,-0.868661296249));
#2425 = CARTESIAN_POINT('',(-3.424781089114,-1.048047403251));
#2426 = CARTESIAN_POINT('',(-3.404138071939,-1.226844773416));
#2427 = CARTESIAN_POINT('',(-3.372209584571,-1.404090811177));
#2428 = CARTESIAN_POINT('',(-3.28481050141,-1.760534937341));
#2429 = CARTESIAN_POINT('',(-3.228468022995,-1.9395412829));
#2430 = CARTESIAN_POINT('',(-3.160715225831,-2.114921491988));
#2431 = CARTESIAN_POINT('',(-3.082053039885,-2.285785158947));
#2432 = CARTESIAN_POINT('',(-2.883817801995,-2.65455502881));
#2433 = CARTESIAN_POINT('',(-2.759006442688,-2.849773887567));
#2434 = CARTESIAN_POINT('',(-2.619693590443,-3.035527043752));
#2435 = CARTESIAN_POINT('',(-2.467099292124,-3.210599779257));
#2436 = CARTESIAN_POINT('',(-2.130813856763,-3.544500989445));
#2437 = CARTESIAN_POINT('',(-1.946053717578,-3.702296070995));
#2438 = CARTESIAN_POINT('',(-1.749746683465,-3.846253018762));
#2439 = CARTESIAN_POINT('',(-1.543458540187,-3.975533380544));
#2440 = CARTESIAN_POINT('',(-1.328785674612,-4.089539527453));
#2441 = ( GEOMETRIC_REPRESENTATION_CONTEXT(2) 
PARAMETRIC_REPRESENTATION_CONTEXT() REPRESENTATION_CONTEXT('2D SPACE',''
  ) );
#2442 = PCURVE('',#1389,#2443);
#2443 = DEFINITIONAL_REPRESENTATION('',(#2444),#2463);
#2444 = B_SPLINE_CURVE_WITH_KNOTS('',5,(#2445,#2446,#2447,#2448,#2449,
    #2450,#2451,#2452,#2453,#2454,#2455,#2456,#2457,#2458,#2459,#2460,
    #2461,#2462),.UNSPECIFIED.,.F.,.F.,(6,4,4,4,6),(0.,0.215261069743,
    0.438934196719,0.713494105261,1.),.UNSPECIFIED.);
#2445 = CARTESIAN_POINT('',(0.868066662547,52.958701902064));
#2446 = CARTESIAN_POINT('',(0.82707112705,53.011151066021));
#2447 = CARTESIAN_POINT('',(0.786539606288,53.063006567331));
#2448 = CARTESIAN_POINT('',(0.746453022533,53.114292812733));
#2449 = CARTESIAN_POINT('',(0.706792633478,53.165033784297));
#2450 = CARTESIAN_POINT('',(0.626760090831,53.267426343442));
#2451 = CARTESIAN_POINT('',(0.586420089174,53.31903679603));
#2452 = CARTESIAN_POINT('',(0.546505772078,53.37010263394));
#2453 = CARTESIAN_POINT('',(0.506999723853,53.420646141855));
#2454 = CARTESIAN_POINT('',(0.419878005041,53.532108511051));
#2455 = CARTESIAN_POINT('',(0.372461174142,53.592772982091));
#2456 = CARTESIAN_POINT('',(0.325611107529,53.652712352978));
#2457 = CARTESIAN_POINT('',(0.27930074571,53.711961242074));
#2458 = CARTESIAN_POINT('',(0.185726779799,53.831678600239));
#2459 = CARTESIAN_POINT('',(0.138508005843,53.892089714826));
#2460 = CARTESIAN_POINT('',(9.182959906712E-02,53.951809494696));
#2461 = CARTESIAN_POINT('',(4.566641797256E-02,54.010870100807));
#2462 = CARTESIAN_POINT('',(0.,54.069295150642));
#2463 = ( GEOMETRIC_REPRESENTATION_CONTEXT(2) 
PARAMETRIC_REPRESENTATION_CONTEXT() REPRESENTATION_CONTEXT('2D SPACE',''
  ) );
#2464 = ADVANCED_FACE('',(#2465),#1300,.T.);
#2465 = FACE_BOUND('',#2466,.T.);
#2466 = EDGE_LOOP('',(#2467));
#2467 = ORIENTED_EDGE('',*,*,#1283,.T.);
#2468 = ADVANCED_FACE('',(#2469),#1389,.T.);
#2469 = FACE_BOUND('',#2470,.T.);
#2470 = EDGE_LOOP('',(#2471,#2571,#2572,#2781,#2995,#3230,#3444,#3658,
    #3867,#4074));
#2471 = ORIENTED_EDGE('',*,*,#2472,.F.);
#2472 = EDGE_CURVE('',#1344,#2305,#2473,.T.);
#2473 = SURFACE_CURVE('',#2474,(#2557,#2564),.PCURVE_S1.);
#2474 = B_SPLINE_CURVE_WITH_KNOTS('',11,(#2475,#2476,#2477,#2478,#2479,
    #2480,#2481,#2482,#2483,#2484,#2485,#2486,#2487,#2488,#2489,#2490,
    #2491,#2492,#2493,#2494,#2495,#2496,#2497,#2498,#2499,#2500,#2501,
    #2502,#2503,#2504,#2505,#2506,#2507,#2508,#2509,#2510,#2511,#2512,
    #2513,#2514,#2515,#2516,#2517,#2518,#2519,#2520,#2521,#2522,#2523,
    #2524,#2525,#2526,#2527,#2528,#2529,#2530,#2531,#2532,#2533,#2534,
    #2535,#2536,#2537,#2538,#2539,#2540,#2541,#2542,#2543,#2544,#2545,
    #2546,#2547,#2548,#2549,#2550,#2551,#2552,#2553,#2554,#2555,#2556),
  .UNSPECIFIED.,.F.,.F.,(12,10,10,10,10,10,10,10,12),(0.,7.41804369632,
    14.83608739264,22.25413108896,29.672174785281,37.090218481601,
    44.508262177921,51.926305874241,59.344349570561),.UNSPECIFIED.);
#2475 = CARTESIAN_POINT('',(15.54999995,-0.64999995,8.6));
#2476 = CARTESIAN_POINT('',(15.549998214746,2.113183864624,
    8.804550988581));
#2477 = CARTESIAN_POINT('',(13.598121259042,4.876554360867,
    9.009068810259));
#2478 = CARTESIAN_POINT('',(9.681794954515,6.104305031703,9.213695683754
    ));
#2479 = CARTESIAN_POINT('',(5.217071024659,4.268871321903,9.418074894949
    ));
#2480 = CARTESIAN_POINT('',(2.7210237138,-0.802613054788,9.622870672432)
  );
#2481 = CARTESIAN_POINT('',(5.111277077506,-6.57294016679,9.827130449368
    ));
#2482 = CARTESIAN_POINT('',(10.462181444954,-8.394130894811,
    10.031924841653));
#2483 = CARTESIAN_POINT('',(14.917156482567,-6.534879613205,
    10.236306276174));
#2484 = CARTESIAN_POINT('',(16.818226029235,-2.897500944145,
    10.440930852694));
#2485 = CARTESIAN_POINT('',(16.244426095419,0.436693988181,
    10.645450465656));
#2486 = CARTESIAN_POINT('',(12.33669199653,4.344424213552,
    11.054550258112));
#2487 = CARTESIAN_POINT('',(9.002508214311,4.918236226341,
    11.259069994335));
#2488 = CARTESIAN_POINT('',(5.365096983945,3.01712699019,11.463694105525
    ));
#2489 = CARTESIAN_POINT('',(3.505907459274,-1.437758194413,
    11.668076643732));
#2490 = CARTESIAN_POINT('',(5.327017059672,-6.788810161703,
    11.872869058229));
#2491 = CARTESIAN_POINT('',(11.097418355805,-9.178884081619,
    12.07713168243));
#2492 = CARTESIAN_POINT('',(16.168855781748,-6.68299903375,
    12.281924076068));
#2493 = CARTESIAN_POINT('',(18.004309453359,-2.218167125608,
    12.486306647751));
#2494 = CARTESIAN_POINT('',(16.776553585873,1.698107314508,
    12.690930724361));
#2495 = CARTESIAN_POINT('',(14.01318388898,3.650001291776,
    12.895450487548));
#2496 = CARTESIAN_POINT('',(8.486816072912,3.649998562621,
    13.304550247119));
#2497 = CARTESIAN_POINT('',(5.723445740388,1.698120957244,
    13.509070012147));
#2498 = CARTESIAN_POINT('',(4.495694833332,-2.21820440994,
    13.713694081788));
#2499 = CARTESIAN_POINT('',(6.331128827658,-6.682929468759,
    13.918076670034));
#2500 = CARTESIAN_POINT('',(11.402612916723,-9.178975638448,
    14.122869033949));
#2501 = CARTESIAN_POINT('',(17.172940272266,-6.788723240916,
    14.327131700979));
#2502 = CARTESIAN_POINT('',(18.994130829319,-1.437818195253,
    14.531924064551));
#2503 = CARTESIAN_POINT('',(17.134879644992,3.017156456475,
    14.73630665334));
#2504 = CARTESIAN_POINT('',(13.497500933167,4.918226172784,
    14.940930722431));
#2505 = CARTESIAN_POINT('',(10.163306013691,4.34442618799,
    15.145450487877));
#2506 = CARTESIAN_POINT('',(6.255575785508,0.436692100261,
    15.554550246953));
#2507 = CARTESIAN_POINT('',(5.681763775181,-2.897491691733,
    15.759070012412));
#2508 = CARTESIAN_POINT('',(7.582873007783,-6.534902908006,
    15.963694081442));
#2509 = CARTESIAN_POINT('',(12.037758196654,-8.394092449636,
    16.168076670407));
#2510 = CARTESIAN_POINT('',(17.388810159643,-6.572982832111,
    16.372869033616));
#2511 = CARTESIAN_POINT('',(19.778884083183,-0.802581550471,
    16.577131701227));
#2512 = CARTESIAN_POINT('',(17.282999032785,4.268855885646,
    16.781924064398));
#2513 = CARTESIAN_POINT('',(12.818167126075,6.104309551465,
    16.986306653417));
#2514 = CARTESIAN_POINT('',(8.901892685329,4.876553686529,17.1909307224)
  );
#2515 = CARTESIAN_POINT('',(6.949998708255,2.113183988868,
    17.395450487888));
#2516 = CARTESIAN_POINT('',(6.950001437359,-3.413183827032,
    17.804550246934));
#2517 = CARTESIAN_POINT('',(8.901879042807,-6.176554159709,
    18.009070012486));
#2518 = CARTESIAN_POINT('',(12.818204409853,-7.404305066527,
    18.213694081291));
#2519 = CARTESIAN_POINT('',(17.282929468866,-5.568871072503,
    18.418076670627));
#2520 = CARTESIAN_POINT('',(19.778975638355,-0.49738698314,
    18.622869033363));
#2521 = CARTESIAN_POINT('',(17.388723240969,5.272940372191,
    18.82713170146));
#2522 = CARTESIAN_POINT('',(12.037818195234,7.094130929335,
    19.031924064222));
#2523 = CARTESIAN_POINT('',(7.58284354353,5.234879745004,19.236306653522
    ));
#2524 = CARTESIAN_POINT('',(5.681773827213,1.597501033155,
    19.440930722356));
#2525 = CARTESIAN_POINT('',(6.255573812013,-1.736693886305,
    19.645450487895));
#2526 = CARTESIAN_POINT('',(10.163307899734,-5.644424114496,
    20.054550246942));
#2527 = CARTESIAN_POINT('',(13.497491691756,-6.218236124805,
    20.259070012427));
#2528 = CARTESIAN_POINT('',(17.134902907947,-4.317126892245,
    20.46369408145));
#2529 = CARTESIAN_POINT('',(18.994092449736,0.137758296699,
    20.66807667033));
#2530 = CARTESIAN_POINT('',(17.172982831984,5.488810259579,
    20.872869033796));
#2531 = CARTESIAN_POINT('',(11.4025815506,7.878884183256,21.077131700943
    ));
#2532 = CARTESIAN_POINT('',(6.331144114238,5.382999132716,
    21.281924064741));
#2533 = CARTESIAN_POINT('',(4.495690448633,0.918167226127,
    21.486306653083));
#2534 = CARTESIAN_POINT('',(5.723446313397,-2.998107214702,
    21.690930722667));
#2535 = CARTESIAN_POINT('',(8.48681601118,-4.950001191731,
    21.895450487713));
#2536 = CARTESIAN_POINT('',(14.013183826936,-4.949998462664,
    22.304550247295));
#2537 = CARTESIAN_POINT('',(16.776554160269,-2.998120857047,
    22.509070010409));
#2538 = CARTESIAN_POINT('',(18.004305064903,0.918204509394,
    22.713694087219));
#2539 = CARTESIAN_POINT('',(16.168871075876,5.382929569878,
    22.918076658549));
#2540 = CARTESIAN_POINT('',(11.097386977652,7.878975736634,
    23.122869052654));
#2541 = CARTESIAN_POINT('',(5.327059635052,5.488723343308,
    23.327131676364));
#2542 = CARTESIAN_POINT('',(3.505869062792,0.137818292649,
    23.531924091283));
#2543 = CARTESIAN_POINT('',(5.365120262094,-4.317156354119,
    23.736306629192));
#2544 = CARTESIAN_POINT('',(9.002498961541,-6.218226074552,
    23.940930740549));
#2545 = CARTESIAN_POINT('',(12.336693889561,-5.644426086898,
    24.145450476707));
#2546 = CARTESIAN_POINT('',(16.244424108028,-1.736692002435,
    24.554550269178));
#2547 = CARTESIAN_POINT('',(16.818236162695,1.597491804475,
    24.75906988214));
#2548 = CARTESIAN_POINT('',(14.917126782551,5.234902971119,
    24.963694458647));
#2549 = CARTESIAN_POINT('',(10.462241929302,7.094092625623,
    25.168075893198));
#2550 = CARTESIAN_POINT('',(5.111189376422,5.272982809745,25.37287028543
    ));
#2551 = CARTESIAN_POINT('',(2.72111629326,-0.497418189358,
    25.577130062449));
#2552 = CARTESIAN_POINT('',(5.217000351034,-5.568855959165,
    25.781925839825));
#2553 = CARTESIAN_POINT('',(9.681833239777,-7.404309294864,
    25.986305051127));
#2554 = CARTESIAN_POINT('',(13.598106865152,-6.176553704025,
    26.190931924542));
#2555 = CARTESIAN_POINT('',(15.550001407372,-3.41318381638,
    26.395449746265));
#2556 = CARTESIAN_POINT('',(15.549999720366,-0.65000001683,
    26.600000734827));
#2557 = PCURVE('',#1389,#2558);
#2558 = DEFINITIONAL_REPRESENTATION('',(#2559),#2563);
#2559 = LINE('',#2560,#2561);
#2560 = CARTESIAN_POINT('',(0.,0.));
#2561 = VECTOR('',#2562,1.);
#2562 = DIRECTION('',(0.,1.));
#2563 = ( GEOMETRIC_REPRESENTATION_CONTEXT(2) 
PARAMETRIC_REPRESENTATION_CONTEXT() REPRESENTATION_CONTEXT('2D SPACE',''
  ) );
#2564 = PCURVE('',#1959,#2565);
#2565 = DEFINITIONAL_REPRESENTATION('',(#2566),#2570);
#2566 = LINE('',#2567,#2568);
#2567 = CARTESIAN_POINT('',(0.5,0.));
#2568 = VECTOR('',#2569,1.);
#2569 = DIRECTION('',(0.,1.));
#2570 = ( GEOMETRIC_REPRESENTATION_CONTEXT(2) 
PARAMETRIC_REPRESENTATION_CONTEXT() REPRESENTATION_CONTEXT('2D SPACE',''
  ) );
#2571 = ORIENTED_EDGE('',*,*,#1341,.F.);
#2572 = ORIENTED_EDGE('',*,*,#2573,.T.);
#2573 = EDGE_CURVE('',#1342,#2574,#2576,.T.);
#2574 = VERTEX_POINT('',#2575);
#2575 = CARTESIAN_POINT('',(14.74999995,-0.64999995,14.936845024562));
#2576 = SURFACE_CURVE('',#2577,(#2643,#2712),.PCURVE_S1.);
#2577 = B_SPLINE_CURVE_WITH_KNOTS('',8,(#2578,#2579,#2580,#2581,#2582,
    #2583,#2584,#2585,#2586,#2587,#2588,#2589,#2590,#2591,#2592,#2593,
    #2594,#2595,#2596,#2597,#2598,#2599,#2600,#2601,#2602,#2603,#2604,
    #2605,#2606,#2607,#2608,#2609,#2610,#2611,#2612,#2613,#2614,#2615,
    #2616,#2617,#2618,#2619,#2620,#2621,#2622,#2623,#2624,#2625,#2626,
    #2627,#2628,#2629,#2630,#2631,#2632,#2633,#2634,#2635,#2636,#2637,
    #2638,#2639,#2640,#2641,#2642),.UNSPECIFIED.,.F.,.F.,(9,7,7,7,7,7,7,
    7,7,9),(0.,9.906525396119E-02,0.202922335189,0.270692836904,
    0.350416016889,0.459502413543,0.583455928517,0.701354359568,
    0.82084848828,1.),.UNSPECIFIED.);
#2578 = CARTESIAN_POINT('',(14.74999995,-0.64999995,12.936842097198));
#2579 = CARTESIAN_POINT('',(14.74999995,-0.377810157607,12.961596697096)
  );
#2580 = CARTESIAN_POINT('',(14.725807956142,-0.105544237892,
    12.986357873842));
#2581 = CARTESIAN_POINT('',(14.677401669774,0.164188573212,
    13.011116887836));
#2582 = CARTESIAN_POINT('',(14.605115932631,0.428872309043,
    13.035872516941));
#2583 = CARTESIAN_POINT('',(14.509582072901,0.686077731219,
    13.060627582134));
#2584 = CARTESIAN_POINT('',(14.391704153429,0.933466639754,
    13.085385364179));
#2585 = CARTESIAN_POINT('',(14.252672122075,1.168807034289,
    13.110145911328));
#2586 = CARTESIAN_POINT('',(13.927677144118,1.621890371457,
    13.160856038524));
#2587 = CARTESIAN_POINT('',(13.739688820412,1.838343774674,
    13.186817503617));
#2588 = CARTESIAN_POINT('',(13.5317795793,2.036904242542,13.212777252599
    ));
#2589 = CARTESIAN_POINT('',(13.305964509773,2.215459514534,
    13.238734982771));
#2590 = CARTESIAN_POINT('',(13.064485959505,2.372187875741,
    13.264693970163));
#2591 = CARTESIAN_POINT('',(12.809787638463,2.505546695791,
    13.290656422317));
#2592 = CARTESIAN_POINT('',(12.544517970194,2.614301794085,
    13.316619683184));
#2593 = CARTESIAN_POINT('',(12.093449499007,2.751951177718,
    13.359508957293));
#2594 = CARTESIAN_POINT('',(11.912014421333,2.79547930199,
    13.376445393872));
#2595 = CARTESIAN_POINT('',(11.728037929188,2.827939830169,
    13.393379173883));
#2596 = CARTESIAN_POINT('',(11.542311471581,2.84916418882,
    13.410318517347));
#2597 = CARTESIAN_POINT('',(11.355631838194,2.859050555102,
    13.427245145851));
#2598 = CARTESIAN_POINT('',(11.168808178649,2.85756466493,
    13.444190265245));
#2599 = CARTESIAN_POINT('',(10.982647798044,2.844740188134,
    13.461131569747));
#2600 = CARTESIAN_POINT('',(10.580712664397,2.792390839911,
    13.498000420839));
#2601 = CARTESIAN_POINT('',(10.365457455409,2.748549426084,
    13.517931082447));
#2602 = CARTESIAN_POINT('',(10.153540165886,2.689330748141,
    13.53785869926));
#2603 = CARTESIAN_POINT('',(9.946245583462,2.615043626287,
    13.557782411304));
#2604 = CARTESIAN_POINT('',(9.744807027767,2.526118069188,
    13.577703783158));
#2605 = CARTESIAN_POINT('',(9.550406249631,2.423095534936,13.59762506353
    ));
#2606 = CARTESIAN_POINT('',(9.364170049397,2.306628767499,
    13.617547801113));
#2607 = CARTESIAN_POINT('',(8.944963112728,2.000790392562,13.66473413954
    ));
#2608 = CARTESIAN_POINT('',(8.719980889824,1.800320320514,
    13.692005854803));
#2609 = CARTESIAN_POINT('',(8.515067918417,1.578120986409,
    13.719274098348));
#2610 = CARTESIAN_POINT('',(8.332640170933,1.336579738823,
    13.746539528308));
#2611 = CARTESIAN_POINT('',(8.17474561142,1.078341851788,13.773805787984
    ));
#2612 = CARTESIAN_POINT('',(8.043087526822,0.806281633659,
    13.801076422398));
#2613 = CARTESIAN_POINT('',(7.938993518645,0.523510688098,
    13.828352105535));
#2614 = CARTESIAN_POINT('',(7.777332003295,-9.624929024678E-02,
    13.886606380904));
#2615 = CARTESIAN_POINT('',(7.727973876358,-0.435626368157,
    13.917606620807));
#2616 = CARTESIAN_POINT('',(7.716612284147,-0.779730049043,
    13.94859698509));
#2617 = CARTESIAN_POINT('',(7.743662400665,-1.123586765243,
    13.979579306639));
#2618 = CARTESIAN_POINT('',(7.808803484026,-1.462301505882,
    14.010561280673));
#2619 = CARTESIAN_POINT('',(7.911048527033,-1.791066559272,
    14.041550579094));
#2620 = CARTESIAN_POINT('',(8.04867571841,-2.105190016851,
    14.072548906694));
#2621 = CARTESIAN_POINT('',(8.381062485861,-2.680810440493,
    14.132999797554));
#2622 = CARTESIAN_POINT('',(8.572859881125,-2.944401014803,
    14.162482518289));
#2623 = CARTESIAN_POINT('',(8.792241032947,-3.187095688926,
    14.191959213656));
#2624 = CARTESIAN_POINT('',(9.036485044895,-3.405568131647,
    14.221430403085));
#2625 = CARTESIAN_POINT('',(9.302477633307,-3.596961159622,
    14.250901242904));
#2626 = CARTESIAN_POINT('',(9.586756977004,-3.758853203437,
    14.280377017062));
#2627 = CARTESIAN_POINT('',(9.885492313628,-3.889307018212,
    14.30985860007));
#2628 = CARTESIAN_POINT('',(10.50754611182,-4.08607546089,
    14.369193145699));
#2629 = CARTESIAN_POINT('',(10.831426265964,-4.151587754635,
    14.399072808048));
#2630 = CARTESIAN_POINT('',(11.161667796686,-4.182120011343,
    14.428944840654));
#2631 = CARTESIAN_POINT('',(11.493846443883,-4.177040721404,
    14.458810735323));
#2632 = CARTESIAN_POINT('',(11.823565426405,-4.136359452321,
    14.48867694102));
#2633 = CARTESIAN_POINT('',(12.146466549823,-4.060670192481,
    14.518549770823));
#2634 = CARTESIAN_POINT('',(12.458249955372,-3.951208639383,
    14.548430296184));
#2635 = CARTESIAN_POINT('',(13.199278927331,-3.59834256977,
    14.623075068943));
#2636 = CARTESIAN_POINT('',(13.610825421346,-3.314698238133,
    14.667959898896));
#2637 = CARTESIAN_POINT('',(13.974034258456,-2.965686234786,
    14.712786141477));
#2638 = CARTESIAN_POINT('',(14.277492556272,-2.561503199482,
    14.757581095379));
#2639 = CARTESIAN_POINT('',(14.511892230072,-2.113771837822,
    14.802371899863));
#2640 = CARTESIAN_POINT('',(14.670829238618,-1.63587786757,
    14.847187174099));
#2641 = CARTESIAN_POINT('',(14.74999995,-1.142398112044,14.892065238826)
  );
#2642 = CARTESIAN_POINT('',(14.74999995,-0.64999995,14.936845024562));
#2643 = PCURVE('',#1389,#2644);
#2644 = DEFINITIONAL_REPRESENTATION('',(#2645),#2711);
#2645 = B_SPLINE_CURVE_WITH_KNOTS('',8,(#2646,#2647,#2648,#2649,#2650,
    #2651,#2652,#2653,#2654,#2655,#2656,#2657,#2658,#2659,#2660,#2661,
    #2662,#2663,#2664,#2665,#2666,#2667,#2668,#2669,#2670,#2671,#2672,
    #2673,#2674,#2675,#2676,#2677,#2678,#2679,#2680,#2681,#2682,#2683,
    #2684,#2685,#2686,#2687,#2688,#2689,#2690,#2691,#2692,#2693,#2694,
    #2695,#2696,#2697,#2698,#2699,#2700,#2701,#2702,#2703,#2704,#2705,
    #2706,#2707,#2708,#2709,#2710),.UNSPECIFIED.,.F.,.F.,(9,7,7,7,7,7,7,
    7,7,9),(0.,9.906525396119E-02,0.202922335189,0.270692836904,
    0.350416016889,0.459502413543,0.583455928517,0.701354359568,
    0.82084848828,1.),.UNSPECIFIED.);
#2646 = CARTESIAN_POINT('',(0.868025166149,13.187629463761));
#2647 = CARTESIAN_POINT('',(0.8680247928,13.269243587521));
#2648 = CARTESIAN_POINT('',(0.868023533121,13.350880528504));
#2649 = CARTESIAN_POINT('',(0.868021120879,13.432511813665));
#2650 = CARTESIAN_POINT('',(0.868017483898,13.514133506076));
#2651 = CARTESIAN_POINT('',(0.868013120593,13.595754268569));
#2652 = CARTESIAN_POINT('',(0.868009100996,13.677383548535));
#2653 = CARTESIAN_POINT('',(0.868006692267,13.759019883871));
#2654 = CARTESIAN_POINT('',(0.868006521072,13.926206742619));
#2655 = CARTESIAN_POINT('',(0.868009054516,14.011796071356));
#2656 = CARTESIAN_POINT('',(0.868014734154,14.097375717034));
#2657 = CARTESIAN_POINT('',(0.868024272493,14.182943770117));
#2658 = CARTESIAN_POINT('',(0.868036192164,14.268512921489));
#2659 = CARTESIAN_POINT('',(0.868046607189,14.354095420874));
#2660 = CARTESIAN_POINT('',(0.868051162768,14.439688082989));
#2661 = CARTESIAN_POINT('',(0.868047809458,14.58109437735));
#2662 = CARTESIAN_POINT('',(0.868044433112,14.636936575498));
#2663 = CARTESIAN_POINT('',(0.868032893511,14.692780459129));
#2664 = CARTESIAN_POINT('',(0.868036847365,14.748622862927));
#2665 = CARTESIAN_POINT('',(0.868005684237,14.804468274768));
#2666 = CARTESIAN_POINT('',(0.868021246378,14.860314869677));
#2667 = CARTESIAN_POINT('',(0.868026700465,14.9161618194));
#2668 = CARTESIAN_POINT('',(0.868041842511,15.037695668421));
#2669 = CARTESIAN_POINT('',(0.868049792151,15.103395061642));
#2670 = CARTESIAN_POINT('',(0.86805310278,15.169090351513));
#2671 = CARTESIAN_POINT('',(0.868051411167,15.234779167512));
#2672 = CARTESIAN_POINT('',(0.868046172593,15.300464806061));
#2673 = CARTESIAN_POINT('',(0.868039180878,15.366152385958));
#2674 = CARTESIAN_POINT('',(0.868031830771,15.431845228676));
#2675 = CARTESIAN_POINT('',(0.868015943954,15.587434585318));
#2676 = CARTESIAN_POINT('',(0.868007947877,15.677357160065));
#2677 = CARTESIAN_POINT('',(0.86800369025,15.767263505949));
#2678 = CARTESIAN_POINT('',(0.868003900806,15.857154859157));
#2679 = CARTESIAN_POINT('',(0.868007205368,15.947044989434));
#2680 = CARTESIAN_POINT('',(0.868011596174,16.036948153096));
#2681 = CARTESIAN_POINT('',(0.868015878309,16.126868100969));
#2682 = CARTESIAN_POINT('',(0.868023231055,16.318917698488));
#2683 = CARTESIAN_POINT('',(0.868026074011,16.421119009783));
#2684 = CARTESIAN_POINT('',(0.868026817135,16.523290448558));
#2685 = CARTESIAN_POINT('',(0.868025570952,16.625437916269));
#2686 = CARTESIAN_POINT('',(0.868023637623,16.727585117381));
#2687 = CARTESIAN_POINT('',(0.868022374905,16.829755608355));
#2688 = CARTESIAN_POINT('',(0.868022195992,16.931954481097));
#2689 = CARTESIAN_POINT('',(0.868023816151,17.13125345268));
#2690 = CARTESIAN_POINT('',(0.86802551444,17.228453106887));
#2691 = CARTESIAN_POINT('',(0.868028041252,17.325631836006));
#2692 = CARTESIAN_POINT('',(0.868030805395,17.422792108917));
#2693 = CARTESIAN_POINT('',(0.868032860216,17.519952136694));
#2694 = CARTESIAN_POINT('',(0.868033447863,17.617130309615));
#2695 = CARTESIAN_POINT('',(0.868032423526,17.714329696136));
#2696 = CARTESIAN_POINT('',(0.868027646561,17.909956364245));
#2697 = CARTESIAN_POINT('',(0.868023856735,18.008471719982));
#2698 = CARTESIAN_POINT('',(0.868018958545,18.10696333918));
#2699 = CARTESIAN_POINT('',(0.868013700105,18.205435183063));
#2700 = CARTESIAN_POINT('',(0.868009170292,18.303907120182));
#2701 = CARTESIAN_POINT('',(0.868006282024,18.4023987962));
#2702 = CARTESIAN_POINT('',(0.868005343557,18.500913349215));
#2703 = CARTESIAN_POINT('',(0.868007464233,18.747007607621));
#2704 = CARTESIAN_POINT('',(0.868012761863,18.894981998743));
#2705 = CARTESIAN_POINT('',(0.868021506317,19.042758822851));
#2706 = CARTESIAN_POINT('',(0.868030852367,19.190431721371));
#2707 = CARTESIAN_POINT('',(0.86803525527,19.338097263854));
#2708 = CARTESIAN_POINT('',(0.868034363668,19.485850254578));
#2709 = CARTESIAN_POINT('',(0.868031139211,19.633813244418));
#2710 = CARTESIAN_POINT('',(0.868027858591,19.781452289291));
#2711 = ( GEOMETRIC_REPRESENTATION_CONTEXT(2) 
PARAMETRIC_REPRESENTATION_CONTEXT() REPRESENTATION_CONTEXT('2D SPACE',''
  ) );
#2712 = PCURVE('',#1593,#2713);
#2713 = DEFINITIONAL_REPRESENTATION('',(#2714),#2780);
#2714 = B_SPLINE_CURVE_WITH_KNOTS('',8,(#2715,#2716,#2717,#2718,#2719,
    #2720,#2721,#2722,#2723,#2724,#2725,#2726,#2727,#2728,#2729,#2730,
    #2731,#2732,#2733,#2734,#2735,#2736,#2737,#2738,#2739,#2740,#2741,
    #2742,#2743,#2744,#2745,#2746,#2747,#2748,#2749,#2750,#2751,#2752,
    #2753,#2754,#2755,#2756,#2757,#2758,#2759,#2760,#2761,#2762,#2763,
    #2764,#2765,#2766,#2767,#2768,#2769,#2770,#2771,#2772,#2773,#2774,
    #2775,#2776,#2777,#2778,#2779),.UNSPECIFIED.,.F.,.F.,(9,7,7,7,7,7,7,
    7,7,9),(0.,9.906525396119E-02,0.202922335189,0.270692836904,
    0.350416016889,0.459502413543,0.583455928517,0.701354359568,
    0.82084848828,1.),.UNSPECIFIED.);
#2715 = CARTESIAN_POINT('',(0.,5.586842097198));
#2716 = CARTESIAN_POINT('',(7.776851211223E-02,5.611596697096));
#2717 = CARTESIAN_POINT('',(0.155558395276,5.636357873842));
#2718 = CARTESIAN_POINT('',(0.233342622485,5.661116887836));
#2719 = CARTESIAN_POINT('',(0.311117682296,5.685872516941));
#2720 = CARTESIAN_POINT('',(0.388892107555,5.710627582134));
#2721 = CARTESIAN_POINT('',(0.466675126927,5.735385364179));
#2722 = CARTESIAN_POINT('',(0.544465439247,5.760145911328));
#2723 = CARTESIAN_POINT('',(0.703776775077,5.810856038524));
#2724 = CARTESIAN_POINT('',(0.785334808667,5.836817503617));
#2725 = CARTESIAN_POINT('',(0.866884058675,5.862777252599));
#2726 = CARTESIAN_POINT('',(0.948422293136,5.888734982771));
#2727 = CARTESIAN_POINT('',(1.029961142214,5.914693970163));
#2728 = CARTESIAN_POINT('',(1.111512013185,5.940656422317));
#2729 = CARTESIAN_POINT('',(1.193071979059,5.966619683184));
#2730 = CARTESIAN_POINT('',(1.327815914143,6.009508957293));
#2731 = CARTESIAN_POINT('',(1.381027206027,6.026445393872));
#2732 = CARTESIAN_POINT('',(1.434239566253,6.043379173883));
#2733 = CARTESIAN_POINT('',(1.487452324656,6.060318517347));
#2734 = CARTESIAN_POINT('',(1.540666768457,6.077245145851));
#2735 = CARTESIAN_POINT('',(1.593882323762,6.094190265245));
#2736 = CARTESIAN_POINT('',(1.647098767525,6.111131569747));
#2737 = CARTESIAN_POINT('',(1.762907302659,6.148000420839));
#2738 = CARTESIAN_POINT('',(1.825511397982,6.167931082447));
#2739 = CARTESIAN_POINT('',(1.888111267888,6.18785869926));
#2740 = CARTESIAN_POINT('',(1.950704988842,6.207782411304));
#2741 = CARTESIAN_POINT('',(2.01329600148,6.227703783158));
#2742 = CARTESIAN_POINT('',(2.075889255952,6.24762506353));
#2743 = CARTESIAN_POINT('',(2.138487788559,6.267547801113));
#2744 = CARTESIAN_POINT('',(2.286748884047,6.31473413954));
#2745 = CARTESIAN_POINT('',(2.372436416626,6.342005854803));
#2746 = CARTESIAN_POINT('',(2.458108491137,6.369274098348));
#2747 = CARTESIAN_POINT('',(2.543765752153,6.396539528308));
#2748 = CARTESIAN_POINT('',(2.629421053259,6.423805787984));
#2749 = CARTESIAN_POINT('',(2.71508806445,6.451076422398));
#2750 = CARTESIAN_POINT('',(2.80077065212,6.478352105535));
#2751 = CARTESIAN_POINT('',(2.983769899648,6.536606380904));
#2752 = CARTESIAN_POINT('',(3.081154810958,6.567606620807));
#2753 = CARTESIAN_POINT('',(3.178511531143,6.59859698509));
#2754 = CARTESIAN_POINT('',(3.275846187538,6.629579306639));
#2755 = CARTESIAN_POINT('',(3.373181535881,6.660561280673));
#2756 = CARTESIAN_POINT('',(3.470539830745,6.691550579094));
#2757 = CARTESIAN_POINT('',(3.567925557373,6.722548906694));
#2758 = CARTESIAN_POINT('',(3.757838498822,6.782999797554));
#2759 = CARTESIAN_POINT('',(3.850460572582,6.812482518289));
#2760 = CARTESIAN_POINT('',(3.943062489582,6.841959213656));
#2761 = CARTESIAN_POINT('',(4.035646332844,6.871430403085));
#2762 = CARTESIAN_POINT('',(4.128229366208,6.900901242904));
#2763 = CARTESIAN_POINT('',(4.220829212701,6.930377017062));
#2764 = CARTESIAN_POINT('',(4.313448995347,6.95985860007));
#2765 = CARTESIAN_POINT('',(4.499858408239,7.019193145699));
#2766 = CARTESIAN_POINT('',(4.593731961146,7.049072808048));
#2767 = CARTESIAN_POINT('',(4.687582985448,7.078944840654));
#2768 = CARTESIAN_POINT('',(4.781415447241,7.108810735323));
#2769 = CARTESIAN_POINT('',(4.875248338227,7.13867694102));
#2770 = CARTESIAN_POINT('',(4.969100289303,7.168549770823));
#2771 = CARTESIAN_POINT('',(5.062974120362,7.198430296184));
#2772 = CARTESIAN_POINT('',(5.297475484592,7.273075068943));
#2773 = CARTESIAN_POINT('',(5.438479038918,7.317959898896));
#2774 = CARTESIAN_POINT('',(5.57929374304,7.362786141477));
#2775 = CARTESIAN_POINT('',(5.720008434628,7.407581095379));
#2776 = CARTESIAN_POINT('',(5.860715628938,7.452371899863));
#2777 = CARTESIAN_POINT('',(6.001507163037,7.497187174099));
#2778 = CARTESIAN_POINT('',(6.142500118024,7.542065238826));
#2779 = CARTESIAN_POINT('',(6.28318530718,7.586845024562));
#2780 = ( GEOMETRIC_REPRESENTATION_CONTEXT(2) 
PARAMETRIC_REPRESENTATION_CONTEXT() REPRESENTATION_CONTEXT('2D SPACE',''
  ) );
#2781 = ORIENTED_EDGE('',*,*,#2782,.T.);
#2782 = EDGE_CURVE('',#2574,#2783,#2785,.T.);
#2783 = VERTEX_POINT('',#2784);
#2784 = CARTESIAN_POINT('',(14.74999995,-0.64999995,16.936840285646));
#2785 = SURFACE_CURVE('',#2786,(#2852,#2921),.PCURVE_S1.);
#2786 = B_SPLINE_CURVE_WITH_KNOTS('',8,(#2787,#2788,#2789,#2790,#2791,
    #2792,#2793,#2794,#2795,#2796,#2797,#2798,#2799,#2800,#2801,#2802,
    #2803,#2804,#2805,#2806,#2807,#2808,#2809,#2810,#2811,#2812,#2813,
    #2814,#2815,#2816,#2817,#2818,#2819,#2820,#2821,#2822,#2823,#2824,
    #2825,#2826,#2827,#2828,#2829,#2830,#2831,#2832,#2833,#2834,#2835,
    #2836,#2837,#2838,#2839,#2840,#2841,#2842,#2843,#2844,#2845,#2846,
    #2847,#2848,#2849,#2850,#2851),.UNSPECIFIED.,.F.,.F.,(9,7,7,7,7,7,7,
    7,7,9),(0.,0.139673439757,0.243764560292,0.359512245076,
    0.422524250375,0.580884291813,0.697455478898,0.803119768184,
    0.898660717643,1.),.UNSPECIFIED.);
#2787 = CARTESIAN_POINT('',(14.74999995,-0.64999995,14.936845024562));
#2788 = CARTESIAN_POINT('',(14.74999995,-0.266134357919,14.971754616616)
  );
#2789 = CARTESIAN_POINT('',(14.701884631437,0.1180758578,15.006695306079
    ));
#2790 = CARTESIAN_POINT('',(14.605503955389,0.495057997818,
    15.041619187011));
#2791 = CARTESIAN_POINT('',(14.462312117789,0.857794020667,
    15.076531636809));
#2792 = CARTESIAN_POINT('',(14.274756542636,1.199701965428,
    15.111444762363));
#2793 = CARTESIAN_POINT('',(14.046340039358,1.514693819173,
    15.146369533181));
#2794 = CARTESIAN_POINT('',(13.781537476654,1.797175201807,
    15.181310226612));
#2795 = CARTESIAN_POINT('',(13.266182396231,2.225212133193,
    15.24223704848));
#2796 = CARTESIAN_POINT('',(13.028978710214,2.387488246917,
    15.268260946725));
#2797 = CARTESIAN_POINT('',(12.776953056008,2.527303964215,
    15.294281709434));
#2798 = CARTESIAN_POINT('',(12.512610889309,2.643112641214,
    15.320298367845));
#2799 = CARTESIAN_POINT('',(12.238604038385,2.733711894623,
    15.346314900897));
#2800 = CARTESIAN_POINT('',(11.957707748199,2.798224109798,
    15.372335590579));
#2801 = CARTESIAN_POINT('',(11.672816476902,2.836124877891,
    15.398360183919));
#2802 = CARTESIAN_POINT('',(11.069088820099,2.859767452016,15.4533112209
    ));
#2803 = CARTESIAN_POINT('',(10.749796274484,2.839201877561,
    15.482256774092));
#2804 = CARTESIAN_POINT('',(10.433276810795,2.78541381665,
    15.511197692515));
#2805 = CARTESIAN_POINT('',(10.12356236477,2.698887587285,
    15.540134202006));
#2806 = CARTESIAN_POINT('',(9.824516091052,2.580649492429,
    15.569069763708));
#2807 = CARTESIAN_POINT('',(9.539834537679,2.432217458784,
    15.598006519425));
#2808 = CARTESIAN_POINT('',(9.273020375796,2.255640795764,
    15.626943482381));
#2809 = CARTESIAN_POINT('',(8.893515577611,1.943640758921,
    15.671617267092));
#2810 = CARTESIAN_POINT('',(8.765955979733,1.826092418469,
    15.687366272005));
#2811 = CARTESIAN_POINT('',(8.645117293612,1.701392396576,
    15.703116893417));
#2812 = CARTESIAN_POINT('',(8.531466539358,1.569991092504,
    15.718868849299));
#2813 = CARTESIAN_POINT('',(8.425431021403,1.432371287848,
    15.734621651194));
#2814 = CARTESIAN_POINT('',(8.327398328503,1.28904814654,15.750374604211
    ));
#2815 = CARTESIAN_POINT('',(8.237716333738,1.140569214846,
    15.766126807031));
#2816 = CARTESIAN_POINT('',(7.953068065853,0.602861317203,
    15.821460486139));
#2817 = CARTESIAN_POINT('',(7.803840648487,0.188765034398,15.8610898337)
  );
#2818 = CARTESIAN_POINT('',(7.714498647874,-0.245008727426,
    15.900680188157));
#2819 = CARTESIAN_POINT('',(7.687597917599,-0.688310922731,
    15.940256044592));
#2820 = CARTESIAN_POINT('',(7.724018691565,-1.130949042393,
    15.979838939623));
#2821 = CARTESIAN_POINT('',(7.822677937209,-1.562750210754,
    16.019445950696));
#2822 = CARTESIAN_POINT('',(7.980823637226,-1.973582734408,
    16.059088007916));
#2823 = CARTESIAN_POINT('',(8.348599633552,-2.633556709486,
    16.127804782469));
#2824 = CARTESIAN_POINT('',(8.533870707058,-2.897186544546,
    16.156952179824));
#2825 = CARTESIAN_POINT('',(8.746425488014,-3.140847534455,
    16.186092208707));
#2826 = CARTESIAN_POINT('',(8.983693822549,-3.361287090392,
    16.21522563249));
#2827 = CARTESIAN_POINT('',(9.242722523032,-3.555690633562,
    16.244358264159));
#2828 = CARTESIAN_POINT('',(9.520217764251,-3.721653099342,
    16.273496159366));
#2829 = CARTESIAN_POINT('',(9.812525452842,-3.857224860377,
    16.302640856354));
#2830 = CARTESIAN_POINT('',(10.390284020203,-4.055173586717,
    16.35818329725));
#2831 = CARTESIAN_POINT('',(10.67400729237,-4.123277230095,
    16.384600990704));
#2832 = CARTESIAN_POINT('',(10.963752594609,-4.164305830044,
    16.411016691779));
#2833 = CARTESIAN_POINT('',(11.256489585284,-4.17768259828,
    16.437428955838));
#2834 = CARTESIAN_POINT('',(11.549175264371,-4.163229085915,
    16.463841383429));
#2835 = CARTESIAN_POINT('',(11.838770267714,-4.121135243272,
    16.490257701419));
#2836 = CARTESIAN_POINT('',(12.122253380817,-4.051986210453,
    16.516676859914));
#2837 = CARTESIAN_POINT('',(12.644727654035,-3.870820545559,
    16.566969053737));
#2838 = CARTESIAN_POINT('',(12.885511041721,-3.76350022437,
    16.590855936905));
#2839 = CARTESIAN_POINT('',(13.116769542295,-3.635631644102,
    16.614741405052));
#2840 = CARTESIAN_POINT('',(13.336461513286,-3.488227165371,
    16.638624405087));
#2841 = CARTESIAN_POINT('',(13.542698474088,-3.32251939577,
    16.662507182548));
#2842 = CARTESIAN_POINT('',(13.733742663323,-3.139941794416,
    16.686392224981));
#2843 = CARTESIAN_POINT('',(13.908022242165,-2.942135225667,
    16.710279186414));
#2844 = CARTESIAN_POINT('',(14.229782219722,-2.507010820343,
    16.759493822986));
#2845 = CARTESIAN_POINT('',(14.375064188618,-2.267928989247,
    16.784831399815));
#2846 = CARTESIAN_POINT('',(14.498338223947,-2.015966746956,
    16.810166252288));
#2847 = CARTESIAN_POINT('',(14.598304025964,-1.753504288504,
    16.83549800185));
#2848 = CARTESIAN_POINT('',(14.673975480534,-1.483037606558,
    16.860830145305));
#2849 = CARTESIAN_POINT('',(14.724663629154,-1.207159295162,
    16.886166130808));
#2850 = CARTESIAN_POINT('',(14.74999995,-0.928552776405,16.911505527051)
  );
#2851 = CARTESIAN_POINT('',(14.74999995,-0.64999995,16.936840285646));
#2852 = PCURVE('',#1389,#2853);
#2853 = DEFINITIONAL_REPRESENTATION('',(#2854),#2920);
#2854 = B_SPLINE_CURVE_WITH_KNOTS('',8,(#2855,#2856,#2857,#2858,#2859,
    #2860,#2861,#2862,#2863,#2864,#2865,#2866,#2867,#2868,#2869,#2870,
    #2871,#2872,#2873,#2874,#2875,#2876,#2877,#2878,#2879,#2880,#2881,
    #2882,#2883,#2884,#2885,#2886,#2887,#2888,#2889,#2890,#2891,#2892,
    #2893,#2894,#2895,#2896,#2897,#2898,#2899,#2900,#2901,#2902,#2903,
    #2904,#2905,#2906,#2907,#2908,#2909,#2910,#2911,#2912,#2913,#2914,
    #2915,#2916,#2917,#2918,#2919),.UNSPECIFIED.,.F.,.F.,(9,7,7,7,7,7,7,
    7,7,9),(0.,0.139673439757,0.243764560292,0.359512245076,
    0.422524250375,0.580884291813,0.697455478898,0.803119768184,
    0.898660717643,1.),.UNSPECIFIED.);
#2855 = CARTESIAN_POINT('',(0.868027858591,19.781452289291));
#2856 = CARTESIAN_POINT('',(0.868025301073,19.896549285468));
#2857 = CARTESIAN_POINT('',(0.868022705392,20.011748855777));
#2858 = CARTESIAN_POINT('',(0.868021175099,20.126891646858));
#2859 = CARTESIAN_POINT('',(0.868021615912,20.241994228732));
#2860 = CARTESIAN_POINT('',(0.868023952153,20.357096613525));
#2861 = CARTESIAN_POINT('',(0.868025991041,20.47223777211));
#2862 = CARTESIAN_POINT('',(0.868026095108,20.587433901482));
#2863 = CARTESIAN_POINT('',(0.868022677157,20.788308419651));
#2864 = CARTESIAN_POINT('',(0.868020075441,20.874110154621));
#2865 = CARTESIAN_POINT('',(0.868016256168,20.959903109746));
#2866 = CARTESIAN_POINT('',(0.868011627426,21.045683568999));
#2867 = CARTESIAN_POINT('',(0.868007299112,21.131463230585));
#2868 = CARTESIAN_POINT('',(0.868004836413,21.217254209359));
#2869 = CARTESIAN_POINT('',(0.86800554843,21.303053996442));
#2870 = CARTESIAN_POINT('',(0.868013496887,21.484212357732));
#2871 = CARTESIAN_POINT('',(0.868021492097,21.579632963608));
#2872 = CARTESIAN_POINT('',(0.868033125774,21.675033634076));
#2873 = CARTESIAN_POINT('',(0.868046710888,21.770417272055));
#2874 = CARTESIAN_POINT('',(0.868057129934,21.865801835841));
#2875 = CARTESIAN_POINT('',(0.868056642057,21.961204290336));
#2876 = CARTESIAN_POINT('',(0.868041833624,22.056625749715));
#2877 = CARTESIAN_POINT('',(0.868023763706,22.203934240198));
#2878 = CARTESIAN_POINT('',(0.868021372086,22.255860325172));
#2879 = CARTESIAN_POINT('',(0.868022855512,22.307786781911));
#2880 = CARTESIAN_POINT('',(0.868027595146,22.359713472329));
#2881 = CARTESIAN_POINT('',(0.86803445622,22.411640237835));
#2882 = CARTESIAN_POINT('',(0.86804178803,22.463566899327));
#2883 = CARTESIAN_POINT('',(0.868047423939,22.515493257196));
#2884 = CARTESIAN_POINT('',(0.868051841539,22.697917671801));
#2885 = CARTESIAN_POINT('',(0.868039982161,22.828587169756));
#2886 = CARTESIAN_POINT('',(0.868014142473,22.959145997312));
#2887 = CARTESIAN_POINT('',(0.868000891098,23.089640920959));
#2888 = CARTESIAN_POINT('',(0.868000764599,23.22014225827));
#2889 = CARTESIAN_POINT('',(0.868006453545,23.350715663848));
#2890 = CARTESIAN_POINT('',(0.868013177362,23.481403289331));
#2891 = CARTESIAN_POINT('',(0.868022279663,23.707944548992));
#2892 = CARTESIAN_POINT('',(0.868025353214,23.804036913271));
#2893 = CARTESIAN_POINT('',(0.868026670672,23.900107231094));
#2894 = CARTESIAN_POINT('',(0.868026100788,23.996158187149));
#2895 = CARTESIAN_POINT('',(0.86802454454,24.092207793617));
#2896 = CARTESIAN_POINT('',(0.868023141732,24.188274557183));
#2897 = CARTESIAN_POINT('',(0.868022463267,24.284362818878));
#2898 = CARTESIAN_POINT('',(0.868022841022,24.467480670501));
#2899 = CARTESIAN_POINT('',(0.868023731819,24.554576243894));
#2900 = CARTESIAN_POINT('',(0.868025470608,24.641664163683));
#2901 = CARTESIAN_POINT('',(0.868027778241,24.728740024176));
#2902 = CARTESIAN_POINT('',(0.868030120466,24.815816379564));
#2903 = CARTESIAN_POINT('',(0.868031893464,24.902906289498));
#2904 = CARTESIAN_POINT('',(0.868032634065,24.990006885154));
#2905 = CARTESIAN_POINT('',(0.868031911566,25.155816561228));
#2906 = CARTESIAN_POINT('',(0.868030648239,25.234571041118));
#2907 = CARTESIAN_POINT('',(0.8680283624,25.313322163998));
#2908 = CARTESIAN_POINT('',(0.868025166229,25.392066314408));
#2909 = CARTESIAN_POINT('',(0.868021378153,25.470810488288));
#2910 = CARTESIAN_POINT('',(0.868017459628,25.549562296468));
#2911 = CARTESIAN_POINT('',(0.868013896884,25.628319976231));
#2912 = CARTESIAN_POINT('',(0.868007984262,25.790583685023));
#2913 = CARTESIAN_POINT('',(0.868005722267,25.874122246581));
#2914 = CARTESIAN_POINT('',(0.868004663961,25.957650286202));
#2915 = CARTESIAN_POINT('',(0.86800508346,26.041166205127));
#2916 = CARTESIAN_POINT('',(0.86800696801,26.124681548313));
#2917 = CARTESIAN_POINT('',(0.868010000263,26.208208090022));
#2918 = CARTESIAN_POINT('',(0.868013661486,26.29174507193));
#2919 = CARTESIAN_POINT('',(0.868017455722,26.375266593765));
#2920 = ( GEOMETRIC_REPRESENTATION_CONTEXT(2) 
PARAMETRIC_REPRESENTATION_CONTEXT() REPRESENTATION_CONTEXT('2D SPACE',''
  ) );
#2921 = PCURVE('',#2922,#2927);
#2922 = CYLINDRICAL_SURFACE('',#2923,3.5);
#2923 = AXIS2_PLACEMENT_3D('',#2924,#2925,#2926);
#2924 = CARTESIAN_POINT('',(11.24999995,-0.64999995,7.35));
#2925 = DIRECTION('',(0.,0.,1.));
#2926 = DIRECTION('',(1.,0.,0.));
#2927 = DEFINITIONAL_REPRESENTATION('',(#2928),#2994);
#2928 = B_SPLINE_CURVE_WITH_KNOTS('',8,(#2929,#2930,#2931,#2932,#2933,
    #2934,#2935,#2936,#2937,#2938,#2939,#2940,#2941,#2942,#2943,#2944,
    #2945,#2946,#2947,#2948,#2949,#2950,#2951,#2952,#2953,#2954,#2955,
    #2956,#2957,#2958,#2959,#2960,#2961,#2962,#2963,#2964,#2965,#2966,
    #2967,#2968,#2969,#2970,#2971,#2972,#2973,#2974,#2975,#2976,#2977,
    #2978,#2979,#2980,#2981,#2982,#2983,#2984,#2985,#2986,#2987,#2988,
    #2989,#2990,#2991,#2992,#2993),.UNSPECIFIED.,.F.,.F.,(9,7,7,7,7,7,7,
    7,7,9),(0.,0.139673439757,0.243764560292,0.359512245076,
    0.422524250375,0.580884291813,0.697455478898,0.803119768184,
    0.898660717643,1.),.UNSPECIFIED.);
#2929 = CARTESIAN_POINT('',(0.,7.586845024562));
#2930 = CARTESIAN_POINT('',(0.109675883452,7.621754616616));
#2931 = CARTESIAN_POINT('',(0.219450069112,7.656695306079));
#2932 = CARTESIAN_POINT('',(0.329170519396,7.691619187011));
#2933 = CARTESIAN_POINT('',(0.438852568365,7.726531636809));
#2934 = CARTESIAN_POINT('',(0.548533631318,7.761444762363));
#2935 = CARTESIAN_POINT('',(0.6582504072,7.796369533181));
#2936 = CARTESIAN_POINT('',(0.768018578301,7.831310226612));
#2937 = CARTESIAN_POINT('',(0.959427207016,7.89223704848));
#2938 = CARTESIAN_POINT('',(1.04118541507,7.918260946725));
#2939 = CARTESIAN_POINT('',(1.122935185836,7.944281709434));
#2940 = CARTESIAN_POINT('',(1.204673318775,7.970298367845));
#2941 = CARTESIAN_POINT('',(1.286411252478,7.996314900897));
#2942 = CARTESIAN_POINT('',(1.368160648089,8.022335590579));
#2943 = CARTESIAN_POINT('',(1.449919008739,8.048360183919));
#2944 = CARTESIAN_POINT('',(1.622544840963,8.1033112209));
#2945 = CARTESIAN_POINT('',(1.713471504726,8.132256774092));
#2946 = CARTESIAN_POINT('',(1.804379079365,8.161197692515));
#2947 = CARTESIAN_POINT('',(1.895269940683,8.190134202006));
#2948 = CARTESIAN_POINT('',(1.986160424668,8.219069763708));
#2949 = CARTESIAN_POINT('',(2.077067128253,8.248006519425));
#2950 = CARTESIAN_POINT('',(2.167993086496,8.276943482381));
#2951 = CARTESIAN_POINT('',(2.308362254235,8.321617267092));
#2952 = CARTESIAN_POINT('',(2.35784232716,8.337366272005));
#2953 = CARTESIAN_POINT('',(2.407322746831,8.353116893417));
#2954 = CARTESIAN_POINT('',(2.456803312262,8.368868849299));
#2955 = CARTESIAN_POINT('',(2.506283832812,8.384621651194));
#2956 = CARTESIAN_POINT('',(2.555764128174,8.400374604211));
#2957 = CARTESIAN_POINT('',(2.605244028383,8.416126807031));
#2958 = CARTESIAN_POINT('',(2.779073506074,8.471460486139));
#2959 = CARTESIAN_POINT('',(2.903586546934,8.5110898337));
#2960 = CARTESIAN_POINT('',(3.027995905093,8.550680188157));
#2961 = CARTESIAN_POINT('',(3.15234685386,8.590256044592));
#2962 = CARTESIAN_POINT('',(3.276701822713,8.629838939623));
#2963 = CARTESIAN_POINT('',(3.40112372043,8.669445950696));
#2964 = CARTESIAN_POINT('',(3.525653097377,8.709088007916));
#2965 = CARTESIAN_POINT('',(3.741518669918,8.777804782469));
#2966 = CARTESIAN_POINT('',(3.833082507694,8.806952179824));
#2967 = CARTESIAN_POINT('',(3.924625487005,8.836092208707));
#2968 = CARTESIAN_POINT('',(4.016150599171,8.86522563249));
#2969 = CARTESIAN_POINT('',(4.107675222499,8.894358264159));
#2970 = CARTESIAN_POINT('',(4.199216924861,8.923496159366));
#2971 = CARTESIAN_POINT('',(4.290779588844,8.952640856354));
#2972 = CARTESIAN_POINT('',(4.465273296214,9.00818329725));
#2973 = CARTESIAN_POINT('',(4.548267176959,9.034600990704));
#2974 = CARTESIAN_POINT('',(4.631253738563,9.061016691779));
#2975 = CARTESIAN_POINT('',(4.714228559173,9.087428955838));
#2976 = CARTESIAN_POINT('',(4.797203452797,9.113841383429));
#2977 = CARTESIAN_POINT('',(4.880190833265,9.140257701419));
#2978 = CARTESIAN_POINT('',(4.963188041555,9.166676859914));
#2979 = CARTESIAN_POINT('',(5.121185810671,9.216969053737));
#2980 = CARTESIAN_POINT('',(5.196229677225,9.240855936905));
#2981 = CARTESIAN_POINT('',(5.271270226731,9.264741405052));
#2982 = CARTESIAN_POINT('',(5.346304130039,9.288624405087));
#2983 = CARTESIAN_POINT('',(5.421338157154,9.312507182548));
#2984 = CARTESIAN_POINT('',(5.496379622685,9.336392224981));
#2985 = CARTESIAN_POINT('',(5.57142685788,9.360279186414));
#2986 = CARTESIAN_POINT('',(5.726046267192,9.409493822986));
#2987 = CARTESIAN_POINT('',(5.805649458443,9.434831399815));
#2988 = CARTESIAN_POINT('',(5.885242753245,9.460166252288));
#2989 = CARTESIAN_POINT('',(5.964824534712,9.48549800185));
#2990 = CARTESIAN_POINT('',(6.044405694578,9.510830145305));
#2991 = CARTESIAN_POINT('',(6.123997364848,9.536166130808));
#2992 = CARTESIAN_POINT('',(6.203598785349,9.561505527051));
#2993 = CARTESIAN_POINT('',(6.28318530718,9.586840285646));
#2994 = ( GEOMETRIC_REPRESENTATION_CONTEXT(2) 
PARAMETRIC_REPRESENTATION_CONTEXT() REPRESENTATION_CONTEXT('2D SPACE',''
  ) );
#2995 = ORIENTED_EDGE('',*,*,#2996,.T.);
#2996 = EDGE_CURVE('',#2783,#2997,#2999,.T.);
#2997 = VERTEX_POINT('',#2998);
#2998 = CARTESIAN_POINT('',(14.74999995,-0.64999995,18.936840264647));
#2999 = SURFACE_CURVE('',#3000,(#3073,#3149),.PCURVE_S1.);
#3000 = B_SPLINE_CURVE_WITH_KNOTS('',8,(#3001,#3002,#3003,#3004,#3005,
    #3006,#3007,#3008,#3009,#3010,#3011,#3012,#3013,#3014,#3015,#3016,
    #3017,#3018,#3019,#3020,#3021,#3022,#3023,#3024,#3025,#3026,#3027,
    #3028,#3029,#3030,#3031,#3032,#3033,#3034,#3035,#3036,#3037,#3038,
    #3039,#3040,#3041,#3042,#3043,#3044,#3045,#3046,#3047,#3048,#3049,
    #3050,#3051,#3052,#3053,#3054,#3055,#3056,#3057,#3058,#3059,#3060,
    #3061,#3062,#3063,#3064,#3065,#3066,#3067,#3068,#3069,#3070,#3071,
    #3072),.UNSPECIFIED.,.F.,.F.,(9,7,7,7,7,7,7,7,7,7,9),(0.,
    9.66138856452E-02,0.187194716736,0.261719097731,0.375607185201,
    0.479917145499,0.533458850446,0.596019472222,0.721899123548,
    0.844848084867,1.),.UNSPECIFIED.);
#3001 = CARTESIAN_POINT('',(14.74999995,-0.64999995,16.936840285646));
#3002 = CARTESIAN_POINT('',(14.74999995,-0.383478977055,16.961080730797)
  );
#3003 = CARTESIAN_POINT('',(14.72680516326,-0.116899425914,
    16.985326492719));
#3004 = CARTESIAN_POINT('',(14.680398934804,0.147299583435,
    17.009570233563));
#3005 = CARTESIAN_POINT('',(14.611088155914,0.406760525035,
    17.033811076348));
#3006 = CARTESIAN_POINT('',(14.519451596989,0.659201608836,
    17.058051453992));
#3007 = CARTESIAN_POINT('',(14.406320556355,0.902420934905,
    17.082293926446));
#3008 = CARTESIAN_POINT('',(14.272791825025,1.13431065995,
    17.106537965947));
#3009 = CARTESIAN_POINT('',(13.977278150566,1.557803055471,
    17.153501866296));
#3010 = CARTESIAN_POINT('',(13.817541137587,1.75108855279,17.17623011401
    ));
#3011 = CARTESIAN_POINT('',(13.642197176149,1.93109301487,
    17.198956616231));
#3012 = CARTESIAN_POINT('',(13.452550079823,2.096359101446,
    17.221681179328));
#3013 = CARTESIAN_POINT('',(13.250045665154,2.245594526614,
    17.24440589349));
#3014 = CARTESIAN_POINT('',(13.036259473723,2.377667748389,
    17.267132769821));
#3015 = CARTESIAN_POINT('',(12.812898779182,2.491621606485,
    17.28986137437));
#3016 = CARTESIAN_POINT('',(12.391700437033,2.664933647467,
    17.331283272225));
#3017 = CARTESIAN_POINT('',(12.196306052968,2.730409904438,
    17.349982641217));
#3018 = CARTESIAN_POINT('',(11.996655298068,2.782707523024,
    17.368682433617));
#3019 = CARTESIAN_POINT('',(11.793791122082,2.821509968112,
    17.387382193367));
#3020 = CARTESIAN_POINT('',(11.588775699885,2.846600213556,
    17.406082267317));
#3021 = CARTESIAN_POINT('',(11.382687549731,2.857858086071,
    17.424782905289));
#3022 = CARTESIAN_POINT('',(11.176619923418,2.855265065126,
    17.443483333693));
#3023 = CARTESIAN_POINT('',(10.658492189836,2.813932736675,
    17.490754256889));
#3024 = CARTESIAN_POINT('',(10.347739768345,2.756808251101,
    17.51933890403));
#3025 = CARTESIAN_POINT('',(10.043459435888,2.667821610054,
    17.547917522669));
#3026 = CARTESIAN_POINT('',(9.749455834102,2.547887400543,
    17.576490649076));
#3027 = CARTESIAN_POINT('',(9.469314103419,2.398414929736,
    17.605063644291));
#3028 = CARTESIAN_POINT('',(9.2064075765,2.221261633331,17.633642290324)
  );
#3029 = CARTESIAN_POINT('',(8.963868457254,2.018766949946,
    17.662228040285));
#3030 = CARTESIAN_POINT('',(8.543559367702,1.587853400379,
    17.716976777078));
#3031 = CARTESIAN_POINT('',(8.349721822059,1.3504033192,17.74474847038)
  );
#3032 = CARTESIAN_POINT('',(8.180814321063,1.091488635444,
    17.772601735385));
#3033 = CARTESIAN_POINT('',(8.043187964424,0.821899533615,
    17.799854341518));
#3034 = CARTESIAN_POINT('',(7.936036123876,0.550059491363,
    17.826206977083));
#3035 = CARTESIAN_POINT('',(7.856394723566,0.279338191976,
    17.851719539877));
#3036 = CARTESIAN_POINT('',(7.800492743506,7.359021621688E-03,
    17.876852510442));
#3037 = CARTESIAN_POINT('',(7.754407876335,-0.421449350194,
    17.916069012323));
#3038 = CARTESIAN_POINT('',(7.745724031197,-0.56764746384,
    17.929371522266));
#3039 = CARTESIAN_POINT('',(7.744029305233,-0.714202958924,
    17.942675115956));
#3040 = CARTESIAN_POINT('',(7.749339242881,-0.860724881082,
    17.955979933634));
#3041 = CARTESIAN_POINT('',(7.761643494392,-1.006824545928,
    17.969285837049));
#3042 = CARTESIAN_POINT('',(7.780905815837,-1.152115539053,
    17.98259240946));
#3043 = CARTESIAN_POINT('',(7.807064069099,-1.296213716022,
    17.995898955633));
#3044 = CARTESIAN_POINT('',(7.878549410191,-1.605268281904,
    18.024751321745));
#3045 = CARTESIAN_POINT('',(7.926365183962,-1.769654822352,
    18.040297344461));
#3046 = CARTESIAN_POINT('',(7.983334281062,-1.931282446516,
    18.055842526344));
#3047 = CARTESIAN_POINT('',(8.049269168405,-2.089556661947,
    18.071386900624));
#3048 = CARTESIAN_POINT('',(8.123938041938,-2.243902860961,
    18.086930577407));
#3049 = CARTESIAN_POINT('',(8.207064826648,-2.393766320639,
    18.102473743674));
#3050 = CARTESIAN_POINT('',(8.298329176561,-2.538612202821,
    18.118016663282));
#3051 = CARTESIAN_POINT('',(8.596641677076,-2.958241119844,
    18.164834128652));
#3052 = CARTESIAN_POINT('',(8.827507077288,-3.216330459034,
    18.196126036442));
#3053 = CARTESIAN_POINT('',(9.086919072094,-3.44779285872,
    18.227410757754));
#3054 = CARTESIAN_POINT('',(9.371217332845,-3.649015872842,
    18.258690606561));
#3055 = CARTESIAN_POINT('',(9.676318040305,-3.817031102947,
    18.289972081993));
#3056 = CARTESIAN_POINT('',(9.997768406678,-3.949459968565,
    18.321261284041));
#3057 = CARTESIAN_POINT('',(10.330721869757,-4.044586021123,
    18.352559355374));
#3058 = CARTESIAN_POINT('',(11.001168335936,-4.157267532631,
    18.414391960114));
#3059 = CARTESIAN_POINT('',(11.338710181566,-4.176633798617,
    18.444958235085));
#3060 = CARTESIAN_POINT('',(11.677630557089,-4.158808742631,
    18.47551541933));
#3061 = CARTESIAN_POINT('',(12.013144622818,-4.103804509514,
    18.506065295272));
#3062 = CARTESIAN_POINT('',(12.340601676052,-4.012321293938,
    18.536615206396));
#3063 = CARTESIAN_POINT('',(12.655486142566,-3.885681372687,
    18.567172341061));
#3064 = CARTESIAN_POINT('',(12.953447178747,-3.725891025701,
    18.597737990952));
#3065 = CARTESIAN_POINT('',(13.579926951214,-3.295964635026,
    18.666839842776));
#3066 = CARTESIAN_POINT('',(13.89669472975,-3.007418642121,
    18.705442367687));
#3067 = CARTESIAN_POINT('',(14.172027107788,-2.675825304802,
    18.744015978944));
#3068 = CARTESIAN_POINT('',(14.39942443737,-2.308358954326,
    18.782571056752));
#3069 = CARTESIAN_POINT('',(14.573723789632,-1.912945527469,
    18.821123966749));
#3070 = CARTESIAN_POINT('',(14.691321125318,-1.498327963212,
    18.859692731667));
#3071 = CARTESIAN_POINT('',(14.74999995,-1.073913986499,18.898289184101)
  );
#3072 = CARTESIAN_POINT('',(14.74999995,-0.64999995,18.936840264647));
#3073 = PCURVE('',#1389,#3074);
#3074 = DEFINITIONAL_REPRESENTATION('',(#3075),#3148);
#3075 = B_SPLINE_CURVE_WITH_KNOTS('',8,(#3076,#3077,#3078,#3079,#3080,
    #3081,#3082,#3083,#3084,#3085,#3086,#3087,#3088,#3089,#3090,#3091,
    #3092,#3093,#3094,#3095,#3096,#3097,#3098,#3099,#3100,#3101,#3102,
    #3103,#3104,#3105,#3106,#3107,#3108,#3109,#3110,#3111,#3112,#3113,
    #3114,#3115,#3116,#3117,#3118,#3119,#3120,#3121,#3122,#3123,#3124,
    #3125,#3126,#3127,#3128,#3129,#3130,#3131,#3132,#3133,#3134,#3135,
    #3136,#3137,#3138,#3139,#3140,#3141,#3142,#3143,#3144,#3145,#3146,
    #3147),.UNSPECIFIED.,.F.,.F.,(9,7,7,7,7,7,7,7,7,7,9),(0.,
    9.66138856452E-02,0.187194716736,0.261719097731,0.375607185201,
    0.479917145499,0.533458850446,0.596019472222,0.721899123548,
    0.844848084867,1.),.UNSPECIFIED.);
#3076 = CARTESIAN_POINT('',(0.868017455722,26.375266593765));
#3077 = CARTESIAN_POINT('',(0.868021086069,26.455180474189));
#3078 = CARTESIAN_POINT('',(0.868024836458,26.53511172994));
#3079 = CARTESIAN_POINT('',(0.868028273151,26.61503672372));
#3080 = CARTESIAN_POINT('',(0.868030937375,26.694953151154));
#3081 = CARTESIAN_POINT('',(0.868032530305,26.77486941566));
#3082 = CARTESIAN_POINT('',(0.868032999884,26.854794023763));
#3083 = CARTESIAN_POINT('',(0.868032529485,26.934725000871));
#3084 = CARTESIAN_POINT('',(0.868030396095,27.08956340361));
#3085 = CARTESIAN_POINT('',(0.868028810928,27.1644983804));
#3086 = CARTESIAN_POINT('',(0.868026911638,27.239428004344));
#3087 = CARTESIAN_POINT('',(0.86802506231,27.314351171253));
#3088 = CARTESIAN_POINT('',(0.868023601729,27.389274338851));
#3089 = CARTESIAN_POINT('',(0.868022739811,27.464203869002));
#3090 = CARTESIAN_POINT('',(0.868022501112,27.539138299591));
#3091 = CARTESIAN_POINT('',(0.868022891742,27.675701999058));
#3092 = CARTESIAN_POINT('',(0.868023375643,27.737351484973));
#3093 = CARTESIAN_POINT('',(0.868024082823,27.799002081163));
#3094 = CARTESIAN_POINT('',(0.868024843298,27.860652501526));
#3095 = CARTESIAN_POINT('',(0.868025436582,27.922304171681));
#3096 = CARTESIAN_POINT('',(0.868025639781,27.983958200433));
#3097 = CARTESIAN_POINT('',(0.868025288593,28.045612247535));
#3098 = CARTESIAN_POINT('',(0.86802291874,28.201463178974));
#3099 = CARTESIAN_POINT('',(0.868020105459,28.295707738932));
#3100 = CARTESIAN_POINT('',(0.868015826372,28.389934298805));
#3101 = CARTESIAN_POINT('',(0.868010458425,28.484144144367));
#3102 = CARTESIAN_POINT('',(0.868005687973,28.578352792969));
#3103 = CARTESIAN_POINT('',(0.868003806677,28.672576375447));
#3104 = CARTESIAN_POINT('',(0.868006255619,28.766817838881));
#3105 = CARTESIAN_POINT('',(0.86801767777,28.947304790802));
#3106 = CARTESIAN_POINT('',(0.868026463085,29.038854277409));
#3107 = CARTESIAN_POINT('',(0.868038036114,29.13066913187));
#3108 = CARTESIAN_POINT('',(0.868050768164,29.220502186272));
#3109 = CARTESIAN_POINT('',(0.868055816501,29.307377950611));
#3110 = CARTESIAN_POINT('',(0.868053799509,29.391493111371));
#3111 = CARTESIAN_POINT('',(0.868042085298,29.474369197905));
#3112 = CARTESIAN_POINT('',(0.868025917571,29.603683093636));
#3113 = CARTESIAN_POINT('',(0.868021772271,29.647545552648));
#3114 = CARTESIAN_POINT('',(0.86802042581,29.691408003874));
#3115 = CARTESIAN_POINT('',(0.868022451976,29.735270175586));
#3116 = CARTESIAN_POINT('',(0.868027538132,29.779132011968));
#3117 = CARTESIAN_POINT('',(0.868034485219,29.82299367312));
#3118 = CARTESIAN_POINT('',(0.868041207758,29.866855535053));
#3119 = CARTESIAN_POINT('',(0.868048853888,29.961969358282));
#3120 = CARTESIAN_POINT('',(0.868050602155,30.013220933036));
#3121 = CARTESIAN_POINT('',(0.868050037072,30.06447269531));
#3122 = CARTESIAN_POINT('',(0.868047386971,30.115724462535));
#3123 = CARTESIAN_POINT('',(0.868043050091,30.166976088218));
#3124 = CARTESIAN_POINT('',(0.86803759458,30.218227461943));
#3125 = CARTESIAN_POINT('',(0.868031758492,30.269478509368));
#3126 = CARTESIAN_POINT('',(0.868015768024,30.423851857976));
#3127 = CARTESIAN_POINT('',(0.86800626382,30.527030568351));
#3128 = CARTESIAN_POINT('',(0.868002085038,30.630178772282));
#3129 = CARTESIAN_POINT('',(0.86800410683,30.733302979072));
#3130 = CARTESIAN_POINT('',(0.868009551582,30.836428169407));
#3131 = CARTESIAN_POINT('',(0.868015089894,30.939578713994));
#3132 = CARTESIAN_POINT('',(0.868019557347,31.042759869839));
#3133 = CARTESIAN_POINT('',(0.868025219767,31.246609053781));
#3134 = CARTESIAN_POINT('',(0.868026516253,31.347381601016));
#3135 = CARTESIAN_POINT('',(0.868025903922,31.448126619071));
#3136 = CARTESIAN_POINT('',(0.868024085453,31.548849085444));
#3137 = CARTESIAN_POINT('',(0.868022402608,31.649571494293));
#3138 = CARTESIAN_POINT('',(0.868021858029,31.750316262211));
#3139 = CARTESIAN_POINT('',(0.868022490069,31.851087598698));
#3140 = CARTESIAN_POINT('',(0.868025816981,32.078905811768));
#3141 = CARTESIAN_POINT('',(0.868029005559,32.206170717488));
#3142 = CARTESIAN_POINT('',(0.868032793868,32.333339530253));
#3143 = CARTESIAN_POINT('',(0.868035236037,32.460448962175));
#3144 = CARTESIAN_POINT('',(0.868033968946,32.5875559926));
#3145 = CARTESIAN_POINT('',(0.868029418116,32.714719496415));
#3146 = CARTESIAN_POINT('',(0.868023362167,32.841976209063));
#3147 = CARTESIAN_POINT('',(0.868017585748,32.969082977127));
#3148 = ( GEOMETRIC_REPRESENTATION_CONTEXT(2) 
PARAMETRIC_REPRESENTATION_CONTEXT() REPRESENTATION_CONTEXT('2D SPACE',''
  ) );
#3149 = PCURVE('',#3150,#3155);
#3150 = CYLINDRICAL_SURFACE('',#3151,3.5);
#3151 = AXIS2_PLACEMENT_3D('',#3152,#3153,#3154);
#3152 = CARTESIAN_POINT('',(11.24999995,-0.64999995,7.35));
#3153 = DIRECTION('',(0.,0.,1.));
#3154 = DIRECTION('',(1.,0.,0.));
#3155 = DEFINITIONAL_REPRESENTATION('',(#3156),#3229);
#3156 = B_SPLINE_CURVE_WITH_KNOTS('',8,(#3157,#3158,#3159,#3160,#3161,
    #3162,#3163,#3164,#3165,#3166,#3167,#3168,#3169,#3170,#3171,#3172,
    #3173,#3174,#3175,#3176,#3177,#3178,#3179,#3180,#3181,#3182,#3183,
    #3184,#3185,#3186,#3187,#3188,#3189,#3190,#3191,#3192,#3193,#3194,
    #3195,#3196,#3197,#3198,#3199,#3200,#3201,#3202,#3203,#3204,#3205,
    #3206,#3207,#3208,#3209,#3210,#3211,#3212,#3213,#3214,#3215,#3216,
    #3217,#3218,#3219,#3220,#3221,#3222,#3223,#3224,#3225,#3226,#3227,
    #3228),.UNSPECIFIED.,.F.,.F.,(9,7,7,7,7,7,7,7,7,7,9),(0.,
    9.66138856452E-02,0.187194716736,0.261719097731,0.375607185201,
    0.479917145499,0.533458850446,0.596019472222,0.721899123548,
    0.844848084867,1.),.UNSPECIFIED.);
#3157 = CARTESIAN_POINT('',(0.,9.586840285646));
#3158 = CARTESIAN_POINT('',(7.614884941295E-02,9.611080730797));
#3159 = CARTESIAN_POINT('',(0.152314102527,9.635326492719));
#3160 = CARTESIAN_POINT('',(0.228473255002,9.659570233563));
#3161 = CARTESIAN_POINT('',(0.304624187144,9.683811076348));
#3162 = CARTESIAN_POINT('',(0.380775019248,9.708051453992));
#3163 = CARTESIAN_POINT('',(0.456933978676,9.732293926446));
#3164 = CARTESIAN_POINT('',(0.533099278687,9.756537965947));
#3165 = CARTESIAN_POINT('',(0.680643569057,9.803501866296));
#3166 = CARTESIAN_POINT('',(0.752048777409,9.82623011401));
#3167 = CARTESIAN_POINT('',(0.823449171372,9.848956616231));
#3168 = CARTESIAN_POINT('',(0.894843677032,9.871681179328));
#3169 = CARTESIAN_POINT('',(0.966238367631,9.89440589349));
#3170 = CARTESIAN_POINT('',(1.037639175908,9.917132769821));
#3171 = CARTESIAN_POINT('',(1.109044560414,9.93986137437));
#3172 = CARTESIAN_POINT('',(1.239176395287,9.981283272225));
#3173 = CARTESIAN_POINT('',(1.297922177554,9.999982641217));
#3174 = CARTESIAN_POINT('',(1.356668811356,10.018682433617));
#3175 = CARTESIAN_POINT('',(1.415415016255,10.037382193367));
#3176 = CARTESIAN_POINT('',(1.474162124901,10.056082267317));
#3177 = CARTESIAN_POINT('',(1.532911206384,10.074782905289));
#3178 = CARTESIAN_POINT('',(1.591660080674,10.093483333693));
#3179 = CARTESIAN_POINT('',(1.74016685498,10.140754256889));
#3180 = CARTESIAN_POINT('',(1.829969985319,10.16933890403));
#3181 = CARTESIAN_POINT('',(1.919755887276,10.197917522669));
#3182 = CARTESIAN_POINT('',(2.009526185453,10.226490649076));
#3183 = CARTESIAN_POINT('',(2.099296102816,10.255063644291));
#3184 = CARTESIAN_POINT('',(2.1890811535,10.283642290324));
#3185 = CARTESIAN_POINT('',(2.278883821174,10.312228040285));
#3186 = CARTESIAN_POINT('',(2.450870108705,10.366976777078));
#3187 = CARTESIAN_POINT('',(2.538107882824,10.39474847038));
#3188 = CARTESIAN_POINT('',(2.625598417816,10.422601735386));
#3189 = CARTESIAN_POINT('',(2.711199635406,10.449854341518));
#3190 = CARTESIAN_POINT('',(2.793982028851,10.476206977083));
#3191 = CARTESIAN_POINT('',(2.874133616595,10.501719539877));
#3192 = CARTESIAN_POINT('',(2.953105186572,10.526852510442));
#3193 = CARTESIAN_POINT('',(3.076327380015,10.566069012323));
#3194 = CARTESIAN_POINT('',(3.118123618783,10.579371522266));
#3195 = CARTESIAN_POINT('',(3.159919873633,10.592675115956));
#3196 = CARTESIAN_POINT('',(3.201715859422,10.605979933634));
#3197 = CARTESIAN_POINT('',(3.243511493845,10.619285837049));
#3198 = CARTESIAN_POINT('',(3.28530689743,10.63259240946));
#3199 = CARTESIAN_POINT('',(3.327102393543,10.645898955633));
#3200 = CARTESIAN_POINT('',(3.417735035626,10.674751321745));
#3201 = CARTESIAN_POINT('',(3.466571831548,10.690297344461));
#3202 = CARTESIAN_POINT('',(3.515408827158,10.705842526344));
#3203 = CARTESIAN_POINT('',(3.564245947523,10.721386900624));
#3204 = CARTESIAN_POINT('',(3.613083111767,10.736930577407));
#3205 = CARTESIAN_POINT('',(3.661920233071,10.752473743674));
#3206 = CARTESIAN_POINT('',(3.710757218674,10.768016663282));
#3207 = CARTESIAN_POINT('',(3.857859508773,10.814834128652));
#3208 = CARTESIAN_POINT('',(3.956178905802,10.846126036442));
#3209 = CARTESIAN_POINT('',(4.054469261076,10.877410757754));
#3210 = CARTESIAN_POINT('',(4.152735879892,10.908690606561));
#3211 = CARTESIAN_POINT('',(4.251002261308,10.939972081993));
#3212 = CARTESIAN_POINT('',(4.349291964381,10.971261284041));
#3213 = CARTESIAN_POINT('',(4.447610553857,11.002559355374));
#3214 = CARTESIAN_POINT('',(4.641853319498,11.064391960114));
#3215 = CARTESIAN_POINT('',(4.737877085601,11.094958235085));
#3216 = CARTESIAN_POINT('',(4.833875158776,11.12551541933));
#3217 = CARTESIAN_POINT('',(4.929852621974,11.156065295272));
#3218 = CARTESIAN_POINT('',(5.025830882955,11.186615206396));
#3219 = CARTESIAN_POINT('',(5.121830987326,11.217172341061));
#3220 = CARTESIAN_POINT('',(5.217856572702,11.247737990952));
#3221 = CARTESIAN_POINT('',(5.434945589844,11.316839842776));
#3222 = CARTESIAN_POINT('',(5.556216711333,11.355442367687));
#3223 = CARTESIAN_POINT('',(5.677395509147,11.394015978944));
#3224 = CARTESIAN_POINT('',(5.798516578362,11.432571056752));
#3225 = CARTESIAN_POINT('',(5.919634543158,11.471123966749));
#3226 = CARTESIAN_POINT('',(6.040806224239,11.509692731667));
#3227 = CARTESIAN_POINT('',(6.162067011037,11.548289184101));
#3228 = CARTESIAN_POINT('',(6.28318530718,11.586840264647));
#3229 = ( GEOMETRIC_REPRESENTATION_CONTEXT(2) 
PARAMETRIC_REPRESENTATION_CONTEXT() REPRESENTATION_CONTEXT('2D SPACE',''
  ) );
#3230 = ORIENTED_EDGE('',*,*,#3231,.T.);
#3231 = EDGE_CURVE('',#2997,#3232,#3234,.T.);
#3232 = VERTEX_POINT('',#3233);
#3233 = CARTESIAN_POINT('',(14.74999995,-0.64999995,20.936843506501));
#3234 = SURFACE_CURVE('',#3235,(#3301,#3370),.PCURVE_S1.);
#3235 = B_SPLINE_CURVE_WITH_KNOTS('',8,(#3236,#3237,#3238,#3239,#3240,
    #3241,#3242,#3243,#3244,#3245,#3246,#3247,#3248,#3249,#3250,#3251,
    #3252,#3253,#3254,#3255,#3256,#3257,#3258,#3259,#3260,#3261,#3262,
    #3263,#3264,#3265,#3266,#3267,#3268,#3269,#3270,#3271,#3272,#3273,
    #3274,#3275,#3276,#3277,#3278,#3279,#3280,#3281,#3282,#3283,#3284,
    #3285,#3286,#3287,#3288,#3289,#3290,#3291,#3292,#3293,#3294,#3295,
    #3296,#3297,#3298,#3299,#3300),.UNSPECIFIED.,.F.,.F.,(9,7,7,7,7,7,7,
    7,7,9),(0.,0.101357932727,0.213889797122,0.382922703805,
    0.481339467618,0.596879870762,0.691843943082,0.788133144578,
    0.89277760999,1.),.UNSPECIFIED.);
#3236 = CARTESIAN_POINT('',(14.74999995,-0.64999995,18.936840264647));
#3237 = CARTESIAN_POINT('',(14.74999995,-0.366465955852,18.962625072189)
  );
#3238 = CARTESIAN_POINT('',(14.723749307812,-8.284786674829E-02,
    18.98841735946));
#3239 = CARTESIAN_POINT('',(14.671222822494,0.197898061486,
    19.014207066391));
#3240 = CARTESIAN_POINT('',(14.592818044971,0.472930736339,
    19.039993261334));
#3241 = CARTESIAN_POINT('',(14.489279355233,0.739514515409,
    19.065779567435));
#3242 = CARTESIAN_POINT('',(14.361668030917,0.995024152143,
    19.091569726353));
#3243 = CARTESIAN_POINT('',(14.211378307274,1.236964400507,
    19.117363299325));
#3244 = CARTESIAN_POINT('',(13.850149396397,1.713963312822,
    19.171782662997));
#3245 = CARTESIAN_POINT('',(13.634230258945,1.945481771176,
    19.200425137433));
#3246 = CARTESIAN_POINT('',(13.394863017465,2.154295802113,
    19.229062046794));
#3247 = CARTESIAN_POINT('',(13.134880846772,2.33768052549,
    19.257693980439));
#3248 = CARTESIAN_POINT('',(12.857418641564,2.493361844399,
    19.286325597114));
#3249 = CARTESIAN_POINT('',(12.565879576852,2.619486695796,
    19.314961548486));
#3250 = CARTESIAN_POINT('',(12.263948520908,2.714669586733,
    19.343602336351));
#3251 = CARTESIAN_POINT('',(11.492488387798,2.873461370534,
    19.415233087046));
#3252 = CARTESIAN_POINT('',(11.013679751097,2.897478571623,
    19.458322786788));
#3253 = CARTESIAN_POINT('',(10.533535503612,2.846704222336,
    19.501357647938));
#3254 = CARTESIAN_POINT('',(10.065502692198,2.722094212954,
    19.544365565761));
#3255 = CARTESIAN_POINT('',(9.622357585988,2.52663919636,19.587375219972
    ));
#3256 = CARTESIAN_POINT('',(9.21595056244,2.265994502448,19.630412816666
    ));
#3257 = CARTESIAN_POINT('',(8.857359544872,1.947856492308,
    19.673501611308));
#3258 = CARTESIAN_POINT('',(8.379855308708,1.371896375944,
    19.741542851126));
#3259 = CARTESIAN_POINT('',(8.223153201524,1.144106102377,
    19.766586360163));
#3260 = CARTESIAN_POINT('',(8.087194878314,0.902528686945,
    19.791627240942));
#3261 = CARTESIAN_POINT('',(7.973367858011,0.649386019454,
    19.816664882115));
#3262 = CARTESIAN_POINT('',(7.88276755405,0.387030393035,19.841702576126
    ));
#3263 = CARTESIAN_POINT('',(7.81621112139,0.117927479502,19.866743648453
    ));
#3264 = CARTESIAN_POINT('',(7.774212024721,-0.15534619609,
    19.891787361467));
#3265 = CARTESIAN_POINT('',(7.736609159928,-0.752639562263,
    19.946218079433));
#3266 = CARTESIAN_POINT('',(7.750332284819,-1.077487568343,
    19.975627241034));
#3267 = CARTESIAN_POINT('',(7.798417291953,-1.400224761927,
    20.00503189351));
#3268 = CARTESIAN_POINT('',(7.880444564533,-1.716604186964,
    20.034432015026));
#3269 = CARTESIAN_POINT('',(7.995411361762,-2.022551989597,
    20.063831304356));
#3270 = CARTESIAN_POINT('',(8.141790577332,-2.314165496605,
    20.09323214299));
#3271 = CARTESIAN_POINT('',(8.317488433105,-2.587740356809,
    20.122633435392));
#3272 = CARTESIAN_POINT('',(8.685919050865,-3.047093431606,
    20.176178281751));
#3273 = CARTESIAN_POINT('',(8.870134182097,-3.239941145802,
    20.200336118315));
#3274 = CARTESIAN_POINT('',(9.070858460611,-3.41652109032,
    20.224508004271));
#3275 = CARTESIAN_POINT('',(9.286397311437,-3.575205398206,
    20.248673823481));
#3276 = CARTESIAN_POINT('',(9.514894143891,-3.714589641133,
    20.272833354845));
#3277 = CARTESIAN_POINT('',(9.754345213421,-3.833484744181,
    20.296996016306));
#3278 = CARTESIAN_POINT('',(10.002597143725,-3.930937534801,
    20.321157682952));
#3279 = CARTESIAN_POINT('',(10.515617735919,-4.08267107238,
    20.369806615797));
#3280 = CARTESIAN_POINT('',(10.784405759042,-4.137465997223,
    20.394657275474));
#3281 = CARTESIAN_POINT('',(11.059651727883,-4.168199251953,
    20.419671902595));
#3282 = CARTESIAN_POINT('',(11.336896404152,-4.173678715708,
    20.444679397659));
#3283 = CARTESIAN_POINT('',(11.611321768301,-4.153928547904,
    20.469497586643));
#3284 = CARTESIAN_POINT('',(11.877833052187,-4.110388982914,
    20.493904983544));
#3285 = CARTESIAN_POINT('',(12.131165528156,-4.046313360018,
    20.51760094721));
#3286 = CARTESIAN_POINT('',(12.621246573846,-3.881438916478,
    20.564628980552));
#3287 = CARTESIAN_POINT('',(12.868978356382,-3.773113609874,
    20.589126140233));
#3288 = CARTESIAN_POINT('',(13.106825008658,-3.643114712764,
    20.613621127722));
#3289 = CARTESIAN_POINT('',(13.332586760808,-3.492519982163,
    20.638113058089));
#3290 = CARTESIAN_POINT('',(13.544227675709,-3.322649809572,
    20.66260451307));
#3291 = CARTESIAN_POINT('',(13.739873639837,-3.135047367311,
    20.687098221143));
#3292 = CARTESIAN_POINT('',(13.917831808307,-2.931487450435,
    20.711593616753));
#3293 = CARTESIAN_POINT('',(14.239343242836,-2.491183102906,
    20.761176245338));
#3294 = CARTESIAN_POINT('',(14.382015757385,-2.253642127567,
    20.786274489043));
#3295 = CARTESIAN_POINT('',(14.50303673207,-2.003568613861,
    20.811370031967));
#3296 = CARTESIAN_POINT('',(14.601151643783,-1.743281124579,
    20.83646254893));
#3297 = CARTESIAN_POINT('',(14.675408624645,-1.475210002492,
    20.861555381284));
#3298 = CARTESIAN_POINT('',(14.725142778324,-1.201880234027,
    20.886651659119));
#3299 = CARTESIAN_POINT('',(14.74999995,-0.9259064338,20.911750531748));
#3300 = CARTESIAN_POINT('',(14.74999995,-0.64999995,20.936843506501));
#3301 = PCURVE('',#1389,#3302);
#3302 = DEFINITIONAL_REPRESENTATION('',(#3303),#3369);
#3303 = B_SPLINE_CURVE_WITH_KNOTS('',8,(#3304,#3305,#3306,#3307,#3308,
    #3309,#3310,#3311,#3312,#3313,#3314,#3315,#3316,#3317,#3318,#3319,
    #3320,#3321,#3322,#3323,#3324,#3325,#3326,#3327,#3328,#3329,#3330,
    #3331,#3332,#3333,#3334,#3335,#3336,#3337,#3338,#3339,#3340,#3341,
    #3342,#3343,#3344,#3345,#3346,#3347,#3348,#3349,#3350,#3351,#3352,
    #3353,#3354,#3355,#3356,#3357,#3358,#3359,#3360,#3361,#3362,#3363,
    #3364,#3365,#3366,#3367,#3368),.UNSPECIFIED.,.F.,.F.,(9,7,7,7,7,7,7,
    7,7,9),(0.,0.101357932727,0.213889797122,0.382922703805,
    0.481339467618,0.596879870762,0.691843943082,0.788133144578,
    0.89277760999,1.),.UNSPECIFIED.);
#3304 = CARTESIAN_POINT('',(0.868017585748,32.969082977127));
#3305 = CARTESIAN_POINT('',(0.868013722202,33.054098066343));
#3306 = CARTESIAN_POINT('',(0.868009981322,33.139137658597));
#3307 = CARTESIAN_POINT('',(0.868006886279,33.224167917434));
#3308 = CARTESIAN_POINT('',(0.868004988981,33.309185065191));
#3309 = CARTESIAN_POINT('',(0.868004622987,33.394200620295));
#3310 = CARTESIAN_POINT('',(0.868005791339,33.479226914761));
#3311 = CARTESIAN_POINT('',(0.868008189322,33.564262891876));
#3312 = CARTESIAN_POINT('',(0.86801488472,33.743669978159));
#3313 = CARTESIAN_POINT('',(0.868019364627,33.838095858596));
#3314 = CARTESIAN_POINT('',(0.868024189725,33.932502949856));
#3315 = CARTESIAN_POINT('',(0.868028505758,34.02689428793));
#3316 = CARTESIAN_POINT('',(0.868031529505,34.121286234319));
#3317 = CARTESIAN_POINT('',(0.868032903345,34.215694582674));
#3318 = CARTESIAN_POINT('',(0.868032836828,34.310120719277));
#3319 = CARTESIAN_POINT('',(0.868030194629,34.546284116852));
#3320 = CARTESIAN_POINT('',(0.868026366505,34.688351803638));
#3321 = CARTESIAN_POINT('',(0.86802189228,34.830239519223));
#3322 = CARTESIAN_POINT('',(0.868019483231,34.972035762973));
#3323 = CARTESIAN_POINT('',(0.868022213969,35.113831155662));
#3324 = CARTESIAN_POINT('',(0.868025858352,35.255717503241));
#3325 = CARTESIAN_POINT('',(0.868026551245,35.397776421863));
#3326 = CARTESIAN_POINT('',(0.868022705481,35.622107071029));
#3327 = CARTESIAN_POINT('',(0.86802023079,35.704676390157));
#3328 = CARTESIAN_POINT('',(0.868016637011,35.787238475912));
#3329 = CARTESIAN_POINT('',(0.868012270467,35.869790869643));
#3330 = CARTESIAN_POINT('',(0.868008075227,35.952343218412));
#3331 = CARTESIAN_POINT('',(0.868005405645,36.03490475327));
#3332 = CARTESIAN_POINT('',(0.868005459576,36.117471509805));
#3333 = CARTESIAN_POINT('',(0.868011704808,36.296916606088));
#3334 = CARTESIAN_POINT('',(0.86801899314,36.393866590753));
#3335 = CARTESIAN_POINT('',(0.868030333243,36.490796525467));
#3336 = CARTESIAN_POINT('',(0.868044360241,36.587708084452));
#3337 = CARTESIAN_POINT('',(0.868056157144,36.684619752901));
#3338 = CARTESIAN_POINT('',(0.86805753308,36.781549861676));
#3339 = CARTESIAN_POINT('',(0.868043861504,36.878500718178));
#3340 = CARTESIAN_POINT('',(0.868021720437,37.055061494104));
#3341 = CARTESIAN_POINT('',(0.868006133717,37.134727607651));
#3342 = CARTESIAN_POINT('',(0.868033979941,37.2143844732));
#3343 = CARTESIAN_POINT('',(0.868051317355,37.294034782175));
#3344 = CARTESIAN_POINT('',(0.868051247232,37.373686631633));
#3345 = CARTESIAN_POINT('',(0.868053098042,37.453346342996));
#3346 = CARTESIAN_POINT('',(0.868046917227,37.533013050188));
#3347 = CARTESIAN_POINT('',(0.868031798056,37.693423464387));
#3348 = CARTESIAN_POINT('',(0.868022103232,37.775366214206));
#3349 = CARTESIAN_POINT('',(0.868012838482,37.85784899943));
#3350 = CARTESIAN_POINT('',(0.868006860474,37.940304065896));
#3351 = CARTESIAN_POINT('',(0.868004738652,38.02213007401));
#3352 = CARTESIAN_POINT('',(0.868005362374,38.102598225683));
#3353 = CARTESIAN_POINT('',(0.868007537095,38.180718862881));
#3354 = CARTESIAN_POINT('',(0.868013345643,38.335758545401));
#3355 = CARTESIAN_POINT('',(0.868017266851,38.41651841797));
#3356 = CARTESIAN_POINT('',(0.868021089848,38.497271254671));
#3357 = CARTESIAN_POINT('',(0.868023959551,38.578015231953));
#3358 = CARTESIAN_POINT('',(0.868025485472,38.658759361147));
#3359 = CARTESIAN_POINT('',(0.868025811446,38.739512453777));
#3360 = CARTESIAN_POINT('',(0.868025429793,38.82027201539));
#3361 = CARTESIAN_POINT('',(0.868024033028,38.983743182578));
#3362 = CARTESIAN_POINT('',(0.868023010276,39.066491099296));
#3363 = CARTESIAN_POINT('',(0.86802214698,39.149229907786));
#3364 = CARTESIAN_POINT('',(0.868021935346,39.231957906227));
#3365 = CARTESIAN_POINT('',(0.86802261215,39.314685807831));
#3366 = CARTESIAN_POINT('',(0.868024063372,39.397424078085));
#3367 = CARTESIAN_POINT('',(0.868025905778,39.480170402664));
#3368 = CARTESIAN_POINT('',(0.868027745429,39.562897286013));
#3369 = ( GEOMETRIC_REPRESENTATION_CONTEXT(2) 
PARAMETRIC_REPRESENTATION_CONTEXT() REPRESENTATION_CONTEXT('2D SPACE',''
  ) );
#3370 = PCURVE('',#3371,#3376);
#3371 = CYLINDRICAL_SURFACE('',#3372,3.5);
#3372 = AXIS2_PLACEMENT_3D('',#3373,#3374,#3375);
#3373 = CARTESIAN_POINT('',(11.24999995,-0.64999995,7.35));
#3374 = DIRECTION('',(0.,0.,1.));
#3375 = DIRECTION('',(1.,0.,0.));
#3376 = DEFINITIONAL_REPRESENTATION('',(#3377),#3443);
#3377 = B_SPLINE_CURVE_WITH_KNOTS('',8,(#3378,#3379,#3380,#3381,#3382,
    #3383,#3384,#3385,#3386,#3387,#3388,#3389,#3390,#3391,#3392,#3393,
    #3394,#3395,#3396,#3397,#3398,#3399,#3400,#3401,#3402,#3403,#3404,
    #3405,#3406,#3407,#3408,#3409,#3410,#3411,#3412,#3413,#3414,#3415,
    #3416,#3417,#3418,#3419,#3420,#3421,#3422,#3423,#3424,#3425,#3426,
    #3427,#3428,#3429,#3430,#3431,#3432,#3433,#3434,#3435,#3436,#3437,
    #3438,#3439,#3440,#3441,#3442),.UNSPECIFIED.,.F.,.F.,(9,7,7,7,7,7,7,
    7,7,9),(0.,0.101357932727,0.213889797122,0.382922703805,
    0.481339467618,0.596879870762,0.691843943082,0.788133144578,
    0.89277760999,1.),.UNSPECIFIED.);
#3378 = CARTESIAN_POINT('',(0.,11.586840264647));
#3379 = CARTESIAN_POINT('',(8.100971261383E-02,11.612625072189));
#3380 = CARTESIAN_POINT('',(0.16204294662,11.63841735946));
#3381 = CARTESIAN_POINT('',(0.243067494551,11.664207066391));
#3382 = CARTESIAN_POINT('',(0.32407971694,11.689993261334));
#3383 = CARTESIAN_POINT('',(0.405090496113,11.715779567435));
#3384 = CARTESIAN_POINT('',(0.486111466974,11.741569726353));
#3385 = CARTESIAN_POINT('',(0.567141524807,11.767363299325));
#3386 = CARTESIAN_POINT('',(0.738096653996,11.821782662997));
#3387 = CARTESIAN_POINT('',(0.828073875423,11.850425137433));
#3388 = CARTESIAN_POINT('',(0.9180329387,11.879062046794));
#3389 = CARTESIAN_POINT('',(1.007976765947,11.907693980439));
#3390 = CARTESIAN_POINT('',(1.097921106558,11.936325597114));
#3391 = CARTESIAN_POINT('',(1.187881232521,11.964961548486));
#3392 = CARTESIAN_POINT('',(1.277858643696,11.993602336351));
#3393 = CARTESIAN_POINT('',(1.502896611936,12.065233087046));
#3394 = CARTESIAN_POINT('',(1.638272535446,12.108322786788));
#3395 = CARTESIAN_POINT('',(1.773478099425,12.151357647938));
#3396 = CARTESIAN_POINT('',(1.908597372793,12.194365565761));
#3397 = CARTESIAN_POINT('',(2.043715332377,12.237375219972));
#3398 = CARTESIAN_POINT('',(2.17891789005,12.280412816666));
#3399 = CARTESIAN_POINT('',(2.314283222783,12.323501611308));
#3400 = CARTESIAN_POINT('',(2.528042643379,12.391542851126));
#3401 = CARTESIAN_POINT('',(2.60672077561,12.416586360163));
#3402 = CARTESIAN_POINT('',(2.685391946739,12.441627240942));
#3403 = CARTESIAN_POINT('',(2.764054109958,12.466664882115));
#3404 = CARTESIAN_POINT('',(2.842716719252,12.491702576126));
#3405 = CARTESIAN_POINT('',(2.921388693147,12.516743648453));
#3406 = CARTESIAN_POINT('',(3.000066189562,12.541787361467));
#3407 = CARTESIAN_POINT('',(3.171059289009,12.596218079433));
#3408 = CARTESIAN_POINT('',(3.263443295414,12.625627241034));
#3409 = CARTESIAN_POINT('',(3.355808199627,12.65503189351));
#3410 = CARTESIAN_POINT('',(3.448155195984,12.684432015026));
#3411 = CARTESIAN_POINT('',(3.54050099984,12.713831304356));
#3412 = CARTESIAN_POINT('',(3.632863386782,12.74323214299));
#3413 = CARTESIAN_POINT('',(3.725246558286,12.772633435392));
#3414 = CARTESIAN_POINT('',(3.893489911535,12.826178281751));
#3415 = CARTESIAN_POINT('',(3.96940312441,12.850336118315));
#3416 = CARTESIAN_POINT('',(4.045308055183,12.874508004271));
#3417 = CARTESIAN_POINT('',(4.12120623665,12.898673823481));
#3418 = CARTESIAN_POINT('',(4.197104961677,12.922833354845));
#3419 = CARTESIAN_POINT('',(4.273010989516,12.946996016306));
#3420 = CARTESIAN_POINT('',(4.348924559111,12.971157682952));
#3421 = CARTESIAN_POINT('',(4.501778549584,13.019806615797));
#3422 = CARTESIAN_POINT('',(4.579861663373,13.044657275474));
#3423 = CARTESIAN_POINT('',(4.658459825284,13.069671902595));
#3424 = CARTESIAN_POINT('',(4.737031694716,13.094679397659));
#3425 = CARTESIAN_POINT('',(4.815003807507,13.119497586643));
#3426 = CARTESIAN_POINT('',(4.891681449854,13.143904983544));
#3427 = CARTESIAN_POINT('',(4.966121683609,13.16760094721));
#3428 = CARTESIAN_POINT('',(5.113856419269,13.214628980552));
#3429 = CARTESIAN_POINT('',(5.190810718647,13.239126140233));
#3430 = CARTESIAN_POINT('',(5.267757956661,13.263621127722));
#3431 = CARTESIAN_POINT('',(5.344696637067,13.288113058089));
#3432 = CARTESIAN_POINT('',(5.421635615484,13.31260451307));
#3433 = CARTESIAN_POINT('',(5.498583495831,13.337098221143));
#3434 = CARTESIAN_POINT('',(5.575538000349,13.361593616753));
#3435 = CARTESIAN_POINT('',(5.731307982782,13.411176245338));
#3436 = CARTESIAN_POINT('',(5.810158083138,13.436274489043));
#3437 = CARTESIAN_POINT('',(5.888999972,13.461370031967));
#3438 = CARTESIAN_POINT('',(5.967831895396,13.48646254893));
#3439 = CARTESIAN_POINT('',(6.046663864114,13.511555381284));
#3440 = CARTESIAN_POINT('',(6.125505647306,13.536651659119));
#3441 = CARTESIAN_POINT('',(6.204354883237,13.561750531748));
#3442 = CARTESIAN_POINT('',(6.28318530718,13.586843506501));
#3443 = ( GEOMETRIC_REPRESENTATION_CONTEXT(2) 
PARAMETRIC_REPRESENTATION_CONTEXT() REPRESENTATION_CONTEXT('2D SPACE',''
  ) );
#3444 = ORIENTED_EDGE('',*,*,#3445,.T.);
#3445 = EDGE_CURVE('',#3232,#3446,#3448,.T.);
#3446 = VERTEX_POINT('',#3447);
#3447 = CARTESIAN_POINT('',(14.74999995,-0.64999995,22.936844403085));
#3448 = SURFACE_CURVE('',#3449,(#3515,#3584),.PCURVE_S1.);
#3449 = B_SPLINE_CURVE_WITH_KNOTS('',8,(#3450,#3451,#3452,#3453,#3454,
    #3455,#3456,#3457,#3458,#3459,#3460,#3461,#3462,#3463,#3464,#3465,
    #3466,#3467,#3468,#3469,#3470,#3471,#3472,#3473,#3474,#3475,#3476,
    #3477,#3478,#3479,#3480,#3481,#3482,#3483,#3484,#3485,#3486,#3487,
    #3488,#3489,#3490,#3491,#3492,#3493,#3494,#3495,#3496,#3497,#3498,
    #3499,#3500,#3501,#3502,#3503,#3504,#3505,#3506,#3507,#3508,#3509,
    #3510,#3511,#3512,#3513,#3514),.UNSPECIFIED.,.F.,.F.,(9,7,7,7,7,7,7,
    7,7,9),(0.,0.121320764612,0.225171302717,0.33567772933,
    0.436953370402,0.605328296094,0.696892070184,0.753314401338,
    0.81369649295,1.),.UNSPECIFIED.);
#3450 = CARTESIAN_POINT('',(14.74999995,-0.64999995,20.936843506501));
#3451 = CARTESIAN_POINT('',(14.74999995,-0.316657273264,20.967160153129)
  );
#3452 = CARTESIAN_POINT('',(14.713716091324,1.685505673117E-02,
    20.997492369821));
#3453 = CARTESIAN_POINT('',(14.641087729658,0.345677051836,
    21.027816921815));
#3454 = CARTESIAN_POINT('',(14.532895239047,0.665192857603,
    21.058134497111));
#3455 = CARTESIAN_POINT('',(14.390559088166,0.971027533901,
    21.088451211179));
#3456 = CARTESIAN_POINT('',(14.216073586141,1.259038915355,
    21.118773611503));
#3457 = CARTESIAN_POINT('',(14.01205688322,1.525354503296,
    21.149103525593));
#3458 = CARTESIAN_POINT('',(13.58488357127,1.972926673503,
    21.205369215349));
#3459 = CARTESIAN_POINT('',(13.368570508927,2.161059513586,
    21.231327520425));
#3460 = CARTESIAN_POINT('',(13.135025096965,2.32869732632,
    21.257283115262));
#3461 = CARTESIAN_POINT('',(12.886545419423,2.474024982432,
    21.283234742788));
#3462 = CARTESIAN_POINT('',(12.625610865178,2.595554178368,
    21.309186019854));
#3463 = CARTESIAN_POINT('',(12.354855035002,2.692104466388,
    21.335140849416));
#3464 = CARTESIAN_POINT('',(12.077062862445,2.762827894584,
    21.361099009954));
#3465 = CARTESIAN_POINT('',(11.495255635936,2.854575424681,
    21.414668183331));
#3466 = CARTESIAN_POINT('',(11.190531564425,2.872150479588,
    21.442293926361));
#3467 = CARTESIAN_POINT('',(10.884604444253,2.859404208299,
    21.469915149488));
#3468 = CARTESIAN_POINT('',(10.580998599173,2.816315084827,
    21.497532225648));
#3469 = CARTESIAN_POINT('',(10.283161725839,2.743325882985,
    21.525149074569));
#3470 = CARTESIAN_POINT('',(9.994460718982,2.64130739685,21.552769601936
    ));
#3471 = CARTESIAN_POINT('',(9.718163169006,2.5115929531,21.580394073513)
  );
#3472 = CARTESIAN_POINT('',(9.218376915447,2.21355423452,21.633315465841
    ));
#3473 = CARTESIAN_POINT('',(8.992250549564,2.049268181099,
    21.658630269859));
#3474 = CARTESIAN_POINT('',(8.781412171595,1.864628482426,
    21.683942893052));
#3475 = CARTESIAN_POINT('',(8.587984102339,1.661327344864,
    21.709252208938));
#3476 = CARTESIAN_POINT('',(8.413840002534,1.44128530154,21.734561419611
    ));
#3477 = CARTESIAN_POINT('',(8.260614685043,1.206625541528,
    21.759873938679));
#3478 = CARTESIAN_POINT('',(8.129681589468,0.95967820432,21.785189313229
    ));
#3479 = CARTESIAN_POINT('',(7.843235635124,0.276300889062,
    21.852577889043));
#3480 = CARTESIAN_POINT('',(7.728529114769,-0.178181662604,
    21.894730786532));
#3481 = CARTESIAN_POINT('',(7.683641941953,-0.648016289176,
    21.936839513656));
#3482 = CARTESIAN_POINT('',(7.710277024395,-1.120685950466,
    21.978923042249));
#3483 = CARTESIAN_POINT('',(7.80808817869,-1.583898177255,
    22.021005499054));
#3484 = CARTESIAN_POINT('',(7.974188873378,-2.025708838983,
    22.063111359967));
#3485 = CARTESIAN_POINT('',(8.203738931327,-2.434475282027,
    22.105268747712));
#3486 = CARTESIAN_POINT('',(8.642419918712,-2.998154429034,
    22.170228731834));
#3487 = CARTESIAN_POINT('',(8.813294691575,-3.184062478333,
    22.193117019998));
#3488 = CARTESIAN_POINT('',(8.999271479618,-3.355693262356,
    22.216005465775));
#3489 = CARTESIAN_POINT('',(9.198938268123,-3.511625048046,
    22.238893278289));
#3490 = CARTESIAN_POINT('',(9.410746732449,-3.650617151943,
    22.261781819775));
#3491 = CARTESIAN_POINT('',(9.633026240397,-3.771603425741,
    22.284672074746));
#3492 = CARTESIAN_POINT('',(9.863982912495,-3.873704983749,
    22.307562528757));
#3493 = CARTESIAN_POINT('',(10.248156894588,-4.007134573225,
    22.344549332736));
#3494 = CARTESIAN_POINT('',(10.397196629124,-4.050589300007,
    22.358649500507));
#3495 = CARTESIAN_POINT('',(10.548369851717,-4.086475039343,
    22.372748630543));
#3496 = CARTESIAN_POINT('',(10.701234082853,-4.114672169862,
    22.386847322511));
#3497 = CARTESIAN_POINT('',(10.855337455611,-4.135092762096,
    22.400946105265));
#3498 = CARTESIAN_POINT('',(11.010218715663,-4.147680578472,
    22.415045436851));
#3499 = CARTESIAN_POINT('',(11.165407221275,-4.152411073316,
    22.429145704507));
#3500 = CARTESIAN_POINT('',(11.486317782061,-4.145952770931,
    22.458338399809));
#3501 = CARTESIAN_POINT('',(11.6520432559,-4.133624637992,
    22.473432015597));
#3502 = CARTESIAN_POINT('',(11.81701960091,-4.112319119087,
    22.488526539106));
#3503 = CARTESIAN_POINT('',(11.980676839632,-4.082090677588,
    22.503620846415));
#3504 = CARTESIAN_POINT('',(12.142454781057,-4.043036115196,
    22.518714222607));
#3505 = CARTESIAN_POINT('',(12.301803020626,-3.995294571936,
    22.533806361766));
#3506 = CARTESIAN_POINT('',(12.458180940233,-3.939047526159,
    22.548897366977));
#3507 = CARTESIAN_POINT('',(13.082745211294,-3.675421203094,
    22.610547769459));
#3508 = CARTESIAN_POINT('',(13.522435187432,-3.396921947135,
    22.657227879748));
#3509 = CARTESIAN_POINT('',(13.912283485493,-3.045684680543,
    22.703825351527));
#3510 = CARTESIAN_POINT('',(14.239219679484,-2.632851630419,
    22.750399719514));
#3511 = CARTESIAN_POINT('',(14.492419359074,-2.171108767907,
    22.796977288501));
#3512 = CARTESIAN_POINT('',(14.664406267641,-1.675359308076,
    22.843589782867));
#3513 = CARTESIAN_POINT('',(14.74999995,-1.161981428109,22.890281128237)
  );
#3514 = CARTESIAN_POINT('',(14.74999995,-0.64999995,22.936844403085));
#3515 = PCURVE('',#1389,#3516);
#3516 = DEFINITIONAL_REPRESENTATION('',(#3517),#3583);
#3517 = B_SPLINE_CURVE_WITH_KNOTS('',8,(#3518,#3519,#3520,#3521,#3522,
    #3523,#3524,#3525,#3526,#3527,#3528,#3529,#3530,#3531,#3532,#3533,
    #3534,#3535,#3536,#3537,#3538,#3539,#3540,#3541,#3542,#3543,#3544,
    #3545,#3546,#3547,#3548,#3549,#3550,#3551,#3552,#3553,#3554,#3555,
    #3556,#3557,#3558,#3559,#3560,#3561,#3562,#3563,#3564,#3565,#3566,
    #3567,#3568,#3569,#3570,#3571,#3572,#3573,#3574,#3575,#3576,#3577,
    #3578,#3579,#3580,#3581,#3582),.UNSPECIFIED.,.F.,.F.,(9,7,7,7,7,7,7,
    7,7,9),(0.,0.121320764612,0.225171302717,0.33567772933,
    0.436953370402,0.605328296094,0.696892070184,0.753314401338,
    0.81369649295,1.),.UNSPECIFIED.);
#3518 = CARTESIAN_POINT('',(0.868027745429,39.562897286013));
#3519 = CARTESIAN_POINT('',(0.868029968045,39.662845646608));
#3520 = CARTESIAN_POINT('',(0.868032182341,39.762845350923));
#3521 = CARTESIAN_POINT('',(0.868033686557,39.862820693902));
#3522 = CARTESIAN_POINT('',(0.868033617805,39.962775047779));
#3523 = CARTESIAN_POINT('',(0.868031569062,40.06272909544));
#3524 = CARTESIAN_POINT('',(0.868027834276,40.162704047267));
#3525 = CARTESIAN_POINT('',(0.868023262353,40.262704842316));
#3526 = CARTESIAN_POINT('',(0.868014796035,40.448218494107));
#3527 = CARTESIAN_POINT('',(0.8680109001,40.533805630217));
#3528 = CARTESIAN_POINT('',(0.868007541571,40.619383143373));
#3529 = CARTESIAN_POINT('',(0.868005310486,40.70494613423));
#3530 = CARTESIAN_POINT('',(0.868004593941,40.790506031969));
#3531 = CARTESIAN_POINT('',(0.86800544832,40.876075632142));
#3532 = CARTESIAN_POINT('',(0.868007608112,40.961654544111));
#3533 = CARTESIAN_POINT('',(0.868013848294,41.138259213341));
#3534 = CARTESIAN_POINT('',(0.868018045392,41.229333385378));
#3535 = CARTESIAN_POINT('',(0.868022700017,41.320392070356));
#3536 = CARTESIAN_POINT('',(0.868027061762,41.411437457872));
#3537 = CARTESIAN_POINT('',(0.868030391247,41.502483416861));
#3538 = CARTESIAN_POINT('',(0.868032270948,41.593543358185));
#3539 = CARTESIAN_POINT('',(0.868032763489,41.684618077923));
#3540 = CARTESIAN_POINT('',(0.868031669889,41.859096455177));
#3541 = CARTESIAN_POINT('',(0.868030259684,41.942558847095));
#3542 = CARTESIAN_POINT('',(0.868028187736,42.026014895655));
#3543 = CARTESIAN_POINT('',(0.868025946813,42.109460256516));
#3544 = CARTESIAN_POINT('',(0.868024054743,42.19290482418));
#3545 = CARTESIAN_POINT('',(0.868022874984,42.276359387995));
#3546 = CARTESIAN_POINT('',(0.868022500004,42.359822336452));
#3547 = CARTESIAN_POINT('',(0.868023025665,42.58199561949));
#3548 = CARTESIAN_POINT('',(0.868024968618,42.720967371703));
#3549 = CARTESIAN_POINT('',(0.868027461474,42.859792794734));
#3550 = CARTESIAN_POINT('',(0.868028067865,42.998537554024));
#3551 = CARTESIAN_POINT('',(0.868021536692,43.137287911462));
#3552 = CARTESIAN_POINT('',(0.868010828557,43.276120774029));
#3553 = CARTESIAN_POINT('',(0.868005144007,43.415117088722));
#3554 = CARTESIAN_POINT('',(0.868007751622,43.629280864007));
#3555 = CARTESIAN_POINT('',(0.868010885434,43.704737442087));
#3556 = CARTESIAN_POINT('',(0.868016529802,43.780191327833));
#3557 = CARTESIAN_POINT('',(0.868024821765,43.855639738474));
#3558 = CARTESIAN_POINT('',(0.868034658695,43.931088575855));
#3559 = CARTESIAN_POINT('',(0.868043629704,44.006544170277));
#3560 = CARTESIAN_POINT('',(0.868048959899,44.082005078911));
#3561 = CARTESIAN_POINT('',(0.868049780263,44.203946130708));
#3562 = CARTESIAN_POINT('',(0.868048470083,44.250434767219));
#3563 = CARTESIAN_POINT('',(0.868044833623,44.296922958635));
#3564 = CARTESIAN_POINT('',(0.868038955688,44.343412573497));
#3565 = CARTESIAN_POINT('',(0.868031709201,44.389904238584));
#3566 = CARTESIAN_POINT('',(0.868024755211,44.436397338903));
#3567 = CARTESIAN_POINT('',(0.868020542889,44.4828900177));
#3568 = CARTESIAN_POINT('',(0.868024200156,44.579130978361));
#3569 = CARTESIAN_POINT('',(0.868030693592,44.628884938072));
#3570 = CARTESIAN_POINT('',(0.868038505299,44.678640203873));
#3571 = CARTESIAN_POINT('',(0.868045275931,44.728396088819));
#3572 = CARTESIAN_POINT('',(0.868049571335,44.778152070724));
#3573 = CARTESIAN_POINT('',(0.868050882553,44.827907792164));
#3574 = CARTESIAN_POINT('',(0.86804962582,44.877663060479));
#3575 = CARTESIAN_POINT('',(0.868039480711,45.080931764186));
#3576 = CARTESIAN_POINT('',(0.86801602709,45.234861813919));
#3577 = CARTESIAN_POINT('',(0.867991741155,45.388520477044));
#3578 = CARTESIAN_POINT('',(0.867999525856,45.542061938118));
#3579 = CARTESIAN_POINT('',(0.868011542156,45.695608538883));
#3580 = CARTESIAN_POINT('',(0.868020651454,45.849274004562));
#3581 = CARTESIAN_POINT('',(0.86802450405,46.003206160133));
#3582 = CARTESIAN_POINT('',(0.868025223976,46.156720086834));
#3583 = ( GEOMETRIC_REPRESENTATION_CONTEXT(2) 
PARAMETRIC_REPRESENTATION_CONTEXT() REPRESENTATION_CONTEXT('2D SPACE',''
  ) );
#3584 = PCURVE('',#3585,#3590);
#3585 = CYLINDRICAL_SURFACE('',#3586,3.5);
#3586 = AXIS2_PLACEMENT_3D('',#3587,#3588,#3589);
#3587 = CARTESIAN_POINT('',(11.24999995,-0.64999995,7.35));
#3588 = DIRECTION('',(0.,0.,1.));
#3589 = DIRECTION('',(1.,0.,0.));
#3590 = DEFINITIONAL_REPRESENTATION('',(#3591),#3657);
#3591 = B_SPLINE_CURVE_WITH_KNOTS('',8,(#3592,#3593,#3594,#3595,#3596,
    #3597,#3598,#3599,#3600,#3601,#3602,#3603,#3604,#3605,#3606,#3607,
    #3608,#3609,#3610,#3611,#3612,#3613,#3614,#3615,#3616,#3617,#3618,
    #3619,#3620,#3621,#3622,#3623,#3624,#3625,#3626,#3627,#3628,#3629,
    #3630,#3631,#3632,#3633,#3634,#3635,#3636,#3637,#3638,#3639,#3640,
    #3641,#3642,#3643,#3644,#3645,#3646,#3647,#3648,#3649,#3650,#3651,
    #3652,#3653,#3654,#3655,#3656),.UNSPECIFIED.,.F.,.F.,(9,7,7,7,7,7,7,
    7,7,9),(0.,0.121320764612,0.225171302717,0.33567772933,
    0.436953370402,0.605328296094,0.696892070184,0.753314401338,
    0.81369649295,1.),.UNSPECIFIED.);
#3592 = CARTESIAN_POINT('',(0.,13.586843506501));
#3593 = CARTESIAN_POINT('',(9.524076478164E-02,13.617160153129));
#3594 = CARTESIAN_POINT('',(0.190530034561,13.647492369821));
#3595 = CARTESIAN_POINT('',(0.285795543411,13.677816921815));
#3596 = CARTESIAN_POINT('',(0.381040534768,13.708134497111));
#3597 = CARTESIAN_POINT('',(0.476284942757,13.738451211179));
#3598 = CARTESIAN_POINT('',(0.571549258043,13.768773611503));
#3599 = CARTESIAN_POINT('',(0.666838363513,13.799103525593));
#3600 = CARTESIAN_POINT('',(0.843611684519,13.855369215349));
#3601 = CARTESIAN_POINT('',(0.925166616954,13.881327520425));
#3602 = CARTESIAN_POINT('',(1.006712593733,13.907283115262));
#3603 = CARTESIAN_POINT('',(1.088244917548,13.933234742788));
#3604 = CARTESIAN_POINT('',(1.169774391047,13.959186019854));
#3605 = CARTESIAN_POINT('',(1.251313088922,13.985140849416));
#3606 = CARTESIAN_POINT('',(1.332860533551,14.011099009954));
#3607 = CARTESIAN_POINT('',(1.501145340266,14.064668183331));
#3608 = CARTESIAN_POINT('',(1.587928813063,14.092293926361));
#3609 = CARTESIAN_POINT('',(1.674697291644,14.119915149488));
#3610 = CARTESIAN_POINT('',(1.761452873706,14.147532225648));
#3611 = CARTESIAN_POINT('',(1.848208896841,14.175149074569));
#3612 = CARTESIAN_POINT('',(1.934978328727,14.202769601936));
#3613 = CARTESIAN_POINT('',(2.021762099873,14.230394073513));
#3614 = CARTESIAN_POINT('',(2.188020658534,14.283315465841));
#3615 = CARTESIAN_POINT('',(2.267551358291,14.308630269859));
#3616 = CARTESIAN_POINT('',(2.347076372131,14.333942893052));
#3617 = CARTESIAN_POINT('',(2.42659157322,14.359252208938));
#3618 = CARTESIAN_POINT('',(2.506106309343,14.384561419611));
#3619 = CARTESIAN_POINT('',(2.585630692761,14.409873938679));
#3620 = CARTESIAN_POINT('',(2.66516297814,14.435189313229));
#3621 = CARTESIAN_POINT('',(2.876872413167,14.502577889043));
#3622 = CARTESIAN_POINT('',(3.009298228382,14.544730786532));
#3623 = CARTESIAN_POINT('',(3.141583150902,14.586839513656));
#3624 = CARTESIAN_POINT('',(3.273789319493,14.628923042249));
#3625 = CARTESIAN_POINT('',(3.405999495477,14.671005499054));
#3626 = CARTESIAN_POINT('',(3.538289708658,14.713111359967));
#3627 = CARTESIAN_POINT('',(3.670737588669,14.755268747712));
#3628 = CARTESIAN_POINT('',(3.874813442807,14.820228731834));
#3629 = CARTESIAN_POINT('',(3.946716075227,14.843117019998));
#3630 = CARTESIAN_POINT('',(4.018616398451,14.866005465775));
#3631 = CARTESIAN_POINT('',(4.090511489402,14.888893278289));
#3632 = CARTESIAN_POINT('',(4.162406677381,14.911781819775));
#3633 = CARTESIAN_POINT('',(4.234307810531,14.934672074746));
#3634 = CARTESIAN_POINT('',(4.306213547113,14.957562528757));
#3635 = CARTESIAN_POINT('',(4.42240940705,14.994549332736));
#3636 = CARTESIAN_POINT('',(4.466707687461,15.008649500507));
#3637 = CARTESIAN_POINT('',(4.511005593602,15.022748630543));
#3638 = CARTESIAN_POINT('',(4.555304975631,15.036847322511));
#3639 = CARTESIAN_POINT('',(4.599606453068,15.050946105265));
#3640 = CARTESIAN_POINT('',(4.6439094148,15.065045436851));
#3641 = CARTESIAN_POINT('',(4.688212019077,15.079145704507));
#3642 = CARTESIAN_POINT('',(4.779919316404,15.108338399809));
#3643 = CARTESIAN_POINT('',(4.827329570903,15.123432015597));
#3644 = CARTESIAN_POINT('',(4.874740989576,15.138526539106));
#3645 = CARTESIAN_POINT('',(4.922152833401,15.153620846415));
#3646 = CARTESIAN_POINT('',(4.969564591769,15.168714222607));
#3647 = CARTESIAN_POINT('',(5.016975982481,15.183806361766));
#3648 = CARTESIAN_POINT('',(5.064386951752,15.198897366977));
#3649 = CARTESIAN_POINT('',(5.258079189625,15.260547769459));
#3650 = CARTESIAN_POINT('',(5.404758395405,15.307227879748));
#3651 = CARTESIAN_POINT('',(5.551181985085,15.353825351527));
#3652 = CARTESIAN_POINT('',(5.697493363616,15.400399719514));
#3653 = CARTESIAN_POINT('',(5.843804127579,15.446977288501));
#3654 = CARTESIAN_POINT('',(5.990227285548,15.493589782867));
#3655 = CARTESIAN_POINT('',(6.136904884863,15.540281128237));
#3656 = CARTESIAN_POINT('',(6.28318530718,15.586844403085));
#3657 = ( GEOMETRIC_REPRESENTATION_CONTEXT(2) 
PARAMETRIC_REPRESENTATION_CONTEXT() REPRESENTATION_CONTEXT('2D SPACE',''
  ) );
#3658 = ORIENTED_EDGE('',*,*,#3659,.T.);
#3659 = EDGE_CURVE('',#3446,#3660,#3662,.T.);
#3660 = VERTEX_POINT('',#3661);
#3661 = CARTESIAN_POINT('',(14.74999995,-0.64999995,24.936837355807));
#3662 = SURFACE_CURVE('',#3663,(#3729,#3798),.PCURVE_S1.);
#3663 = B_SPLINE_CURVE_WITH_KNOTS('',8,(#3664,#3665,#3666,#3667,#3668,
    #3669,#3670,#3671,#3672,#3673,#3674,#3675,#3676,#3677,#3678,#3679,
    #3680,#3681,#3682,#3683,#3684,#3685,#3686,#3687,#3688,#3689,#3690,
    #3691,#3692,#3693,#3694,#3695,#3696,#3697,#3698,#3699,#3700,#3701,
    #3702,#3703,#3704,#3705,#3706,#3707,#3708,#3709,#3710,#3711,#3712,
    #3713,#3714,#3715,#3716,#3717,#3718,#3719,#3720,#3721,#3722,#3723,
    #3724,#3725,#3726,#3727,#3728),.UNSPECIFIED.,.F.,.F.,(9,7,7,7,7,7,7,
    7,7,9),(0.,8.376747919561E-02,0.194858179525,0.320853966358,
    0.451062873709,0.594887675084,0.703440482955,0.820695841876,
    0.901754496115,1.),.UNSPECIFIED.);
#3664 = CARTESIAN_POINT('',(14.74999995,-0.64999995,22.936844403085));
#3665 = CARTESIAN_POINT('',(14.74999995,-0.41975360031,22.957784660735)
  );
#3666 = CARTESIAN_POINT('',(14.732689434604,-0.189498196418,
    22.978725377228));
#3667 = CARTESIAN_POINT('',(14.69806620993,3.922772057159E-02,
    22.99966491553));
#3668 = CARTESIAN_POINT('',(14.646295534287,0.264914597166,23.0206039517
    ));
#3669 = CARTESIAN_POINT('',(14.57769374259,0.486080882156,
    23.041544073776));
#3670 = CARTESIAN_POINT('',(14.492725153772,0.701276562442,
    23.062486260615));
#3671 = CARTESIAN_POINT('',(14.392012261187,0.909091220045,
    23.083429240685));
#3672 = CARTESIAN_POINT('',(14.122982513526,1.372176280003,
    23.132135923869));
#3673 = CARTESIAN_POINT('',(13.943228766739,1.620989326402,
    23.159914418536));
#3674 = CARTESIAN_POINT('',(13.738926375918,1.851386277751,
    23.187688549668));
#3675 = CARTESIAN_POINT('',(13.512324009661,2.060571976963,
    23.215458661685));
#3676 = CARTESIAN_POINT('',(13.265988321086,2.246114383891,
    23.243228728388));
#3677 = CARTESIAN_POINT('',(13.002771529751,2.405922765477,
    23.271002679822));
#3678 = CARTESIAN_POINT('',(12.725827300717,2.538283985618,
    23.298780710034));
#3679 = CARTESIAN_POINT('',(12.112949174219,2.759579576603,
    23.358040496655));
#3680 = CARTESIAN_POINT('',(11.773762886888,2.840420863479,
    23.38955038622));
#3681 = CARTESIAN_POINT('',(11.426209945765,2.882575599077,
    23.421050222256));
#3682 = CARTESIAN_POINT('',(11.075463837757,2.88514916661,
    23.452542031623));
#3683 = CARTESIAN_POINT('',(10.726676927438,2.848038534241,
    23.484033972189));
#3684 = CARTESIAN_POINT('',(10.384966423495,2.771853687999,
    23.515534198186));
#3685 = CARTESIAN_POINT('',(10.055392638929,2.657994513955,
    23.547044722819));
#3686 = CARTESIAN_POINT('',(9.419870019858,2.35477824963,23.611084831786
    ));
#3687 = CARTESIAN_POINT('',(9.11467102663,2.16282874648,23.643654478958)
  );
#3688 = CARTESIAN_POINT('',(8.832772760039,1.935558227775,
    23.676214058099));
#3689 = CARTESIAN_POINT('',(8.57887722206,1.676375445922,23.708765276268
    ));
#3690 = CARTESIAN_POINT('',(8.357015318597,1.389296635066,
    23.741316232766));
#3691 = CARTESIAN_POINT('',(8.17060731533,1.078865304594,23.773875295883
    ));
#3692 = CARTESIAN_POINT('',(8.022381248883,0.750198900997,
    23.806444897636));
#3693 = CARTESIAN_POINT('',(7.794467887131,3.23228405932E-02,
    23.874944352703));
#3694 = CARTESIAN_POINT('',(7.72336265395,-0.360268196613,
    23.910930919449));
#3695 = CARTESIAN_POINT('',(7.70344609841,-0.760839699499,
    23.946898929042));
#3696 = CARTESIAN_POINT('',(7.735485543356,-1.161578391519,
    23.982853304512));
#3697 = CARTESIAN_POINT('',(7.819023449353,-1.554803241125,
    24.018806988375));
#3698 = CARTESIAN_POINT('',(7.952292600114,-1.933042392596,
    24.054773064324));
#3699 = CARTESIAN_POINT('',(8.13234469193,-2.289053765122,
    24.090758179357));
#3700 = CARTESIAN_POINT('',(8.522012785833,-2.86294087533,
    24.153845769681));
#3701 = CARTESIAN_POINT('',(8.713702075861,-3.093505958064,
    24.180987026399));
#3702 = CARTESIAN_POINT('',(8.927571463965,-3.304953636756,
    24.208123371644));
#3703 = CARTESIAN_POINT('',(9.161366763391,-3.494832998085,
    24.235256015667));
#3704 = CARTESIAN_POINT('',(9.412563338685,-3.661032275302,
    24.262389082084));
#3705 = CARTESIAN_POINT('',(9.678389655397,-3.801762130799,
    24.289526505263));
#3706 = CARTESIAN_POINT('',(9.955813273493,-3.915592071897,
    24.316668473056));
#3707 = CARTESIAN_POINT('',(10.550104451879,-4.094415902503,
    24.373108438734));
#3708 = CARTESIAN_POINT('',(10.868580148019,-4.154831798787,
    24.402426588593));
#3709 = CARTESIAN_POINT('',(11.192781015398,-4.1815163539,
    24.431739078414));
#3710 = CARTESIAN_POINT('',(11.518534091992,-4.173917048546,
    24.46104835666));
#3711 = CARTESIAN_POINT('',(11.841689924592,-4.132071552377,
    24.490360761495));
#3712 = CARTESIAN_POINT('',(12.158132310803,-4.056561317823,
    24.519680651747));
#3713 = CARTESIAN_POINT('',(12.463797365766,-3.948566412765,
    24.549005404926));
#3714 = CARTESIAN_POINT('',(12.955876985748,-3.714247098587,
    24.5985737166));
#3715 = CARTESIAN_POINT('',(13.150060323076,-3.603832377032,
    24.618834702447));
#3716 = CARTESIAN_POINT('',(13.336025540422,-3.479377090588,
    24.639092173658));
#3717 = CARTESIAN_POINT('',(13.512594611628,-3.341604774384,
    24.659352851675));
#3718 = CARTESIAN_POINT('',(13.678672427754,-3.191344851843,
    24.679597453943));
#3719 = CARTESIAN_POINT('',(13.833245953852,-3.029537695229,
    24.699870207799));
#3720 = CARTESIAN_POINT('',(13.975398274344,-2.857221324685,
    24.720134634498));
#3721 = CARTESIAN_POINT('',(14.260569227591,-2.455372065518,
    24.764955050491));
#3722 = CARTESIAN_POINT('',(14.397441223316,-2.221369031647,
    24.789517091868));
#3723 = CARTESIAN_POINT('',(14.513454790346,-1.975602680552,
    24.8140736007));
#3724 = CARTESIAN_POINT('',(14.607457613796,-1.720255817819,
    24.838624778489));
#3725 = CARTESIAN_POINT('',(14.67857513846,-1.45761197408,
    24.863175043809));
#3726 = CARTESIAN_POINT('',(14.726197348804,-1.190040104764,
    24.887728485993));
#3727 = CARTESIAN_POINT('',(14.74999995,-0.919990220762,24.912285036194)
  );
#3728 = CARTESIAN_POINT('',(14.74999995,-0.64999995,24.936837355807));
#3729 = PCURVE('',#1389,#3730);
#3730 = DEFINITIONAL_REPRESENTATION('',(#3731),#3797);
#3731 = B_SPLINE_CURVE_WITH_KNOTS('',8,(#3732,#3733,#3734,#3735,#3736,
    #3737,#3738,#3739,#3740,#3741,#3742,#3743,#3744,#3745,#3746,#3747,
    #3748,#3749,#3750,#3751,#3752,#3753,#3754,#3755,#3756,#3757,#3758,
    #3759,#3760,#3761,#3762,#3763,#3764,#3765,#3766,#3767,#3768,#3769,
    #3770,#3771,#3772,#3773,#3774,#3775,#3776,#3777,#3778,#3779,#3780,
    #3781,#3782,#3783,#3784,#3785,#3786,#3787,#3788,#3789,#3790,#3791,
    #3792,#3793,#3794,#3795,#3796),.UNSPECIFIED.,.F.,.F.,(9,7,7,7,7,7,7,
    7,7,9),(0.,8.376747919561E-02,0.194858179525,0.320853966358,
    0.451062873709,0.594887675084,0.703440482955,0.820695841876,
    0.901754496115,1.),.UNSPECIFIED.);
#3732 = CARTESIAN_POINT('',(0.868025223976,46.156720086834));
#3733 = CARTESIAN_POINT('',(0.868025547739,46.225757782065));
#3734 = CARTESIAN_POINT('',(0.86802523449,46.294797805043));
#3735 = CARTESIAN_POINT('',(0.868024447712,46.36383454946));
#3736 = CARTESIAN_POINT('',(0.868023504148,46.432869838984));
#3737 = CARTESIAN_POINT('',(0.868022727486,46.501908495111));
#3738 = CARTESIAN_POINT('',(0.868022351391,46.570953446089));
#3739 = CARTESIAN_POINT('',(0.868022471887,46.640000376947));
#3740 = CARTESIAN_POINT('',(0.868023814579,46.800580127638));
#3741 = CARTESIAN_POINT('',(0.868025385324,46.89216126794));
#3742 = CARTESIAN_POINT('',(0.868027685149,46.983727089291));
#3743 = CARTESIAN_POINT('',(0.868030241835,47.075279331367));
#3744 = CARTESIAN_POINT('',(0.868032295008,47.166832068231));
#3745 = CARTESIAN_POINT('',(0.868033190327,47.25839909404));
#3746 = CARTESIAN_POINT('',(0.868032707144,47.349981330846));
#3747 = CARTESIAN_POINT('',(0.868028993099,47.545360165477));
#3748 = CARTESIAN_POINT('',(0.86802540168,47.64924997703));
#3749 = CARTESIAN_POINT('',(0.868020369682,47.753108486074));
#3750 = CARTESIAN_POINT('',(0.868014675673,47.856941378896));
#3751 = CARTESIAN_POINT('',(0.868009626107,47.96077387978));
#3752 = CARTESIAN_POINT('',(0.868006368805,48.064631403968));
#3753 = CARTESIAN_POINT('',(0.868005290943,48.168520093472));
#3754 = CARTESIAN_POINT('',(0.868007137384,48.379652098552));
#3755 = CARTESIAN_POINT('',(0.868010196543,48.487027325103));
#3756 = CARTESIAN_POINT('',(0.868015166095,48.594366914147));
#3757 = CARTESIAN_POINT('',(0.868021140223,48.701677652587));
#3758 = CARTESIAN_POINT('',(0.868026632972,48.808988144196));
#3759 = CARTESIAN_POINT('',(0.868030419181,48.91632754591));
#3760 = CARTESIAN_POINT('',(0.868032220354,49.023704232169));
#3761 = CARTESIAN_POINT('',(0.868032503253,49.249540292837));
#3762 = CARTESIAN_POINT('',(0.868030618109,49.3681871156));
#3763 = CARTESIAN_POINT('',(0.868027140952,49.486774793932));
#3764 = CARTESIAN_POINT('',(0.8680233945,49.605317866342));
#3765 = CARTESIAN_POINT('',(0.868021434733,49.723856372726));
#3766 = CARTESIAN_POINT('',(0.868021808794,49.842432748811));
#3767 = CARTESIAN_POINT('',(0.868023237381,49.961070545865));
#3768 = CARTESIAN_POINT('',(0.868025205405,50.169062028765));
#3769 = CARTESIAN_POINT('',(0.868025875846,50.258543405815));
#3770 = CARTESIAN_POINT('',(0.868025783475,50.34800956612));
#3771 = CARTESIAN_POINT('',(0.868024273538,50.437465337453));
#3772 = CARTESIAN_POINT('',(0.86802100387,50.526924752756));
#3773 = CARTESIAN_POINT('',(0.868016472484,50.616400146131));
#3774 = CARTESIAN_POINT('',(0.86801208278,50.70589034141));
#3775 = CARTESIAN_POINT('',(0.868005955032,50.891975572999));
#3776 = CARTESIAN_POINT('',(0.868004449235,50.988636751382));
#3777 = CARTESIAN_POINT('',(0.86800633278,51.085274932855));
#3778 = CARTESIAN_POINT('',(0.868013045101,51.181896348197));
#3779 = CARTESIAN_POINT('',(0.868025184998,51.278521127658));
#3780 = CARTESIAN_POINT('',(0.868039371513,51.375167967428));
#3781 = CARTESIAN_POINT('',(0.868048255111,51.471837624269));
#3782 = CARTESIAN_POINT('',(0.868050194412,51.635257321768));
#3783 = CARTESIAN_POINT('',(0.868047649885,51.702059189807));
#3784 = CARTESIAN_POINT('',(0.868036838731,51.768860046542));
#3785 = CARTESIAN_POINT('',(0.868038950739,51.835654942387));
#3786 = CARTESIAN_POINT('',(0.867995921144,51.902454591194));
#3787 = CARTESIAN_POINT('',(0.86802504589,51.969254740036));
#3788 = CARTESIAN_POINT('',(0.868030877894,52.03605723545));
#3789 = CARTESIAN_POINT('',(0.868047898023,52.183804262071));
#3790 = CARTESIAN_POINT('',(0.868054259276,52.264774921883));
#3791 = CARTESIAN_POINT('',(0.868052200576,52.345738113745));
#3792 = CARTESIAN_POINT('',(0.868043817924,52.426691820435));
#3793 = CARTESIAN_POINT('',(0.868033298086,52.50764525311));
#3794 = CARTESIAN_POINT('',(0.868023745458,52.588607922195));
#3795 = CARTESIAN_POINT('',(0.868016296464,52.669578146751));
#3796 = CARTESIAN_POINT('',(0.868011521489,52.750531002344));
#3797 = ( GEOMETRIC_REPRESENTATION_CONTEXT(2) 
PARAMETRIC_REPRESENTATION_CONTEXT() REPRESENTATION_CONTEXT('2D SPACE',''
  ) );
#3798 = PCURVE('',#2224,#3799);
#3799 = DEFINITIONAL_REPRESENTATION('',(#3800),#3866);
#3800 = B_SPLINE_CURVE_WITH_KNOTS('',8,(#3801,#3802,#3803,#3804,#3805,
    #3806,#3807,#3808,#3809,#3810,#3811,#3812,#3813,#3814,#3815,#3816,
    #3817,#3818,#3819,#3820,#3821,#3822,#3823,#3824,#3825,#3826,#3827,
    #3828,#3829,#3830,#3831,#3832,#3833,#3834,#3835,#3836,#3837,#3838,
    #3839,#3840,#3841,#3842,#3843,#3844,#3845,#3846,#3847,#3848,#3849,
    #3850,#3851,#3852,#3853,#3854,#3855,#3856,#3857,#3858,#3859,#3860,
    #3861,#3862,#3863,#3864,#3865),.UNSPECIFIED.,.F.,.F.,(9,7,7,7,7,7,7,
    7,7,9),(0.,8.376747919561E-02,0.194858179525,0.320853966358,
    0.451062873709,0.594887675084,0.703440482955,0.820695841876,
    0.901754496115,1.),.UNSPECIFIED.);
#3801 = CARTESIAN_POINT('',(0.,15.586844403085));
#3802 = CARTESIAN_POINT('',(6.578467134003E-02,15.607784660735));
#3803 = CARTESIAN_POINT('',(0.131571826238,15.628725377228));
#3804 = CARTESIAN_POINT('',(0.197356197875,15.64966491553));
#3805 = CARTESIAN_POINT('',(0.263139544057,15.6706039517));
#3806 = CARTESIAN_POINT('',(0.328926420804,15.691544073776));
#3807 = CARTESIAN_POINT('',(0.394719532025,15.712486260615));
#3808 = CARTESIAN_POINT('',(0.460514655306,15.733429240685));
#3809 = CARTESIAN_POINT('',(0.613531868659,15.782135923869));
#3810 = CARTESIAN_POINT('',(0.70080002323,15.809914418536));
#3811 = CARTESIAN_POINT('',(0.788053396148,15.837688549668));
#3812 = CARTESIAN_POINT('',(0.875293422483,15.865458661685));
#3813 = CARTESIAN_POINT('',(0.962533423411,15.893228728388));
#3814 = CARTESIAN_POINT('',(1.049786600669,15.921002679822));
#3815 = CARTESIAN_POINT('',(1.13705398166,15.948780710034));
#3816 = CARTESIAN_POINT('',(1.323227334393,16.008040496655));
#3817 = CARTESIAN_POINT('',(1.422222089363,16.03955038622));
#3818 = CARTESIAN_POINT('',(1.521187057736,16.071050222256));
#3819 = CARTESIAN_POINT('',(1.620127911424,16.102542031623));
#3820 = CARTESIAN_POINT('',(1.71906878494,16.134033972189));
#3821 = CARTESIAN_POINT('',(1.818033803542,16.165534198186));
#3822 = CARTESIAN_POINT('',(1.917028615327,16.197044722819));
#3823 = CARTESIAN_POINT('',(2.118214710985,16.261084831786));
#3824 = CARTESIAN_POINT('',(2.220531685815,16.293654478958));
#3825 = CARTESIAN_POINT('',(2.32281445871,16.326214058099));
#3826 = CARTESIAN_POINT('',(2.42506933183,16.358765276268));
#3827 = CARTESIAN_POINT('',(2.527323605342,16.391316232766));
#3828 = CARTESIAN_POINT('',(2.629605315931,16.423875295883));
#3829 = CARTESIAN_POINT('',(2.731922769781,16.456444897637));
#3830 = CARTESIAN_POINT('',(2.947119033038,16.524944352703));
#3831 = CARTESIAN_POINT('',(3.060176549385,16.560930919449));
#3832 = CARTESIAN_POINT('',(3.173178463737,16.596898929042));
#3833 = CARTESIAN_POINT('',(3.286138722245,16.632853304512));
#3834 = CARTESIAN_POINT('',(3.399095166403,16.668806988375));
#3835 = CARTESIAN_POINT('',(3.512087412917,16.704773064324));
#3836 = CARTESIAN_POINT('',(3.62513735455,16.740758179357));
#3837 = CARTESIAN_POINT('',(3.823330753947,16.803845769681));
#3838 = CARTESIAN_POINT('',(3.908596293911,16.830987026399));
#3839 = CARTESIAN_POINT('',(3.993846749111,16.858123371644));
#3840 = CARTESIAN_POINT('',(4.079086798814,16.885256015667));
#3841 = CARTESIAN_POINT('',(4.164330109601,16.912389082084));
#3842 = CARTESIAN_POINT('',(4.249588830943,16.939526505263));
#3843 = CARTESIAN_POINT('',(4.334862149339,16.966668473056));
#3844 = CARTESIAN_POINT('',(4.512180027646,17.023108438734));
#3845 = CARTESIAN_POINT('',(4.604287716974,17.052426588593));
#3846 = CARTESIAN_POINT('',(4.696374232071,17.081739078415));
#3847 = CARTESIAN_POINT('',(4.788445443476,17.11104835666));
#3848 = CARTESIAN_POINT('',(4.880519791737,17.140360761494));
#3849 = CARTESIAN_POINT('',(4.972614312915,17.169680651747));
#3850 = CARTESIAN_POINT('',(5.06472969744,17.199005404926));
#3851 = CARTESIAN_POINT('',(5.220449983929,17.2485737166));
#3852 = CARTESIAN_POINT('',(5.284104652542,17.268834702447));
#3853 = CARTESIAN_POINT('',(5.347756997502,17.289092173657));
#3854 = CARTESIAN_POINT('',(5.411407384926,17.309352851675));
#3855 = CARTESIAN_POINT('',(5.475059044893,17.329597453943));
#3856 = CARTESIAN_POINT('',(5.538712827974,17.349870207799));
#3857 = CARTESIAN_POINT('',(5.602368578238,17.370134634498));
#3858 = CARTESIAN_POINT('',(5.743155086076,17.414955050491));
#3859 = CARTESIAN_POINT('',(5.820310695329,17.439517091868));
#3860 = CARTESIAN_POINT('',(5.897459033156,17.4640736007));
#3861 = CARTESIAN_POINT('',(5.974598766521,17.488624778489));
#3862 = CARTESIAN_POINT('',(6.051738963338,17.513175043809));
#3863 = CARTESIAN_POINT('',(6.128888481201,17.537728485993));
#3864 = CARTESIAN_POINT('',(6.206045229819,17.562285036194));
#3865 = CARTESIAN_POINT('',(6.28318530718,17.586837355807));
#3866 = ( GEOMETRIC_REPRESENTATION_CONTEXT(2) 
PARAMETRIC_REPRESENTATION_CONTEXT() REPRESENTATION_CONTEXT('2D SPACE',''
  ) );
#3867 = ORIENTED_EDGE('',*,*,#3868,.T.);
#3868 = EDGE_CURVE('',#3660,#2179,#3869,.T.);
#3869 = SURFACE_CURVE('',#3870,(#3936,#4005),.PCURVE_S1.);
#3870 = B_SPLINE_CURVE_WITH_KNOTS('',8,(#3871,#3872,#3873,#3874,#3875,
    #3876,#3877,#3878,#3879,#3880,#3881,#3882,#3883,#3884,#3885,#3886,
    #3887,#3888,#3889,#3890,#3891,#3892,#3893,#3894,#3895,#3896,#3897,
    #3898,#3899,#3900,#3901,#3902,#3903,#3904,#3905,#3906,#3907,#3908,
    #3909,#3910,#3911,#3912,#3913,#3914,#3915,#3916,#3917,#3918,#3919,
    #3920,#3921,#3922,#3923,#3924,#3925,#3926,#3927,#3928,#3929,#3930,
    #3931,#3932,#3933,#3934,#3935),.UNSPECIFIED.,.F.,.F.,(9,7,7,7,7,7,7,
    7,7,9),(0.,0.10646401504,0.221992585939,0.31755042421,0.439906278389
    ,0.556025985466,0.649453922865,0.750440098391,0.858010214842,1.),
  .UNSPECIFIED.);
#3871 = CARTESIAN_POINT('',(14.74999995,-0.64999995,24.936837355807));
#3872 = CARTESIAN_POINT('',(14.74999995,-0.357359487519,24.963449433888)
  );
#3873 = CARTESIAN_POINT('',(14.722035980671,-6.463633463325E-02,
    24.990070074999));
#3874 = CARTESIAN_POINT('',(14.666082789946,0.224923298335,
    25.016688842371));
#3875 = CARTESIAN_POINT('',(14.582592147946,0.508204072433,
    25.043304598014));
#3876 = CARTESIAN_POINT('',(14.472405311373,0.782208156653,
    25.069920958179));
#3877 = CARTESIAN_POINT('',(14.336720725103,1.044061063355,
    25.096541561373));
#3878 = CARTESIAN_POINT('',(14.177116960978,1.291036682568,
    25.12316514893));
#3879 = CARTESIAN_POINT('',(13.79869274554,1.769711949531,
    25.178661847153));
#3880 = CARTESIAN_POINT('',(13.575845432412,1.998500382301,
    25.207554089049));
#3881 = CARTESIAN_POINT('',(13.329644652505,2.203664543253,
    25.236439554573));
#3882 = CARTESIAN_POINT('',(13.063062542893,2.38247141735,
    25.265319324657));
#3883 = CARTESIAN_POINT('',(12.779371393615,2.532663761813,
    25.294199057228));
#3884 = CARTESIAN_POINT('',(12.482108647651,2.652426653794,
    25.323084307335));
#3885 = CARTESIAN_POINT('',(12.175090073942,2.740434704704,
    25.351975901558));
#3886 = CARTESIAN_POINT('',(11.603832219798,2.841961110097,
    25.404743709652));
#3887 = CARTESIAN_POINT('',(11.341237744702,2.865750233359,
    25.428635885831));
#3888 = CARTESIAN_POINT('',(11.07694217467,2.866947923617,
    25.452526433129));
#3889 = CARTESIAN_POINT('',(10.813214488345,2.845443461696,
    25.476414813775));
#3890 = CARTESIAN_POINT('',(10.552302725132,2.801390238643,
    25.500303221148));
#3891 = CARTESIAN_POINT('',(10.296426982343,2.735191355049,
    25.524193668488));
#3892 = CARTESIAN_POINT('',(10.047767727899,2.647516013813,
    25.548084960534));
#3893 = CARTESIAN_POINT('',(9.502017267076,2.40084265211,25.602552273265
    ));
#3894 = CARTESIAN_POINT('',(9.21062893272,2.228615435182,25.633150937418
    ));
#3895 = CARTESIAN_POINT('',(8.938864326262,2.02466341014,25.663741278046
    ));
#3896 = CARTESIAN_POINT('',(8.690709534906,1.791676583066,
    25.694324518978));
#3897 = CARTESIAN_POINT('',(8.469648123694,1.532844357176,
    25.724907625855));
#3898 = CARTESIAN_POINT('',(8.278698648092,1.251795987131,
    25.755497776847));
#3899 = CARTESIAN_POINT('',(8.120357705256,0.95263326116,25.786096800471
    ));
#3900 = CARTESIAN_POINT('',(7.878775367084,0.343329910389,
    25.845707053449));
#3901 = CARTESIAN_POINT('',(7.79201331392,3.426322742602E-02,
    25.874745445587));
#3902 = CARTESIAN_POINT('',(7.73772769137,-0.283257589677,
    25.903778401664));
#3903 = CARTESIAN_POINT('',(7.716806113626,-0.60522913893,
    25.932806606063));
#3904 = CARTESIAN_POINT('',(7.729562486118,-0.927627617876,
    25.96183503156));
#3905 = CARTESIAN_POINT('',(7.775785132434,-1.246422573825,
    25.990868596585));
#3906 = CARTESIAN_POINT('',(7.854688200702,-1.557589463202,
    26.019907858242));
#3907 = CARTESIAN_POINT('',(8.053333061405,-2.09819214821,
    26.072289051399));
#3908 = CARTESIAN_POINT('',(8.162115704055,-2.331811485042,
    26.095644479185));
#3909 = CARTESIAN_POINT('',(8.29037569785,-2.555998111979,
    26.118997053851));
#3910 = CARTESIAN_POINT('',(8.437144906119,-2.768877507416,
    26.142347430157));
#3911 = CARTESIAN_POINT('',(8.601257696932,-2.968705948634,
    26.165698412821));
#3912 = CARTESIAN_POINT('',(8.781362161395,-3.153871182523,
    26.189052390424));
#3913 = CARTESIAN_POINT('',(8.975910327351,-3.32290989646,
    26.212408553952));
#3914 = CARTESIAN_POINT('',(9.407108086378,-3.638440985371,
    26.261000349412));
#3915 = CARTESIAN_POINT('',(9.645979152676,-3.782068050882,
    26.286244940825));
#3916 = CARTESIAN_POINT('',(9.89753361859,-3.903792177856,
    26.311486743064));
#3917 = CARTESIAN_POINT('',(10.15941897224,-4.002340488967,
    26.336725933346));
#3918 = CARTESIAN_POINT('',(10.429165916813,-4.07674462259,
    26.361966023921));
#3919 = CARTESIAN_POINT('',(10.704204880571,-4.126327731553,
    26.387210042242));
#3920 = CARTESIAN_POINT('',(10.981870258725,-4.150732095578,
    26.412456664664));
#3921 = CARTESIAN_POINT('',(11.555007975337,-4.149194044328,
    26.464581477725));
#3922 = CARTESIAN_POINT('',(11.850654323175,-4.119865056336,
    26.491476147924));
#3923 = CARTESIAN_POINT('',(12.142973815026,-4.061974721787,
    26.518367021078));
#3924 = CARTESIAN_POINT('',(12.428744203177,-3.976003018778,
    26.545253967167));
#3925 = CARTESIAN_POINT('',(12.70487692292,-3.86283508664,
    26.572140594739));
#3926 = CARTESIAN_POINT('',(12.968416050985,-3.723727614746,
    26.599030924752));
#3927 = CARTESIAN_POINT('',(13.216557882554,-3.560334753349,
    26.625925815011));
#3928 = CARTESIAN_POINT('',(13.750507428308,-3.12986688773,
    26.688302898878));
#3929 = CARTESIAN_POINT('',(14.02338693864,-2.846002594727,
    26.723828818418));
#3930 = CARTESIAN_POINT('',(14.259044021534,-2.528064150043,
    26.759339504241));
#3931 = CARTESIAN_POINT('',(14.452714163307,-2.181890218154,
    26.794839513754));
#3932 = CARTESIAN_POINT('',(14.60065925018,-1.813848535387,
    26.830339090306));
#3933 = CARTESIAN_POINT('',(14.700273843606,-1.430843323635,
    26.86584220955));
#3934 = CARTESIAN_POINT('',(14.74999995,-1.040238011807,26.901351711295)
  );
#3935 = CARTESIAN_POINT('',(14.74999995,-0.64999995,26.936841878302));
#3936 = PCURVE('',#1389,#3937);
#3937 = DEFINITIONAL_REPRESENTATION('',(#3938),#4004);
#3938 = B_SPLINE_CURVE_WITH_KNOTS('',8,(#3939,#3940,#3941,#3942,#3943,
    #3944,#3945,#3946,#3947,#3948,#3949,#3950,#3951,#3952,#3953,#3954,
    #3955,#3956,#3957,#3958,#3959,#3960,#3961,#3962,#3963,#3964,#3965,
    #3966,#3967,#3968,#3969,#3970,#3971,#3972,#3973,#3974,#3975,#3976,
    #3977,#3978,#3979,#3980,#3981,#3982,#3983,#3984,#3985,#3986,#3987,
    #3988,#3989,#3990,#3991,#3992,#3993,#3994,#3995,#3996,#3997,#3998,
    #3999,#4000,#4001,#4002,#4003),.UNSPECIFIED.,.F.,.F.,(9,7,7,7,7,7,7,
    7,7,9),(0.,0.10646401504,0.221992585939,0.31755042421,0.439906278389
    ,0.556025985466,0.649453922865,0.750440098391,0.858010214842,1.),
  .UNSPECIFIED.);
#3939 = CARTESIAN_POINT('',(0.868011521489,52.750531002344));
#3940 = CARTESIAN_POINT('',(0.868006345928,52.838275205248));
#3941 = CARTESIAN_POINT('',(0.868004242498,52.926043709231));
#3942 = CARTESIAN_POINT('',(0.868005815452,53.013801332147));
#3943 = CARTESIAN_POINT('',(0.868009852385,53.101545873285));
#3944 = CARTESIAN_POINT('',(0.868014650684,53.189291433399));
#3945 = CARTESIAN_POINT('',(0.868018865679,53.277051728667));
#3946 = CARTESIAN_POINT('',(0.86802188048,53.364823398612));
#3947 = CARTESIAN_POINT('',(0.868025669281,53.547786076793));
#3948 = CARTESIAN_POINT('',(0.868026222686,53.643040441157));
#3949 = CARTESIAN_POINT('',(0.868025285618,53.73827437134));
#3950 = CARTESIAN_POINT('',(0.868023600508,53.833490481213));
#3951 = CARTESIAN_POINT('',(0.86802223798,53.928706054704));
#3952 = CARTESIAN_POINT('',(0.868021919136,54.023938483727));
#3953 = CARTESIAN_POINT('',(0.868022639438,54.119190499249));
#3954 = CARTESIAN_POINT('',(0.868025284519,54.293157740146));
#3955 = CARTESIAN_POINT('',(0.868026974404,54.371925892305));
#3956 = CARTESIAN_POINT('',(0.868028988086,54.450688259928));
#3957 = CARTESIAN_POINT('',(0.868030934781,54.529443570005));
#3958 = CARTESIAN_POINT('',(0.86803238035,54.60819960933));
#3959 = CARTESIAN_POINT('',(0.868032981996,54.686963453947));
#3960 = CARTESIAN_POINT('',(0.868032578901,54.765731368933));
#3961 = CARTESIAN_POINT('',(0.868029522916,54.945309014658));
#3962 = CARTESIAN_POINT('',(0.868026265571,55.046194172165));
#3963 = CARTESIAN_POINT('',(0.868021580968,55.147053713792));
#3964 = CARTESIAN_POINT('',(0.868016116188,55.247890846518));
#3965 = CARTESIAN_POINT('',(0.868011027626,55.34872705595));
#3966 = CARTESIAN_POINT('',(0.868007407319,55.449584610719));
#3967 = CARTESIAN_POINT('',(0.868005741177,55.550468917605));
#3968 = CARTESIAN_POINT('',(0.86800620887,55.74699785762));
#3969 = CARTESIAN_POINT('',(0.868008153362,55.842732286197));
#3970 = CARTESIAN_POINT('',(0.868011773255,55.938446649092));
#3971 = CARTESIAN_POINT('',(0.8680165907,56.034143814008));
#3972 = CARTESIAN_POINT('',(0.868021682184,56.129841357261));
#3973 = CARTESIAN_POINT('',(0.86802609144,56.2255567179));
#3974 = CARTESIAN_POINT('',(0.868029256785,56.321292451259));
#3975 = CARTESIAN_POINT('',(0.868032484203,56.49398431312));
#3976 = CARTESIAN_POINT('',(0.868033034757,56.570984312688));
#3977 = CARTESIAN_POINT('',(0.868032616541,56.647976145212));
#3978 = CARTESIAN_POINT('',(0.868031354645,56.724961809338));
#3979 = CARTESIAN_POINT('',(0.868029547582,56.801950170051));
#3980 = CARTESIAN_POINT('',(0.868027591883,56.878948594966));
#3981 = CARTESIAN_POINT('',(0.868025863311,56.955953936092));
#3982 = CARTESIAN_POINT('',(0.868023140206,57.116160114219));
#3983 = CARTESIAN_POINT('',(0.868022217284,57.199390398193));
#3984 = CARTESIAN_POINT('',(0.868022053398,57.282610515413));
#3985 = CARTESIAN_POINT('',(0.868022703843,57.365820979408));
#3986 = CARTESIAN_POINT('',(0.868023889351,57.449033727034));
#3987 = CARTESIAN_POINT('',(0.868025047906,57.532259458559));
#3988 = CARTESIAN_POINT('',(0.868025560786,57.615494601637));
#3989 = CARTESIAN_POINT('',(0.868024718237,57.787346408895));
#3990 = CARTESIAN_POINT('',(0.868023230693,57.876017573699));
#3991 = CARTESIAN_POINT('',(0.868020351062,57.964678001013));
#3992 = CARTESIAN_POINT('',(0.868016028177,58.053327327633));
#3993 = CARTESIAN_POINT('',(0.868011045067,58.141976448815));
#3994 = CARTESIAN_POINT('',(0.868006967968,58.230636617465));
#3995 = CARTESIAN_POINT('',(0.868005483508,58.319308503834));
#3996 = CARTESIAN_POINT('',(0.868009255769,58.524955203774));
#3997 = CARTESIAN_POINT('',(0.868016799218,58.64207125214));
#3998 = CARTESIAN_POINT('',(0.868031288235,58.759128190153));
#3999 = CARTESIAN_POINT('',(0.868049821598,58.876144755444));
#4000 = CARTESIAN_POINT('',(0.868066062547,58.993162825472));
#4001 = CARTESIAN_POINT('',(0.868057740555,59.110224001597));
#4002 = CARTESIAN_POINT('',(0.868022417775,59.227340764468));
#4003 = CARTESIAN_POINT('',(0.868021652105,59.344349570561));
#4004 = ( GEOMETRIC_REPRESENTATION_CONTEXT(2) 
PARAMETRIC_REPRESENTATION_CONTEXT() REPRESENTATION_CONTEXT('2D SPACE',''
  ) );
#4005 = PCURVE('',#2195,#4006);
#4006 = DEFINITIONAL_REPRESENTATION('',(#4007),#4073);
#4007 = B_SPLINE_CURVE_WITH_KNOTS('',8,(#4008,#4009,#4010,#4011,#4012,
    #4013,#4014,#4015,#4016,#4017,#4018,#4019,#4020,#4021,#4022,#4023,
    #4024,#4025,#4026,#4027,#4028,#4029,#4030,#4031,#4032,#4033,#4034,
    #4035,#4036,#4037,#4038,#4039,#4040,#4041,#4042,#4043,#4044,#4045,
    #4046,#4047,#4048,#4049,#4050,#4051,#4052,#4053,#4054,#4055,#4056,
    #4057,#4058,#4059,#4060,#4061,#4062,#4063,#4064,#4065,#4066,#4067,
    #4068,#4069,#4070,#4071,#4072),.UNSPECIFIED.,.F.,.F.,(9,7,7,7,7,7,7,
    7,7,9),(0.,0.10646401504,0.221992585939,0.31755042421,0.439906278389
    ,0.556025985466,0.649453922865,0.750440098391,0.858010214842,1.),
  .UNSPECIFIED.);
#4008 = CARTESIAN_POINT('',(0.,17.586837355807));
#4009 = CARTESIAN_POINT('',(8.361156070896E-02,17.613449433888));
#4010 = CARTESIAN_POINT('',(0.167246114318,17.640070074999));
#4011 = CARTESIAN_POINT('',(0.250869776678,17.666688842371));
#4012 = CARTESIAN_POINT('',(0.334480255445,17.693304598014));
#4013 = CARTESIAN_POINT('',(0.418091044208,17.719920958179));
#4014 = CARTESIAN_POINT('',(0.50171549786,17.746541561373));
#4015 = CARTESIAN_POINT('',(0.585350789217,17.77316514893));
#4016 = CARTESIAN_POINT('',(0.759691506073,17.828661847153));
#4017 = CARTESIAN_POINT('',(0.850457348108,17.857554089049));
#4018 = CARTESIAN_POINT('',(0.941204287894,17.886439554573));
#4019 = CARTESIAN_POINT('',(1.031935026227,17.915319324657));
#4020 = CARTESIAN_POINT('',(1.122665957376,17.944199057228));
#4021 = CARTESIAN_POINT('',(1.213413373455,17.973084307335));
#4022 = CARTESIAN_POINT('',(1.304179567334,18.001975901558));
#4023 = CARTESIAN_POINT('',(1.469953730633,18.054743709652));
#4024 = CARTESIAN_POINT('',(1.545012172932,18.078635885831));
#4025 = CARTESIAN_POINT('',(1.62006488459,18.102526433129));
#4026 = CARTESIAN_POINT('',(1.695110553681,18.126414813775));
#4027 = CARTESIAN_POINT('',(1.770156569903,18.150303221148));
#4028 = CARTESIAN_POINT('',(1.845209718805,18.174193668488));
#4029 = CARTESIAN_POINT('',(1.920266534892,18.198084960534));
#4030 = CARTESIAN_POINT('',(2.091383230451,18.252552273265));
#4031 = CARTESIAN_POINT('',(2.187514909473,18.283150937418));
#4032 = CARTESIAN_POINT('',(2.283622188127,18.313741278046));
#4033 = CARTESIAN_POINT('',(2.379708359391,18.344324518978));
#4034 = CARTESIAN_POINT('',(2.475794010989,18.374907625855));
#4035 = CARTESIAN_POINT('',(2.571900307842,18.405497776847));
#4036 = CARTESIAN_POINT('',(2.668032231305,18.436096800471));
#4037 = CARTESIAN_POINT('',(2.855303201494,18.495707053449));
#4038 = CARTESIAN_POINT('',(2.946527814243,18.524745445587));
#4039 = CARTESIAN_POINT('',(3.037733163025,18.553778401664));
#4040 = CARTESIAN_POINT('',(3.12892184801,18.582806606063));
#4041 = CARTESIAN_POINT('',(3.220110582937,18.61183503156));
#4042 = CARTESIAN_POINT('',(3.311316084145,18.640868596585));
#4043 = CARTESIAN_POINT('',(3.402540981152,18.669907858242));
#4044 = CARTESIAN_POINT('',(3.567096298747,18.722289051399));
#4045 = CARTESIAN_POINT('',(3.640468469674,18.745644479185));
#4046 = CARTESIAN_POINT('',(3.713833047537,18.768997053851));
#4047 = CARTESIAN_POINT('',(3.787192027041,18.792347430157));
#4048 = CARTESIAN_POINT('',(3.860553902989,18.815698412821));
#4049 = CARTESIAN_POINT('',(3.933925678806,18.839052390424));
#4050 = CARTESIAN_POINT('',(4.007304274219,18.862408553952));
#4051 = CARTESIAN_POINT('',(4.159965396987,18.911000349412));
#4052 = CARTESIAN_POINT('',(4.239276001378,18.936244940825));
#4053 = CARTESIAN_POINT('',(4.318576904138,18.961486743064));
#4054 = CARTESIAN_POINT('',(4.397868382273,18.986725933346));
#4055 = CARTESIAN_POINT('',(4.477161616702,19.011966023921));
#4056 = CARTESIAN_POINT('',(4.556466692681,19.037210042242));
#4057 = CARTESIAN_POINT('',(4.635780214873,19.062456664664));
#4058 = CARTESIAN_POINT('',(4.799534437827,19.114581477725));
#4059 = CARTESIAN_POINT('',(4.884027016735,19.141476147924));
#4060 = CARTESIAN_POINT('',(4.968509083641,19.168367021078));
#4061 = CARTESIAN_POINT('',(5.052980575271,19.195253967167));
#4062 = CARTESIAN_POINT('',(5.137452268141,19.222140594739));
#4063 = CARTESIAN_POINT('',(5.221935169926,19.249030924752));
#4064 = CARTESIAN_POINT('',(5.306429907545,19.275925815011));
#4065 = CARTESIAN_POINT('',(5.502390066083,19.338302898878));
#4066 = CARTESIAN_POINT('',(5.613990403335,19.373828818418));
#4067 = CARTESIAN_POINT('',(5.725534725112,19.409339504241));
#4068 = CARTESIAN_POINT('',(5.837039696518,19.444839513754));
#4069 = CARTESIAN_POINT('',(5.948544152393,19.480339090306));
#4070 = CARTESIAN_POINT('',(6.060087377774,19.51584220955));
#4071 = CARTESIAN_POINT('',(6.171688718092,19.551351711295));
#4072 = CARTESIAN_POINT('',(6.28318530718,19.586841878302));
#4073 = ( GEOMETRIC_REPRESENTATION_CONTEXT(2) 
PARAMETRIC_REPRESENTATION_CONTEXT() REPRESENTATION_CONTEXT('2D SPACE',''
  ) );
#4074 = ORIENTED_EDGE('',*,*,#2399,.T.);
#4075 = ADVANCED_FACE('',(#4076),#1959,.T.);
#4076 = FACE_BOUND('',#4077,.T.);
#4077 = EDGE_LOOP('',(#4078,#4178,#4179,#4180));
#4078 = ORIENTED_EDGE('',*,*,#4079,.F.);
#4079 = EDGE_CURVE('',#1635,#2237,#4080,.T.);
#4080 = SURFACE_CURVE('',#4081,(#4164,#4171),.PCURVE_S1.);
#4081 = B_SPLINE_CURVE_WITH_KNOTS('',11,(#4082,#4083,#4084,#4085,#4086,
    #4087,#4088,#4089,#4090,#4091,#4092,#4093,#4094,#4095,#4096,#4097,
    #4098,#4099,#4100,#4101,#4102,#4103,#4104,#4105,#4106,#4107,#4108,
    #4109,#4110,#4111,#4112,#4113,#4114,#4115,#4116,#4117,#4118,#4119,
    #4120,#4121,#4122,#4123,#4124,#4125,#4126,#4127,#4128,#4129,#4130,
    #4131,#4132,#4133,#4134,#4135,#4136,#4137,#4138,#4139,#4140,#4141,
    #4142,#4143,#4144,#4145,#4146,#4147,#4148,#4149,#4150,#4151,#4152,
    #4153,#4154,#4155,#4156,#4157,#4158,#4159,#4160,#4161,#4162,#4163),
  .UNSPECIFIED.,.F.,.F.,(12,10,10,10,10,10,10,10,12),(0.,7.41804369632,
    14.83608739264,22.25413108896,29.672174785281,37.090218481601,
    44.508262177921,51.926305874241,59.344349570561),.UNSPECIFIED.);
#4082 = CARTESIAN_POINT('',(15.54999995,-0.64999995,8.1));
#4083 = CARTESIAN_POINT('',(15.550001679953,2.113183997115,
    8.304550988581));
#4084 = CARTESIAN_POINT('',(13.59810707645,4.876554062664,8.509068810258
    ));
#4085 = CARTESIAN_POINT('',(9.681833260972,6.104309779952,8.713695683758
    ));
#4086 = CARTESIAN_POINT('',(5.217000105377,4.268856415595,8.918074894934
    ));
#4087 = CARTESIAN_POINT('',(2.721115835305,-0.802581586219,
    9.122870672466));
#4088 = CARTESIAN_POINT('',(5.111188956646,-6.572982930654,
    9.327130449322));
#4089 = CARTESIAN_POINT('',(10.462241766794,-8.394092926938,
    9.531924841696));
#4090 = CARTESIAN_POINT('',(14.917126886969,-6.534903242386,
    9.736306276147));
#4091 = CARTESIAN_POINT('',(16.818236425112,-2.897491911041,
    9.940930852705));
#4092 = CARTESIAN_POINT('',(16.244424391642,0.436692082847,
    10.145450465654));
#4093 = CARTESIAN_POINT('',(12.336694025208,4.344426436726,
    10.554550258113));
#4094 = CARTESIAN_POINT('',(9.002498928104,4.918226506855,
    10.759069994334));
#4095 = CARTESIAN_POINT('',(5.365120004697,3.017156741393,10.96369410553
    ));
#4096 = CARTESIAN_POINT('',(3.505868637175,-1.437818114303,
    11.168076643716));
#4097 = CARTESIAN_POINT('',(5.327059223127,-6.788723479189,
    11.372869058263));
#4098 = CARTESIAN_POINT('',(11.097386837113,-9.178976089604,
    11.577131682384));
#4099 = CARTESIAN_POINT('',(16.168871244705,-6.682929868629,
    11.78192407611));
#4100 = CARTESIAN_POINT('',(18.004305401272,-2.218204598036,
    11.986306647724));
#4101 = CARTESIAN_POINT('',(16.776554491889,1.698120996517,
    12.190930724372));
#4102 = CARTESIAN_POINT('',(14.013184041331,3.649998749362,
    12.395450487546));
#4103 = CARTESIAN_POINT('',(8.486815930445,3.650001564308,
    12.804550247119));
#4104 = CARTESIAN_POINT('',(5.723446054759,1.698107526003,
    13.009070012146));
#4105 = CARTESIAN_POINT('',(4.495690063539,-2.218167104935,
    13.213694081793));
#4106 = CARTESIAN_POINT('',(6.331143757832,-6.682999278373,
    13.418076670018));
#4107 = CARTESIAN_POINT('',(11.402581426129,-9.178884541212,
    13.622869033982));
#4108 = CARTESIAN_POINT('',(17.172983052956,-6.788810579352,
    13.827131700934));
#4109 = CARTESIAN_POINT('',(18.994092850995,-1.437758359207,
    14.031924064593));
#4110 = CARTESIAN_POINT('',(17.134903279249,3.017127096659,
    14.236306653314));
#4111 = CARTESIAN_POINT('',(13.497491898309,4.918236487227,
    14.440930722442));
#4112 = CARTESIAN_POINT('',(10.163307919325,4.344424498105,
    14.645450487876));
#4113 = CARTESIAN_POINT('',(6.255573562182,0.436694121963,
    15.054550246954));
#4114 = CARTESIAN_POINT('',(5.681773494918,-2.897500966643,
    15.259070012411));
#4115 = CARTESIAN_POINT('',(7.582843256242,-6.534879902294,
    15.463694081448));
#4116 = CARTESIAN_POINT('',(12.037818116921,-8.394131255089,
    15.668076670388));
#4117 = CARTESIAN_POINT('',(17.388723476778,-6.572940684007,
    15.872869033653));
#4118 = CARTESIAN_POINT('',(19.778976091438,-0.802613057439,
    16.077131701177));
#4119 = CARTESIAN_POINT('',(17.282929867496,4.268871341322,
    16.281924064445));
#4120 = CARTESIAN_POINT('',(12.818204598581,6.104305502914,
    16.486306653388));
#4121 = CARTESIAN_POINT('',(8.901879003297,4.876554591322,
    16.690930722411));
#4122 = CARTESIAN_POINT('',(6.950001250668,2.113184141428,
    16.895450487886));
#4123 = CARTESIAN_POINT('',(6.949998435683,-3.413183969605,
    17.304550246935));
#4124 = CARTESIAN_POINT('',(8.90189247399,-6.176553845151,
    17.509070012484));
#4125 = CARTESIAN_POINT('',(12.818167104978,-7.404309836593,
    17.713694081297));
#4126 = CARTESIAN_POINT('',(17.282999278285,-5.568856142021,
    17.918076670611));
#4127 = CARTESIAN_POINT('',(19.778884541333,-0.497418473985,
    18.122869033397));
#4128 = CARTESIAN_POINT('',(17.388810579232,5.272983153005,
    18.327131701414));
#4129 = CARTESIAN_POINT('',(12.037758359299,7.094092950998,
    18.531924064265));
#4130 = CARTESIAN_POINT('',(7.582872903287,5.234903379231,
    18.736306653495));
#4131 = CARTESIAN_POINT('',(5.681763512796,1.59749199832,18.940930722366
    ));
#4132 = CARTESIAN_POINT('',(6.255575501888,-1.736691980677,
    19.145450487893));
#4133 = CARTESIAN_POINT('',(10.163305878045,-5.644426337816,
    19.554550246943));
#4134 = CARTESIAN_POINT('',(13.497500966608,-6.218226405086,
    19.759070012427));
#4135 = CARTESIAN_POINT('',(17.134879902378,-4.317156643755,
    19.963694081453));
#4136 = CARTESIAN_POINT('',(18.994131254942,0.137818216923,
    20.168076670318));
#4137 = CARTESIAN_POINT('',(17.172940684202,5.488723576768,
    20.372869033824));
#4138 = CARTESIAN_POINT('',(11.402613057231,7.878976191454,
    20.577131700904));
#4139 = CARTESIAN_POINT('',(6.331128658865,5.382929967475,
    20.781924064778));
#4140 = CARTESIAN_POINT('',(4.495694496941,0.918204698606,
    20.986306653059));
#4141 = CARTESIAN_POINT('',(5.723445408777,-2.998120896726,
    21.190930722677));
#4142 = CARTESIAN_POINT('',(8.486815858515,-4.949998649314,
    21.395450487711));
#4143 = CARTESIAN_POINT('',(14.013183969716,-4.950001464355,
    21.804550247296));
#4144 = CARTESIAN_POINT('',(16.776553844508,-2.998107425795,
    22.009070010409));
#4145 = CARTESIAN_POINT('',(18.004309838463,0.918167204383,
    22.213694087221));
#4146 = CARTESIAN_POINT('',(16.168856138133,5.38299937946,
    22.418076658538));
#4147 = CARTESIAN_POINT('',(11.097418480308,7.878884639513,
    22.622869052681));
#4148 = CARTESIAN_POINT('',(5.327016838666,5.48881068153,22.827131676324
    ));
#4149 = CARTESIAN_POINT('',(3.50590705804,0.137758456882,23.031924091322
    ));
#4150 = CARTESIAN_POINT('',(5.365096612631,-4.317126994583,
    23.236306629167));
#4151 = CARTESIAN_POINT('',(9.002508007762,-6.218236388771,
    23.440930740559));
#4152 = CARTESIAN_POINT('',(12.336691976939,-5.64442439716,
    23.645450476705));
#4153 = CARTESIAN_POINT('',(16.244426345249,-1.736694023834,
    24.05455026918));
#4154 = CARTESIAN_POINT('',(16.818226361531,1.597501077599,
    24.259069882136));
#4155 = CARTESIAN_POINT('',(14.917156769854,5.234879970573,
    24.46369445866));
#4156 = CARTESIAN_POINT('',(10.462181523275,7.094131420451,
    24.66807589317));
#4157 = CARTESIAN_POINT('',(5.111276841664,5.272940678717,
    24.872870285479));
#4158 = CARTESIAN_POINT('',(2.721023260784,-0.497386704703,
    25.077130062388));
#4159 = CARTESIAN_POINT('',(5.217070625949,-5.568871390696,
    25.281925839879));
#4160 = CARTESIAN_POINT('',(9.68179476585,-7.404305268093,
    25.486305051092));
#4161 = CARTESIAN_POINT('',(13.59812129852,-6.176554592479,
    25.690931924556));
#4162 = CARTESIAN_POINT('',(15.549998401444,-3.413183979021,
    25.895449746262));
#4163 = CARTESIAN_POINT('',(15.550000179633,-0.650000016829,
    26.100000734827));
#4164 = PCURVE('',#1959,#4165);
#4165 = DEFINITIONAL_REPRESENTATION('',(#4166),#4170);
#4166 = LINE('',#4167,#4168);
#4167 = CARTESIAN_POINT('',(0.,0.));
#4168 = VECTOR('',#4169,1.);
#4169 = DIRECTION('',(0.,1.));
#4170 = ( GEOMETRIC_REPRESENTATION_CONTEXT(2) 
PARAMETRIC_REPRESENTATION_CONTEXT() REPRESENTATION_CONTEXT('2D SPACE',''
  ) );
#4171 = PCURVE('',#1680,#4172);
#4172 = DEFINITIONAL_REPRESENTATION('',(#4173),#4177);
#4173 = LINE('',#4174,#4175);
#4174 = CARTESIAN_POINT('',(1.030776406404,0.));
#4175 = VECTOR('',#4176,1.);
#4176 = DIRECTION('',(0.,1.));
#4177 = ( GEOMETRIC_REPRESENTATION_CONTEXT(2) 
PARAMETRIC_REPRESENTATION_CONTEXT() REPRESENTATION_CONTEXT('2D SPACE',''
  ) );
#4178 = ORIENTED_EDGE('',*,*,#1867,.F.);
#4179 = ORIENTED_EDGE('',*,*,#2472,.T.);
#4180 = ORIENTED_EDGE('',*,*,#2304,.T.);
#4181 = ADVANCED_FACE('',(#4182),#1680,.T.);
#4182 = FACE_BOUND('',#4183,.T.);
#4183 = EDGE_LOOP('',(#4184,#4185,#4186,#4187,#4375,#4563,#4772,#5002,
    #5202,#5432));
#4184 = ORIENTED_EDGE('',*,*,#1634,.F.);
#4185 = ORIENTED_EDGE('',*,*,#4079,.T.);
#4186 = ORIENTED_EDGE('',*,*,#2236,.T.);
#4187 = ORIENTED_EDGE('',*,*,#4188,.F.);
#4188 = EDGE_CURVE('',#4189,#2208,#4191,.T.);
#4189 = VERTEX_POINT('',#4190);
#4190 = CARTESIAN_POINT('',(14.74999995,-0.64999995,23.763161262848));
#4191 = SURFACE_CURVE('',#4192,(#4251,#4313),.PCURVE_S1.);
#4192 = B_SPLINE_CURVE_WITH_KNOTS('',8,(#4193,#4194,#4195,#4196,#4197,
    #4198,#4199,#4200,#4201,#4202,#4203,#4204,#4205,#4206,#4207,#4208,
    #4209,#4210,#4211,#4212,#4213,#4214,#4215,#4216,#4217,#4218,#4219,
    #4220,#4221,#4222,#4223,#4224,#4225,#4226,#4227,#4228,#4229,#4230,
    #4231,#4232,#4233,#4234,#4235,#4236,#4237,#4238,#4239,#4240,#4241,
    #4242,#4243,#4244,#4245,#4246,#4247,#4248,#4249,#4250),
  .UNSPECIFIED.,.F.,.F.,(9,7,7,7,7,7,7,7,9),(0.,0.104637607626,
    0.225478014881,0.348081142758,0.472121908828,0.586897042229,
    0.709039862941,0.851112555562,1.),.UNSPECIFIED.);
#4193 = CARTESIAN_POINT('',(14.74999995,-0.64999995,23.763161262848));
#4194 = CARTESIAN_POINT('',(14.74999995,-0.362426196993,23.789316522881)
  );
#4195 = CARTESIAN_POINT('',(14.722996019738,-7.478108136559E-02,
    23.815476982307));
#4196 = CARTESIAN_POINT('',(14.668966519285,0.209863972278,
    23.841633083092));
#4197 = CARTESIAN_POINT('',(14.588331167061,0.488554685524,
    23.86778483253));
#4198 = CARTESIAN_POINT('',(14.481872611277,0.758443065343,
    23.893936853386));
#4199 = CARTESIAN_POINT('',(14.350708420116,1.016793238671,
    23.920093477621));
#4200 = CARTESIAN_POINT('',(14.196313490676,1.261003982394,
    23.946253883671));
#4201 = CARTESIAN_POINT('',(13.817662486322,1.751541856798,
    24.002610440473));
#4202 = CARTESIAN_POINT('',(13.586126608461,1.99255361569,
    24.032828433984));
#4203 = CARTESIAN_POINT('',(13.328872183344,2.207851713264,
    24.063039271291));
#4204 = CARTESIAN_POINT('',(13.049293568107,2.394295290279,
    24.093243821982));
#4205 = CARTESIAN_POINT('',(12.751140500684,2.549313180771,
    24.12344799982));
#4206 = CARTESIAN_POINT('',(12.438474002076,2.670859499656,
    24.153657935478));
#4207 = CARTESIAN_POINT('',(12.115684298049,2.757474272696,
    24.183874909902));
#4208 = CARTESIAN_POINT('',(11.454578464067,2.860224929904,
    24.244719299315));
#4209 = CARTESIAN_POINT('',(11.115763137427,2.875367278789,
    24.275377712031));
#4210 = CARTESIAN_POINT('',(10.776036017454,2.85306927372,24.30602789406
    ));
#4211 = CARTESIAN_POINT('',(10.440233060001,2.793407245223,
    24.336671392957));
#4212 = CARTESIAN_POINT('',(10.113039892499,2.697154417909,
    24.36731530421));
#4213 = CARTESIAN_POINT('',(9.798991621539,2.565710411415,
    24.397966619898));
#4214 = CARTESIAN_POINT('',(9.502443048221,2.401160238311,
    24.428626832931));
#4215 = CARTESIAN_POINT('',(8.949233932222,2.009452538943,
    24.490277588804));
#4216 = CARTESIAN_POINT('',(8.692796543617,1.78138139527,24.521299613788
    ));
#4217 = CARTESIAN_POINT('',(8.462425885541,1.525188565033,
    24.552312949341));
#4218 = CARTESIAN_POINT('',(8.261653262663,1.244424799901,
    24.583318606761));
#4219 = CARTESIAN_POINT('',(8.093389630602,0.943054015406,
    24.614323309091));
#4220 = CARTESIAN_POINT('',(7.959976500265,0.625400171682,
    24.645334092655));
#4221 = CARTESIAN_POINT('',(7.863117409751,0.296170184577,
    24.676352780657));
#4222 = CARTESIAN_POINT('',(7.748634833855,-0.350099194235,
    24.73604071037));
#4223 = CARTESIAN_POINT('',(7.7255848348,-0.666483136986,24.764737420124
    ));
#4224 = CARTESIAN_POINT('',(7.735258899349,-0.984634122434,
    24.793428151501));
#4225 = CARTESIAN_POINT('',(7.777729132923,-1.300597699596,
    24.822114157224));
#4226 = CARTESIAN_POINT('',(7.852527582253,-1.61050573083,24.85080077686
    ));
#4227 = CARTESIAN_POINT('',(7.958691455944,-1.910580698694,
    24.87949303808));
#4228 = CARTESIAN_POINT('',(8.09471953617,-2.197157658798,
    24.908191348596));
#4229 = CARTESIAN_POINT('',(8.432684977245,-2.753666027503,
    24.967406087001));
#4230 = CARTESIAN_POINT('',(8.638463007118,-3.021628123887,
    24.99795079861));
#4231 = CARTESIAN_POINT('',(8.873257634521,-3.266365348758,
    25.028487927571));
#4232 = CARTESIAN_POINT('',(9.133935112964,-3.484265308883,
    25.059018171623));
#4233 = CARTESIAN_POINT('',(9.416929635278,-3.672270438594,
    25.089547744484));
#4234 = CARTESIAN_POINT('',(9.718296920674,-3.827833949096,
    25.120083289808));
#4235 = CARTESIAN_POINT('',(10.03368853066,-3.948979808031,
    25.150626615423));
#4236 = CARTESIAN_POINT('',(10.735860697005,-4.133979660149,
    25.216664179827));
#4237 = CARTESIAN_POINT('',(11.126453187432,-4.185408497311,
    25.252205755828));
#4238 = CARTESIAN_POINT('',(11.522406989923,-4.186608725354,
    25.287729527479));
#4239 = CARTESIAN_POINT('',(11.916192930966,-4.137207588722,
    25.323242083833));
#4240 = CARTESIAN_POINT('',(12.300460752041,-4.037971038654,
    25.358756503565));
#4241 = CARTESIAN_POINT('',(12.668093953782,-3.890894362758,
    25.394284029849));
#4242 = CARTESIAN_POINT('',(13.012225825512,-3.699099945967,
    25.429828504422));
#4243 = CARTESIAN_POINT('',(13.655914219962,-3.224685021631,
    25.502550517613));
#4244 = CARTESIAN_POINT('',(13.953229170779,-2.937641764659,
    25.539802256936));
#4245 = CARTESIAN_POINT('',(14.210909169764,-2.611632873568,
    25.577027095797));
#4246 = CARTESIAN_POINT('',(14.423260135785,-2.253228117751,
    25.61423466927));
#4247 = CARTESIAN_POINT('',(14.585780932849,-1.869649808131,
    25.651442479387));
#4248 = CARTESIAN_POINT('',(14.695330394483,-1.468805732599,
    25.688676756397));
#4249 = CARTESIAN_POINT('',(14.74999995,-1.059175809622,25.725945199229)
  );
#4250 = CARTESIAN_POINT('',(14.74999995,-0.64999995,25.763157667775));
#4251 = PCURVE('',#1680,#4252);
#4252 = DEFINITIONAL_REPRESENTATION('',(#4253),#4312);
#4253 = B_SPLINE_CURVE_WITH_KNOTS('',8,(#4254,#4255,#4256,#4257,#4258,
    #4259,#4260,#4261,#4262,#4263,#4264,#4265,#4266,#4267,#4268,#4269,
    #4270,#4271,#4272,#4273,#4274,#4275,#4276,#4277,#4278,#4279,#4280,
    #4281,#4282,#4283,#4284,#4285,#4286,#4287,#4288,#4289,#4290,#4291,
    #4292,#4293,#4294,#4295,#4296,#4297,#4298,#4299,#4300,#4301,#4302,
    #4303,#4304,#4305,#4306,#4307,#4308,#4309,#4310,#4311),
  .UNSPECIFIED.,.F.,.F.,(9,7,7,7,7,7,7,7,9),(0.,0.104637607626,
    0.225478014881,0.348081142758,0.472121908828,0.586897042229,
    0.709039862941,0.851112555562,1.),.UNSPECIFIED.);
#4254 = CARTESIAN_POINT('',(0.162764401986,52.750530964545));
#4255 = CARTESIAN_POINT('',(0.162769463143,52.836755983492));
#4256 = CARTESIAN_POINT('',(0.162771534058,52.923001970047));
#4257 = CARTESIAN_POINT('',(0.162770072475,53.009238106));
#4258 = CARTESIAN_POINT('',(0.162766211904,53.095462965198));
#4259 = CARTESIAN_POINT('',(0.162761553154,53.181689740425));
#4260 = CARTESIAN_POINT('',(0.162757384127,53.267931066026));
#4261 = CARTESIAN_POINT('',(0.16275432786,53.354183436266));
#4262 = CARTESIAN_POINT('',(0.162750214192,53.539991099667));
#4263 = CARTESIAN_POINT('',(0.162749546648,53.639617907616));
#4264 = CARTESIAN_POINT('',(0.162750560752,53.739218970738));
#4265 = CARTESIAN_POINT('',(0.16275239347,53.838798260135));
#4266 = CARTESIAN_POINT('',(0.162753787411,53.938376881634));
#4267 = CARTESIAN_POINT('',(0.162753942419,54.037976071217));
#4268 = CARTESIAN_POINT('',(0.162752965105,54.137599915647));
#4269 = CARTESIAN_POINT('',(0.162749562072,54.338202642493));
#4270 = CARTESIAN_POINT('',(0.162747120365,54.439283742028));
#4271 = CARTESIAN_POINT('',(0.162744400096,54.54033806213));
#4272 = CARTESIAN_POINT('',(0.162742340393,54.641369503438));
#4273 = CARTESIAN_POINT('',(0.162741884583,54.742400252244));
#4274 = CARTESIAN_POINT('',(0.162743418042,54.843452867741));
#4275 = CARTESIAN_POINT('',(0.162746536569,54.944532789047));
#4276 = CARTESIAN_POINT('',(0.162754615301,55.147779342524));
#4277 = CARTESIAN_POINT('',(0.162759596445,55.250049741643));
#4278 = CARTESIAN_POINT('',(0.162764781084,55.352291232157));
#4279 = CARTESIAN_POINT('',(0.162769056953,55.454508571243));
#4280 = CARTESIAN_POINT('',(0.162771377849,55.556725262658));
#4281 = CARTESIAN_POINT('',(0.162771299914,55.658965072386));
#4282 = CARTESIAN_POINT('',(0.162769198425,55.761233531231));
#4283 = CARTESIAN_POINT('',(0.162762603393,55.958027600296));
#4284 = CARTESIAN_POINT('',(0.162758299984,56.052643526874));
#4285 = CARTESIAN_POINT('',(0.16275341914,56.147240482057));
#4286 = CARTESIAN_POINT('',(0.162748806019,56.241821514669));
#4287 = CARTESIAN_POINT('',(0.162745314342,56.336403136534));
#4288 = CARTESIAN_POINT('',(0.162743420489,56.431001313943));
#4289 = CARTESIAN_POINT('',(0.162743026198,56.525617516804));
#4290 = CARTESIAN_POINT('',(0.162744508189,56.720841183852));
#4291 = CARTESIAN_POINT('',(0.162746530461,56.821541710093));
#4292 = CARTESIAN_POINT('',(0.162749346283,56.922216221778));
#4293 = CARTESIAN_POINT('',(0.162752067461,57.022868155636));
#4294 = CARTESIAN_POINT('',(0.162753713223,57.123519252515));
#4295 = CARTESIAN_POINT('',(0.162753885508,57.224191925206));
#4296 = CARTESIAN_POINT('',(0.162753105095,57.324891467679));
#4297 = CARTESIAN_POINT('',(0.162750985045,57.542613974871));
#4298 = CARTESIAN_POINT('',(0.162749571006,57.659793101226));
#4299 = CARTESIAN_POINT('',(0.162749122325,57.776912293207));
#4300 = CARTESIAN_POINT('',(0.162751230387,57.893991238302));
#4301 = CARTESIAN_POINT('',(0.162757383365,58.011071151777));
#4302 = CARTESIAN_POINT('',(0.162765036665,58.128192356837));
#4303 = CARTESIAN_POINT('',(0.162769581988,58.24537341517));
#4304 = CARTESIAN_POINT('',(0.162768719867,58.485132327725));
#4305 = CARTESIAN_POINT('',(0.162762866849,58.607955384959));
#4306 = CARTESIAN_POINT('',(0.162748990615,58.73070001851));
#4307 = CARTESIAN_POINT('',(0.162729307816,58.853395158988));
#4308 = CARTESIAN_POINT('',(0.16270898804,58.976091893773));
#4309 = CARTESIAN_POINT('',(0.162715350309,59.098841751467));
#4310 = CARTESIAN_POINT('',(0.162754387393,59.221662446668));
#4311 = CARTESIAN_POINT('',(0.162753584565,59.344349570561));
#4312 = ( GEOMETRIC_REPRESENTATION_CONTEXT(2) 
PARAMETRIC_REPRESENTATION_CONTEXT() REPRESENTATION_CONTEXT('2D SPACE',''
  ) );
#4313 = PCURVE('',#2224,#4314);
#4314 = DEFINITIONAL_REPRESENTATION('',(#4315),#4374);
#4315 = B_SPLINE_CURVE_WITH_KNOTS('',8,(#4316,#4317,#4318,#4319,#4320,
    #4321,#4322,#4323,#4324,#4325,#4326,#4327,#4328,#4329,#4330,#4331,
    #4332,#4333,#4334,#4335,#4336,#4337,#4338,#4339,#4340,#4341,#4342,
    #4343,#4344,#4345,#4346,#4347,#4348,#4349,#4350,#4351,#4352,#4353,
    #4354,#4355,#4356,#4357,#4358,#4359,#4360,#4361,#4362,#4363,#4364,
    #4365,#4366,#4367,#4368,#4369,#4370,#4371,#4372,#4373),
  .UNSPECIFIED.,.F.,.F.,(9,7,7,7,7,7,7,7,9),(0.,0.104637607626,
    0.225478014881,0.348081142758,0.472121908828,0.586897042229,
    0.709039862941,0.851112555562,1.),.UNSPECIFIED.);
#4316 = CARTESIAN_POINT('',(0.,16.413161262848));
#4317 = CARTESIAN_POINT('',(8.216392943044E-02,16.439316522881));
#4318 = CARTESIAN_POINT('',(0.164347671416,16.465476982307));
#4319 = CARTESIAN_POINT('',(0.246521521894,16.491633083092));
#4320 = CARTESIAN_POINT('',(0.328683937192,16.51778483253));
#4321 = CARTESIAN_POINT('',(0.410847538998,16.543936853386));
#4322 = CARTESIAN_POINT('',(0.493024630293,16.570093477621));
#4323 = CARTESIAN_POINT('',(0.575212222238,16.596253883671));
#4324 = CARTESIAN_POINT('',(0.752263809169,16.652610440473));
#4325 = CARTESIAN_POINT('',(0.84719601947,16.682828433984));
#4326 = CARTESIAN_POINT('',(0.942104316949,16.713039271291));
#4327 = CARTESIAN_POINT('',(1.036992738921,16.743243821982));
#4328 = CARTESIAN_POINT('',(1.131881297091,16.77344799982));
#4329 = CARTESIAN_POINT('',(1.226789883751,16.803657935478));
#4330 = CARTESIAN_POINT('',(1.321722035933,16.833874909902));
#4331 = CARTESIAN_POINT('',(1.512877197032,16.894719299315));
#4332 = CARTESIAN_POINT('',(1.609197603052,16.925377712031));
#4333 = CARTESIAN_POINT('',(1.705492038057,16.95602789406));
#4334 = CARTESIAN_POINT('',(1.801764046891,16.986671392957));
#4335 = CARTESIAN_POINT('',(1.898034846508,17.01731530421));
#4336 = CARTESIAN_POINT('',(1.99432617637,17.047966619898));
#4337 = CARTESIAN_POINT('',(2.090643467111,17.078626832931));
#4338 = CARTESIAN_POINT('',(2.284313762953,17.140277588804));
#4339 = CARTESIAN_POINT('',(2.381765649016,17.171299613788));
#4340 = CARTESIAN_POINT('',(2.479190260248,17.202312949341));
#4341 = CARTESIAN_POINT('',(2.576592222548,17.233318606761));
#4342 = CARTESIAN_POINT('',(2.673993831497,17.264323309091));
#4343 = CARTESIAN_POINT('',(2.771417515494,17.295334092655));
#4344 = CARTESIAN_POINT('',(2.868868354011,17.326352780657));
#4345 = CARTESIAN_POINT('',(3.05639149439,17.38604071037));
#4346 = CARTESIAN_POINT('',(3.146549889721,17.414737420124));
#4347 = CARTESIAN_POINT('',(3.236689948922,17.443428151501));
#4348 = CARTESIAN_POINT('',(3.326814579851,17.472114157224));
#4349 = CARTESIAN_POINT('',(3.416939652349,17.50080077686));
#4350 = CARTESIAN_POINT('',(3.50708059673,17.52949303808));
#4351 = CARTESIAN_POINT('',(3.597239007945,17.558191348596));
#4352 = CARTESIAN_POINT('',(3.783265603323,17.617406087001));
#4353 = CARTESIAN_POINT('',(3.879222517052,17.64795079861));
#4354 = CARTESIAN_POINT('',(3.975155182379,17.678487927571));
#4355 = CARTESIAN_POINT('',(4.071066877528,17.709018171623));
#4356 = CARTESIAN_POINT('',(4.166978077355,17.739547744484));
#4357 = CARTESIAN_POINT('',(4.262909738068,17.770083289808));
#4358 = CARTESIAN_POINT('',(4.358866537179,17.800626615423));
#4359 = CARTESIAN_POINT('',(4.566333416064,17.866664179827));
#4360 = CARTESIAN_POINT('',(4.677992081452,17.902205755828));
#4361 = CARTESIAN_POINT('',(4.789592538979,17.937729527479));
#4362 = CARTESIAN_POINT('',(4.901153646951,17.973242083833));
#4363 = CARTESIAN_POINT('',(5.012715377141,18.008756503565));
#4364 = CARTESIAN_POINT('',(5.124317408298,18.044284029849));
#4365 = CARTESIAN_POINT('',(5.235977727354,18.079828504422));
#4366 = CARTESIAN_POINT('',(5.464442750727,18.152550517613));
#4367 = CARTESIAN_POINT('',(5.581481192447,18.189802256936));
#4368 = CARTESIAN_POINT('',(5.698445523832,18.227027095798));
#4369 = CARTESIAN_POINT('',(5.815361964762,18.264234669269));
#4370 = CARTESIAN_POINT('',(5.932277857337,18.301442479388));
#4371 = CARTESIAN_POINT('',(6.049241058841,18.338676756397));
#4372 = CARTESIAN_POINT('',(6.166277918716,18.375945199229));
#4373 = CARTESIAN_POINT('',(6.28318530718,18.413157667775));
#4374 = ( GEOMETRIC_REPRESENTATION_CONTEXT(2) 
PARAMETRIC_REPRESENTATION_CONTEXT() REPRESENTATION_CONTEXT('2D SPACE',''
  ) );
#4375 = ORIENTED_EDGE('',*,*,#4376,.F.);
#4376 = EDGE_CURVE('',#4377,#4189,#4379,.T.);
#4377 = VERTEX_POINT('',#4378);
#4378 = CARTESIAN_POINT('',(14.74999995,-0.64999995,21.763157675836));
#4379 = SURFACE_CURVE('',#4380,(#4439,#4501),.PCURVE_S1.);
#4380 = B_SPLINE_CURVE_WITH_KNOTS('',8,(#4381,#4382,#4383,#4384,#4385,
    #4386,#4387,#4388,#4389,#4390,#4391,#4392,#4393,#4394,#4395,#4396,
    #4397,#4398,#4399,#4400,#4401,#4402,#4403,#4404,#4405,#4406,#4407,
    #4408,#4409,#4410,#4411,#4412,#4413,#4414,#4415,#4416,#4417,#4418,
    #4419,#4420,#4421,#4422,#4423,#4424,#4425,#4426,#4427,#4428,#4429,
    #4430,#4431,#4432,#4433,#4434,#4435,#4436,#4437,#4438),
  .UNSPECIFIED.,.F.,.F.,(9,7,7,7,7,7,7,7,9),(0.,0.176823524326,
    0.330755619975,0.472126306566,0.568009708901,0.663080047338,
    0.832678056634,0.92088843491,1.),.UNSPECIFIED.);
#4381 = CARTESIAN_POINT('',(14.74999995,-0.64999995,21.763157675836));
#4382 = CARTESIAN_POINT('',(14.74999995,-0.164140232367,21.80734472198)
  );
#4383 = CARTESIAN_POINT('',(14.672918214411,0.322772149863,
    21.851627890974));
#4384 = CARTESIAN_POINT('',(14.518180368323,0.794725336401,
    21.895850344495));
#4385 = CARTESIAN_POINT('',(14.289866761377,1.237659323107,
    21.940041778503));
#4386 = CARTESIAN_POINT('',(13.994095566442,1.638714065101,
    21.984231835565));
#4387 = CARTESIAN_POINT('',(13.639672358621,1.986701241902,
    22.028453306925));
#4388 = CARTESIAN_POINT('',(13.23738609762,2.271702097377,
    22.072737735542));
#4389 = CARTESIAN_POINT('',(12.42281275348,2.674664838958,
    22.155389479186));
#4390 = CARTESIAN_POINT('',(12.017334793177,2.810083076503,
    22.19390484528));
#4391 = CARTESIAN_POINT('',(11.594555253231,2.888605513527,
    22.232394014531));
#4392 = CARTESIAN_POINT('',(11.163843950426,2.908054020874,
    22.270866526641));
#4393 = CARTESIAN_POINT('',(10.734572900152,2.867782636929,
    22.309339225623));
#4394 = CARTESIAN_POINT('',(10.316069695312,2.768892297656,
    22.347828502483));
#4395 = CARTESIAN_POINT('',(9.917585628135,2.613978878592,22.38634638142
    ));
#4396 = CARTESIAN_POINT('',(9.208597226253,2.219417488433,
    22.460136270795));
#4397 = CARTESIAN_POINT('',(8.892813278318,1.987296539197,
    22.495494934977));
#4398 = CARTESIAN_POINT('',(8.607618590432,1.715627417889,
    22.530834641672));
#4399 = CARTESIAN_POINT('',(8.358620275572,1.409286151849,
    22.566161349363));
#4400 = CARTESIAN_POINT('',(8.150520109553,1.073825220238,
    22.601488329636));
#4401 = CARTESIAN_POINT('',(7.987023484941,0.715504921867,
    22.636828245881));
#4402 = CARTESIAN_POINT('',(7.870892054384,0.341217012965,
    22.672186433441));
#4403 = CARTESIAN_POINT('',(7.757519297153,-0.300735142171,
    22.73147366155));
#4404 = CARTESIAN_POINT('',(7.734008633584,-0.56417476207,
    22.755439541267));
#4405 = CARTESIAN_POINT('',(7.733232948914,-0.829297329819,
    22.779403787824));
#4406 = CARTESIAN_POINT('',(7.75530042128,-1.093806602567,
    22.803365372318));
#4407 = CARTESIAN_POINT('',(7.800049753391,-1.355433336856,
    22.827326529307));
#4408 = CARTESIAN_POINT('',(7.867068479747,-1.611942487814,
    22.851289745928));
#4409 = CARTESIAN_POINT('',(7.955679835998,-1.861143752002,
    22.875254736529));
#4410 = CARTESIAN_POINT('',(8.173190404399,-2.338634044976,
    22.922972889431));
#4411 = CARTESIAN_POINT('',(8.301788316092,-2.567184847288,
    22.946736169458));
#4412 = CARTESIAN_POINT('',(8.449751114891,-2.78444861794,22.97049742784
    ));
#4413 = CARTESIAN_POINT('',(8.615895202748,-2.988516637537,
    22.994255647967));
#4414 = CARTESIAN_POINT('',(8.798838216185,-3.177654834407,
    23.018013301673));
#4415 = CARTESIAN_POINT('',(8.997020203542,-3.350297061409,
    23.041773277062));
#4416 = CARTESIAN_POINT('',(9.208701957497,-3.505057525341,
    23.065536044106));
#4417 = CARTESIAN_POINT('',(9.830180516631,-3.882849140775,
    23.131684838753));
#4418 = CARTESIAN_POINT('',(10.265998583981,-4.064779590233,
    23.174151645164));
#4419 = CARTESIAN_POINT('',(10.727664919235,-4.178893781039,
    23.216569866302));
#4420 = CARTESIAN_POINT('',(11.202780522961,-4.221619585584,
    23.258959806974));
#4421 = CARTESIAN_POINT('',(11.678861896035,-4.191470053923,
    23.30134276954));
#4422 = CARTESIAN_POINT('',(12.143387709522,-4.089599599463,
    23.34374591897));
#4423 = CARTESIAN_POINT('',(12.583866591275,-3.919250623798,
    23.386206149843));
#4424 = CARTESIAN_POINT('',(13.198751885338,-3.567382798406,
    23.450640757757));
#4425 = CARTESIAN_POINT('',(13.399644152043,-3.430316863431,
    23.472691712434));
#4426 = CARTESIAN_POINT('',(13.589451300666,-3.277477108282,
    23.49474748732));
#4427 = CARTESIAN_POINT('',(13.766736173999,-3.109924943034,
    23.516797091511));
#4428 = CARTESIAN_POINT('',(13.930197048059,-2.928861319722,
    23.538837015388));
#4429 = CARTESIAN_POINT('',(14.078663702327,-2.735615799795,
    23.560875719813));
#4430 = CARTESIAN_POINT('',(14.211108397411,-2.531647709096,
    23.582923666189));
#4431 = CARTESIAN_POINT('',(14.430314876415,-2.127450901795,
    23.624740165782));
#4432 = CARTESIAN_POINT('',(14.520395432077,-1.928977426028,
    23.644513670073));
#4433 = CARTESIAN_POINT('',(14.596294045278,-1.7242769655,
    23.664287813152));
#4434 = CARTESIAN_POINT('',(14.657519413324,-1.514530938667,
    23.684062272034));
#4435 = CARTESIAN_POINT('',(14.703697175991,-1.300959010827,
    23.703837428467));
#4436 = CARTESIAN_POINT('',(14.734568723622,-1.084815724798,
    23.723613507357));
#4437 = CARTESIAN_POINT('',(14.74999995,-0.867388921434,23.74338941296)
  );
#4438 = CARTESIAN_POINT('',(14.74999995,-0.64999995,23.763161262848));
#4439 = PCURVE('',#1680,#4440);
#4440 = DEFINITIONAL_REPRESENTATION('',(#4441),#4500);
#4441 = B_SPLINE_CURVE_WITH_KNOTS('',8,(#4442,#4443,#4444,#4445,#4446,
    #4447,#4448,#4449,#4450,#4451,#4452,#4453,#4454,#4455,#4456,#4457,
    #4458,#4459,#4460,#4461,#4462,#4463,#4464,#4465,#4466,#4467,#4468,
    #4469,#4470,#4471,#4472,#4473,#4474,#4475,#4476,#4477,#4478,#4479,
    #4480,#4481,#4482,#4483,#4484,#4485,#4486,#4487,#4488,#4489,#4490,
    #4491,#4492,#4493,#4494,#4495,#4496,#4497,#4498,#4499),
  .UNSPECIFIED.,.F.,.F.,(9,7,7,7,7,7,7,7,9),(0.,0.176823524326,
    0.330755619975,0.472126306566,0.568009708901,0.663080047338,
    0.832678056634,0.92088843491,1.),.UNSPECIFIED.);
#4442 = CARTESIAN_POINT('',(0.162750655384,46.1567201068));
#4443 = CARTESIAN_POINT('',(0.162749988954,46.302401599028));
#4444 = CARTESIAN_POINT('',(0.162752123417,46.448396416044));
#4445 = CARTESIAN_POINT('',(0.162755538317,46.594189421533));
#4446 = CARTESIAN_POINT('',(0.162755651515,46.739884382702));
#4447 = CARTESIAN_POINT('',(0.162750641038,46.885581359371));
#4448 = CARTESIAN_POINT('',(0.162745574013,47.031381978457));
#4449 = CARTESIAN_POINT('',(0.16274296894,47.177387012048));
#4450 = CARTESIAN_POINT('',(0.162743991249,47.449880924531));
#4451 = CARTESIAN_POINT('',(0.162746849999,47.576858897596));
#4452 = CARTESIAN_POINT('',(0.16275250167,47.703746928833));
#4453 = CARTESIAN_POINT('',(0.162760150944,47.830577487291));
#4454 = CARTESIAN_POINT('',(0.162767071944,47.957409593593));
#4455 = CARTESIAN_POINT('',(0.162770852823,48.084300373081));
#4456 = CARTESIAN_POINT('',(0.162771113834,48.211289954281));
#4457 = CARTESIAN_POINT('',(0.162766386259,48.454574502128));
#4458 = CARTESIAN_POINT('',(0.162761819947,48.571154617975));
#4459 = CARTESIAN_POINT('',(0.162755566389,48.687674391367));
#4460 = CARTESIAN_POINT('',(0.162749089644,48.804151593781));
#4461 = CARTESIAN_POINT('',(0.162744426334,48.920627374781));
#4462 = CARTESIAN_POINT('',(0.162742497548,49.037142305978));
#4463 = CARTESIAN_POINT('',(0.162742840219,49.153714569941));
#4464 = CARTESIAN_POINT('',(0.162745617259,49.349175572024));
#4465 = CARTESIAN_POINT('',(0.162747340007,49.42818667594));
#4466 = CARTESIAN_POINT('',(0.162749382054,49.507191986971));
#4467 = CARTESIAN_POINT('',(0.162751303624,49.586188675561));
#4468 = CARTESIAN_POINT('',(0.162752713253,49.665184609675));
#4469 = CARTESIAN_POINT('',(0.16275340117,49.744188257564));
#4470 = CARTESIAN_POINT('',(0.162753399107,49.823198636849));
#4471 = CARTESIAN_POINT('',(0.162752537658,49.980522113797));
#4472 = CARTESIAN_POINT('',(0.162751688592,50.058868555462));
#4473 = CARTESIAN_POINT('',(0.162750626892,50.137208603995));
#4474 = CARTESIAN_POINT('',(0.162749817984,50.215538312255));
#4475 = CARTESIAN_POINT('',(0.162749765339,50.293865185526));
#4476 = CARTESIAN_POINT('',(0.162750817038,50.372198300288));
#4477 = CARTESIAN_POINT('',(0.162752998746,50.450539173158));
#4478 = CARTESIAN_POINT('',(0.162761000722,50.668615446244));
#4479 = CARTESIAN_POINT('',(0.162768390973,50.808615158162));
#4480 = CARTESIAN_POINT('',(0.162775573227,50.948454955035));
#4481 = CARTESIAN_POINT('',(0.162777039709,51.088208826369));
#4482 = CARTESIAN_POINT('',(0.162762590982,51.227960053497));
#4483 = CARTESIAN_POINT('',(0.162731210393,51.367799497204));
#4484 = CARTESIAN_POINT('',(0.162721326102,51.507799630987));
#4485 = CARTESIAN_POINT('',(0.16273213527,51.720220796087));
#4486 = CARTESIAN_POINT('',(0.162737686027,51.792913670245));
#4487 = CARTESIAN_POINT('',(0.162758999046,51.865602270087));
#4488 = CARTESIAN_POINT('',(0.16276885963,51.938285177831));
#4489 = CARTESIAN_POINT('',(0.162753811218,52.010968038793));
#4490 = CARTESIAN_POINT('',(0.162731300509,52.083656426541));
#4491 = CARTESIAN_POINT('',(0.162729084956,52.156349318727));
#4492 = CARTESIAN_POINT('',(0.162724945434,52.294219779755));
#4493 = CARTESIAN_POINT('',(0.162726789617,52.359408850911));
#4494 = CARTESIAN_POINT('',(0.162732330916,52.424595298047));
#4495 = CARTESIAN_POINT('',(0.16273998552,52.489780082622));
#4496 = CARTESIAN_POINT('',(0.162747968194,52.554966747238));
#4497 = CARTESIAN_POINT('',(0.162755018632,52.620157645807));
#4498 = CARTESIAN_POINT('',(0.162760576046,52.685349883223));
#4499 = CARTESIAN_POINT('',(0.162764401986,52.750530964545));
#4500 = ( GEOMETRIC_REPRESENTATION_CONTEXT(2) 
PARAMETRIC_REPRESENTATION_CONTEXT() REPRESENTATION_CONTEXT('2D SPACE',''
  ) );
#4501 = PCURVE('',#3585,#4502);
#4502 = DEFINITIONAL_REPRESENTATION('',(#4503),#4562);
#4503 = B_SPLINE_CURVE_WITH_KNOTS('',8,(#4504,#4505,#4506,#4507,#4508,
    #4509,#4510,#4511,#4512,#4513,#4514,#4515,#4516,#4517,#4518,#4519,
    #4520,#4521,#4522,#4523,#4524,#4525,#4526,#4527,#4528,#4529,#4530,
    #4531,#4532,#4533,#4534,#4535,#4536,#4537,#4538,#4539,#4540,#4541,
    #4542,#4543,#4544,#4545,#4546,#4547,#4548,#4549,#4550,#4551,#4552,
    #4553,#4554,#4555,#4556,#4557,#4558,#4559,#4560,#4561),
  .UNSPECIFIED.,.F.,.F.,(9,7,7,7,7,7,7,7,9),(0.,0.176823524326,
    0.330755619975,0.472126306566,0.568009708901,0.663080047338,
    0.832678056634,0.92088843491,1.),.UNSPECIFIED.);
#4504 = CARTESIAN_POINT('',(0.,14.413157675836));
#4505 = CARTESIAN_POINT('',(0.138817062181,14.45734472198));
#4506 = CARTESIAN_POINT('',(0.277933879511,14.501627890974));
#4507 = CARTESIAN_POINT('',(0.416860261299,14.545850344495));
#4508 = CARTESIAN_POINT('',(0.555694833519,14.590041778503));
#4509 = CARTESIAN_POINT('',(0.694530828969,14.634231835565));
#4510 = CARTESIAN_POINT('',(0.833464173704,14.678453306925));
#4511 = CARTESIAN_POINT('',(0.972591093157,14.722737735542));
#4512 = CARTESIAN_POINT('',(1.232246862785,14.805389479186));
#4513 = CARTESIAN_POINT('',(1.353241933205,14.84390484528));
#4514 = CARTESIAN_POINT('',(1.474151111741,14.882394014531));
#4515 = CARTESIAN_POINT('',(1.595005882187,14.920866526641));
#4516 = CARTESIAN_POINT('',(1.715862873229,14.959339225623));
#4517 = CARTESIAN_POINT('',(1.836776226918,14.997828502483));
#4518 = CARTESIAN_POINT('',(1.957783778537,15.03634638142));
#4519 = CARTESIAN_POINT('',(2.189607646338,15.110136270795));
#4520 = CARTESIAN_POINT('',(2.30069571212,15.145494934977));
#4521 = CARTESIAN_POINT('',(2.411725896258,15.180834641672));
#4522 = CARTESIAN_POINT('',(2.522715027816,15.216161349363));
#4523 = CARTESIAN_POINT('',(2.6337025043,15.251488329636));
#4524 = CARTESIAN_POINT('',(2.744727490588,15.286828245881));
#4525 = CARTESIAN_POINT('',(2.855807660937,15.322186433441));
#4526 = CARTESIAN_POINT('',(3.04206093409,15.38147366155));
#4527 = CARTESIAN_POINT('',(3.117350294426,15.405439541267));
#4528 = CARTESIAN_POINT('',(3.192634455323,15.429403787824));
#4529 = CARTESIAN_POINT('',(3.267910688975,15.453365372318));
#4530 = CARTESIAN_POINT('',(3.343186388588,15.477326529307));
#4531 = CARTESIAN_POINT('',(3.4184694616,15.501289745928));
#4532 = CARTESIAN_POINT('',(3.493758794424,15.525254736529));
#4533 = CARTESIAN_POINT('',(3.643672464071,15.572972889431));
#4534 = CARTESIAN_POINT('',(3.718328577951,15.596736169458));
#4535 = CARTESIAN_POINT('',(3.792978204269,15.62049742784));
#4536 = CARTESIAN_POINT('',(3.867617495463,15.644255647967));
#4537 = CARTESIAN_POINT('',(3.942253615812,15.668013301673));
#4538 = CARTESIAN_POINT('',(4.016895340279,15.691773277062));
#4539 = CARTESIAN_POINT('',(4.091544318885,15.715536044106));
#4540 = CARTESIAN_POINT('',(4.299343693117,15.781684838753));
#4541 = CARTESIAN_POINT('',(4.432746058537,15.824151645164));
#4542 = CARTESIAN_POINT('',(4.565997501394,15.866569866302));
#4543 = CARTESIAN_POINT('',(4.699169055505,15.908959806974));
#4544 = CARTESIAN_POINT('',(4.832341173498,15.95134276954));
#4545 = CARTESIAN_POINT('',(4.96559365234,15.99374591897));
#4546 = CARTESIAN_POINT('',(5.09899735641,16.036206149843));
#4547 = CARTESIAN_POINT('',(5.301410329173,16.100640757757));
#4548 = CARTESIAN_POINT('',(5.370678447521,16.122691712434));
#4549 = CARTESIAN_POINT('',(5.439942876979,16.14474748732));
#4550 = CARTESIAN_POINT('',(5.509202167922,16.166797091511));
#4551 = CARTESIAN_POINT('',(5.578461390619,16.188837015388));
#4552 = CARTESIAN_POINT('',(5.647725522084,16.210875719813));
#4553 = CARTESIAN_POINT('',(5.716993486493,16.232923666189));
#4554 = CARTESIAN_POINT('',(5.848368177147,16.274740165782));
#4555 = CARTESIAN_POINT('',(5.910485855981,16.294513670073));
#4556 = CARTESIAN_POINT('',(5.97260125793,16.314287813152));
#4557 = CARTESIAN_POINT('',(6.034715433109,16.334062272034));
#4558 = CARTESIAN_POINT('',(6.096831749063,16.353837428467));
#4559 = CARTESIAN_POINT('',(6.1589523124,16.373613507357));
#4560 = CARTESIAN_POINT('',(6.221074172484,16.39338941296));
#4561 = CARTESIAN_POINT('',(6.28318530718,16.413161262848));
#4562 = ( GEOMETRIC_REPRESENTATION_CONTEXT(2) 
PARAMETRIC_REPRESENTATION_CONTEXT() REPRESENTATION_CONTEXT('2D SPACE',''
  ) );
#4563 = ORIENTED_EDGE('',*,*,#4564,.F.);
#4564 = EDGE_CURVE('',#4565,#4377,#4567,.T.);
#4565 = VERTEX_POINT('',#4566);
#4566 = CARTESIAN_POINT('',(14.74999995,-0.64999995,19.763154748469));
#4567 = SURFACE_CURVE('',#4568,(#4634,#4703),.PCURVE_S1.);
#4568 = B_SPLINE_CURVE_WITH_KNOTS('',8,(#4569,#4570,#4571,#4572,#4573,
    #4574,#4575,#4576,#4577,#4578,#4579,#4580,#4581,#4582,#4583,#4584,
    #4585,#4586,#4587,#4588,#4589,#4590,#4591,#4592,#4593,#4594,#4595,
    #4596,#4597,#4598,#4599,#4600,#4601,#4602,#4603,#4604,#4605,#4606,
    #4607,#4608,#4609,#4610,#4611,#4612,#4613,#4614,#4615,#4616,#4617,
    #4618,#4619,#4620,#4621,#4622,#4623,#4624,#4625,#4626,#4627,#4628,
    #4629,#4630,#4631,#4632,#4633),.UNSPECIFIED.,.F.,.F.,(9,7,7,7,7,7,7,
    7,7,9),(0.,0.120655069032,0.229619100574,0.337637146948,
    0.437007026419,0.517798438196,0.643896976977,0.730856227817,
    0.815073130755,1.),.UNSPECIFIED.);
#4569 = CARTESIAN_POINT('',(14.74999995,-0.64999995,19.763154748469));
#4570 = CARTESIAN_POINT('',(14.74999995,-0.318449258168,19.793306706953)
  );
#4571 = CARTESIAN_POINT('',(14.714105170655,1.326795816477E-02,
    19.823473963174));
#4572 = CARTESIAN_POINT('',(14.642256348023,0.340371330499,
    19.853634343233));
#4573 = CARTESIAN_POINT('',(14.535216537948,0.658318395862,
    19.883789095766));
#4574 = CARTESIAN_POINT('',(14.394376109128,0.962801534139,
    19.913944471753));
#4575 = CARTESIAN_POINT('',(14.221688226351,1.249740402651,
    19.944106629753));
#4576 = CARTESIAN_POINT('',(14.01971711776,1.515317717596,
    19.974276694504));
#4577 = CARTESIAN_POINT('',(13.585931862523,1.973563214809,
    20.031666882406));
#4578 = CARTESIAN_POINT('',(13.358739949305,2.170977939544,
    20.058911537261));
#4579 = CARTESIAN_POINT('',(13.112587152812,2.345779104137,
    20.086151507781));
#4580 = CARTESIAN_POINT('',(12.850145023933,2.495875471213,
    20.113386090673));
#4581 = CARTESIAN_POINT('',(12.574292254162,2.619577241525,
    20.140618878144));
#4582 = CARTESIAN_POINT('',(12.288087374667,2.715566441652,
    20.167854126819));
#4583 = CARTESIAN_POINT('',(11.994773156276,2.782925962556,
    20.195093288085));
#4584 = CARTESIAN_POINT('',(11.403382700443,2.859215207438,
    20.249320769394));
#4585 = CARTESIAN_POINT('',(11.105205068743,2.868668183212,
    20.276324113528));
#4586 = CARTESIAN_POINT('',(10.806618728318,2.84913366118,
    20.303323710734));
#4587 = CARTESIAN_POINT('',(10.510910799006,2.800671095595,
    20.330318959194));
#4588 = CARTESIAN_POINT('',(10.221295306942,2.723764890153,
    20.357314634615));
#4589 = CARTESIAN_POINT('',(9.940902585425,2.619289667808,
    20.384315379246));
#4590 = CARTESIAN_POINT('',(9.672755441216,2.488537466975,
    20.411320259815));
#4591 = CARTESIAN_POINT('',(9.186966348197,2.190504371176,20.46315307781
    ));
#4592 = CARTESIAN_POINT('',(8.966879556349,2.0269126667,20.487994698666)
  );
#4593 = CARTESIAN_POINT('',(8.761720419617,1.843889495644,
    20.512834209893));
#4594 = CARTESIAN_POINT('',(8.573472328033,1.643049522548,
    20.537670728551));
#4595 = CARTESIAN_POINT('',(8.403890307938,1.426217734345,
    20.562507023917));
#4596 = CARTESIAN_POINT('',(8.254508497908,1.195408248971,
    20.587345959173));
#4597 = CARTESIAN_POINT('',(8.126618145407,0.95282852975,20.612186886664
    ));
#4598 = CARTESIAN_POINT('',(7.93552035657,0.496089052807,20.657213865893
    ));
#4599 = CARTESIAN_POINT('',(7.864657811516,0.285018502295,
    20.677409344223));
#4600 = CARTESIAN_POINT('',(7.809179226158,6.898737076945E-02,
    20.697604891586));
#4601 = CARTESIAN_POINT('',(7.769480726182,-0.150685082348,
    20.717799793568));
#4602 = CARTESIAN_POINT('',(7.745821252464,-0.372657183699,20.7379947887
    ));
#4603 = CARTESIAN_POINT('',(7.73832845181,-0.595569690721,
    20.758190693544));
#4604 = CARTESIAN_POINT('',(7.746993031812,-0.818048652388,
    20.77838702566));
#4605 = CARTESIAN_POINT('',(7.810138428887,-1.383106817579,
    20.830098619278));
#4606 = CARTESIAN_POINT('',(7.88762090065,-1.723360994385,
    20.861636504978));
#4607 = CARTESIAN_POINT('',(8.003566901805,-2.054005327377,
    20.893165682931));
#4608 = CARTESIAN_POINT('',(8.156485737022,-2.369984659519,
    20.924686912574));
#4609 = CARTESIAN_POINT('',(8.344181609611,-2.666619326017,
    20.956206301423));
#4610 = CARTESIAN_POINT('',(8.563834750169,-2.939582988683,
    20.987730385351));
#4611 = CARTESIAN_POINT('',(8.811945909232,-3.184954130885,
    21.019261544952));
#4612 = CARTESIAN_POINT('',(9.271916211351,-3.54729185547,
    21.072507109642));
#4613 = CARTESIAN_POINT('',(9.471221614834,-3.680551363692,
    21.094242013996));
#4614 = CARTESIAN_POINT('',(9.680727729326,-3.798092902845,
    21.11597572968));
#4615 = CARTESIAN_POINT('',(9.898976051016,-3.899017929183,
    21.137708431327));
#4616 = CARTESIAN_POINT('',(10.124433915504,-3.982596161558,
    21.15944250546));
#4617 = CARTESIAN_POINT('',(10.355503515243,-4.04825863816,
    21.181180267434));
#4618 = CARTESIAN_POINT('',(10.590524022324,-4.095606845006,
    21.202921345358));
#4619 = CARTESIAN_POINT('',(11.05752791945,-4.152359770434,
    21.245712574621));
#4620 = CARTESIAN_POINT('',(11.289414736677,-4.16291910075,
    21.266768351643));
#4621 = CARTESIAN_POINT('',(11.52186807259,-4.155922273626,
    21.287814005784));
#4622 = CARTESIAN_POINT('',(11.753339846257,-4.131353291229,
    21.308855542754));
#4623 = CARTESIAN_POINT('',(11.982296293423,-4.089354243017,
    21.329900997048));
#4624 = CARTESIAN_POINT('',(12.20722248779,-4.030220012075,
    21.350951935781));
#4625 = CARTESIAN_POINT('',(12.426628181633,-3.954407236164,
    21.37200349954));
#4626 = CARTESIAN_POINT('',(13.105510258743,-3.660870223132,
    21.439274278241));
#4627 = CARTESIAN_POINT('',(13.539735263108,-3.381242294311,
    21.485623068299));
#4628 = CARTESIAN_POINT('',(13.924380797581,-3.030339477507,
    21.531893056447));
#4629 = CARTESIAN_POINT('',(14.246720301274,-2.619120722603,
    21.578116522411));
#4630 = CARTESIAN_POINT('',(14.496237736613,-2.160053139322,
    21.624340139753));
#4631 = CARTESIAN_POINT('',(14.665667291101,-1.667737079167,
    21.670599748449));
#4632 = CARTESIAN_POINT('',(14.74999995,-1.158196123249,21.71693921618)
  );
#4633 = CARTESIAN_POINT('',(14.74999995,-0.64999995,21.763157675836));
#4634 = PCURVE('',#1680,#4635);
#4635 = DEFINITIONAL_REPRESENTATION('',(#4636),#4702);
#4636 = B_SPLINE_CURVE_WITH_KNOTS('',8,(#4637,#4638,#4639,#4640,#4641,
    #4642,#4643,#4644,#4645,#4646,#4647,#4648,#4649,#4650,#4651,#4652,
    #4653,#4654,#4655,#4656,#4657,#4658,#4659,#4660,#4661,#4662,#4663,
    #4664,#4665,#4666,#4667,#4668,#4669,#4670,#4671,#4672,#4673,#4674,
    #4675,#4676,#4677,#4678,#4679,#4680,#4681,#4682,#4683,#4684,#4685,
    #4686,#4687,#4688,#4689,#4690,#4691,#4692,#4693,#4694,#4695,#4696,
    #4697,#4698,#4699,#4700,#4701),.UNSPECIFIED.,.F.,.F.,(9,7,7,7,7,7,7,
    7,7,9),(0.,0.120655069032,0.229619100574,0.337637146948,
    0.437007026419,0.517798438196,0.643896976977,0.730856227817,
    0.815073130755,1.),.UNSPECIFIED.);
#4637 = CARTESIAN_POINT('',(0.16274796294,39.56289728127));
#4638 = CARTESIAN_POINT('',(0.162745753972,39.662308349877));
#4639 = CARTESIAN_POINT('',(0.162743572395,39.761769818671));
#4640 = CARTESIAN_POINT('',(0.162742109688,39.861207697678));
#4641 = CARTESIAN_POINT('',(0.16274220708,39.960625027274));
#4642 = CARTESIAN_POINT('',(0.162744257627,40.060041913492));
#4643 = CARTESIAN_POINT('',(0.162747970452,40.159479032683));
#4644 = CARTESIAN_POINT('',(0.162752513895,40.258941157023));
#4645 = CARTESIAN_POINT('',(0.162761154687,40.448140289458));
#4646 = CARTESIAN_POINT('',(0.162765253225,40.537958174812));
#4647 = CARTESIAN_POINT('',(0.162768731103,40.627761410406));
#4648 = CARTESIAN_POINT('',(0.162770915952,40.717548537776));
#4649 = CARTESIAN_POINT('',(0.162771372991,40.807331956348));
#4650 = CARTESIAN_POINT('',(0.162770084226,40.89712572285));
#4651 = CARTESIAN_POINT('',(0.162767443196,40.986934118877));
#4652 = CARTESIAN_POINT('',(0.16276057244,41.165725942982));
#4653 = CARTESIAN_POINT('',(0.162756360992,41.254758880723));
#4654 = CARTESIAN_POINT('',(0.16275186563,41.343779828424));
#4655 = CARTESIAN_POINT('',(0.162747827458,41.432785853784));
#4656 = CARTESIAN_POINT('',(0.162744871906,41.5217919017));
#4657 = CARTESIAN_POINT('',(0.162743305644,41.610812884898));
#4658 = CARTESIAN_POINT('',(0.162743060074,41.699845814223));
#4659 = CARTESIAN_POINT('',(0.162744444951,41.870732090777));
#4660 = CARTESIAN_POINT('',(0.162745925578,41.952630742699));
#4661 = CARTESIAN_POINT('',(0.1627479865,42.034521696943));
#4662 = CARTESIAN_POINT('',(0.162750155113,42.116402647184));
#4663 = CARTESIAN_POINT('',(0.162751949481,42.198283340057));
#4664 = CARTESIAN_POINT('',(0.162753042337,42.280173633911));
#4665 = CARTESIAN_POINT('',(0.162753362568,42.362071484471));
#4666 = CARTESIAN_POINT('',(0.162752948538,42.510521836148));
#4667 = CARTESIAN_POINT('',(0.162752398553,42.577105180112));
#4668 = CARTESIAN_POINT('',(0.16275158497,42.643689088918));
#4669 = CARTESIAN_POINT('',(0.162750731345,42.710270921191));
#4670 = CARTESIAN_POINT('',(0.162750126168,42.776852742706));
#4671 = CARTESIAN_POINT('',(0.16275004959,42.843436887176));
#4672 = CARTESIAN_POINT('',(0.162750684802,42.91002152967));
#4673 = CARTESIAN_POINT('',(0.162754088724,43.080505557424));
#4674 = CARTESIAN_POINT('',(0.162757881325,43.184478222635));
#4675 = CARTESIAN_POINT('',(0.162763235028,43.288420181951));
#4676 = CARTESIAN_POINT('',(0.1627694099,43.392334885813));
#4677 = CARTESIAN_POINT('',(0.162773353783,43.496246375049));
#4678 = CARTESIAN_POINT('',(0.162771837663,43.600180329003));
#4679 = CARTESIAN_POINT('',(0.162764461671,43.704145107875));
#4680 = CARTESIAN_POINT('',(0.162747694243,43.879712304627));
#4681 = CARTESIAN_POINT('',(0.162739614129,43.951380629013));
#4682 = CARTESIAN_POINT('',(0.162731381563,44.023045229507));
#4683 = CARTESIAN_POINT('',(0.162724643558,44.094704574676));
#4684 = CARTESIAN_POINT('',(0.162721830821,44.166363422841));
#4685 = CARTESIAN_POINT('',(0.162725151496,44.238026582469));
#4686 = CARTESIAN_POINT('',(0.16273435791,44.309693144366));
#4687 = CARTESIAN_POINT('',(0.162751933142,44.45074941816));
#4688 = CARTESIAN_POINT('',(0.16276466942,44.520152089719));
#4689 = CARTESIAN_POINT('',(0.162754241657,44.589551022911));
#4690 = CARTESIAN_POINT('',(0.162735528216,44.658946982799));
#4691 = CARTESIAN_POINT('',(0.162725507758,44.728344736035));
#4692 = CARTESIAN_POINT('',(0.162725395445,44.797747894563));
#4693 = CARTESIAN_POINT('',(0.162724946888,44.867153543898));
#4694 = CARTESIAN_POINT('',(0.162737675784,45.088922847923));
#4695 = CARTESIAN_POINT('',(0.162761158416,45.241700515543));
#4696 = CARTESIAN_POINT('',(0.16278387639,45.394219358908));
#4697 = CARTESIAN_POINT('',(0.162775853895,45.546624151726));
#4698 = CARTESIAN_POINT('',(0.162764008045,45.699034335334));
#4699 = CARTESIAN_POINT('',(0.162755101482,45.851559418595));
#4700 = CARTESIAN_POINT('',(0.162751352451,46.00434119129));
#4701 = CARTESIAN_POINT('',(0.162750655384,46.1567201068));
#4702 = ( GEOMETRIC_REPRESENTATION_CONTEXT(2) 
PARAMETRIC_REPRESENTATION_CONTEXT() REPRESENTATION_CONTEXT('2D SPACE',''
  ) );
#4703 = PCURVE('',#3371,#4704);
#4704 = DEFINITIONAL_REPRESENTATION('',(#4705),#4771);
#4705 = B_SPLINE_CURVE_WITH_KNOTS('',8,(#4706,#4707,#4708,#4709,#4710,
    #4711,#4712,#4713,#4714,#4715,#4716,#4717,#4718,#4719,#4720,#4721,
    #4722,#4723,#4724,#4725,#4726,#4727,#4728,#4729,#4730,#4731,#4732,
    #4733,#4734,#4735,#4736,#4737,#4738,#4739,#4740,#4741,#4742,#4743,
    #4744,#4745,#4746,#4747,#4748,#4749,#4750,#4751,#4752,#4753,#4754,
    #4755,#4756,#4757,#4758,#4759,#4760,#4761,#4762,#4763,#4764,#4765,
    #4766,#4767,#4768,#4769,#4770),.UNSPECIFIED.,.F.,.F.,(9,7,7,7,7,7,7,
    7,7,9),(0.,0.120655069032,0.229619100574,0.337637146948,
    0.437007026419,0.517798438196,0.643896976977,0.730856227817,
    0.815073130755,1.),.UNSPECIFIED.);
#4706 = CARTESIAN_POINT('',(0.,12.413154748469));
#4707 = CARTESIAN_POINT('',(9.472876909489E-02,12.443306706953));
#4708 = CARTESIAN_POINT('',(0.189505147552,12.473473963174));
#4709 = CARTESIAN_POINT('',(0.284258508525,12.503634343233));
#4710 = CARTESIAN_POINT('',(0.378991780951,12.533789095766));
#4711 = CARTESIAN_POINT('',(0.473724345105,12.563944471753));
#4712 = CARTESIAN_POINT('',(0.56847617672,12.594106629753));
#4713 = CARTESIAN_POINT('',(0.663251996564,12.624276694504));
#4714 = CARTESIAN_POINT('',(0.84353716373,12.681666882406));
#4715 = CARTESIAN_POINT('',(0.929123536094,12.708911537261));
#4716 = CARTESIAN_POINT('',(1.0146961808,12.736151507781));
#4717 = CARTESIAN_POINT('',(1.100253683566,12.763386090673));
#4718 = CARTESIAN_POINT('',(1.185807743572,12.790618878144));
#4719 = CARTESIAN_POINT('',(1.27137160794,12.817854126819));
#4720 = CARTESIAN_POINT('',(1.356949253171,12.845093288085));
#4721 = CARTESIAN_POINT('',(1.527318053643,12.899320769394));
#4722 = CARTESIAN_POINT('',(1.612156390633,12.926324113528));
#4723 = CARTESIAN_POINT('',(1.696983074501,12.953323710734));
#4724 = CARTESIAN_POINT('',(1.781795351305,12.980318959194));
#4725 = CARTESIAN_POINT('',(1.866607583109,13.007314634615));
#4726 = CARTESIAN_POINT('',(1.951434153339,13.034315379246));
#4727 = CARTESIAN_POINT('',(2.036272379154,13.061320259815));
#4728 = CARTESIAN_POINT('',(2.199108159479,13.11315307781));
#4729 = CARTESIAN_POINT('',(2.277148833287,13.137994698666));
#4730 = CARTESIAN_POINT('',(2.355182519871,13.162834209893));
#4731 = CARTESIAN_POINT('',(2.433207024815,13.187670728551));
#4732 = CARTESIAN_POINT('',(2.511231552434,13.212507023917));
#4733 = CARTESIAN_POINT('',(2.589265334064,13.237345959173));
#4734 = CARTESIAN_POINT('',(2.667306223873,13.262186886664));
#4735 = CARTESIAN_POINT('',(2.80876489735,13.307213865893));
#4736 = CARTESIAN_POINT('',(2.872212153305,13.327409344223));
#4737 = CARTESIAN_POINT('',(2.935659703734,13.347604891586));
#4738 = CARTESIAN_POINT('',(2.999104961888,13.367799793568));
#4739 = CARTESIAN_POINT('',(3.062549867977,13.3879947887));
#4740 = CARTESIAN_POINT('',(3.125996671905,13.408190693544));
#4741 = CARTESIAN_POINT('',(3.189443711338,13.42838702566));
#4742 = CARTESIAN_POINT('',(3.351893847166,13.480098619278));
#4743 = CARTESIAN_POINT('',(3.450966580262,13.511636504978));
#4744 = CARTESIAN_POINT('',(3.55001012661,13.543165682931));
#4745 = CARTESIAN_POINT('',(3.649028349003,13.574686912574));
#4746 = CARTESIAN_POINT('',(3.748044663646,13.606206301423));
#4747 = CARTESIAN_POINT('',(3.847083450818,13.637730385351));
#4748 = CARTESIAN_POINT('',(3.946151871565,13.669261544952));
#4749 = CARTESIAN_POINT('',(4.113450042503,13.722507109642));
#4750 = CARTESIAN_POINT('',(4.181742721784,13.744242013996));
#4751 = CARTESIAN_POINT('',(4.25003159076,13.76597572968));
#4752 = CARTESIAN_POINT('',(4.318314954648,13.787708431327));
#4753 = CARTESIAN_POINT('',(4.386597396206,13.80944250546));
#4754 = CARTESIAN_POINT('',(4.454883892145,13.831180267434));
#4755 = CARTESIAN_POINT('',(4.523174039332,13.852921345358));
#4756 = CARTESIAN_POINT('',(4.657585389216,13.895712574621));
#4757 = CARTESIAN_POINT('',(4.72371872088,13.916768351643));
#4758 = CARTESIAN_POINT('',(4.789848718522,13.937814005784));
#4759 = CARTESIAN_POINT('',(4.85597569901,13.958855542754));
#4760 = CARTESIAN_POINT('',(4.922103925105,13.979900997048));
#4761 = CARTESIAN_POINT('',(4.988236970035,14.000951935781));
#4762 = CARTESIAN_POINT('',(5.05437248489,14.02200349954));
#4763 = CARTESIAN_POINT('',(5.265693857838,14.089274278241));
#4764 = CARTESIAN_POINT('',(5.411275141719,14.135623068299));
#4765 = CARTESIAN_POINT('',(5.556612602691,14.181893056447));
#4766 = CARTESIAN_POINT('',(5.701840590866,14.228116522411));
#4767 = CARTESIAN_POINT('',(5.847068450951,14.274340139753));
#4768 = CARTESIAN_POINT('',(5.992404951522,14.320599748449));
#4769 = CARTESIAN_POINT('',(6.137986400537,14.36693921618));
#4770 = CARTESIAN_POINT('',(6.28318530718,14.413157675836));
#4771 = ( GEOMETRIC_REPRESENTATION_CONTEXT(2) 
PARAMETRIC_REPRESENTATION_CONTEXT() REPRESENTATION_CONTEXT('2D SPACE',''
  ) );
#4772 = ORIENTED_EDGE('',*,*,#4773,.F.);
#4773 = EDGE_CURVE('',#4774,#4565,#4776,.T.);
#4774 = VERTEX_POINT('',#4775);
#4775 = CARTESIAN_POINT('',(14.74999995,-0.64999995,17.763159487395));
#4776 = SURFACE_CURVE('',#4777,(#4850,#4926),.PCURVE_S1.);
#4777 = B_SPLINE_CURVE_WITH_KNOTS('',8,(#4778,#4779,#4780,#4781,#4782,
    #4783,#4784,#4785,#4786,#4787,#4788,#4789,#4790,#4791,#4792,#4793,
    #4794,#4795,#4796,#4797,#4798,#4799,#4800,#4801,#4802,#4803,#4804,
    #4805,#4806,#4807,#4808,#4809,#4810,#4811,#4812,#4813,#4814,#4815,
    #4816,#4817,#4818,#4819,#4820,#4821,#4822,#4823,#4824,#4825,#4826,
    #4827,#4828,#4829,#4830,#4831,#4832,#4833,#4834,#4835,#4836,#4837,
    #4838,#4839,#4840,#4841,#4842,#4843,#4844,#4845,#4846,#4847,#4848,
    #4849),.UNSPECIFIED.,.F.,.F.,(9,7,7,7,7,7,7,7,7,7,9),(0.,
    0.101431598165,0.214723242343,0.316524704665,0.417626026543,
    0.539434091866,0.591033082832,0.651614418806,0.804368287953,
    0.901822666765,1.),.UNSPECIFIED.);
#4778 = CARTESIAN_POINT('',(14.74999995,-0.64999995,17.763159487395));
#4779 = CARTESIAN_POINT('',(14.74999995,-0.369246314192,17.788694412604)
  );
#4780 = CARTESIAN_POINT('',(14.724261633121,-8.840921028907E-02,
    17.814236671893));
#4781 = CARTESIAN_POINT('',(14.672760121826,0.189641241448,
    17.839776080464));
#4782 = CARTESIAN_POINT('',(14.595877184711,0.462145121618,
    17.865311221265));
#4783 = CARTESIAN_POINT('',(14.494328822669,0.726443936241,
    17.89084524863));
#4784 = CARTESIAN_POINT('',(14.369136413932,0.979985337855,
    17.916381734582));
#4785 = CARTESIAN_POINT('',(14.221641417979,1.220341343147,
    17.941920557765));
#4786 = CARTESIAN_POINT('',(13.865833105119,1.696435378823,
    17.995972630119));
#4787 = CARTESIAN_POINT('',(13.652310135984,1.928500980072,
    18.024501773312));
#4788 = CARTESIAN_POINT('',(13.415366931585,2.138196806393,
    18.053025190056));
#4789 = CARTESIAN_POINT('',(13.157784777087,2.322809848949,
    18.081544110013));
#4790 = CARTESIAN_POINT('',(12.882645710193,2.480068613425,
    18.110063707841));
#4791 = CARTESIAN_POINT('',(12.593299575589,2.608114483863,
    18.138588814749));
#4792 = CARTESIAN_POINT('',(12.293377390655,2.705547371324,
    18.167119725974));
#4793 = CARTESIAN_POINT('',(11.711357744803,2.830883329854,
    18.221266058768));
#4794 = CARTESIAN_POINT('',(11.43036231386,2.864873731651,
    18.246899846775));
#4795 = CARTESIAN_POINT('',(11.146658427567,2.872903676321,
    18.272531147056));
#4796 = CARTESIAN_POINT('',(10.863048982019,2.854764034531,
    18.298158985729));
#4797 = CARTESIAN_POINT('',(10.582312208047,2.810596106159,
    18.323786621211));
#4798 = CARTESIAN_POINT('',(10.307191313775,2.740867374473,
    18.349417354975));
#4799 = CARTESIAN_POINT('',(10.040378558016,2.646394032293,
    18.375050293223));
#4800 = CARTESIAN_POINT('',(9.530368800961,2.411237962242,18.42612558426
    ));
#4801 = CARTESIAN_POINT('',(9.28687376507,2.270809141268,18.451582581263
    ));
#4802 = CARTESIAN_POINT('',(9.056601261779,2.108291447159,
    18.477037202343));
#4803 = CARTESIAN_POINT('',(8.841876084479,1.925171754334,
    18.502488452298));
#4804 = CARTESIAN_POINT('',(8.644793438698,1.723194490496,
    18.527939771482));
#4805 = CARTESIAN_POINT('',(8.467227128601,1.504333712633,
    18.553394770109));
#4806 = CARTESIAN_POINT('',(8.310807696319,1.27079895021,18.578853114219
    ));
#4807 = CARTESIAN_POINT('',(8.015501416844,0.729023479208,
    18.634973179083));
#4808 = CARTESIAN_POINT('',(7.886645110363,0.415054338277,18.66565568883
    ));
#4809 = CARTESIAN_POINT('',(7.7927646453,8.755641179929E-02,
    18.696329397937));
#4810 = CARTESIAN_POINT('',(7.735424410635,-0.248887144703,
    18.726994872826));
#4811 = CARTESIAN_POINT('',(7.715482741802,-0.589597253188,
    18.75765778994));
#4812 = CARTESIAN_POINT('',(7.733156246326,-0.929822611133,
    18.78832489817));
#4813 = CARTESIAN_POINT('',(7.787952280657,-1.264748765214,
    18.818999602079));
#4814 = CARTESIAN_POINT('',(7.91680844178,-1.727142212469,
    18.862648978492));
#4815 = CARTESIAN_POINT('',(7.961571423008,-1.86295254898,
    18.875638118635));
#4816 = CARTESIAN_POINT('',(8.012654449182,-1.996625257994,
    18.888627833227));
#4817 = CARTESIAN_POINT('',(8.069935977008,-2.127813790777,
    18.901617932332));
#4818 = CARTESIAN_POINT('',(8.133273426319,-2.256183253584,
    18.914608296524));
#4819 = CARTESIAN_POINT('',(8.202503180068,-2.381410407655,
    18.927598876889));
#4820 = CARTESIAN_POINT('',(8.277440584336,-2.503183669214,
    18.94058969502));
#4821 = CARTESIAN_POINT('',(8.452322185356,-2.759767357103,
    18.968833488225));
#4822 = CARTESIAN_POINT('',(8.554366125261,-2.893175339348,
    18.984088742971));
#4823 = CARTESIAN_POINT('',(8.663665478727,-3.020925694103,
    18.999343493106));
#4824 = CARTESIAN_POINT('',(8.779846569215,-3.142552945411,
    19.014595897969));
#4825 = CARTESIAN_POINT('',(8.902508332959,-3.25762750346,
    19.029845390386));
#4826 = CARTESIAN_POINT('',(9.031222318967,-3.365755664587,
    19.04509267668));
#4827 = CARTESIAN_POINT('',(9.165532689016,-3.466579611277,
    19.060339736662));
#4828 = CARTESIAN_POINT('',(9.656508112455,-3.794772637208,
    19.114042422162));
#4829 = CARTESIAN_POINT('',(10.04093569752,-3.981512509,19.152546164846)
  );
#4830 = CARTESIAN_POINT('',(10.449874587161,-4.114109802649,
    19.191032722879));
#4831 = CARTESIAN_POINT('',(10.874334258747,-4.189187996417,
    19.229500684314));
#4832 = CARTESIAN_POINT('',(11.305094871742,-4.204885934951,
    19.267963704807));
#4833 = CARTESIAN_POINT('',(11.732751920336,-4.161090040503,
    19.306440077872));
#4834 = CARTESIAN_POINT('',(12.147809587009,-4.059214989762,
    19.344942073083));
#4835 = CARTESIAN_POINT('',(12.791615462136,-3.803759771273,
    19.407931521962));
#4836 = CARTESIAN_POINT('',(13.036705726361,-3.680943669926,
    19.432768427493));
#4837 = CARTESIAN_POINT('',(13.271792118281,-3.535423899815,
    19.45774374123));
#4838 = CARTESIAN_POINT('',(13.492943909684,-3.368924344849,
    19.482712319773));
#4839 = CARTESIAN_POINT('',(13.696660335997,-3.184205372152,
    19.507519884572));
#4840 = CARTESIAN_POINT('',(13.880021286832,-2.98514026246,
    19.531980080528));
#4841 = CARTESIAN_POINT('',(14.040970746741,-2.776920918198,
    19.555840943405));
#4842 = CARTESIAN_POINT('',(14.317530332343,-2.354262535069,
    19.601777998406));
#4843 = CARTESIAN_POINT('',(14.438785312483,-2.13063303673,
    19.624834664236));
#4844 = CARTESIAN_POINT('',(14.541353829013,-1.897224329612,
    19.647889334426));
#4845 = CARTESIAN_POINT('',(14.624336001367,-1.65586726157,
    19.670941684952));
#4846 = CARTESIAN_POINT('',(14.687049562351,-1.408466802961,
    19.693993850576));
#4847 = CARTESIAN_POINT('',(14.729020851844,-1.156991946073,
    19.717047924211));
#4848 = CARTESIAN_POINT('',(14.74999995,-0.903472095575,19.74010342691)
  );
#4849 = CARTESIAN_POINT('',(14.74999995,-0.64999995,19.763154748469));
#4850 = PCURVE('',#1680,#4851);
#4851 = DEFINITIONAL_REPRESENTATION('',(#4852),#4925);
#4852 = B_SPLINE_CURVE_WITH_KNOTS('',8,(#4853,#4854,#4855,#4856,#4857,
    #4858,#4859,#4860,#4861,#4862,#4863,#4864,#4865,#4866,#4867,#4868,
    #4869,#4870,#4871,#4872,#4873,#4874,#4875,#4876,#4877,#4878,#4879,
    #4880,#4881,#4882,#4883,#4884,#4885,#4886,#4887,#4888,#4889,#4890,
    #4891,#4892,#4893,#4894,#4895,#4896,#4897,#4898,#4899,#4900,#4901,
    #4902,#4903,#4904,#4905,#4906,#4907,#4908,#4909,#4910,#4911,#4912,
    #4913,#4914,#4915,#4916,#4917,#4918,#4919,#4920,#4921,#4922,#4923,
    #4924),.UNSPECIFIED.,.F.,.F.,(9,7,7,7,7,7,7,7,7,7,9),(0.,
    0.101431598165,0.214723242343,0.316524704665,0.417626026543,
    0.539434091866,0.591033082832,0.651614418806,0.804368287953,
    0.901822666765,1.),.UNSPECIFIED.);
#4853 = CARTESIAN_POINT('',(0.162758365814,32.969082976797));
#4854 = CARTESIAN_POINT('',(0.162762190029,33.053264391238));
#4855 = CARTESIAN_POINT('',(0.162765879529,33.137470157821));
#4856 = CARTESIAN_POINT('',(0.162768926117,33.221667348387));
#4857 = CARTESIAN_POINT('',(0.162770797955,33.305851971465));
#4858 = CARTESIAN_POINT('',(0.162771173314,33.390034838231));
#4859 = CARTESIAN_POINT('',(0.162770046994,33.474227731961));
#4860 = CARTESIAN_POINT('',(0.162767709418,33.558429881));
#4861 = CARTESIAN_POINT('',(0.162761123598,33.736643033318));
#4862 = CARTESIAN_POINT('',(0.162756681767,33.830706685406));
#4863 = CARTESIAN_POINT('',(0.162751873134,33.924751927199));
#4864 = CARTESIAN_POINT('',(0.162747540342,34.018781734711));
#4865 = CARTESIAN_POINT('',(0.162744465434,34.112812167781));
#4866 = CARTESIAN_POINT('',(0.162743018451,34.20685868103));
#4867 = CARTESIAN_POINT('',(0.162743010916,34.300922488963));
#4868 = CARTESIAN_POINT('',(0.162744903034,34.479435562725));
#4869 = CARTESIAN_POINT('',(0.162746602869,34.563945636658));
#4870 = CARTESIAN_POINT('',(0.16274881659,34.648446851323));
#4871 = CARTESIAN_POINT('',(0.162750998223,34.732936694439));
#4872 = CARTESIAN_POINT('',(0.162752634688,34.817426565134));
#4873 = CARTESIAN_POINT('',(0.162753435902,34.901927719196));
#4874 = CARTESIAN_POINT('',(0.162753426541,34.986437178276));
#4875 = CARTESIAN_POINT('',(0.162752455769,35.154828971702));
#4876 = CARTESIAN_POINT('',(0.162751505921,35.238759571881));
#4877 = CARTESIAN_POINT('',(0.162750340739,35.322682614355));
#4878 = CARTESIAN_POINT('',(0.162749574695,35.406594031886));
#4879 = CARTESIAN_POINT('',(0.16274983274,35.490504367452));
#4880 = CARTESIAN_POINT('',(0.162751470602,35.574425068478));
#4881 = CARTESIAN_POINT('',(0.162754368592,35.658355187064));
#4882 = CARTESIAN_POINT('',(0.162761931767,35.843368218995));
#4883 = CARTESIAN_POINT('',(0.162766877146,35.944519313268));
#4884 = CARTESIAN_POINT('',(0.162771341779,36.045642007697));
#4885 = CARTESIAN_POINT('',(0.162773505169,36.146740498843));
#4886 = CARTESIAN_POINT('',(0.162770175906,36.247837584492));
#4887 = CARTESIAN_POINT('',(0.162760364364,36.348956781245));
#4888 = CARTESIAN_POINT('',(0.16274793573,36.450104368525));
#4889 = CARTESIAN_POINT('',(0.162733801516,36.594030443482));
#4890 = CARTESIAN_POINT('',(0.162729900253,36.636859438782));
#4891 = CARTESIAN_POINT('',(0.162726940469,36.679689123466));
#4892 = CARTESIAN_POINT('',(0.162725366085,36.722518303388));
#4893 = CARTESIAN_POINT('',(0.162725427975,36.765346263848));
#4894 = CARTESIAN_POINT('',(0.162727183971,36.80817276959));
#4895 = CARTESIAN_POINT('',(0.162730498855,36.850998064807));
#4896 = CARTESIAN_POINT('',(0.162740381163,36.944102618008));
#4897 = CARTESIAN_POINT('',(0.162748750164,36.994387086934));
#4898 = CARTESIAN_POINT('',(0.16275542956,37.044672053872));
#4899 = CARTESIAN_POINT('',(0.162757628018,37.094955021525));
#4900 = CARTESIAN_POINT('',(0.162754484686,37.145235221348));
#4901 = CARTESIAN_POINT('',(0.162747069193,37.195513613544));
#4902 = CARTESIAN_POINT('',(0.162738381643,37.245792887066));
#4903 = CARTESIAN_POINT('',(0.162720672114,37.422868374545));
#4904 = CARTESIAN_POINT('',(0.162718717626,37.549814184267));
#4905 = CARTESIAN_POINT('',(0.16274223931,37.676670743733));
#4906 = CARTESIAN_POINT('',(0.162763983446,37.803468266364));
#4907 = CARTESIAN_POINT('',(0.162772858821,37.930265963106));
#4908 = CARTESIAN_POINT('',(0.162773039978,38.057118805425));
#4909 = CARTESIAN_POINT('',(0.162768602657,38.184062030424));
#4910 = CARTESIAN_POINT('',(0.162759819809,38.391743704526));
#4911 = CARTESIAN_POINT('',(0.162755969908,38.473633630275));
#4912 = CARTESIAN_POINT('',(0.162752587197,38.555979277475));
#4913 = CARTESIAN_POINT('',(0.16275052984,38.638301023712));
#4914 = CARTESIAN_POINT('',(0.162749894198,38.720090103468));
#4915 = CARTESIAN_POINT('',(0.162750200247,38.800732735212));
#4916 = CARTESIAN_POINT('',(0.162750901495,38.879398915131));
#4917 = CARTESIAN_POINT('',(0.16275237341,39.030847290326));
#4918 = CARTESIAN_POINT('',(0.162753176096,39.106861976538));
#4919 = CARTESIAN_POINT('',(0.162753681553,39.182870463586));
#4920 = CARTESIAN_POINT('',(0.162753581442,39.258872077668));
#4921 = CARTESIAN_POINT('',(0.162752763993,39.3348739999));
#4922 = CARTESIAN_POINT('',(0.162751354364,39.410882970301));
#4923 = CARTESIAN_POINT('',(0.162749651708,39.486897027087));
#4924 = CARTESIAN_POINT('',(0.16274796294,39.56289728127));
#4925 = ( GEOMETRIC_REPRESENTATION_CONTEXT(2) 
PARAMETRIC_REPRESENTATION_CONTEXT() REPRESENTATION_CONTEXT('2D SPACE',''
  ) );
#4926 = PCURVE('',#3150,#4927);
#4927 = DEFINITIONAL_REPRESENTATION('',(#4928),#5001);
#4928 = B_SPLINE_CURVE_WITH_KNOTS('',8,(#4929,#4930,#4931,#4932,#4933,
    #4934,#4935,#4936,#4937,#4938,#4939,#4940,#4941,#4942,#4943,#4944,
    #4945,#4946,#4947,#4948,#4949,#4950,#4951,#4952,#4953,#4954,#4955,
    #4956,#4957,#4958,#4959,#4960,#4961,#4962,#4963,#4964,#4965,#4966,
    #4967,#4968,#4969,#4970,#4971,#4972,#4973,#4974,#4975,#4976,#4977,
    #4978,#4979,#4980,#4981,#4982,#4983,#4984,#4985,#4986,#4987,#4988,
    #4989,#4990,#4991,#4992,#4993,#4994,#4995,#4996,#4997,#4998,#4999,
    #5000),.UNSPECIFIED.,.F.,.F.,(9,7,7,7,7,7,7,7,7,7,9),(0.,
    0.101431598165,0.214723242343,0.316524704665,0.417626026543,
    0.539434091866,0.591033082832,0.651614418806,0.804368287953,
    0.901822666765,1.),.UNSPECIFIED.);
#4929 = CARTESIAN_POINT('',(0.,10.413159487395));
#4930 = CARTESIAN_POINT('',(8.021532451669E-02,10.438694412604));
#4931 = CARTESIAN_POINT('',(0.160454023439,10.464236671893));
#4932 = CARTESIAN_POINT('',(0.240684752087,10.489776080464));
#4933 = CARTESIAN_POINT('',(0.320903667773,10.515311221265));
#4934 = CARTESIAN_POINT('',(0.401120981754,10.54084524863));
#4935 = CARTESIAN_POINT('',(0.481347809866,10.566381734582));
#4936 = CARTESIAN_POINT('',(0.561583321844,10.591920557765));
#4937 = CARTESIAN_POINT('',(0.731400771563,10.645972630119));
#4938 = CARTESIAN_POINT('',(0.821032835353,10.674501773312));
#4939 = CARTESIAN_POINT('',(0.910647102701,10.703025190056));
#4940 = CARTESIAN_POINT('',(1.00024643569,10.731544110013));
#4941 = CARTESIAN_POINT('',(1.089846291537,10.760063707841));
#4942 = CARTESIAN_POINT('',(1.179461615711,10.788588814749));
#4943 = CARTESIAN_POINT('',(1.26909374509,10.817119725974));
#4944 = CARTESIAN_POINT('',(1.439197187966,10.871266058768));
#4945 = CARTESIAN_POINT('',(1.519726368406,10.896899846775));
#4946 = CARTESIAN_POINT('',(1.600247481248,10.922531147056));
#4947 = CARTESIAN_POINT('',(1.680758116316,10.948158985729));
#4948 = CARTESIAN_POINT('',(1.761269021314,10.973786621211));
#4949 = CARTESIAN_POINT('',(1.841790724508,10.999417354975));
#4950 = CARTESIAN_POINT('',(1.92232016525,11.025050293223));
#4951 = CARTESIAN_POINT('',(2.082780810708,11.07612558426));
#4952 = CARTESIAN_POINT('',(2.162758010909,11.101582581263));
#4953 = CARTESIAN_POINT('',(2.242727540971,11.127037202343));
#4954 = CARTESIAN_POINT('',(2.322685426216,11.152488452298));
#4955 = CARTESIAN_POINT('',(2.402641751259,11.177939771482));
#4956 = CARTESIAN_POINT('',(2.482607614044,11.203394770109));
#4957 = CARTESIAN_POINT('',(2.562582391912,11.228853114219));
#4958 = CARTESIAN_POINT('',(2.738876779213,11.284973179083));
#4959 = CARTESIAN_POINT('',(2.83526144107,11.31565568883));
#4960 = CARTESIAN_POINT('',(2.931619691182,11.346329397937));
#4961 = CARTESIAN_POINT('',(3.027955928072,11.376994872826));
#4962 = CARTESIAN_POINT('',(3.124291766061,11.40765778994));
#4963 = CARTESIAN_POINT('',(3.220648921131,11.43832489817));
#4964 = CARTESIAN_POINT('',(3.317032521847,11.468999602079));
#4965 = CARTESIAN_POINT('',(3.4541788344,11.512648978492));
#4966 = CARTESIAN_POINT('',(3.494990203806,11.525638118635));
#4967 = CARTESIAN_POINT('',(3.535802108609,11.538627833227));
#4968 = CARTESIAN_POINT('',(3.576613432072,11.551617932332));
#4969 = CARTESIAN_POINT('',(3.617423528011,11.564608296524));
#4970 = CARTESIAN_POINT('',(3.658232220798,11.577598876889));
#4971 = CARTESIAN_POINT('',(3.699039805358,11.59058969502));
#4972 = CARTESIAN_POINT('',(3.787758007832,11.618833488225));
#4973 = CARTESIAN_POINT('',(3.835673644408,11.634088742971));
#4974 = CARTESIAN_POINT('',(3.883589866486,11.649343493106));
#4975 = CARTESIAN_POINT('',(3.931504233265,11.664595897969));
#4976 = CARTESIAN_POINT('',(3.979415953554,11.679845390386));
#4977 = CARTESIAN_POINT('',(4.027325885774,11.69509267668));
#4978 = CARTESIAN_POINT('',(4.075236537954,11.710339736662));
#4979 = CARTESIAN_POINT('',(4.243969518336,11.764042422162));
#4980 = CARTESIAN_POINT('',(4.364933734327,11.802546164846));
#4981 = CARTESIAN_POINT('',(4.485813200182,11.841032722879));
#4982 = CARTESIAN_POINT('',(4.606640271672,11.879500684314));
#4983 = CARTESIAN_POINT('',(4.727467009032,11.917963704807));
#4984 = CARTESIAN_POINT('',(4.848345044769,11.956440077872));
#4985 = CARTESIAN_POINT('',(4.969307644787,11.994942073083));
#4986 = CARTESIAN_POINT('',(5.167203385942,12.057931521962));
#4987 = CARTESIAN_POINT('',(5.245234290982,12.082768427493));
#4988 = CARTESIAN_POINT('',(5.323699191414,12.10774374123));
#4989 = CARTESIAN_POINT('',(5.402141338333,12.132712319773));
#4990 = CARTESIAN_POINT('',(5.480076234455,12.157519884572));
#4991 = CARTESIAN_POINT('',(5.556919182987,12.181980080528));
#4992 = CARTESIAN_POINT('',(5.631879253306,12.205840943405));
#4993 = CARTESIAN_POINT('',(5.776193341949,12.251777998406));
#4994 = CARTESIAN_POINT('',(5.848627581895,12.274834664236));
#4995 = CARTESIAN_POINT('',(5.921056259856,12.297889334426));
#4996 = CARTESIAN_POINT('',(5.993478613888,12.320941684952));
#4997 = CARTESIAN_POINT('',(6.065901331697,12.343993850576));
#4998 = CARTESIAN_POINT('',(6.138330685757,12.367047924211));
#4999 = CARTESIAN_POINT('',(6.210764694158,12.39010342691));
#5000 = CARTESIAN_POINT('',(6.28318530718,12.413154748469));
#5001 = ( GEOMETRIC_REPRESENTATION_CONTEXT(2) 
PARAMETRIC_REPRESENTATION_CONTEXT() REPRESENTATION_CONTEXT('2D SPACE',''
  ) );
#5002 = ORIENTED_EDGE('',*,*,#5003,.F.);
#5003 = EDGE_CURVE('',#5004,#4774,#5006,.T.);
#5004 = VERTEX_POINT('',#5005);
#5005 = CARTESIAN_POINT('',(14.74999995,-0.64999995,15.763159508395));
#5006 = SURFACE_CURVE('',#5007,(#5070,#5136),.PCURVE_S1.);
#5007 = B_SPLINE_CURVE_WITH_KNOTS('',7,(#5008,#5009,#5010,#5011,#5012,
    #5013,#5014,#5015,#5016,#5017,#5018,#5019,#5020,#5021,#5022,#5023,
    #5024,#5025,#5026,#5027,#5028,#5029,#5030,#5031,#5032,#5033,#5034,
    #5035,#5036,#5037,#5038,#5039,#5040,#5041,#5042,#5043,#5044,#5045,
    #5046,#5047,#5048,#5049,#5050,#5051,#5052,#5053,#5054,#5055,#5056,
    #5057,#5058,#5059,#5060,#5061,#5062,#5063,#5064,#5065,#5066,#5067,
    #5068,#5069),.UNSPECIFIED.,.F.,.F.,(8,6,6,6,6,6,6,6,6,6,8),(0.,
    9.474587939054E-02,0.209509899502,0.33416208203,0.461393753021,
    0.505569432578,0.56766915831,0.683023430108,0.81288092732,
    0.893060907937,1.),.UNSPECIFIED.);
#5008 = CARTESIAN_POINT('',(14.74999995,-0.64999995,15.763159508395));
#5009 = CARTESIAN_POINT('',(14.74999995,-0.352379378803,15.790225360484)
  );
#5010 = CARTESIAN_POINT('',(14.72047373813,-5.468849117972E-02,
    15.817297492495));
#5011 = CARTESIAN_POINT('',(14.661397740754,0.239439670776,
    15.844366095196));
#5012 = CARTESIAN_POINT('',(14.573334520478,0.526514976274,
    15.871432709085));
#5013 = CARTESIAN_POINT('',(14.457314015287,0.803176600377,
    15.898502443633));
#5014 = CARTESIAN_POINT('',(14.314828939484,1.066215146652,
    15.925576191623));
#5015 = CARTESIAN_POINT('',(13.945799969099,1.611109086294,
    15.985428192825));
#5016 = CARTESIAN_POINT('',(13.707691772634,1.885440858476,
    16.018229648075));
#5017 = CARTESIAN_POINT('',(13.43723541063,2.130160617164,
    16.051018965903));
#5018 = CARTESIAN_POINT('',(13.13893905208,2.340852034456,
    16.083803744006));
#5019 = CARTESIAN_POINT('',(12.817884426214,2.513928355315,
    16.116591520688));
#5020 = CARTESIAN_POINT('',(12.479735781605,2.646620522009,
    16.14939119482));
#5021 = CARTESIAN_POINT('',(11.751891043173,2.835888918323,
    16.217785743976));
#5022 = CARTESIAN_POINT('',(11.359842949371,2.885030938674,
    16.253417536882));
#5023 = CARTESIAN_POINT('',(10.962853639821,2.882542721753,
    16.289031165686));
#5024 = CARTESIAN_POINT('',(10.569013089984,2.828156248288,
    16.324641171149));
#5025 = CARTESIAN_POINT('',(10.186203580797,2.722959321444,
    16.360258074777));
#5026 = CARTESIAN_POINT('',(9.822143354354,2.569400394265,
    16.395893630177));
#5027 = CARTESIAN_POINT('',(9.139028175462,2.170198982024,
    16.467853054404));
#5028 = CARTESIAN_POINT('',(8.820610308089,1.922453499795,
    16.504223358924));
#5029 = CARTESIAN_POINT('',(8.536657144804,1.633046669028,
    16.540570188395));
#5030 = CARTESIAN_POINT('',(8.293434843794,1.307876025831,
    16.576908788866));
#5031 = CARTESIAN_POINT('',(8.096021301292,0.953715479923,
    16.613251945598));
#5032 = CARTESIAN_POINT('',(7.948320329976,0.578260122672,
    16.649623145585));
#5033 = CARTESIAN_POINT('',(7.819057555006,5.561173347985E-02,
    16.698592511976));
#5034 = CARTESIAN_POINT('',(7.791973052287,-8.063026008134E-02,
    16.711213950453));
#5035 = CARTESIAN_POINT('',(7.771203930484,-0.218070215383,
    16.723835679446));
#5036 = CARTESIAN_POINT('',(7.756812075483,-0.356357092071,
    16.736458406962));
#5037 = CARTESIAN_POINT('',(7.748835477901,-0.49513447697,
    16.749081131305));
#5038 = CARTESIAN_POINT('',(7.747286982791,-0.634040900914,
    16.761701484253));
#5039 = CARTESIAN_POINT('',(7.758990308461,-0.967643668108,
    16.792057047308));
#5040 = CARTESIAN_POINT('',(7.778503726421,-1.162151930825,
    16.80979424239));
#5041 = CARTESIAN_POINT('',(7.810661264577,-1.355230751632,
    16.827532443555));
#5042 = CARTESIAN_POINT('',(7.855330506795,-1.54589388756,
    16.845272463404));
#5043 = CARTESIAN_POINT('',(7.912286344199,-1.733173157164,
    16.863014512256));
#5044 = CARTESIAN_POINT('',(7.981209973659,-1.916120959318,
    16.880757787428));
#5045 = CARTESIAN_POINT('',(8.211152253626,-2.423893720898,
    16.931456287033));
#5046 = CARTESIAN_POINT('',(8.400569275523,-2.736082952782,
    16.964431846643));
#5047 = CARTESIAN_POINT('',(8.62724912184,-3.024285090467,
    16.997394785429));
#5048 = CARTESIAN_POINT('',(8.88742966671,-3.283305548922,
    17.030349878579));
#5049 = CARTESIAN_POINT('',(9.176628626427,-3.508689202306,
    17.063306231133));
#5050 = CARTESIAN_POINT('',(9.489641631255,-3.69670837936,
    17.096273598624));
#5051 = CARTESIAN_POINT('',(10.192703062395,-4.011325115763,
    17.166321150335));
#5052 = CARTESIAN_POINT('',(10.587967823522,-4.127441624466,
    17.203444993435));
#5053 = CARTESIAN_POINT('',(10.997447569393,-4.188998983193,
    17.240546022117));
#5054 = CARTESIAN_POINT('',(11.412131475156,-4.194290159861,
    17.277641979284));
#5055 = CARTESIAN_POINT('',(11.823033719196,-4.14320594334,
    17.31474342445));
#5056 = CARTESIAN_POINT('',(12.221118690833,-4.03722880299,
    17.351867714564));
#5057 = CARTESIAN_POINT('',(12.830027713798,-3.783200716878,
    17.411870675725));
#5058 = CARTESIAN_POINT('',(13.054327870262,-3.66671469054,
    17.434775579685));
#5059 = CARTESIAN_POINT('',(13.268505261127,-3.531542117137,
    17.457678774824));
#5060 = CARTESIAN_POINT('',(13.470725238259,-3.378746799651,
    17.480582341706));
#5061 = CARTESIAN_POINT('',(13.65928376082,-3.209603062067,
    17.503488756242));
#5062 = CARTESIAN_POINT('',(13.832623736369,-3.025601229873,
    17.526397551085));
#5063 = CARTESIAN_POINT('',(14.198450968016,-2.565584530004,
    17.579848966524));
#5064 = CARTESIAN_POINT('',(14.378140671565,-2.279205630545,
    17.61040475073));
#5065 = CARTESIAN_POINT('',(14.52516149171,-1.973431067031,
    17.640953392568));
#5066 = CARTESIAN_POINT('',(14.63713589326,-1.652738571974,
    17.671498744741));
#5067 = CARTESIAN_POINT('',(14.712394320307,-1.321887080201,
    17.70205056611));
#5068 = CARTESIAN_POINT('',(14.74999995,-0.985879146186,17.732610817459)
  );
#5069 = CARTESIAN_POINT('',(14.74999995,-0.64999995,17.763159487395));
#5070 = PCURVE('',#1680,#5071);
#5071 = DEFINITIONAL_REPRESENTATION('',(#5072),#5135);
#5072 = B_SPLINE_CURVE_WITH_KNOTS('',7,(#5073,#5074,#5075,#5076,#5077,
    #5078,#5079,#5080,#5081,#5082,#5083,#5084,#5085,#5086,#5087,#5088,
    #5089,#5090,#5091,#5092,#5093,#5094,#5095,#5096,#5097,#5098,#5099,
    #5100,#5101,#5102,#5103,#5104,#5105,#5106,#5107,#5108,#5109,#5110,
    #5111,#5112,#5113,#5114,#5115,#5116,#5117,#5118,#5119,#5120,#5121,
    #5122,#5123,#5124,#5125,#5126,#5127,#5128,#5129,#5130,#5131,#5132,
    #5133,#5134),.UNSPECIFIED.,.F.,.F.,(8,6,6,6,6,6,6,6,6,6,8),(0.,
    9.474587939054E-02,0.209509899502,0.33416208203,0.461393753021,
    0.505569432578,0.56766915831,0.683023430108,0.81288092732,
    0.893060907937,1.),.UNSPECIFIED.);
#5073 = CARTESIAN_POINT('',(0.162758235788,26.375266593434));
#5074 = CARTESIAN_POINT('',(0.162754180291,26.46450541465));
#5075 = CARTESIAN_POINT('',(0.162749988579,26.553765114466));
#5076 = CARTESIAN_POINT('',(0.162746308749,26.643012523573));
#5077 = CARTESIAN_POINT('',(0.162743828105,26.732251841522));
#5078 = CARTESIAN_POINT('',(0.162742837416,26.821499541767));
#5079 = CARTESIAN_POINT('',(0.162743136049,26.910758824419));
#5080 = CARTESIAN_POINT('',(0.162745661228,27.10808215383));
#5081 = CARTESIAN_POINT('',(0.162748283405,27.216222189421));
#5082 = CARTESIAN_POINT('',(0.16275137251,27.324321611662));
#5083 = CARTESIAN_POINT('',(0.162753621705,27.432407141414));
#5084 = CARTESIAN_POINT('',(0.162753996975,27.540504954692));
#5085 = CARTESIAN_POINT('',(0.162753150589,27.648643555744));
#5086 = CARTESIAN_POINT('',(0.162750942444,27.874136938256));
#5087 = CARTESIAN_POINT('',(0.16274954626,27.991613478633));
#5088 = CARTESIAN_POINT('',(0.162749195131,28.109028796595));
#5089 = CARTESIAN_POINT('',(0.162751849538,28.226428323488));
#5090 = CARTESIAN_POINT('',(0.162758431543,28.34384556807));
#5091 = CARTESIAN_POINT('',(0.162764756722,28.46132463441));
#5092 = CARTESIAN_POINT('',(0.16277090194,28.698560395955));
#5093 = CARTESIAN_POINT('',(0.162770588741,28.81847035585));
#5094 = CARTESIAN_POINT('',(0.162763499128,28.938311590308));
#5095 = CARTESIAN_POINT('',(0.162747578205,29.058136993292));
#5096 = CARTESIAN_POINT('',(0.162725521744,29.177985267491));
#5097 = CARTESIAN_POINT('',(0.162721618017,29.297902773294));
#5098 = CARTESIAN_POINT('',(0.16273277336,29.459336012229));
#5099 = CARTESIAN_POINT('',(0.162737433804,29.500941775104));
#5100 = CARTESIAN_POINT('',(0.162742092147,29.542548498477));
#5101 = CARTESIAN_POINT('',(0.162748852183,29.584155825009));
#5102 = CARTESIAN_POINT('',(0.162755147376,29.625763735788));
#5103 = CARTESIAN_POINT('',(0.162755326454,29.667371653169));
#5104 = CARTESIAN_POINT('',(0.162748253194,29.767460210708));
#5105 = CARTESIAN_POINT('',(0.162738626443,29.825950432948));
#5106 = CARTESIAN_POINT('',(0.162730160945,29.88444248646));
#5107 = CARTESIAN_POINT('',(0.162725305539,29.942935917268));
#5108 = CARTESIAN_POINT('',(0.162724225296,30.00143120759));
#5109 = CARTESIAN_POINT('',(0.162726135459,30.059926715089));
#5110 = CARTESIAN_POINT('',(0.162737313012,30.227060719238));
#5111 = CARTESIAN_POINT('',(0.162751492253,30.335759974943));
#5112 = CARTESIAN_POINT('',(0.162766103522,30.444417068253));
#5113 = CARTESIAN_POINT('',(0.162772071492,30.553059353332));
#5114 = CARTESIAN_POINT('',(0.162771910513,30.661713631869));
#5115 = CARTESIAN_POINT('',(0.162768322176,30.77040861057));
#5116 = CARTESIAN_POINT('',(0.162758745249,31.001361218481));
#5117 = CARTESIAN_POINT('',(0.162752488337,31.123763130307));
#5118 = CARTESIAN_POINT('',(0.162748478902,31.246086949695));
#5119 = CARTESIAN_POINT('',(0.162749144548,31.368388067503));
#5120 = CARTESIAN_POINT('',(0.162751244736,31.490705443404));
#5121 = CARTESIAN_POINT('',(0.162752814788,31.613098815258));
#5122 = CARTESIAN_POINT('',(0.162753308146,31.810922445303));
#5123 = CARTESIAN_POINT('',(0.162753016802,31.88643818624));
#5124 = CARTESIAN_POINT('',(0.162752073534,31.961949127416));
#5125 = CARTESIAN_POINT('',(0.162750527974,32.037462064757));
#5126 = CARTESIAN_POINT('',(0.162748658528,32.112984804932));
#5127 = CARTESIAN_POINT('',(0.162746867646,32.188515292247));
#5128 = CARTESIAN_POINT('',(0.162743595332,32.364743894525));
#5129 = CARTESIAN_POINT('',(0.162742417318,32.465485020516));
#5130 = CARTESIAN_POINT('',(0.162742693539,32.56620073824));
#5131 = CARTESIAN_POINT('',(0.162744985422,32.666903031425));
#5132 = CARTESIAN_POINT('',(0.162749021283,32.767624421726));
#5133 = CARTESIAN_POINT('',(0.16275379072,32.868372666368));
#5134 = CARTESIAN_POINT('',(0.162758365814,32.969082976797));
#5135 = ( GEOMETRIC_REPRESENTATION_CONTEXT(2) 
PARAMETRIC_REPRESENTATION_CONTEXT() REPRESENTATION_CONTEXT('2D SPACE',''
  ) );
#5136 = PCURVE('',#2922,#5137);
#5137 = DEFINITIONAL_REPRESENTATION('',(#5138),#5201);
#5138 = B_SPLINE_CURVE_WITH_KNOTS('',7,(#5139,#5140,#5141,#5142,#5143,
    #5144,#5145,#5146,#5147,#5148,#5149,#5150,#5151,#5152,#5153,#5154,
    #5155,#5156,#5157,#5158,#5159,#5160,#5161,#5162,#5163,#5164,#5165,
    #5166,#5167,#5168,#5169,#5170,#5171,#5172,#5173,#5174,#5175,#5176,
    #5177,#5178,#5179,#5180,#5181,#5182,#5183,#5184,#5185,#5186,#5187,
    #5188,#5189,#5190,#5191,#5192,#5193,#5194,#5195,#5196,#5197,#5198,
    #5199,#5200),.UNSPECIFIED.,.F.,.F.,(8,6,6,6,6,6,6,6,6,6,8),(0.,
    9.474587939054E-02,0.209509899502,0.33416208203,0.461393753021,
    0.505569432578,0.56766915831,0.683023430108,0.81288092732,
    0.893060907937,1.),.UNSPECIFIED.);
#5139 = CARTESIAN_POINT('',(0.,8.413159508395));
#5140 = CARTESIAN_POINT('',(8.503444891337E-02,8.440225360484));
#5141 = CARTESIAN_POINT('',(0.170088598013,8.467297492495));
#5142 = CARTESIAN_POINT('',(0.255130871935,8.494366095196));
#5143 = CARTESIAN_POINT('',(0.340165405996,8.521432709085));
#5144 = CARTESIAN_POINT('',(0.425208086638,8.548502443633));
#5145 = CARTESIAN_POINT('',(0.510262132443,8.575576191623));
#5146 = CARTESIAN_POINT('',(0.698289873871,8.635428192825));
#5147 = CARTESIAN_POINT('',(0.801336155559,8.668229648075));
#5148 = CARTESIAN_POINT('',(0.904344375949,8.701018965903));
#5149 = CARTESIAN_POINT('',(1.007339885083,8.733803744006));
#5150 = CARTESIAN_POINT('',(1.110347094526,8.766591520688));
#5151 = CARTESIAN_POINT('',(1.213392637299,8.79939119482));
#5152 = CARTESIAN_POINT('',(1.42826431027,8.867785743976));
#5153 = CARTESIAN_POINT('',(1.540206328075,8.903417536882));
#5154 = CARTESIAN_POINT('',(1.652088888604,8.939031165686));
#5155 = CARTESIAN_POINT('',(1.763955357089,8.974641171149));
#5156 = CARTESIAN_POINT('',(1.875838786364,9.010258074777));
#5157 = CARTESIAN_POINT('',(1.987782126058,9.045893630177));
#5158 = CARTESIAN_POINT('',(2.213841196389,9.117853054404));
#5159 = CARTESIAN_POINT('',(2.328103039721,9.154223358924));
#5160 = CARTESIAN_POINT('',(2.442300398643,9.190570188395));
#5161 = CARTESIAN_POINT('',(2.556483449857,9.226908788866));
#5162 = CARTESIAN_POINT('',(2.670685753258,9.263251945598));
#5163 = CARTESIAN_POINT('',(2.784952953757,9.299623145585));
#5164 = CARTESIAN_POINT('',(2.938780369301,9.348592511976));
#5165 = CARTESIAN_POINT('',(2.978426004162,9.361213950453));
#5166 = CARTESIAN_POINT('',(3.018072470606,9.373835679446));
#5167 = CARTESIAN_POINT('',(3.057719925472,9.386458406962));
#5168 = CARTESIAN_POINT('',(3.097368102504,9.399081131305));
#5169 = CARTESIAN_POINT('',(3.137015739001,9.411701484253));
#5170 = CARTESIAN_POINT('',(3.232389450396,9.442057047308));
#5171 = CARTESIAN_POINT('',(3.288124523961,9.45979424239));
#5172 = CARTESIAN_POINT('',(3.343860888391,9.477532443555));
#5173 = CARTESIAN_POINT('',(3.399598291733,9.495272463404));
#5174 = CARTESIAN_POINT('',(3.455337479554,9.513014512256));
#5175 = CARTESIAN_POINT('',(3.511077007047,9.530757787428));
#5176 = CARTESIAN_POINT('',(3.670337191938,9.581456287033));
#5177 = CARTESIAN_POINT('',(3.773916239432,9.614431846643));
#5178 = CARTESIAN_POINT('',(3.877456264405,9.647394785429));
#5179 = CARTESIAN_POINT('',(3.980982339952,9.680349878579));
#5180 = CARTESIAN_POINT('',(4.084518705602,9.713306231133));
#5181 = CARTESIAN_POINT('',(4.188092806163,9.746273598624));
#5182 = CARTESIAN_POINT('',(4.408163122715,9.816321150335));
#5183 = CARTESIAN_POINT('',(4.524796637365,9.853444993435));
#5184 = CARTESIAN_POINT('',(4.641355286742,9.890546022117));
#5185 = CARTESIAN_POINT('',(4.757893141213,9.927641979284));
#5186 = CARTESIAN_POINT('',(4.87444800213,9.96474342445));
#5187 = CARTESIAN_POINT('',(4.991076366183,10.001867714564));
#5188 = CARTESIAN_POINT('',(5.179582949575,10.061870675725));
#5189 = CARTESIAN_POINT('',(5.251542280014,10.084775579685));
#5190 = CARTESIAN_POINT('',(5.323497118447,10.107678774824));
#5191 = CARTESIAN_POINT('',(5.395453776073,10.130582341706));
#5192 = CARTESIAN_POINT('',(5.467419560938,10.153488756242));
#5193 = CARTESIAN_POINT('',(5.53939245008,10.176397551085));
#5194 = CARTESIAN_POINT('',(5.70731977342,10.229848966524));
#5195 = CARTESIAN_POINT('',(5.80331497774,10.26040475073));
#5196 = CARTESIAN_POINT('',(5.899285458407,10.290953392568));
#5197 = CARTESIAN_POINT('',(5.995242852895,10.321498744741));
#5198 = CARTESIAN_POINT('',(6.091218438003,10.35205056611));
#5199 = CARTESIAN_POINT('',(6.187219822555,10.382610817459));
#5200 = CARTESIAN_POINT('',(6.28318530718,10.413159487395));
#5201 = ( GEOMETRIC_REPRESENTATION_CONTEXT(2) 
PARAMETRIC_REPRESENTATION_CONTEXT() REPRESENTATION_CONTEXT('2D SPACE',''
  ) );
#5202 = ORIENTED_EDGE('',*,*,#5203,.F.);
#5203 = EDGE_CURVE('',#5204,#5004,#5206,.T.);
#5204 = VERTEX_POINT('',#5205);
#5205 = CARTESIAN_POINT('',(14.74999995,-0.64999995,13.76315626653));
#5206 = SURFACE_CURVE('',#5207,(#5280,#5356),.PCURVE_S1.);
#5207 = B_SPLINE_CURVE_WITH_KNOTS('',8,(#5208,#5209,#5210,#5211,#5212,
    #5213,#5214,#5215,#5216,#5217,#5218,#5219,#5220,#5221,#5222,#5223,
    #5224,#5225,#5226,#5227,#5228,#5229,#5230,#5231,#5232,#5233,#5234,
    #5235,#5236,#5237,#5238,#5239,#5240,#5241,#5242,#5243,#5244,#5245,
    #5246,#5247,#5248,#5249,#5250,#5251,#5252,#5253,#5254,#5255,#5256,
    #5257,#5258,#5259,#5260,#5261,#5262,#5263,#5264,#5265,#5266,#5267,
    #5268,#5269,#5270,#5271,#5272,#5273,#5274,#5275,#5276,#5277,#5278,
    #5279),.UNSPECIFIED.,.F.,.F.,(9,7,7,7,7,7,7,7,7,7,9),(0.,
    9.746105711271E-02,0.236818715499,0.342926558813,0.39260703509,
    0.451049524476,0.545180739195,0.642048292587,0.720347649182,
    0.83805277424,1.),.UNSPECIFIED.);
#5208 = CARTESIAN_POINT('',(14.74999995,-0.64999995,13.76315626653));
#5209 = CARTESIAN_POINT('',(14.74999995,-0.393607941332,13.786474450693)
  );
#5210 = CARTESIAN_POINT('',(14.728534647505,-0.137144155227,
    13.809799000708));
#5211 = CARTESIAN_POINT('',(14.685584153913,0.117203836357,
    13.833121917039));
#5212 = CARTESIAN_POINT('',(14.621413030682,0.367324434332,
    13.856441545942));
#5213 = CARTESIAN_POINT('',(14.536523003906,0.611178124308,
    13.879759695621));
#5214 = CARTESIAN_POINT('',(14.431631830465,0.84680004947,13.90307889393
    ));
#5215 = CARTESIAN_POINT('',(14.307678315754,1.072309044515,
    13.926399787632));
#5216 = CARTESIAN_POINT('',(13.963060929926,1.591365732272,
    13.983061915669));
#5217 = CARTESIAN_POINT('',(13.723559433094,1.872744770986,
    14.016428834009));
#5218 = CARTESIAN_POINT('',(13.45087445594,2.124556732363,
    14.049783362126));
#5219 = CARTESIAN_POINT('',(13.149377826309,2.342363512213,
    14.083129534272));
#5220 = CARTESIAN_POINT('',(12.82395930708,2.522486944576,
    14.116477128141));
#5221 = CARTESIAN_POINT('',(12.480028490474,2.662065149855,
    14.149834549473));
#5222 = CARTESIAN_POINT('',(12.123465846725,2.759028556334,
    14.183203684668));
#5223 = CARTESIAN_POINT('',(11.484593530797,2.853269004196,
    14.241934455242));
#5224 = CARTESIAN_POINT('',(11.193879390821,2.870432211758,
    14.268316900555));
#5225 = CARTESIAN_POINT('',(10.896151501769,2.859371946549,
    14.295200685794));
#5226 = CARTESIAN_POINT('',(10.597909303904,2.818573938236,
    14.322307425633));
#5227 = CARTESIAN_POINT('',(10.304608055132,2.748361849587,
    14.349467839202));
#5228 = CARTESIAN_POINT('',(10.020664452615,2.650133498516,
    14.376575932326));
#5229 = CARTESIAN_POINT('',(9.749507127453,2.525843281334,
    14.403578672983));
#5230 = CARTESIAN_POINT('',(9.373931371933,2.307962064349,
    14.443070288177));
#5231 = CARTESIAN_POINT('',(9.257299929119,2.233063758832,
    14.455665002262));
#5232 = CARTESIAN_POINT('',(9.144095240535,2.152915238296,
    14.468260351315));
#5233 = CARTESIAN_POINT('',(9.034592761708,2.067700016826,
    14.480855934653));
#5234 = CARTESIAN_POINT('',(8.92905530534,1.977618766411,14.493451260105
    ));
#5235 = CARTESIAN_POINT('',(8.827733041306,1.882889316943,14.50604574402
    ));
#5236 = CARTESIAN_POINT('',(8.730863496657,1.783746656221,
    14.518638711264));
#5237 = CARTESIAN_POINT('',(8.5302199678,1.558919800965,14.546040664525)
  );
#5238 = CARTESIAN_POINT('',(8.428225072042,1.431620482352,
    14.560851726343));
#5239 = CARTESIAN_POINT('',(8.333051558888,1.298953431702,
    14.575663256483));
#5240 = CARTESIAN_POINT('',(8.245029300224,1.161347969061,14.59047565788
    ));
#5241 = CARTESIAN_POINT('',(8.164453349276,1.019254276934,
    14.605289060597));
#5242 = CARTESIAN_POINT('',(8.091583940612,0.873143400276,
    14.620103321825));
#5243 = CARTESIAN_POINT('',(8.026646490143,0.7235072465,14.634918025882)
  );
#5244 = CARTESIAN_POINT('',(7.878321888073,0.32499287991,14.673593599178
    ));
#5245 = CARTESIAN_POINT('',(7.807857455062,7.124373610607E-02,
    14.697460165443));
#5246 = CARTESIAN_POINT('',(7.759259173435,-0.188220924993,
    14.721325049637));
#5247 = CARTESIAN_POINT('',(7.733041277388,-0.451197027078,
    14.745186954561));
#5248 = CARTESIAN_POINT('',(7.729455627192,-0.71545478072,
    14.769047849639));
#5249 = CARTESIAN_POINT('',(7.748505207812,-0.978748071934,
    14.792910092311));
#5250 = CARTESIAN_POINT('',(7.789926856914,-1.238822797076,
    14.816773240387));
#5251 = CARTESIAN_POINT('',(7.918197249893,-1.755426601458,
    14.865181388336));
#5252 = CARTESIAN_POINT('',(8.006362324989,-2.011756734943,
    14.889737450634));
#5253 = CARTESIAN_POINT('',(8.117044800641,-2.25994686636,
    14.914291394745));
#5254 = CARTESIAN_POINT('',(8.24934006647,-2.497696443601,
    14.938842804168));
#5255 = CARTESIAN_POINT('',(8.402085421007,-2.722852503266,
    14.963394597039));
#5256 = CARTESIAN_POINT('',(8.573881677998,-2.93340889051,
    14.987949542212));
#5257 = CARTESIAN_POINT('',(8.763083506642,-3.127524236096,
    15.012506887776));
#5258 = CARTESIAN_POINT('',(9.13320008218,-3.445849726678,
    15.056904989623));
#5259 = CARTESIAN_POINT('',(9.308810005865,-3.576377814645,
    15.076754462611));
#5260 = CARTESIAN_POINT('',(9.493585594087,-3.694268050062,
    15.096604087323));
#5261 = CARTESIAN_POINT('',(9.686453393516,-3.798773676022,
    15.116452973754));
#5262 = CARTESIAN_POINT('',(9.886279983856,-3.889263076261,
    15.136301582669));
#5263 = CARTESIAN_POINT('',(10.091877816388,-3.965216118887,
    15.156150511068));
#5264 = CARTESIAN_POINT('',(10.302006087429,-4.026229850786,
    15.175999255974));
#5265 = CARTESIAN_POINT('',(10.836105314262,-4.140888888661,
    15.225678415874));
#5266 = CARTESIAN_POINT('',(11.164376154602,-4.175420659666,
    15.255526125963));
#5267 = CARTESIAN_POINT('',(11.495666901865,-4.174602390838,
    15.285366792983));
#5268 = CARTESIAN_POINT('',(11.825520491006,-4.13822423094,
    15.31520145415));
#5269 = CARTESIAN_POINT('',(12.149571694057,-4.066712941816,
    15.345036270888));
#5270 = CARTESIAN_POINT('',(12.46355414044,-3.961071026218,
    15.374877429207));
#5271 = CARTESIAN_POINT('',(12.763324393656,-3.822926999126,
    15.404726227552));
#5272 = CARTESIAN_POINT('',(13.432430303846,-3.423214557309,
    15.47561324125));
#5273 = CARTESIAN_POINT('',(13.78645314792,-3.134239577999,
    15.516734405358));
#5274 = CARTESIAN_POINT('',(14.095945142492,-2.793925085495,
    15.557815182707));
#5275 = CARTESIAN_POINT('',(14.352681260471,-2.410620082573,
    15.598871780639));
#5276 = CARTESIAN_POINT('',(14.550058636281,-1.993646480068,
    15.639925348917));
#5277 = CARTESIAN_POINT('',(14.683478040564,-1.553448673784,
    15.680999373679));
#5278 = CARTESIAN_POINT('',(14.74999995,-1.101355417424,15.722112882243)
  );
#5279 = CARTESIAN_POINT('',(14.74999995,-0.64999995,15.763159508395));
#5280 = PCURVE('',#1680,#5281);
#5281 = DEFINITIONAL_REPRESENTATION('',(#5282),#5355);
#5282 = B_SPLINE_CURVE_WITH_KNOTS('',8,(#5283,#5284,#5285,#5286,#5287,
    #5288,#5289,#5290,#5291,#5292,#5293,#5294,#5295,#5296,#5297,#5298,
    #5299,#5300,#5301,#5302,#5303,#5304,#5305,#5306,#5307,#5308,#5309,
    #5310,#5311,#5312,#5313,#5314,#5315,#5316,#5317,#5318,#5319,#5320,
    #5321,#5322,#5323,#5324,#5325,#5326,#5327,#5328,#5329,#5330,#5331,
    #5332,#5333,#5334,#5335,#5336,#5337,#5338,#5339,#5340,#5341,#5342,
    #5343,#5344,#5345,#5346,#5347,#5348,#5349,#5350,#5351,#5352,#5353,
    #5354),.UNSPECIFIED.,.F.,.F.,(9,7,7,7,7,7,7,7,7,7,9),(0.,
    9.746105711271E-02,0.236818715499,0.342926558813,0.39260703509,
    0.451049524476,0.545180739195,0.642048292587,0.720347649182,
    0.83805277424,1.),.UNSPECIFIED.);
#5283 = CARTESIAN_POINT('',(0.162748076103,19.781452284548));
#5284 = CARTESIAN_POINT('',(0.162749785639,19.858328012514));
#5285 = CARTESIAN_POINT('',(0.162751497986,19.935224724514));
#5286 = CARTESIAN_POINT('',(0.162752895713,20.012116452928));
#5287 = CARTESIAN_POINT('',(0.162753671713,20.088998138426));
#5288 = CARTESIAN_POINT('',(0.162753705505,20.165875896634));
#5289 = CARTESIAN_POINT('',(0.162753127593,20.242757894684));
#5290 = CARTESIAN_POINT('',(0.162752271907,20.319645837669));
#5291 = CARTESIAN_POINT('',(0.162750435879,20.506458027421));
#5292 = CARTESIAN_POINT('',(0.162749554498,20.616466825389));
#5293 = CARTESIAN_POINT('',(0.162749989847,20.726433089315));
#5294 = CARTESIAN_POINT('',(0.162752914736,20.836368619277));
#5295 = CARTESIAN_POINT('',(0.162758987533,20.946304809137));
#5296 = CARTESIAN_POINT('',(0.162765791234,21.056272464121));
#5297 = CARTESIAN_POINT('',(0.162769678368,21.166282470061));
#5298 = CARTESIAN_POINT('',(0.162768734764,21.359913642821));
#5299 = CARTESIAN_POINT('',(0.162765733474,21.446897985819));
#5300 = CARTESIAN_POINT('',(0.162759180986,21.53553974395));
#5301 = CARTESIAN_POINT('',(0.162748569614,21.624921755863));
#5302 = CARTESIAN_POINT('',(0.1627357637,21.714483532811));
#5303 = CARTESIAN_POINT('',(0.162725683941,21.803869326197));
#5304 = CARTESIAN_POINT('',(0.162723836326,21.892897250044));
#5305 = CARTESIAN_POINT('',(0.162731076819,22.023088220916));
#5306 = CARTESIAN_POINT('',(0.162735569435,22.064606090639));
#5307 = CARTESIAN_POINT('',(0.162741196957,22.106124601814));
#5308 = CARTESIAN_POINT('',(0.162746922152,22.147643760435));
#5309 = CARTESIAN_POINT('',(0.162751719295,22.189163256169));
#5310 = CARTESIAN_POINT('',(0.162754574165,22.230682462353));
#5311 = CARTESIAN_POINT('',(0.162754484045,22.272200435998));
#5312 = CARTESIAN_POINT('',(0.162745721295,22.362553374385));
#5313 = CARTESIAN_POINT('',(0.162738820126,22.411392916467));
#5314 = CARTESIAN_POINT('',(0.162732030036,22.460233860446));
#5315 = CARTESIAN_POINT('',(0.162726925749,22.509075520073));
#5316 = CARTESIAN_POINT('',(0.162724380899,22.557917206436));
#5317 = CARTESIAN_POINT('',(0.162724568027,22.606758227958));
#5318 = CARTESIAN_POINT('',(0.162726958585,22.655597890397));
#5319 = CARTESIAN_POINT('',(0.162735741761,22.783096472241));
#5320 = CARTESIAN_POINT('',(0.162744653851,22.861770950836));
#5321 = CARTESIAN_POINT('',(0.162754592003,22.940438571074));
#5322 = CARTESIAN_POINT('',(0.162762949532,23.019098391172));
#5323 = CARTESIAN_POINT('',(0.162768186525,23.097758874274));
#5324 = CARTESIAN_POINT('',(0.1627702158,23.176427904185));
#5325 = CARTESIAN_POINT('',(0.16276996856,23.255102831681));
#5326 = CARTESIAN_POINT('',(0.162766257771,23.414704804443));
#5327 = CARTESIAN_POINT('',(0.162762732911,23.495668399947));
#5328 = CARTESIAN_POINT('',(0.162758511891,23.576625902647));
#5329 = CARTESIAN_POINT('',(0.16275470601,23.65757451759));
#5330 = CARTESIAN_POINT('',(0.162752054403,23.738522919959));
#5331 = CARTESIAN_POINT('',(0.162750710899,23.819480041603));
#5332 = CARTESIAN_POINT('',(0.162750354477,23.900443814254));
#5333 = CARTESIAN_POINT('',(0.162750840609,24.046819663208));
#5334 = CARTESIAN_POINT('',(0.162751461407,24.112260761395));
#5335 = CARTESIAN_POINT('',(0.162752280811,24.177702105714));
#5336 = CARTESIAN_POINT('',(0.162753026761,24.243141109961));
#5337 = CARTESIAN_POINT('',(0.162753465506,24.308579592298));
#5338 = CARTESIAN_POINT('',(0.162753463588,24.374019691723));
#5339 = CARTESIAN_POINT('',(0.162753006345,24.439459768728));
#5340 = CARTESIAN_POINT('',(0.162750920079,24.603250072956));
#5341 = CARTESIAN_POINT('',(0.162748817186,24.70165792679));
#5342 = CARTESIAN_POINT('',(0.162746118148,24.800043322968));
#5343 = CARTESIAN_POINT('',(0.162743579522,24.898408713171));
#5344 = CARTESIAN_POINT('',(0.162742162979,24.996773180697));
#5345 = CARTESIAN_POINT('',(0.162742479945,25.095156338003));
#5346 = CARTESIAN_POINT('',(0.162744445275,25.193562574872));
#5347 = CARTESIAN_POINT('',(0.162751956762,25.427260949248));
#5348 = CARTESIAN_POINT('',(0.16275857943,25.562825183914));
#5349 = CARTESIAN_POINT('',(0.162766265045,25.69825490722));
#5350 = CARTESIAN_POINT('',(0.162772386182,25.833606914775));
#5351 = CARTESIAN_POINT('',(0.162773635517,25.968955166789));
#5352 = CARTESIAN_POINT('',(0.162770236393,26.104376809132));
#5353 = CARTESIAN_POINT('',(0.162764386137,26.239931761905));
#5354 = CARTESIAN_POINT('',(0.162758235788,26.375266593434));
#5355 = ( GEOMETRIC_REPRESENTATION_CONTEXT(2) 
PARAMETRIC_REPRESENTATION_CONTEXT() REPRESENTATION_CONTEXT('2D SPACE',''
  ) );
#5356 = PCURVE('',#1593,#5357);
#5357 = DEFINITIONAL_REPRESENTATION('',(#5358),#5431);
#5358 = B_SPLINE_CURVE_WITH_KNOTS('',8,(#5359,#5360,#5361,#5362,#5363,
    #5364,#5365,#5366,#5367,#5368,#5369,#5370,#5371,#5372,#5373,#5374,
    #5375,#5376,#5377,#5378,#5379,#5380,#5381,#5382,#5383,#5384,#5385,
    #5386,#5387,#5388,#5389,#5390,#5391,#5392,#5393,#5394,#5395,#5396,
    #5397,#5398,#5399,#5400,#5401,#5402,#5403,#5404,#5405,#5406,#5407,
    #5408,#5409,#5410,#5411,#5412,#5413,#5414,#5415,#5416,#5417,#5418,
    #5419,#5420,#5421,#5422,#5423,#5424,#5425,#5426,#5427,#5428,#5429,
    #5430),.UNSPECIFIED.,.F.,.F.,(9,7,7,7,7,7,7,7,7,7,9),(0.,
    9.746105711271E-02,0.236818715499,0.342926558813,0.39260703509,
    0.451049524476,0.545180739195,0.642048292587,0.720347649182,
    0.83805277424,1.),.UNSPECIFIED.);
#5359 = CARTESIAN_POINT('',(0.,6.41315626653));
#5360 = CARTESIAN_POINT('',(7.325485961953E-02,6.436474450693));
#5361 = CARTESIAN_POINT('',(0.146529962692,6.459799000708));
#5362 = CARTESIAN_POINT('',(0.219800511715,6.483121917039));
#5363 = CARTESIAN_POINT('',(0.293061566741,6.506441545942));
#5364 = CARTESIAN_POINT('',(0.366318798215,6.529759695621));
#5365 = CARTESIAN_POINT('',(0.43957982834,6.553078893931));
#5366 = CARTESIAN_POINT('',(0.512846160993,6.576399787632));
#5367 = CARTESIAN_POINT('',(0.690858081649,6.633061915669));
#5368 = CARTESIAN_POINT('',(0.795683823944,6.666428834009));
#5369 = CARTESIAN_POINT('',(0.900468119143,6.699783362126));
#5370 = CARTESIAN_POINT('',(1.005222420225,6.733129534272));
#5371 = CARTESIAN_POINT('',(1.109977302469,6.766477128141));
#5372 = CARTESIAN_POINT('',(1.21476305713,6.799834549473));
#5373 = CARTESIAN_POINT('',(1.319590257897,6.833203684668));
#5374 = CARTESIAN_POINT('',(1.504100441914,6.891934455242));
#5375 = CARTESIAN_POINT('',(1.586987851287,6.918316900555));
#5376 = CARTESIAN_POINT('',(1.671454969876,6.945200685794));
#5377 = CARTESIAN_POINT('',(1.756627572239,6.972307425633));
#5378 = CARTESIAN_POINT('',(1.841970857657,6.999467839202));
#5379 = CARTESIAN_POINT('',(1.927145483659,7.026575932326));
#5380 = CARTESIAN_POINT('',(2.011978717494,7.053578672983));
#5381 = CARTESIAN_POINT('',(2.136035772455,7.093070288177));
#5382 = CARTESIAN_POINT('',(2.175597630799,7.105665002262));
#5383 = CARTESIAN_POINT('',(2.215160180674,7.118260351315));
#5384 = CARTESIAN_POINT('',(2.254723414065,7.130855934653));
#5385 = CARTESIAN_POINT('',(2.294287020453,7.143451260105));
#5386 = CARTESIAN_POINT('',(2.333850386816,7.15604574402));
#5387 = CARTESIAN_POINT('',(2.373412597632,7.168638711264));
#5388 = CARTESIAN_POINT('',(2.459509335117,7.196040664525));
#5389 = CARTESIAN_POINT('',(2.506048128331,7.210851726343));
#5390 = CARTESIAN_POINT('',(2.552588129616,7.225663256483));
#5391 = CARTESIAN_POINT('',(2.599128684618,7.24047565788));
#5392 = CARTESIAN_POINT('',(2.645669169529,7.255289060597));
#5393 = CARTESIAN_POINT('',(2.692208991093,7.270103321825));
#5394 = CARTESIAN_POINT('',(2.738747586602,7.284918025882));
#5395 = CARTESIAN_POINT('',(2.860239633191,7.323593599178));
#5396 = CARTESIAN_POINT('',(2.935208072524,7.347460165443));
#5397 = CARTESIAN_POINT('',(3.010170503459,7.371325049637));
#5398 = CARTESIAN_POINT('',(3.08512581929,7.395186954561));
#5399 = CARTESIAN_POINT('',(3.160081744352,7.419047849639));
#5400 = CARTESIAN_POINT('',(3.235045492511,7.442910092311));
#5401 = CARTESIAN_POINT('',(3.310014384845,7.466773240387));
#5402 = CARTESIAN_POINT('',(3.462097279647,7.515181388336));
#5403 = CARTESIAN_POINT('',(3.539246082183,7.539737450634));
#5404 = CARTESIAN_POINT('',(3.616388587143,7.564291394745));
#5405 = CARTESIAN_POINT('',(3.693522314496,7.588842804168));
#5406 = CARTESIAN_POINT('',(3.770655794917,7.613394597039));
#5407 = CARTESIAN_POINT('',(3.847797793512,7.637949542212));
#5408 = CARTESIAN_POINT('',(3.924946513465,7.662506887776));
#5409 = CARTESIAN_POINT('',(4.064425836032,7.706904989623));
#5410 = CARTESIAN_POINT('',(4.126783945639,7.726754462611));
#5411 = CARTESIAN_POINT('',(4.189142602524,7.746604087323));
#5412 = CARTESIAN_POINT('',(4.251499324972,7.766452973754));
#5413 = CARTESIAN_POINT('',(4.313855786784,7.786301582669));
#5414 = CARTESIAN_POINT('',(4.376213939394,7.806150511068));
#5415 = CARTESIAN_POINT('',(4.438572124812,7.825999255974));
#5416 = CARTESIAN_POINT('',(4.594648683491,7.875678415874));
#5417 = CARTESIAN_POINT('',(4.6884219363,7.905526125963));
#5418 = CARTESIAN_POINT('',(4.782173458031,7.935366792983));
#5419 = CARTESIAN_POINT('',(4.875905358296,7.96520145415));
#5420 = CARTESIAN_POINT('',(4.969635805186,7.995036270888));
#5421 = CARTESIAN_POINT('',(5.063383651938,8.024877429207));
#5422 = CARTESIAN_POINT('',(5.157153307148,8.054726227552));
#5423 = CARTESIAN_POINT('',(5.379840560193,8.12561324125));
#5424 = CARTESIAN_POINT('',(5.509017430847,8.166734405358));
#5425 = CARTESIAN_POINT('',(5.638066579907,8.207815182707));
#5426 = CARTESIAN_POINT('',(5.767042480932,8.248871780639));
#5427 = CARTESIAN_POINT('',(5.896015281629,8.289925348917));
#5428 = CARTESIAN_POINT('',(6.025057705053,8.330999373679));
#5429 = CARTESIAN_POINT('',(6.154226602201,8.372112882243));
#5430 = CARTESIAN_POINT('',(6.28318530718,8.413159508395));
#5431 = ( GEOMETRIC_REPRESENTATION_CONTEXT(2) 
PARAMETRIC_REPRESENTATION_CONTEXT() REPRESENTATION_CONTEXT('2D SPACE',''
  ) );
#5432 = ORIENTED_EDGE('',*,*,#5433,.F.);
#5433 = EDGE_CURVE('',#1606,#5204,#5434,.T.);
#5434 = SURFACE_CURVE('',#5435,(#5508,#5584),.PCURVE_S1.);
#5435 = B_SPLINE_CURVE_WITH_KNOTS('',8,(#5436,#5437,#5438,#5439,#5440,
    #5441,#5442,#5443,#5444,#5445,#5446,#5447,#5448,#5449,#5450,#5451,
    #5452,#5453,#5454,#5455,#5456,#5457,#5458,#5459,#5460,#5461,#5462,
    #5463,#5464,#5465,#5466,#5467,#5468,#5469,#5470,#5471,#5472,#5473,
    #5474,#5475,#5476,#5477,#5478,#5479,#5480,#5481,#5482,#5483,#5484,
    #5485,#5486,#5487,#5488,#5489,#5490,#5491,#5492,#5493,#5494,#5495,
    #5496,#5497,#5498,#5499,#5500,#5501,#5502,#5503,#5504,#5505,#5506,
    #5507),.UNSPECIFIED.,.F.,.F.,(9,7,7,7,7,7,7,7,7,7,9),(0.,
    9.873307276535E-02,0.20277851535,0.254943887005,0.315052257153,
    0.411733670271,0.51389399235,0.615543261186,0.725322032404,
    0.864280511697,1.),.UNSPECIFIED.);
#5436 = CARTESIAN_POINT('',(14.74999995,-0.64999995,11.763155369948));
#5437 = CARTESIAN_POINT('',(14.74999995,-0.378701017945,11.787829244453)
  );
#5438 = CARTESIAN_POINT('',(14.725966060044,-0.107327020331,
    11.812510289661));
#5439 = CARTESIAN_POINT('',(14.67787634896,0.161538819292,
    11.837190090761));
#5440 = CARTESIAN_POINT('',(14.606061210757,0.425405074836,
    11.861867488624));
#5441 = CARTESIAN_POINT('',(14.511143762827,0.681865784581,
    11.886544874814));
#5442 = CARTESIAN_POINT('',(14.394016479982,0.928604692972,
    11.911224665352));
#5443 = CARTESIAN_POINT('',(14.255854064291,1.163410067301,
    11.935905953204));
#5444 = CARTESIAN_POINT('',(13.931986386464,1.616869800743,
    11.986584394205));
#5445 = CARTESIAN_POINT('',(13.744043066732,1.834087252519,
    12.012593084082));
#5446 = CARTESIAN_POINT('',(13.536069793766,2.03338046968,
    12.038597634752));
#5447 = CARTESIAN_POINT('',(13.310088841255,2.212621726657,
    12.064597228811));
#5448 = CARTESIAN_POINT('',(13.068352373348,2.369975041591,
    12.090596319618));
#5449 = CARTESIAN_POINT('',(12.813316577375,2.503885021538,
    12.116600110943));
#5450 = CARTESIAN_POINT('',(12.547645110302,2.613107058497,
    12.14260920253));
#5451 = CARTESIAN_POINT('',(12.137165386694,2.738729502496,
    12.181651153833));
#5452 = CARTESIAN_POINT('',(11.998122874837,2.774264469384,
    12.19468985089));
#5453 = CARTESIAN_POINT('',(11.857463683914,2.803276421373,
    12.207729231426));
#5454 = CARTESIAN_POINT('',(11.715543372817,2.825680979868,
    12.22076976883));
#5455 = CARTESIAN_POINT('',(11.572723410057,2.841416455945,
    12.233811356188));
#5456 = CARTESIAN_POINT('',(11.429370937652,2.850444453544,
    12.246852870476));
#5457 = CARTESIAN_POINT('',(11.285858587603,2.852751363152,
    12.259892615967));
#5458 = CARTESIAN_POINT('',(10.977451312547,2.843280065613,
    12.287951770709));
#5459 = CARTESIAN_POINT('',(10.812600399429,2.829302859122,
    12.30297328862));
#5460 = CARTESIAN_POINT('',(10.648578225407,2.806434376749,
    12.317995281726));
#5461 = CARTESIAN_POINT('',(10.485945054383,2.774733847608,
    12.333018429524));
#5462 = CARTESIAN_POINT('',(10.325254701729,2.734302165649,
    12.348043027247));
#5463 = CARTESIAN_POINT('',(10.167053908554,2.685281650288,
    12.363068905762));
#5464 = CARTESIAN_POINT('',(10.0118811889,2.627857881734,12.378095253943
    ));
#5465 = CARTESIAN_POINT('',(9.616398066632,2.456758391469,
    12.417287475159));
#5466 = CARTESIAN_POINT('',(9.381628168991,2.330069801284,
    12.441461602813));
#5467 = CARTESIAN_POINT('',(9.158183037156,2.183142332886,
    12.465634375826));
#5468 = CARTESIAN_POINT('',(8.948088205214,2.017182749294,
    12.489803907303));
#5469 = CARTESIAN_POINT('',(8.753192552312,1.833614724348,
    12.513972084911));
#5470 = CARTESIAN_POINT('',(8.575172444685,1.634058931137,
    12.538141543815));
#5471 = CARTESIAN_POINT('',(8.415514628527,1.420338578597,
    12.562312301744));
#5472 = CARTESIAN_POINT('',(8.127505274647,0.955884593271,
    12.612013277306));
#5473 = CARTESIAN_POINT('',(8.001374502574,0.703633031358,
    12.637554079051));
#5474 = CARTESIAN_POINT('',(7.898609219815,0.44017412257,12.663092049379
    ));
#5475 = CARTESIAN_POINT('',(7.820337232733,0.168047741149,
    12.688627005532));
#5476 = CARTESIAN_POINT('',(7.767353744804,-0.110112165279,
    12.714162610937));
#5477 = CARTESIAN_POINT('',(7.740139748688,-0.3915949342,12.739702139348
    ));
#5478 = CARTESIAN_POINT('',(7.738835557252,-0.673620516368,
    12.765244386256));
#5479 = CARTESIAN_POINT('',(7.787381660348,-1.231653760621,
    12.81618732927));
#5480 = CARTESIAN_POINT('',(7.836991177218,-1.5078575753,12.841603598582
    ));
#5481 = CARTESIAN_POINT('',(7.911780796234,-1.779119400968,
    12.867017666378));
#5482 = CARTESIAN_POINT('',(8.011141139648,-2.042756618533,
    12.892427675284));
#5483 = CARTESIAN_POINT('',(8.134143612809,-2.296217785704,
    12.917836556285));
#5484 = CARTESIAN_POINT('',(8.27957119365,-2.537083773499,
    12.943247890954));
#5485 = CARTESIAN_POINT('',(8.445907078741,-2.76308506006,
    12.968661859296));
#5486 = CARTESIAN_POINT('',(8.831480773536,-3.197904296975,
    13.021512830509));
#5487 = CARTESIAN_POINT('',(9.054002071113,-3.404033843456,
    13.048964871199));
#5488 = CARTESIAN_POINT('',(9.296493601697,-3.587814965031,
    13.076412226669));
#5489 = CARTESIAN_POINT('',(9.556290937422,-3.747026372374,
    13.103855019097));
#5490 = CARTESIAN_POINT('',(9.830504666967,-3.879851846696,
    13.131297497919));
#5491 = CARTESIAN_POINT('',(10.116048600019,-3.984850653075,
    13.158744158395));
#5492 = CARTESIAN_POINT('',(10.409633798373,-4.060988970852,
    13.186196279793));
#5493 = CARTESIAN_POINT('',(11.085115990852,-4.166918686396,
    13.248382967297));
#5494 = CARTESIAN_POINT('',(11.470186227675,-4.179081201547,
    13.283154349661));
#5495 = CARTESIAN_POINT('',(11.855629656743,-4.142932420444,
    13.317909237673));
#5496 = CARTESIAN_POINT('',(12.234391660538,-4.058803336469,
    13.352651464331));
#5497 = CARTESIAN_POINT('',(12.599686256321,-3.928061717896,
    13.387391904384));
#5498 = CARTESIAN_POINT('',(12.945049021373,-3.753172932114,
    13.422142315505));
#5499 = CARTESIAN_POINT('',(13.264346724407,-3.537614278761,
    13.456908407841));
#5500 = CARTESIAN_POINT('',(13.83309371137,-3.040985794993,
    13.525574114028));
#5501 = CARTESIAN_POINT('',(14.084435139767,-2.761178053601,
    13.559527779118));
#5502 = CARTESIAN_POINT('',(14.300817437061,-2.451399453471,
    13.593467340007));
#5503 = CARTESIAN_POINT('',(14.478228367546,-2.116852263087,
    13.627397296739));
#5504 = CARTESIAN_POINT('',(14.613535224795,-1.763174292535,
    13.661328181739));
#5505 = CARTESIAN_POINT('',(14.704552375274,-1.396432528243,
    13.695270043569));
#5506 = CARTESIAN_POINT('',(14.74999995,-1.023072270933,13.72922631243)
  );
#5507 = CARTESIAN_POINT('',(14.74999995,-0.64999995,13.76315626653));
#5508 = PCURVE('',#1680,#5509);
#5509 = DEFINITIONAL_REPRESENTATION('',(#5510),#5583);
#5510 = B_SPLINE_CURVE_WITH_KNOTS('',8,(#5511,#5512,#5513,#5514,#5515,
    #5516,#5517,#5518,#5519,#5520,#5521,#5522,#5523,#5524,#5525,#5526,
    #5527,#5528,#5529,#5530,#5531,#5532,#5533,#5534,#5535,#5536,#5537,
    #5538,#5539,#5540,#5541,#5542,#5543,#5544,#5545,#5546,#5547,#5548,
    #5549,#5550,#5551,#5552,#5553,#5554,#5555,#5556,#5557,#5558,#5559,
    #5560,#5561,#5562,#5563,#5564,#5565,#5566,#5567,#5568,#5569,#5570,
    #5571,#5572,#5573,#5574,#5575,#5576,#5577,#5578,#5579,#5580,#5581,
    #5582),.UNSPECIFIED.,.F.,.F.,(9,7,7,7,7,7,7,7,7,7,9),(0.,
    9.873307276535E-02,0.20277851535,0.254943887005,0.315052257153,
    0.411733670271,0.51389399235,0.615543261186,0.725322032404,
    0.864280511697,1.),.UNSPECIFIED.);
#5511 = CARTESIAN_POINT('',(0.162750597556,13.187629483727));
#5512 = CARTESIAN_POINT('',(0.162750979045,13.268976497536));
#5513 = CARTESIAN_POINT('',(0.162752250522,13.350346013854));
#5514 = CARTESIAN_POINT('',(0.162754672753,13.431709956202));
#5515 = CARTESIAN_POINT('',(0.162758309621,13.5130644213));
#5516 = CARTESIAN_POINT('',(0.162762661448,13.594417933205));
#5517 = CARTESIAN_POINT('',(0.162766666934,13.675779815126));
#5518 = CARTESIAN_POINT('',(0.162769073709,13.757148678927));
#5519 = CARTESIAN_POINT('',(0.162769286897,13.924230579419));
#5520 = CARTESIAN_POINT('',(0.162766772348,14.009982062281));
#5521 = CARTESIAN_POINT('',(0.162761111207,14.095723924278));
#5522 = CARTESIAN_POINT('',(0.162751588192,14.181454385633));
#5523 = CARTESIAN_POINT('',(0.162739703067,14.267186209864));
#5524 = CARTESIAN_POINT('',(0.162729382629,14.352931529414));
#5525 = CARTESIAN_POINT('',(0.162724997016,14.438686730471));
#5526 = CARTESIAN_POINT('',(0.162728275014,14.567400270288));
#5527 = CARTESIAN_POINT('',(0.16273126598,14.610383832351));
#5528 = CARTESIAN_POINT('',(0.162735097433,14.653368572472));
#5529 = CARTESIAN_POINT('',(0.162740889373,14.696354618466));
#5530 = CARTESIAN_POINT('',(0.1627482187,14.739342159147));
#5531 = CARTESIAN_POINT('',(0.162754212407,14.782331167697));
#5532 = CARTESIAN_POINT('',(0.162755452887,14.825320425892));
#5533 = CARTESIAN_POINT('',(0.162749517948,14.917836479425));
#5534 = CARTESIAN_POINT('',(0.16274221636,14.967370388236));
#5535 = CARTESIAN_POINT('',(0.162734666835,15.016906180937));
#5536 = CARTESIAN_POINT('',(0.162728875935,15.066443530577));
#5537 = CARTESIAN_POINT('',(0.162725591998,15.11598245309));
#5538 = CARTESIAN_POINT('',(0.162724799095,15.165522411242));
#5539 = CARTESIAN_POINT('',(0.162726093492,15.215061247372));
#5540 = CARTESIAN_POINT('',(0.162733525295,15.344264898969));
#5541 = CARTESIAN_POINT('',(0.16274217005,15.423953721286));
#5542 = CARTESIAN_POINT('',(0.16275244033,15.503635997807));
#5543 = CARTESIAN_POINT('',(0.162761445862,15.583309205392));
#5544 = CARTESIAN_POINT('',(0.162767349999,15.662981917287));
#5545 = CARTESIAN_POINT('',(0.162769908882,15.742663133371));
#5546 = CARTESIAN_POINT('',(0.162770042418,15.822351735187));
#5547 = CARTESIAN_POINT('',(0.162766740755,15.986215518618));
#5548 = CARTESIAN_POINT('',(0.162763140505,16.070425806242));
#5549 = CARTESIAN_POINT('',(0.162758677071,16.154627863294));
#5550 = CARTESIAN_POINT('',(0.162754639017,16.238819438663));
#5551 = CARTESIAN_POINT('',(0.162751885176,16.323011511547));
#5552 = CARTESIAN_POINT('',(0.16275057522,16.40721467093));
#5553 = CARTESIAN_POINT('',(0.16275030835,16.491425458434));
#5554 = CARTESIAN_POINT('',(0.162751030059,16.659378747221));
#5555 = CARTESIAN_POINT('',(0.162752002806,16.743172612189));
#5556 = CARTESIAN_POINT('',(0.162753144788,16.826959002442));
#5557 = CARTESIAN_POINT('',(0.162753854259,16.910732564257));
#5558 = CARTESIAN_POINT('',(0.162753729699,16.994503474524));
#5559 = CARTESIAN_POINT('',(0.162752731078,17.078283592576));
#5560 = CARTESIAN_POINT('',(0.162751143949,17.162073146534));
#5561 = CARTESIAN_POINT('',(0.162747405083,17.336322736156));
#5562 = CARTESIAN_POINT('',(0.16274521956,17.426832393355));
#5563 = CARTESIAN_POINT('',(0.162743267008,17.517326305754));
#5564 = CARTESIAN_POINT('',(0.162742206107,17.60780403345));
#5565 = CARTESIAN_POINT('',(0.162742548347,17.698278932054));
#5566 = CARTESIAN_POINT('',(0.16274440601,17.78876567837));
#5567 = CARTESIAN_POINT('',(0.162747440254,17.87926892354));
#5568 = CARTESIAN_POINT('',(0.162755806619,18.084282026466));
#5569 = CARTESIAN_POINT('',(0.162761539199,18.198912751711));
#5570 = CARTESIAN_POINT('',(0.162767263681,18.313489106948));
#5571 = CARTESIAN_POINT('',(0.162771399232,18.428025751725));
#5572 = CARTESIAN_POINT('',(0.162772457707,18.542560443012));
#5573 = CARTESIAN_POINT('',(0.162770420622,18.657131968419));
#5574 = CARTESIAN_POINT('',(0.162766311258,18.771757844607));
#5575 = CARTESIAN_POINT('',(0.162756580621,18.998154831187));
#5576 = CARTESIAN_POINT('',(0.162750989223,19.110104105336));
#5577 = CARTESIAN_POINT('',(0.162745787086,19.222006381213));
#5578 = CARTESIAN_POINT('',(0.162742356191,19.333874726955));
#5579 = CARTESIAN_POINT('',(0.162741638906,19.445742661348));
#5580 = CARTESIAN_POINT('',(0.162743108107,19.557643987973));
#5581 = CARTESIAN_POINT('',(0.162745588582,19.669591519447));
#5582 = CARTESIAN_POINT('',(0.162748076103,19.781452284548));
#5583 = ( GEOMETRIC_REPRESENTATION_CONTEXT(2) 
PARAMETRIC_REPRESENTATION_CONTEXT() REPRESENTATION_CONTEXT('2D SPACE',''
  ) );
#5584 = PCURVE('',#1622,#5585);
#5585 = DEFINITIONAL_REPRESENTATION('',(#5586),#5659);
#5586 = B_SPLINE_CURVE_WITH_KNOTS('',8,(#5587,#5588,#5589,#5590,#5591,
    #5592,#5593,#5594,#5595,#5596,#5597,#5598,#5599,#5600,#5601,#5602,
    #5603,#5604,#5605,#5606,#5607,#5608,#5609,#5610,#5611,#5612,#5613,
    #5614,#5615,#5616,#5617,#5618,#5619,#5620,#5621,#5622,#5623,#5624,
    #5625,#5626,#5627,#5628,#5629,#5630,#5631,#5632,#5633,#5634,#5635,
    #5636,#5637,#5638,#5639,#5640,#5641,#5642,#5643,#5644,#5645,#5646,
    #5647,#5648,#5649,#5650,#5651,#5652,#5653,#5654,#5655,#5656,#5657,
    #5658),.UNSPECIFIED.,.F.,.F.,(9,7,7,7,7,7,7,7,7,7,9),(0.,
    9.873307276535E-02,0.20277851535,0.254943887005,0.315052257153,
    0.411733670271,0.51389399235,0.615543261186,0.725322032404,
    0.864280511697,1.),.UNSPECIFIED.);
#5587 = CARTESIAN_POINT('',(0.,4.413155369948));
#5588 = CARTESIAN_POINT('',(7.751398058704E-02,4.437829244453));
#5589 = CARTESIAN_POINT('',(0.155049037342,4.462510289661));
#5590 = CARTESIAN_POINT('',(0.232578522092,4.487190090761));
#5591 = CARTESIAN_POINT('',(0.310098954039,4.511867488624));
#5592 = CARTESIAN_POINT('',(0.387618730604,4.536544874814));
#5593 = CARTESIAN_POINT('',(0.465146958298,4.561224665352));
#5594 = CARTESIAN_POINT('',(0.542682403648,4.585905953204));
#5595 = CARTESIAN_POINT('',(0.701893725826,4.636584394205));
#5596 = CARTESIAN_POINT('',(0.783606274789,4.662593084082));
#5597 = CARTESIAN_POINT('',(0.86531009868,4.688597634752));
#5598 = CARTESIAN_POINT('',(0.947003084007,4.714597228811));
#5599 = CARTESIAN_POINT('',(1.0286969273,4.740596319618));
#5600 = CARTESIAN_POINT('',(1.110402927064,4.766600110943));
#5601 = CARTESIAN_POINT('',(1.192117756557,4.79260920253));
#5602 = CARTESIAN_POINT('',(1.31476694998,4.831651153833));
#5603 = CARTESIAN_POINT('',(1.355725389796,4.84468985089));
#5604 = CARTESIAN_POINT('',(1.396684830676,4.857729231426));
#5605 = CARTESIAN_POINT('',(1.437645754894,4.87076976883));
#5606 = CARTESIAN_POINT('',(1.478608450072,4.883811356188));
#5607 = CARTESIAN_POINT('',(1.519572553304,4.896852870476));
#5608 = CARTESIAN_POINT('',(1.560536522468,4.909892615967));
#5609 = CARTESIAN_POINT('',(1.648694429396,4.937951770709));
#5610 = CARTESIAN_POINT('',(1.695895068004,4.95297328862));
#5611 = CARTESIAN_POINT('',(1.743097265318,4.967995281726));
#5612 = CARTESIAN_POINT('',(1.790300705511,4.983018429524));
#5613 = CARTESIAN_POINT('',(1.837505531895,4.998043027247));
#5614 = CARTESIAN_POINT('',(1.884711357871,5.013068905762));
#5615 = CARTESIAN_POINT('',(1.931916199142,5.028095253943));
#5616 = CARTESIAN_POINT('',(2.055032847187,5.067287475159));
#5617 = CARTESIAN_POINT('',(2.130967732239,5.091461602813));
#5618 = CARTESIAN_POINT('',(2.206896943281,5.115634375826));
#5619 = CARTESIAN_POINT('',(2.282817894251,5.139803907303));
#5620 = CARTESIAN_POINT('',(2.358738409636,5.163972084911));
#5621 = CARTESIAN_POINT('',(2.434666739414,5.188141543815));
#5622 = CARTESIAN_POINT('',(2.51060163132,5.212312301744));
#5623 = CARTESIAN_POINT('',(2.666745702001,5.262013277306));
#5624 = CARTESIAN_POINT('',(2.746988276745,5.287554079051));
#5625 = CARTESIAN_POINT('',(2.827222456381,5.313092049379));
#5626 = CARTESIAN_POINT('',(2.907446298088,5.338627005532));
#5627 = CARTESIAN_POINT('',(2.987670564406,5.364162610937));
#5628 = CARTESIAN_POINT('',(3.067905634147,5.389702139348));
#5629 = CARTESIAN_POINT('',(3.148148404377,5.415244386256));
#5630 = CARTESIAN_POINT('',(3.308188661001,5.46618732927));
#5631 = CARTESIAN_POINT('',(3.388035087396,5.491603598582));
#5632 = CARTESIAN_POINT('',(3.467874918345,5.517017666378));
#5633 = CARTESIAN_POINT('',(3.547702968419,5.542427675284));
#5634 = CARTESIAN_POINT('',(3.627528756324,5.567836556285));
#5635 = CARTESIAN_POINT('',(3.707363365751,5.593247890954));
#5636 = CARTESIAN_POINT('',(3.787206821758,5.618661859296));
#5637 = CARTESIAN_POINT('',(3.953249561008,5.671512830509));
#5638 = CARTESIAN_POINT('',(4.039496085778,5.698964871199));
#5639 = CARTESIAN_POINT('',(4.125727186142,5.726412226669));
#5640 = CARTESIAN_POINT('',(4.211942401031,5.753855019097));
#5641 = CARTESIAN_POINT('',(4.298154557009,5.781297497919));
#5642 = CARTESIAN_POINT('',(4.384377819683,5.808744158395));
#5643 = CARTESIAN_POINT('',(4.470616788795,5.836196279793));
#5644 = CARTESIAN_POINT('',(4.665970428773,5.898382967297));
#5645 = CARTESIAN_POINT('',(4.775200330479,5.933154349661));
#5646 = CARTESIAN_POINT('',(4.884378803638,5.967909237673));
#5647 = CARTESIAN_POINT('',(4.993519907285,6.002651464331));
#5648 = CARTESIAN_POINT('',(5.102659404903,6.037391904384));
#5649 = CARTESIAN_POINT('',(5.211833873759,6.072142315505));
#5650 = CARTESIAN_POINT('',(5.321059807499,6.106908407841));
#5651 = CARTESIAN_POINT('',(5.536790740834,6.175574114028));
#5652 = CARTESIAN_POINT('',(5.643465525783,6.209527779118));
#5653 = CARTESIAN_POINT('',(5.750095206003,6.243467340008));
#5654 = CARTESIAN_POINT('',(5.856692404293,6.277397296739));
#5655 = CARTESIAN_POINT('',(5.963289458347,6.31132818174));
#5656 = CARTESIAN_POINT('',(6.069918970915,6.345270043569));
#5657 = CARTESIAN_POINT('',(6.176593215484,6.37922631243));
#5658 = CARTESIAN_POINT('',(6.28318530718,6.41315626653));
#5659 = ( GEOMETRIC_REPRESENTATION_CONTEXT(2) 
PARAMETRIC_REPRESENTATION_CONTEXT() REPRESENTATION_CONTEXT('2D SPACE',''
  ) );
#5660 = ADVANCED_FACE('',(#5661),#1622,.F.);
#5661 = FACE_BOUND('',#5662,.F.);
#5662 = EDGE_LOOP('',(#5663,#5664,#5665));
#5663 = ORIENTED_EDGE('',*,*,#5433,.F.);
#5664 = ORIENTED_EDGE('',*,*,#1605,.T.);
#5665 = ORIENTED_EDGE('',*,*,#5666,.T.);
#5666 = EDGE_CURVE('',#1577,#5204,#5667,.T.);
#5667 = SURFACE_CURVE('',#5668,(#5672,#5679),.PCURVE_S1.);
#5668 = LINE('',#5669,#5670);
#5669 = CARTESIAN_POINT('',(14.74999995,-0.64999995,7.35));
#5670 = VECTOR('',#5671,1.);
#5671 = DIRECTION('',(0.,0.,1.));
#5672 = PCURVE('',#1622,#5673);
#5673 = DEFINITIONAL_REPRESENTATION('',(#5674),#5678);
#5674 = LINE('',#5675,#5676);
#5675 = CARTESIAN_POINT('',(6.28318530718,-0.));
#5676 = VECTOR('',#5677,1.);
#5677 = DIRECTION('',(0.,1.));
#5678 = ( GEOMETRIC_REPRESENTATION_CONTEXT(2) 
PARAMETRIC_REPRESENTATION_CONTEXT() REPRESENTATION_CONTEXT('2D SPACE',''
  ) );
#5679 = PCURVE('',#1593,#5680);
#5680 = DEFINITIONAL_REPRESENTATION('',(#5681),#5685);
#5681 = LINE('',#5682,#5683);
#5682 = CARTESIAN_POINT('',(0.,-0.));
#5683 = VECTOR('',#5684,1.);
#5684 = DIRECTION('',(0.,1.));
#5685 = ( GEOMETRIC_REPRESENTATION_CONTEXT(2) 
PARAMETRIC_REPRESENTATION_CONTEXT() REPRESENTATION_CONTEXT('2D SPACE',''
  ) );
#5686 = ADVANCED_FACE('',(#5687),#1593,.F.);
#5687 = FACE_BOUND('',#5688,.F.);
#5688 = EDGE_LOOP('',(#5689,#5690,#5691,#5692,#5693));
#5689 = ORIENTED_EDGE('',*,*,#5203,.F.);
#5690 = ORIENTED_EDGE('',*,*,#5666,.F.);
#5691 = ORIENTED_EDGE('',*,*,#1576,.T.);
#5692 = ORIENTED_EDGE('',*,*,#2573,.T.);
#5693 = ORIENTED_EDGE('',*,*,#5694,.T.);
#5694 = EDGE_CURVE('',#2574,#5004,#5695,.T.);
#5695 = SURFACE_CURVE('',#5696,(#5700,#5707),.PCURVE_S1.);
#5696 = LINE('',#5697,#5698);
#5697 = CARTESIAN_POINT('',(14.74999995,-0.64999995,7.35));
#5698 = VECTOR('',#5699,1.);
#5699 = DIRECTION('',(0.,0.,1.));
#5700 = PCURVE('',#1593,#5701);
#5701 = DEFINITIONAL_REPRESENTATION('',(#5702),#5706);
#5702 = LINE('',#5703,#5704);
#5703 = CARTESIAN_POINT('',(6.28318530718,-0.));
#5704 = VECTOR('',#5705,1.);
#5705 = DIRECTION('',(0.,1.));
#5706 = ( GEOMETRIC_REPRESENTATION_CONTEXT(2) 
PARAMETRIC_REPRESENTATION_CONTEXT() REPRESENTATION_CONTEXT('2D SPACE',''
  ) );
#5707 = PCURVE('',#2922,#5708);
#5708 = DEFINITIONAL_REPRESENTATION('',(#5709),#5713);
#5709 = LINE('',#5710,#5711);
#5710 = CARTESIAN_POINT('',(0.,-0.));
#5711 = VECTOR('',#5712,1.);
#5712 = DIRECTION('',(0.,1.));
#5713 = ( GEOMETRIC_REPRESENTATION_CONTEXT(2) 
PARAMETRIC_REPRESENTATION_CONTEXT() REPRESENTATION_CONTEXT('2D SPACE',''
  ) );
#5714 = ADVANCED_FACE('',(#5715),#2195,.F.);
#5715 = FACE_BOUND('',#5716,.F.);
#5716 = EDGE_LOOP('',(#5717,#5718,#5739));
#5717 = ORIENTED_EDGE('',*,*,#2176,.F.);
#5718 = ORIENTED_EDGE('',*,*,#5719,.F.);
#5719 = EDGE_CURVE('',#3660,#2177,#5720,.T.);
#5720 = SURFACE_CURVE('',#5721,(#5725,#5732),.PCURVE_S1.);
#5721 = LINE('',#5722,#5723);
#5722 = CARTESIAN_POINT('',(14.74999995,-0.64999995,7.35));
#5723 = VECTOR('',#5724,1.);
#5724 = DIRECTION('',(0.,0.,1.));
#5725 = PCURVE('',#2195,#5726);
#5726 = DEFINITIONAL_REPRESENTATION('',(#5727),#5731);
#5727 = LINE('',#5728,#5729);
#5728 = CARTESIAN_POINT('',(0.,-0.));
#5729 = VECTOR('',#5730,1.);
#5730 = DIRECTION('',(0.,1.));
#5731 = ( GEOMETRIC_REPRESENTATION_CONTEXT(2) 
PARAMETRIC_REPRESENTATION_CONTEXT() REPRESENTATION_CONTEXT('2D SPACE',''
  ) );
#5732 = PCURVE('',#2224,#5733);
#5733 = DEFINITIONAL_REPRESENTATION('',(#5734),#5738);
#5734 = LINE('',#5735,#5736);
#5735 = CARTESIAN_POINT('',(6.28318530718,-0.));
#5736 = VECTOR('',#5737,1.);
#5737 = DIRECTION('',(0.,1.));
#5738 = ( GEOMETRIC_REPRESENTATION_CONTEXT(2) 
PARAMETRIC_REPRESENTATION_CONTEXT() REPRESENTATION_CONTEXT('2D SPACE',''
  ) );
#5739 = ORIENTED_EDGE('',*,*,#3868,.T.);
#5740 = ADVANCED_FACE('',(#5741),#2224,.F.);
#5741 = FACE_BOUND('',#5742,.F.);
#5742 = EDGE_LOOP('',(#5743,#5744,#5765,#5766,#5767));
#5743 = ORIENTED_EDGE('',*,*,#4188,.F.);
#5744 = ORIENTED_EDGE('',*,*,#5745,.F.);
#5745 = EDGE_CURVE('',#3446,#4189,#5746,.T.);
#5746 = SURFACE_CURVE('',#5747,(#5751,#5758),.PCURVE_S1.);
#5747 = LINE('',#5748,#5749);
#5748 = CARTESIAN_POINT('',(14.74999995,-0.64999995,7.35));
#5749 = VECTOR('',#5750,1.);
#5750 = DIRECTION('',(0.,0.,1.));
#5751 = PCURVE('',#2224,#5752);
#5752 = DEFINITIONAL_REPRESENTATION('',(#5753),#5757);
#5753 = LINE('',#5754,#5755);
#5754 = CARTESIAN_POINT('',(0.,-0.));
#5755 = VECTOR('',#5756,1.);
#5756 = DIRECTION('',(0.,1.));
#5757 = ( GEOMETRIC_REPRESENTATION_CONTEXT(2) 
PARAMETRIC_REPRESENTATION_CONTEXT() REPRESENTATION_CONTEXT('2D SPACE',''
  ) );
#5758 = PCURVE('',#3585,#5759);
#5759 = DEFINITIONAL_REPRESENTATION('',(#5760),#5764);
#5760 = LINE('',#5761,#5762);
#5761 = CARTESIAN_POINT('',(6.28318530718,-0.));
#5762 = VECTOR('',#5763,1.);
#5763 = DIRECTION('',(0.,1.));
#5764 = ( GEOMETRIC_REPRESENTATION_CONTEXT(2) 
PARAMETRIC_REPRESENTATION_CONTEXT() REPRESENTATION_CONTEXT('2D SPACE',''
  ) );
#5765 = ORIENTED_EDGE('',*,*,#3659,.T.);
#5766 = ORIENTED_EDGE('',*,*,#5719,.T.);
#5767 = ORIENTED_EDGE('',*,*,#2207,.F.);
#5768 = ADVANCED_FACE('',(#5769),#3585,.F.);
#5769 = FACE_BOUND('',#5770,.F.);
#5770 = EDGE_LOOP('',(#5771,#5772,#5793,#5794));
#5771 = ORIENTED_EDGE('',*,*,#4376,.F.);
#5772 = ORIENTED_EDGE('',*,*,#5773,.F.);
#5773 = EDGE_CURVE('',#3232,#4377,#5774,.T.);
#5774 = SURFACE_CURVE('',#5775,(#5779,#5786),.PCURVE_S1.);
#5775 = LINE('',#5776,#5777);
#5776 = CARTESIAN_POINT('',(14.74999995,-0.64999995,7.35));
#5777 = VECTOR('',#5778,1.);
#5778 = DIRECTION('',(0.,0.,1.));
#5779 = PCURVE('',#3585,#5780);
#5780 = DEFINITIONAL_REPRESENTATION('',(#5781),#5785);
#5781 = LINE('',#5782,#5783);
#5782 = CARTESIAN_POINT('',(0.,-0.));
#5783 = VECTOR('',#5784,1.);
#5784 = DIRECTION('',(0.,1.));
#5785 = ( GEOMETRIC_REPRESENTATION_CONTEXT(2) 
PARAMETRIC_REPRESENTATION_CONTEXT() REPRESENTATION_CONTEXT('2D SPACE',''
  ) );
#5786 = PCURVE('',#3371,#5787);
#5787 = DEFINITIONAL_REPRESENTATION('',(#5788),#5792);
#5788 = LINE('',#5789,#5790);
#5789 = CARTESIAN_POINT('',(6.28318530718,-0.));
#5790 = VECTOR('',#5791,1.);
#5791 = DIRECTION('',(0.,1.));
#5792 = ( GEOMETRIC_REPRESENTATION_CONTEXT(2) 
PARAMETRIC_REPRESENTATION_CONTEXT() REPRESENTATION_CONTEXT('2D SPACE',''
  ) );
#5793 = ORIENTED_EDGE('',*,*,#3445,.T.);
#5794 = ORIENTED_EDGE('',*,*,#5745,.T.);
#5795 = ADVANCED_FACE('',(#5796),#3371,.F.);
#5796 = FACE_BOUND('',#5797,.F.);
#5797 = EDGE_LOOP('',(#5798,#5799,#5820,#5821));
#5798 = ORIENTED_EDGE('',*,*,#4564,.F.);
#5799 = ORIENTED_EDGE('',*,*,#5800,.F.);
#5800 = EDGE_CURVE('',#2997,#4565,#5801,.T.);
#5801 = SURFACE_CURVE('',#5802,(#5806,#5813),.PCURVE_S1.);
#5802 = LINE('',#5803,#5804);
#5803 = CARTESIAN_POINT('',(14.74999995,-0.64999995,7.35));
#5804 = VECTOR('',#5805,1.);
#5805 = DIRECTION('',(0.,0.,1.));
#5806 = PCURVE('',#3371,#5807);
#5807 = DEFINITIONAL_REPRESENTATION('',(#5808),#5812);
#5808 = LINE('',#5809,#5810);
#5809 = CARTESIAN_POINT('',(0.,-0.));
#5810 = VECTOR('',#5811,1.);
#5811 = DIRECTION('',(0.,1.));
#5812 = ( GEOMETRIC_REPRESENTATION_CONTEXT(2) 
PARAMETRIC_REPRESENTATION_CONTEXT() REPRESENTATION_CONTEXT('2D SPACE',''
  ) );
#5813 = PCURVE('',#3150,#5814);
#5814 = DEFINITIONAL_REPRESENTATION('',(#5815),#5819);
#5815 = LINE('',#5816,#5817);
#5816 = CARTESIAN_POINT('',(6.28318530718,-0.));
#5817 = VECTOR('',#5818,1.);
#5818 = DIRECTION('',(0.,1.));
#5819 = ( GEOMETRIC_REPRESENTATION_CONTEXT(2) 
PARAMETRIC_REPRESENTATION_CONTEXT() REPRESENTATION_CONTEXT('2D SPACE',''
  ) );
#5820 = ORIENTED_EDGE('',*,*,#3231,.T.);
#5821 = ORIENTED_EDGE('',*,*,#5773,.T.);
#5822 = ADVANCED_FACE('',(#5823),#3150,.F.);
#5823 = FACE_BOUND('',#5824,.F.);
#5824 = EDGE_LOOP('',(#5825,#5826,#5847,#5848));
#5825 = ORIENTED_EDGE('',*,*,#4773,.F.);
#5826 = ORIENTED_EDGE('',*,*,#5827,.F.);
#5827 = EDGE_CURVE('',#2783,#4774,#5828,.T.);
#5828 = SURFACE_CURVE('',#5829,(#5833,#5840),.PCURVE_S1.);
#5829 = LINE('',#5830,#5831);
#5830 = CARTESIAN_POINT('',(14.74999995,-0.64999995,7.35));
#5831 = VECTOR('',#5832,1.);
#5832 = DIRECTION('',(0.,0.,1.));
#5833 = PCURVE('',#3150,#5834);
#5834 = DEFINITIONAL_REPRESENTATION('',(#5835),#5839);
#5835 = LINE('',#5836,#5837);
#5836 = CARTESIAN_POINT('',(0.,-0.));
#5837 = VECTOR('',#5838,1.);
#5838 = DIRECTION('',(0.,1.));
#5839 = ( GEOMETRIC_REPRESENTATION_CONTEXT(2) 
PARAMETRIC_REPRESENTATION_CONTEXT() REPRESENTATION_CONTEXT('2D SPACE',''
  ) );
#5840 = PCURVE('',#2922,#5841);
#5841 = DEFINITIONAL_REPRESENTATION('',(#5842),#5846);
#5842 = LINE('',#5843,#5844);
#5843 = CARTESIAN_POINT('',(6.28318530718,-0.));
#5844 = VECTOR('',#5845,1.);
#5845 = DIRECTION('',(0.,1.));
#5846 = ( GEOMETRIC_REPRESENTATION_CONTEXT(2) 
PARAMETRIC_REPRESENTATION_CONTEXT() REPRESENTATION_CONTEXT('2D SPACE',''
  ) );
#5847 = ORIENTED_EDGE('',*,*,#2996,.T.);
#5848 = ORIENTED_EDGE('',*,*,#5800,.T.);
#5849 = ADVANCED_FACE('',(#5850),#2922,.F.);
#5850 = FACE_BOUND('',#5851,.F.);
#5851 = EDGE_LOOP('',(#5852,#5853,#5854,#5855));
#5852 = ORIENTED_EDGE('',*,*,#5003,.F.);
#5853 = ORIENTED_EDGE('',*,*,#5694,.F.);
#5854 = ORIENTED_EDGE('',*,*,#2782,.T.);
#5855 = ORIENTED_EDGE('',*,*,#5827,.T.);
#5856 = ( GEOMETRIC_REPRESENTATION_CONTEXT(3) 
GLOBAL_UNCERTAINTY_ASSIGNED_CONTEXT((#5860)) 
GLOBAL_UNIT_ASSIGNED_CONTEXT((#5857,#5858,#5859)) REPRESENTATION_CONTEXT
('Context #1','3D Context with UNIT and UNCERTAINTY') );
#5857 = ( LENGTH_UNIT() NAMED_UNIT(*) SI_UNIT(.MILLI.,.METRE.) );
#5858 = ( NAMED_UNIT(*) PLANE_ANGLE_UNIT() SI_UNIT($,.RADIAN.) );
#5859 = ( NAMED_UNIT(*) SI_UNIT($,.STERADIAN.) SOLID_ANGLE_UNIT() );
#5860 = UNCERTAINTY_MEASURE_WITH_UNIT(LENGTH_MEASURE(2.E-06),#5857,
  'distance_accuracy_value','confusion accuracy');
#5861 = PRODUCT_RELATED_PRODUCT_CATEGORY('part',$,(#7));
ENDSEC;
END-ISO-10303-21;
