ISO-10303-21;
HEADER;
FILE_DESCRIPTION(('Open CASCADE Model'),'2;1');
FILE_NAME('Open CASCADE Shape Model','2026-09-30T13:18:46',('Author'),(
    'Open CASCADE'),'Open CASCADE STEP processor 7.8','Open CASCADE 7.8'
  ,'Unknown');
FILE_SCHEMA(('AUTOMOTIVE_DESIGN { 1 0 10303 214 1 1 1 1 }'));
ENDSEC;
DATA;
#1 = APPLICATION_PROTOCOL_DEFINITION('international standard',
  'automotive_design',2000,#2);
#2 = APPLICATION_CONTEXT(
  'core data for automotive mechanical design processes');
#3 = SHAPE_DEFINITION_REPRESENTATION(#4,#10);
#4 = PRODUCT_DEFINITION_SHAPE('','',#5);
#5 = PRODUCT_DEFINITION('design','',#6,#9);
#6 = PRODUCT_DEFINITION_FORMATION('','',#7);
#7 = PRODUCT('Open CASCADE STEP translator 7.8 7',
  'Open CASCADE STEP translator 7.8 7','',(#8));
#8 = PRODUCT_CONTEXT('',#2,'mechanical');
#9 = PRODUCT_DEFINITION_CONTEXT('part definition',#2,'design');
#10 = ADVANCED_BREP_SHAPE_REPRESENTATION('',(#11,#15),#5339);
#11 = AXIS2_PLACEMENT_3D('',#12,#13,#14);
#12 = CARTESIAN_POINT('',(0.,0.,0.));
#13 = DIRECTION('',(0.,0.,1.));
#14 = DIRECTION('',(1.,0.,-0.));
#15 = MANIFOLD_SOLID_BREP('',#16);
#16 = CLOSED_SHELL('',(#17,#105,#109,#144,#579,#974,#1401,#3073,#3258,
    #5001,#5028,#5055,#5082,#5109,#5136,#5163,#5214,#5274,#5280,#5335));
#17 = ADVANCED_FACE('',(#18),#31,.T.);
#18 = FACE_BOUND('',#19,.T.);
#19 = EDGE_LOOP('',(#20,#54,#77,#104));
#20 = ORIENTED_EDGE('',*,*,#21,.F.);
#21 = EDGE_CURVE('',#22,#22,#24,.T.);
#22 = VERTEX_POINT('',#23);
#23 = CARTESIAN_POINT('',(7.,1.439888459953E-15,0.));
#24 = SURFACE_CURVE('',#25,(#30,#42),.PCURVE_S1.);
#25 = CIRCLE('',#26,7.);
#26 = AXIS2_PLACEMENT_3D('',#27,#28,#29);
#27 = CARTESIAN_POINT('',(0.,-2.746170588533E-16,0.));
#28 = DIRECTION('',(0.,-1.224646799147E-16,-1.));
#29 = DIRECTION('',(1.,0.,0.));
#30 = PCURVE('',#31,#36);
#31 = CYLINDRICAL_SURFACE('',#32,7.);
#32 = AXIS2_PLACEMENT_3D('',#33,#34,#35);
#33 = CARTESIAN_POINT('',(0.,2.152416608057E-16,4.));
#34 = DIRECTION('',(0.,-1.224646799147E-16,-1.));
#35 = DIRECTION('',(1.,0.,0.));
#36 = DEFINITIONAL_REPRESENTATION('',(#37),#41);
#37 = LINE('',#38,#39);
#38 = CARTESIAN_POINT('',(0.,4.));
#39 = VECTOR('',#40,1.);
#40 = DIRECTION('',(1.,0.));
#41 = ( GEOMETRIC_REPRESENTATION_CONTEXT(2) 
PARAMETRIC_REPRESENTATION_CONTEXT() REPRESENTATION_CONTEXT('2D SPACE',''
  ) );
#42 = PCURVE('',#43,#48);
#43 = PLANE('',#44);
#44 = AXIS2_PLACEMENT_3D('',#45,#46,#47);
#45 = CARTESIAN_POINT('',(0.,-2.746170588533E-16,0.));
#46 = DIRECTION('',(0.,-1.224646799147E-16,-1.));
#47 = DIRECTION('',(1.,0.,0.));
#48 = DEFINITIONAL_REPRESENTATION('',(#49),#53);
#49 = CIRCLE('',#50,7.);
#50 = AXIS2_PLACEMENT_2D('',#51,#52);
#51 = CARTESIAN_POINT('',(0.,0.));
#52 = DIRECTION('',(1.,0.));
#53 = ( GEOMETRIC_REPRESENTATION_CONTEXT(2) 
PARAMETRIC_REPRESENTATION_CONTEXT() REPRESENTATION_CONTEXT('2D SPACE',''
  ) );
#54 = ORIENTED_EDGE('',*,*,#55,.F.);
#55 = EDGE_CURVE('',#56,#22,#58,.T.);
#56 = VERTEX_POINT('',#57);
#57 = CARTESIAN_POINT('',(7.,1.929747179612E-15,4.));
#58 = SEAM_CURVE('',#59,(#63,#70),.PCURVE_S1.);
#59 = LINE('',#60,#61);
#60 = CARTESIAN_POINT('',(7.,1.929747179612E-15,4.));
#61 = VECTOR('',#62,1.);
#62 = DIRECTION('',(0.,-1.224646799147E-16,-1.));
#63 = PCURVE('',#31,#64);
#64 = DEFINITIONAL_REPRESENTATION('',(#65),#69);
#65 = LINE('',#66,#67);
#66 = CARTESIAN_POINT('',(6.28318530718,-0.));
#67 = VECTOR('',#68,1.);
#68 = DIRECTION('',(0.,1.));
#69 = ( GEOMETRIC_REPRESENTATION_CONTEXT(2) 
PARAMETRIC_REPRESENTATION_CONTEXT() REPRESENTATION_CONTEXT('2D SPACE',''
  ) );
#70 = PCURVE('',#31,#71);
#71 = DEFINITIONAL_REPRESENTATION('',(#72),#76);
#72 = LINE('',#73,#74);
#73 = CARTESIAN_POINT('',(0.,-0.));
#74 = VECTOR('',#75,1.);
#75 = DIRECTION('',(0.,1.));
#76 = ( GEOMETRIC_REPRESENTATION_CONTEXT(2) 
PARAMETRIC_REPRESENTATION_CONTEXT() REPRESENTATION_CONTEXT('2D SPACE',''
  ) );
#77 = ORIENTED_EDGE('',*,*,#78,.T.);
#78 = EDGE_CURVE('',#56,#56,#79,.T.);
#79 = SURFACE_CURVE('',#80,(#85,#92),.PCURVE_S1.);
#80 = CIRCLE('',#81,7.);
#81 = AXIS2_PLACEMENT_3D('',#82,#83,#84);
#82 = CARTESIAN_POINT('',(0.,2.152416608057E-16,4.));
#83 = DIRECTION('',(0.,-1.224646799147E-16,-1.));
#84 = DIRECTION('',(1.,0.,0.));
#85 = PCURVE('',#31,#86);
#86 = DEFINITIONAL_REPRESENTATION('',(#87),#91);
#87 = LINE('',#88,#89);
#88 = CARTESIAN_POINT('',(0.,0.));
#89 = VECTOR('',#90,1.);
#90 = DIRECTION('',(1.,0.));
#91 = ( GEOMETRIC_REPRESENTATION_CONTEXT(2) 
PARAMETRIC_REPRESENTATION_CONTEXT() REPRESENTATION_CONTEXT('2D SPACE',''
  ) );
#92 = PCURVE('',#93,#98);
#93 = PLANE('',#94);
#94 = AXIS2_PLACEMENT_3D('',#95,#96,#97);
#95 = CARTESIAN_POINT('',(0.,2.152416608057E-16,4.));
#96 = DIRECTION('',(0.,-1.224646799147E-16,-1.));
#97 = DIRECTION('',(1.,0.,0.));
#98 = DEFINITIONAL_REPRESENTATION('',(#99),#103);
#99 = CIRCLE('',#100,7.);
#100 = AXIS2_PLACEMENT_2D('',#101,#102);
#101 = CARTESIAN_POINT('',(0.,0.));
#102 = DIRECTION('',(1.,0.));
#103 = ( GEOMETRIC_REPRESENTATION_CONTEXT(2) 
PARAMETRIC_REPRESENTATION_CONTEXT() REPRESENTATION_CONTEXT('2D SPACE',''
  ) );
#104 = ORIENTED_EDGE('',*,*,#55,.T.);
#105 = ADVANCED_FACE('',(#106),#43,.T.);
#106 = FACE_BOUND('',#107,.T.);
#107 = EDGE_LOOP('',(#108));
#108 = ORIENTED_EDGE('',*,*,#21,.T.);
#109 = ADVANCED_FACE('',(#110,#113),#93,.F.);
#110 = FACE_BOUND('',#111,.F.);
#111 = EDGE_LOOP('',(#112));
#112 = ORIENTED_EDGE('',*,*,#78,.T.);
#113 = FACE_BOUND('',#114,.F.);
#114 = EDGE_LOOP('',(#115));
#115 = ORIENTED_EDGE('',*,*,#116,.F.);
#116 = EDGE_CURVE('',#117,#117,#119,.T.);
#117 = VERTEX_POINT('',#118);
#118 = CARTESIAN_POINT('',(3.2,9.9901561226E-16,4.));
#119 = SURFACE_CURVE('',#120,(#125,#132),.PCURVE_S1.);
#120 = CIRCLE('',#121,3.2);
#121 = AXIS2_PLACEMENT_3D('',#122,#123,#124);
#122 = CARTESIAN_POINT('',(0.,2.152416608057E-16,4.));
#123 = DIRECTION('',(0.,-1.224646799147E-16,-1.));
#124 = DIRECTION('',(1.,0.,0.));
#125 = PCURVE('',#93,#126);
#126 = DEFINITIONAL_REPRESENTATION('',(#127),#131);
#127 = CIRCLE('',#128,3.2);
#128 = AXIS2_PLACEMENT_2D('',#129,#130);
#129 = CARTESIAN_POINT('',(0.,0.));
#130 = DIRECTION('',(1.,0.));
#131 = ( GEOMETRIC_REPRESENTATION_CONTEXT(2) 
PARAMETRIC_REPRESENTATION_CONTEXT() REPRESENTATION_CONTEXT('2D SPACE',''
  ) );
#132 = PCURVE('',#133,#138);
#133 = CYLINDRICAL_SURFACE('',#134,3.2);
#134 = AXIS2_PLACEMENT_3D('',#135,#136,#137);
#135 = CARTESIAN_POINT('',(0.,2.6645352591E-15,24.));
#136 = DIRECTION('',(0.,-1.224646799147E-16,-1.));
#137 = DIRECTION('',(1.,0.,0.));
#138 = DEFINITIONAL_REPRESENTATION('',(#139),#143);
#139 = LINE('',#140,#141);
#140 = CARTESIAN_POINT('',(0.,20.));
#141 = VECTOR('',#142,1.);
#142 = DIRECTION('',(1.,0.));
#143 = ( GEOMETRIC_REPRESENTATION_CONTEXT(2) 
PARAMETRIC_REPRESENTATION_CONTEXT() REPRESENTATION_CONTEXT('2D SPACE',''
  ) );
#144 = ADVANCED_FACE('',(#145),#133,.T.);
#145 = FACE_BOUND('',#146,.T.);
#146 = EDGE_LOOP('',(#147,#177,#205,#556,#577,#578));
#147 = ORIENTED_EDGE('',*,*,#148,.F.);
#148 = EDGE_CURVE('',#149,#151,#153,.T.);
#149 = VERTEX_POINT('',#150);
#150 = CARTESIAN_POINT('',(3.2,-1.68508218794E-13,5.586842353104));
#151 = VERTEX_POINT('',#152);
#152 = CARTESIAN_POINT('',(3.2,2.090905190488E-13,4.413158142577));
#153 = SURFACE_CURVE('',#154,(#158,#165),.PCURVE_S1.);
#154 = LINE('',#155,#156);
#155 = CARTESIAN_POINT('',(3.2,3.448309210555E-15,24.));
#156 = VECTOR('',#157,1.);
#157 = DIRECTION('',(0.,-1.224646799147E-16,-1.));
#158 = PCURVE('',#133,#159);
#159 = DEFINITIONAL_REPRESENTATION('',(#160),#164);
#160 = LINE('',#161,#162);
#161 = CARTESIAN_POINT('',(0.,-0.));
#162 = VECTOR('',#163,1.);
#163 = DIRECTION('',(0.,1.));
#164 = ( GEOMETRIC_REPRESENTATION_CONTEXT(2) 
PARAMETRIC_REPRESENTATION_CONTEXT() REPRESENTATION_CONTEXT('2D SPACE',''
  ) );
#165 = PCURVE('',#166,#171);
#166 = PLANE('',#167);
#167 = AXIS2_PLACEMENT_3D('',#168,#169,#170);
#168 = CARTESIAN_POINT('',(3.42659399122,2.260808438499E-08,
    4.999999772719));
#169 = DIRECTION('',(-9.977336516487E-08,1.,6.428575438386E-13));
#170 = DIRECTION('',(-1.,-9.977336516487E-08,1.221871322893E-23));
#171 = DEFINITIONAL_REPRESENTATION('',(#172),#176);
#172 = LINE('',#173,#174);
#173 = CARTESIAN_POINT('',(0.22659399122,19.000000227281));
#174 = VECTOR('',#175,1.);
#175 = DIRECTION('',(6.894274367573E-36,-1.));
#176 = ( GEOMETRIC_REPRESENTATION_CONTEXT(2) 
PARAMETRIC_REPRESENTATION_CONTEXT() REPRESENTATION_CONTEXT('2D SPACE',''
  ) );
#177 = ORIENTED_EDGE('',*,*,#178,.F.);
#178 = EDGE_CURVE('',#179,#149,#181,.T.);
#179 = VERTEX_POINT('',#180);
#180 = CARTESIAN_POINT('',(3.2,1.294542761317E-15,6.413162303311));
#181 = SURFACE_CURVE('',#182,(#186,#193),.PCURVE_S1.);
#182 = LINE('',#183,#184);
#183 = CARTESIAN_POINT('',(3.2,3.448309210555E-15,24.));
#184 = VECTOR('',#185,1.);
#185 = DIRECTION('',(0.,-1.224646799147E-16,-1.));
#186 = PCURVE('',#133,#187);
#187 = DEFINITIONAL_REPRESENTATION('',(#188),#192);
#188 = LINE('',#189,#190);
#189 = CARTESIAN_POINT('',(0.,-0.));
#190 = VECTOR('',#191,1.);
#191 = DIRECTION('',(0.,1.));
#192 = ( GEOMETRIC_REPRESENTATION_CONTEXT(2) 
PARAMETRIC_REPRESENTATION_CONTEXT() REPRESENTATION_CONTEXT('2D SPACE',''
  ) );
#193 = PCURVE('',#194,#199);
#194 = CYLINDRICAL_SURFACE('',#195,3.2);
#195 = AXIS2_PLACEMENT_3D('',#196,#197,#198);
#196 = CARTESIAN_POINT('',(0.,2.6645352591E-15,24.));
#197 = DIRECTION('',(0.,-1.224646799147E-16,-1.));
#198 = DIRECTION('',(1.,0.,0.));
#199 = DEFINITIONAL_REPRESENTATION('',(#200),#204);
#200 = LINE('',#201,#202);
#201 = CARTESIAN_POINT('',(6.28318530718,-0.));
#202 = VECTOR('',#203,1.);
#203 = DIRECTION('',(0.,1.));
#204 = ( GEOMETRIC_REPRESENTATION_CONTEXT(2) 
PARAMETRIC_REPRESENTATION_CONTEXT() REPRESENTATION_CONTEXT('2D SPACE',''
  ) );
#205 = ORIENTED_EDGE('',*,*,#206,.T.);
#206 = EDGE_CURVE('',#179,#151,#207,.T.);
#207 = SURFACE_CURVE('',#208,(#267,#329),.PCURVE_S1.);
#208 = B_SPLINE_CURVE_WITH_KNOTS('',8,(#209,#210,#211,#212,#213,#214,
    #215,#216,#217,#218,#219,#220,#221,#222,#223,#224,#225,#226,#227,
    #228,#229,#230,#231,#232,#233,#234,#235,#236,#237,#238,#239,#240,
    #241,#242,#243,#244,#245,#246,#247,#248,#249,#250,#251,#252,#253,
    #254,#255,#256,#257,#258,#259,#260,#261,#262,#263,#264,#265,#266),
  .UNSPECIFIED.,.F.,.F.,(9,7,7,7,7,7,7,7,9),(0.,0.119577732122,
    0.229581832781,0.327064586553,0.447864836602,0.555977044088,
    0.65351815248,0.824563787522,1.),.UNSPECIFIED.);
#209 = CARTESIAN_POINT('',(3.2,5.395750118214E-15,6.413162303311));
#210 = CARTESIAN_POINT('',(3.2,-0.300449712047,6.383278417492));
#211 = CARTESIAN_POINT('',(3.167760220584,-0.601031265635,6.353379962351
    ));
#212 = CARTESIAN_POINT('',(3.103234130017,-0.897507294353,6.32348658009)
  );
#213 = CARTESIAN_POINT('',(3.007091295978,-1.185838848688,6.293597648749
    ));
#214 = CARTESIAN_POINT('',(2.880554866397,-1.462187732894,6.263708185724
    ));
#215 = CARTESIAN_POINT('',(2.725349035654,-1.722912078786,6.233813020826
    ));
#216 = CARTESIAN_POINT('',(2.543741610474,-1.964599096351,6.203911412769
    ));
#217 = CARTESIAN_POINT('',(2.150010667846,-2.386178785801,6.146529976232
    ));
#218 = CARTESIAN_POINT('',(1.941362706346,-2.569610921214,6.119028693787
    ));
#219 = CARTESIAN_POINT('',(1.714931385087,-2.732074631798,6.091532339738
    ));
#220 = CARTESIAN_POINT('',(1.47320320013,-2.871596219891,6.064039674933)
  );
#221 = CARTESIAN_POINT('',(1.218872018008,-2.986568715817,6.03654625099)
  );
#222 = CARTESIAN_POINT('',(0.954815890294,-3.075733440512,6.009048042517
    ));
#223 = CARTESIAN_POINT('',(0.684100478534,-3.13821573937,5.981545144666)
  );
#224 = CARTESIAN_POINT('',(0.167077150361,-3.205007920788,5.929688112446
    ));
#225 = CARTESIAN_POINT('',(-7.863578868875E-02,-3.215147149883,
    5.9053185445));
#226 = CARTESIAN_POINT('',(-0.324903956795,-3.203738187337,
    5.880950786004));
#227 = CARTESIAN_POINT('',(-0.569516820703,-3.170784601805,5.85658592964
    ));
#228 = CARTESIAN_POINT('',(-0.810302306314,-3.116552273354,
    5.832221732687));
#229 = CARTESIAN_POINT('',(-1.045134325433,-3.041551208234,
    5.807855759027));
#230 = CARTESIAN_POINT('',(-1.271945457718,-2.946547131712,
    5.783488504558));
#231 = CARTESIAN_POINT('',(-1.757401676021,-2.691403558582,
    5.728937212087));
#232 = CARTESIAN_POINT('',(-2.010875831223,-2.521018606564,
    5.698734597139));
#233 = CARTESIAN_POINT('',(-2.245273744474,-2.32343867256,5.668539775413
    ));
#234 = CARTESIAN_POINT('',(-2.457235712484,-2.101218710339,
    5.638351195227));
#235 = CARTESIAN_POINT('',(-2.643855154351,-1.857325278491,
    5.608162256296));
#236 = CARTESIAN_POINT('',(-2.802649620997,-1.59509062667,5.577966547652
    ));
#237 = CARTESIAN_POINT('',(-2.931614265091,-1.318235720797,
    5.547763069951));
#238 = CARTESIAN_POINT('',(-3.116893263777,-0.773790283552,
    5.490555418244));
#239 = CARTESIAN_POINT('',(-3.179485910093,-0.508074372563,
    5.463526917108));
#240 = CARTESIAN_POINT('',(-3.216132664583,-0.236718152138,5.4365008317)
  );
#241 = CARTESIAN_POINT('',(-3.226286198999,3.730811124725E-02,
    5.409478774123));
#242 = CARTESIAN_POINT('',(-3.209798020466,0.311023883617,5.382456813025
    ));
#243 = CARTESIAN_POINT('',(-3.166887710354,0.581456156211,5.355430805116
    ));
#244 = CARTESIAN_POINT('',(-3.098169051951,0.845656536447,5.328401684502
    ));
#245 = CARTESIAN_POINT('',(-2.920433117219,1.330839128888,5.277001817982
    ));
#246 = CARTESIAN_POINT('',(-2.815983777772,1.553602218526,5.2526212765)
  );
#247 = CARTESIAN_POINT('',(-2.692151376481,1.766898176112,5.228243947555
    ));
#248 = CARTESIAN_POINT('',(-2.549952987389,1.968780492482,5.203869199895
    ));
#249 = CARTESIAN_POINT('',(-2.390619055261,2.157446585805,5.179493757933
    ));
#250 = CARTESIAN_POINT('',(-2.215579623124,2.33123894325,5.155114794107)
  );
#251 = CARTESIAN_POINT('',(-2.026474142786,2.488665697726,5.130733264532
    ));
#252 = CARTESIAN_POINT('',(-1.472209057986,2.873546463355,5.063612739042
    ));
#253 = CARTESIAN_POINT('',(-1.080964854293,3.064930176912,5.020789018565
    ));
#254 = CARTESIAN_POINT('',(-0.661979051031,3.19477228004,4.978012750442)
  );
#255 = CARTESIAN_POINT('',(-0.22666701322,3.259033003613,4.935260849601)
  );
#256 = CARTESIAN_POINT('',(0.213355882806,3.255654775868,4.892508620186)
  );
#257 = CARTESIAN_POINT('',(0.646293752662,3.185059424236,4.849732430895)
  );
#258 = CARTESIAN_POINT('',(1.060271540606,3.049670386229,4.806908956814)
  );
#259 = CARTESIAN_POINT('',(1.837120839107,2.656925715987,4.720323356548)
  );
#260 = CARTESIAN_POINT('',(2.199975067327,2.395735952834,4.676391292209)
  );
#261 = CARTESIAN_POINT('',(2.519410944781,2.07820053711,4.632512349364)
  );
#262 = CARTESIAN_POINT('',(2.785813387715,1.713189971381,4.588657953861)
  );
#263 = CARTESIAN_POINT('',(2.991363454379,1.310759000151,4.54479644665)
  );
#264 = CARTESIAN_POINT('',(3.130619633631,0.882419342562,4.500913299231)
  );
#265 = CARTESIAN_POINT('',(3.2,0.440752148678,4.45700016511));
#266 = CARTESIAN_POINT('',(3.2,6.570737803087E-13,4.413158142577));
#267 = PCURVE('',#133,#268);
#268 = DEFINITIONAL_REPRESENTATION('',(#269),#328);
#269 = B_SPLINE_CURVE_WITH_KNOTS('',8,(#270,#271,#272,#273,#274,#275,
    #276,#277,#278,#279,#280,#281,#282,#283,#284,#285,#286,#287,#288,
    #289,#290,#291,#292,#293,#294,#295,#296,#297,#298,#299,#300,#301,
    #302,#303,#304,#305,#306,#307,#308,#309,#310,#311,#312,#313,#314,
    #315,#316,#317,#318,#319,#320,#321,#322,#323,#324,#325,#326,#327),
  .UNSPECIFIED.,.F.,.F.,(9,7,7,7,7,7,7,7,9),(0.,0.119577732122,
    0.229581832781,0.327064586553,0.447864836602,0.555977044088,
    0.65351815248,0.824563787522,1.),.UNSPECIFIED.);
#270 = CARTESIAN_POINT('',(0.,17.586837696689));
#271 = CARTESIAN_POINT('',(9.389053501484E-02,17.616721582508));
#272 = CARTESIAN_POINT('',(0.187822298969,17.646620037649));
#273 = CARTESIAN_POINT('',(0.281732231879,17.67651341991));
#274 = CARTESIAN_POINT('',(0.375624069018,17.706402351251));
#275 = CARTESIAN_POINT('',(0.469516664939,17.736291814276));
#276 = CARTESIAN_POINT('',(0.563428733199,17.766186979174));
#277 = CARTESIAN_POINT('',(0.657363180673,17.796088587231));
#278 = CARTESIAN_POINT('',(0.837628146716,17.853470023768));
#279 = CARTESIAN_POINT('',(0.924025732038,17.880971306213));
#280 = CARTESIAN_POINT('',(1.010409479818,17.908467660262));
#281 = CARTESIAN_POINT('',(1.096782477326,17.935960325067));
#282 = CARTESIAN_POINT('',(1.183157654086,17.96345374901));
#283 = CARTESIAN_POINT('',(1.269546940967,17.990951957483));
#284 = CARTESIAN_POINT('',(1.355949958363,18.018454855334));
#285 = CARTESIAN_POINT('',(1.518862390918,18.070311887554));
#286 = CARTESIAN_POINT('',(1.595420464006,18.0946814555));
#287 = CARTESIAN_POINT('',(1.671972398564,18.119049213996));
#288 = CARTESIAN_POINT('',(1.748515190103,18.14341407036));
#289 = CARTESIAN_POINT('',(1.825056378019,18.167778267313));
#290 = CARTESIAN_POINT('',(1.901604010109,18.192144240973));
#291 = CARTESIAN_POINT('',(1.978156710921,18.216511495442));
#292 = CARTESIAN_POINT('',(2.14953838441,18.271062787913));
#293 = CARTESIAN_POINT('',(2.244426235973,18.301265402861));
#294 = CARTESIAN_POINT('',(2.339290936228,18.331460224587));
#295 = CARTESIAN_POINT('',(2.434136674074,18.361648804773));
#296 = CARTESIAN_POINT('',(2.52898297619,18.391837743704));
#297 = CARTESIAN_POINT('',(2.623848851261,18.422033452348));
#298 = CARTESIAN_POINT('',(2.718736953522,18.452236930049));
#299 = CARTESIAN_POINT('',(2.898458184456,18.509444581756));
#300 = CARTESIAN_POINT('',(2.983368160993,18.536473082892));
#301 = CARTESIAN_POINT('',(3.068268918022,18.5634991683));
#302 = CARTESIAN_POINT('',(3.15315589084,18.590521225877));
#303 = CARTESIAN_POINT('',(3.238042222064,18.617543186975));
#304 = CARTESIAN_POINT('',(3.322941798156,18.644569194884));
#305 = CARTESIAN_POINT('',(3.407852379251,18.671598315498));
#306 = CARTESIAN_POINT('',(3.569325157319,18.722998182018));
#307 = CARTESIAN_POINT('',(3.645917860433,18.7473787235));
#308 = CARTESIAN_POINT('',(3.722501864509,18.771756052445));
#309 = CARTESIAN_POINT('',(3.799079085599,18.796130800105));
#310 = CARTESIAN_POINT('',(3.875659467683,18.820506242067));
#311 = CARTESIAN_POINT('',(3.952251349913,18.844885205893));
#312 = CARTESIAN_POINT('',(4.028851156339,18.869266735468));
#313 = CARTESIAN_POINT('',(4.239723365674,18.936387260958));
#314 = CARTESIAN_POINT('',(4.37426093175,18.979210981435));
#315 = CARTESIAN_POINT('',(4.50864600465,19.021987249558));
#316 = CARTESIAN_POINT('',(4.642950639558,19.064739150398));
#317 = CARTESIAN_POINT('',(4.777256594123,19.107491379815));
#318 = CARTESIAN_POINT('',(4.911645263949,19.150267569104));
#319 = CARTESIAN_POINT('',(5.046185792618,19.193091043186));
#320 = CARTESIAN_POINT('',(5.318212188789,19.279676643452));
#321 = CARTESIAN_POINT('',(5.456231998922,19.323608707791));
#322 = CARTESIAN_POINT('',(5.594076313351,19.367487650636));
#323 = CARTESIAN_POINT('',(5.731831485729,19.41134204614));
#324 = CARTESIAN_POINT('',(5.869586393961,19.455203553349));
#325 = CARTESIAN_POINT('',(6.007430280743,19.49908670077));
#326 = CARTESIAN_POINT('',(6.145450260718,19.54299983489));
#327 = CARTESIAN_POINT('',(6.28318530718,19.586841857423));
#328 = ( GEOMETRIC_REPRESENTATION_CONTEXT(2) 
PARAMETRIC_REPRESENTATION_CONTEXT() REPRESENTATION_CONTEXT('2D SPACE',''
  ) );
#329 = PCURVE('',#330,#495);
#330 = B_SPLINE_SURFACE_WITH_KNOTS('',1,11,(
    (#331,#332,#333,#334,#335,#336,#337,#338,#339,#340,#341,#342,#343
      ,#344,#345,#346,#347,#348,#349,#350,#351,#352,#353,#354,#355,#356
      ,#357,#358,#359,#360,#361,#362,#363,#364,#365,#366,#367,#368,#369
      ,#370,#371,#372,#373,#374,#375,#376,#377,#378,#379,#380,#381,#382
      ,#383,#384,#385,#386,#387,#388,#389,#390,#391,#392,#393,#394,#395
      ,#396,#397,#398,#399,#400,#401,#402,#403,#404,#405,#406,#407,#408
      ,#409,#410,#411,#412)
    ,(#413,#414,#415,#416,#417,#418,#419,#420,#421,#422,#423,#424,#425
      ,#426,#427,#428,#429,#430,#431,#432,#433,#434,#435,#436,#437,#438
      ,#439,#440,#441,#442,#443,#444,#445,#446,#447,#448,#449,#450,#451
      ,#452,#453,#454,#455,#456,#457,#458,#459,#460,#461,#462,#463,#464
      ,#465,#466,#467,#468,#469,#470,#471,#472,#473,#474,#475,#476,#477
      ,#478,#479,#480,#481,#482,#483,#484,#485,#486,#487,#488,#489,#490
      ,#491,#492,#493,#494
    )),.UNSPECIFIED.,.F.,.F.,.F.,(2,2),(12,10,10,10,10,10,10,10,12),(0.,
    1.030776406404),(0.,7.41804369632,14.83608739264,22.25413108896,
    29.672174785281,37.090218481601,44.508262177921,51.926305874241,
    59.344349570561),.UNSPECIFIED.);
#331 = CARTESIAN_POINT('',(4.,2.955543619057E-15,22.75));
#332 = CARTESIAN_POINT('',(3.999998104846,-2.570404161237,
    22.545448502335));
#333 = CARTESIAN_POINT('',(2.184300539431,-5.140977045946,
    22.340933222649));
#334 = CARTESIAN_POINT('',(-1.458800974039,-6.283085127,22.136298859291)
  );
#335 = CARTESIAN_POINT('',(-5.612014533389,-4.57567410619,
    21.931934941096));
#336 = CARTESIAN_POINT('',(-7.933949789277,0.14193948017,21.727116135992
    ));
#337 = CARTESIAN_POINT('',(-5.7104201589,5.509736408803,21.522882639011)
  );
#338 = CARTESIAN_POINT('',(-0.732869747498,7.20382604341,21.318065346535
    ));
#339 = CARTESIAN_POINT('',(3.41131687356,5.474314424419,21.113699000483)
  );
#340 = CARTESIAN_POINT('',(5.179742028344,2.09069634729,20.909067145404)
  );
#341 = CARTESIAN_POINT('',(4.645978408053,-1.010877765229,
    20.704549909652));
#342 = CARTESIAN_POINT('',(1.010875707275,-4.645976241988,20.2954493));
#343 = CARTESIAN_POINT('',(-2.090686227023,-5.179753058337,
    20.090931929648));
#344 = CARTESIAN_POINT('',(-5.474339868665,-3.411284567223,
    19.886300582704));
#345 = CARTESIAN_POINT('',(-7.203784045833,0.732803929075,
    19.681933031438));
#346 = CARTESIAN_POINT('',(-5.509783029424,5.710515526195,
    19.477117898691));
#347 = CARTESIAN_POINT('',(-0.141905069135,7.933849207766,
    19.272881292515));
#348 = CARTESIAN_POINT('',(4.575657219512,5.612091157678,19.068066182549
    ));
#349 = CARTESIAN_POINT('',(6.283090077049,1.458759682176,18.863698594724
    ));
#350 = CARTESIAN_POINT('',(5.140976301398,-2.184285191431,
    18.659067285543));
#351 = CARTESIAN_POINT('',(2.570404310778,-4.000001352995,
    18.454549885745));
#352 = CARTESIAN_POINT('',(-2.570404236351,-3.999998377173,
    18.045449312005));
#353 = CARTESIAN_POINT('',(-5.140976924187,-2.184300097999,
    17.840931910196));
#354 = CARTESIAN_POINT('',(-6.28308528929,1.458800385672,17.636300608626
    ));
#355 = CARTESIAN_POINT('',(-4.575673926361,5.612015185332,
    17.431933002715));
#356 = CARTESIAN_POINT('',(0.141939314177,7.93394918751,17.227117925206)
  );
#357 = CARTESIAN_POINT('',(5.509736535604,5.710420618579,17.02288127226)
  );
#358 = CARTESIAN_POINT('',(7.203825964681,0.73286946209,16.818066195124)
  );
#359 = CARTESIAN_POINT('',(5.47431446263,-3.411316735036,16.613698588621
    ));
#360 = CARTESIAN_POINT('',(2.090696334094,-5.179742076188,16.40906728765
    ));
#361 = CARTESIAN_POINT('',(-1.010877762977,-4.645978399891,
    16.204549885386));
#362 = CARTESIAN_POINT('',(-4.645976243118,-1.010875711374,
    15.795449312185));
#363 = CARTESIAN_POINT('',(-5.179753056507,2.090686233663,
    15.590931909907));
#364 = CARTESIAN_POINT('',(-3.411284569659,5.474339859821,
    15.386300609003));
#365 = CARTESIAN_POINT('',(0.732803931769,7.203784055624,15.181933002309
    ));
#366 = CARTESIAN_POINT('',(5.710515523718,5.509783020392,14.977117925569
    ));
#367 = CARTESIAN_POINT('',(7.933849209647,0.141905076034,14.772881271989
    ));
#368 = CARTESIAN_POINT('',(5.612091156518,-4.575657223798,
    14.568066195292));
#369 = CARTESIAN_POINT('',(1.458759682738,-6.283090074967,
    14.363698588536));
#370 = CARTESIAN_POINT('',(-2.184285191627,-5.140976302117,
    14.159067287685));
#371 = CARTESIAN_POINT('',(-4.000001352959,-2.570404310656,
    13.954549885374));
#372 = CARTESIAN_POINT('',(-3.999998377197,2.57040423629,13.545449312207
    ));
#373 = CARTESIAN_POINT('',(-2.18430009794,5.140976924291,13.340931909826
    ));
#374 = CARTESIAN_POINT('',(1.458800385568,6.283085289143,13.136300609171
    ));
#375 = CARTESIAN_POINT('',(5.612015185464,4.575673926523,12.931933002062
    ));
#376 = CARTESIAN_POINT('',(7.93394918739,-0.141939314307,12.727117925852
    ));
#377 = CARTESIAN_POINT('',(5.710420618655,-5.509736535542,
    12.522881271728));
#378 = CARTESIAN_POINT('',(0.732869462058,-7.203825964684,
    12.318066195487));
#379 = CARTESIAN_POINT('',(-3.411316735025,-5.47431446265,
    12.113698588421));
#380 = CARTESIAN_POINT('',(-5.179742076193,-2.090696334078,
    11.909067287733));
#381 = CARTESIAN_POINT('',(-4.645978399888,1.010877762972,
    11.704549885367));
#382 = CARTESIAN_POINT('',(-1.010875711379,4.645976243123,
    11.295449312198));
#383 = CARTESIAN_POINT('',(2.090686233689,5.179753056493,11.09093190989)
  );
#384 = CARTESIAN_POINT('',(5.474339859753,3.411284569685,10.886300608998
    ));
#385 = CARTESIAN_POINT('',(7.203784055742,-0.732803931809,
    10.681933002387));
#386 = CARTESIAN_POINT('',(5.50978302024,-5.710515523665,10.477117925378
    ));
#387 = CARTESIAN_POINT('',(0.141905076191,-7.933849209709,
    10.272881272294));
#388 = CARTESIAN_POINT('',(-4.575657223938,-5.612091156456,
    10.06806619492));
#389 = CARTESIAN_POINT('',(-6.283090074853,-1.458759682789,9.8636985889)
  );
#390 = CARTESIAN_POINT('',(-5.140976302201,2.184285191659,9.659067287393
    ));
#391 = CARTESIAN_POINT('',(-2.570404310603,4.000001352943,9.454549885566
    ));
#392 = CARTESIAN_POINT('',(2.570404236185,3.999998377225,9.045449311812)
  );
#393 = CARTESIAN_POINT('',(5.140976924901,2.184300097763,8.840931912097)
  );
#394 = CARTESIAN_POINT('',(6.283085287377,-1.458800385017,8.636300602689
    ));
#395 = CARTESIAN_POINT('',(4.575673930189,-5.612015186679,8.431933015268
    ));
#396 = CARTESIAN_POINT('',(-0.141939320266,-7.933949185327,
    8.227117904763));
#397 = CARTESIAN_POINT('',(-5.509736527682,-5.710420621452,
    8.022881299156));
#398 = CARTESIAN_POINT('',(-7.203825973226,-0.732869458972,7.81806616592
    ));
#399 = CARTESIAN_POINT('',(-5.474314454952,3.411316732226,7.613698614998
    ));
#400 = CARTESIAN_POINT('',(-2.09069633983,5.17974207829,7.409067267863)
  );
#401 = CARTESIAN_POINT('',(1.010877766503,4.645978398595,7.204549897584)
  );
#402 = CARTESIAN_POINT('',(4.64597623611,1.010875713955,6.795449287915)
  );
#403 = CARTESIAN_POINT('',(5.179753097579,-2.090686248789,6.590932052165
    ));
#404 = CARTESIAN_POINT('',(3.411284450739,-5.474339816027,6.386300197096
    ));
#405 = CARTESIAN_POINT('',(-0.732803686745,-7.203784145847,
    6.181933851017));
#406 = CARTESIAN_POINT('',(-5.710515918365,-5.509782875096,
    5.977116558596));
#407 = CARTESIAN_POINT('',(-7.933848693004,-0.141905266222,
    5.772883061521));
#408 = CARTESIAN_POINT('',(-5.612091716245,4.57565742983,5.56806425654)
  );
#409 = CARTESIAN_POINT('',(-1.45875917759,6.283089889032,5.363700338225)
  );
#410 = CARTESIAN_POINT('',(2.184284812628,5.140976441618,5.159065974956)
  );
#411 = CARTESIAN_POINT('',(4.000001586772,2.570404224595,4.95455069522)
  );
#412 = CARTESIAN_POINT('',(3.999999749242,7.981887034139E-08,
    4.749999197576));
#413 = CARTESIAN_POINT('',(3.05,7.125405240667E-15,22.35));
#414 = CARTESIAN_POINT('',(3.049995081423,-1.959923307958,
    22.145455678539));
#415 = CARTESIAN_POINT('',(1.665536691532,-3.920051192781,
    21.940904566209));
#416 = CARTESIAN_POINT('',(-1.112338465017,-4.790682766024,
    21.736375782069));
#417 = CARTESIAN_POINT('',(-4.279185041409,-3.489281556561,
    21.531796289434));
#418 = CARTESIAN_POINT('',(-6.049569238801,0.108684028596,
    21.327302088184));
#419 = CARTESIAN_POINT('',(-4.354293505105,4.200718656696,
    21.122698141483));
#420 = CARTESIAN_POINT('',(-0.558717832246,5.49324554187,20.918203656679
    ));
#421 = CARTESIAN_POINT('',(2.60106742078,4.173999089833,20.713624619188)
  );
#422 = CARTESIAN_POINT('',(3.949577806111,1.594209243713,20.509095364798
    ));
#423 = CARTESIAN_POINT('',(3.542553279233,-0.770803218231,
    20.304544619211));
#424 = CARTESIAN_POINT('',(0.770797616673,-3.542547708694,
    19.895455528977));
#425 = CARTESIAN_POINT('',(-1.594183259936,-3.949606352834,
    19.690904808649));
#426 = CARTESIAN_POINT('',(-4.17406531855,-2.600983154561,
    19.486375458919));
#427 = CARTESIAN_POINT('',(-5.493136544848,0.558547169693,
    19.281796647513));
#428 = CARTESIAN_POINT('',(-4.200839171659,4.35454166806,19.077301757657
    ));
#429 = CARTESIAN_POINT('',(-0.108594616301,6.049307859509,
    18.872698393968));
#430 = CARTESIAN_POINT('',(3.489238501861,4.279383877672,18.668203499917
    ));
#431 = CARTESIAN_POINT('',(4.790695231702,1.112230874567,18.46362469527)
  );
#432 = CARTESIAN_POINT('',(3.9200494996,-1.665497160386,18.259095338522)
  );
#433 = CARTESIAN_POINT('',(1.959923249692,-3.050003615774,
    18.054544623693));
#434 = CARTESIAN_POINT('',(-1.959923278691,-3.049995735823,
    17.645455526728));
#435 = CARTESIAN_POINT('',(-3.920051240219,-1.665535630773,
    17.440904812286));
#436 = CARTESIAN_POINT('',(-4.790682702802,1.112337051166,
    17.236375454084));
#437 = CARTESIAN_POINT('',(-3.489281626607,4.279186608042,
    17.031796652855));
#438 = CARTESIAN_POINT('',(0.108684093247,6.049567792734,16.827301752736
    ));
#439 = CARTESIAN_POINT('',(4.200718607308,4.354294609732,16.622698397724
    ));
#440 = CARTESIAN_POINT('',(5.493245572539,0.558717146401,16.418203497584
    ));
#441 = CARTESIAN_POINT('',(4.173999074943,-2.601067087904,
    16.213624696404));
#442 = CARTESIAN_POINT('',(1.594209248858,-3.949577921079,
    16.009095338129));
#443 = CARTESIAN_POINT('',(-0.77080321911,-3.54255325962,15.80454462376)
  );
#444 = CARTESIAN_POINT('',(-3.542547708251,-0.770797626523,
    15.395455526694));
#445 = CARTESIAN_POINT('',(-3.94960635356,1.594183275891,15.190904812344
    ));
#446 = CARTESIAN_POINT('',(-2.600983153584,4.174065297299,
    14.986375454004));
#447 = CARTESIAN_POINT('',(0.5585471686,5.493136568378,14.781796652949)
  );
#448 = CARTESIAN_POINT('',(4.354541669084,4.200839149949,14.577301752644
    ));
#449 = CARTESIAN_POINT('',(6.049307858714,0.108594632884,14.372698397798
    ));
#450 = CARTESIAN_POINT('',(4.279383878172,-3.489238512161,
    14.168203497534));
#451 = CARTESIAN_POINT('',(1.112230874326,-4.790695226701,
    13.963624696432));
#452 = CARTESIAN_POINT('',(-1.665497160309,-3.920049501328,
    13.759095338116));
#453 = CARTESIAN_POINT('',(-3.050003615781,-1.959923249397,
    13.554544623765));
#454 = CARTESIAN_POINT('',(-3.049995735834,1.959923278541,
    13.145455526686));
#455 = CARTESIAN_POINT('',(-1.665535630705,3.920051240479,
    12.940904812385));
#456 = CARTESIAN_POINT('',(1.11233705101,4.790682702431,12.7363754539));
#457 = CARTESIAN_POINT('',(4.279186608274,3.489281627015,12.531796653127
    ));
#458 = CARTESIAN_POINT('',(6.049567792487,-0.108684093564,
    12.327301752419));
#459 = CARTESIAN_POINT('',(4.35429460993,-4.200718607167,12.122698398012
    ));
#460 = CARTESIAN_POINT('',(0.558717146275,-5.493245572535,
    11.918203497381));
#461 = CARTESIAN_POINT('',(-2.601067087835,-4.173999074995,
    11.713624696512));
#462 = CARTESIAN_POINT('',(-3.949577921112,-1.594209248823,
    11.509095338088));
#463 = CARTESIAN_POINT('',(-3.542553259608,0.770803219099,
    11.304544623769));
#464 = CARTESIAN_POINT('',(-0.770797626539,3.54254770826,10.895455526686
    ));
#465 = CARTESIAN_POINT('',(1.594183275967,3.949606353537,10.690904812371
    ));
#466 = CARTESIAN_POINT('',(4.17406529711,2.600983153622,10.486375453946)
  );
#467 = CARTESIAN_POINT('',(5.493136568707,-0.55854716865,10.281796653031
    ));
#468 = CARTESIAN_POINT('',(4.200839149514,-4.354541669022,
    10.077301752567));
#469 = CARTESIAN_POINT('',(0.10859463335,-6.04930785878,9.872698397837)
  );
#470 = CARTESIAN_POINT('',(-3.489238512588,-4.279383878117,
    9.668203497547));
#471 = CARTESIAN_POINT('',(-4.790695226354,-1.112230874356,
    9.463624696386));
#472 = CARTESIAN_POINT('',(-3.920049501576,1.665497160313,9.259095338167
    ));
#473 = CARTESIAN_POINT('',(-1.959923249247,3.050003615789,9.054544623727
    ));
#474 = CARTESIAN_POINT('',(1.959923278246,3.049995735807,8.645455526764)
  );
#475 = CARTESIAN_POINT('',(3.920051242197,1.665535630832,8.440904811929)
  );
#476 = CARTESIAN_POINT('',(4.790682697441,-1.112337051292,8.236375455208
    ));
#477 = CARTESIAN_POINT('',(3.489281637388,-4.279186607853,8.031796650472
    ));
#478 = CARTESIAN_POINT('',(-0.108684110434,-6.04956779295,7.827301756619
    ));
#479 = CARTESIAN_POINT('',(-4.200718584932,-4.354294609538,
    7.622698392624));
#480 = CARTESIAN_POINT('',(-5.493245596679,-0.558717146547,
    7.418203503105));
#481 = CARTESIAN_POINT('',(-4.173999053246,2.601067087997,7.213624691435
    ));
#482 = CARTESIAN_POINT('',(-1.594209265073,3.949577921029,7.009095341846
    ));
#483 = CARTESIAN_POINT('',(0.770803229082,3.542553259639,6.804544621472)
  );
#484 = CARTESIAN_POINT('',(3.542547688419,0.770797626499,6.395455531244)
  );
#485 = CARTESIAN_POINT('',(3.949606469787,-1.594183275769,6.19090478568)
  );
#486 = CARTESIAN_POINT('',(2.600982817063,-4.174065297656,5.98637553121)
  );
#487 = CARTESIAN_POINT('',(-0.558546475237,-5.493136567618,
    5.781796493864));
#488 = CARTESIAN_POINT('',(-4.354542785833,-4.20083915122,5.577302008891
    ));
#489 = CARTESIAN_POINT('',(-6.049306396763,-0.10859463117,5.372698062315
    ));
#490 = CARTESIAN_POINT('',(-4.279385462028,3.48923851027,5.168203861016)
  );
#491 = CARTESIAN_POINT('',(-1.112229444917,4.790695228418,4.963624368378
    ));
#492 = CARTESIAN_POINT('',(1.665496087867,3.920049500039,4.759095584252)
  );
#493 = CARTESIAN_POINT('',(3.050004277393,1.959923250191,4.554544471916)
  );
#494 = CARTESIAN_POINT('',(3.04999934803,-1.496561258553E-08,
    4.350000150455));
#495 = DEFINITIONAL_REPRESENTATION('',(#496),#555);
#496 = B_SPLINE_CURVE_WITH_KNOTS('',8,(#497,#498,#499,#500,#501,#502,
    #503,#504,#505,#506,#507,#508,#509,#510,#511,#512,#513,#514,#515,
    #516,#517,#518,#519,#520,#521,#522,#523,#524,#525,#526,#527,#528,
    #529,#530,#531,#532,#533,#534,#535,#536,#537,#538,#539,#540,#541,
    #542,#543,#544,#545,#546,#547,#548,#549,#550,#551,#552,#553,#554),
  .UNSPECIFIED.,.F.,.F.,(9,7,7,7,7,7,7,7,9),(0.,0.119577732122,
    0.229581832781,0.327064586553,0.447864836602,0.555977044088,
    0.65351815248,0.824563787522,1.),.UNSPECIFIED.);
#497 = CARTESIAN_POINT('',(0.868012397049,52.750531006018));
#498 = CARTESIAN_POINT('',(0.868007080858,52.849062238961));
#499 = CARTESIAN_POINT('',(0.868005315549,52.947636962671));
#500 = CARTESIAN_POINT('',(0.868007827386,53.046189489427));
#501 = CARTESIAN_POINT('',(0.868012880009,53.144724091262));
#502 = CARTESIAN_POINT('',(0.868018044542,53.243260302842));
#503 = CARTESIAN_POINT('',(0.868021748301,53.341817181866));
#504 = CARTESIAN_POINT('',(0.868023875824,53.440397320015));
#505 = CARTESIAN_POINT('',(0.868025450385,53.62957664047));
#506 = CARTESIAN_POINT('',(0.868025109319,53.720246283439));
#507 = CARTESIAN_POINT('',(0.868023914472,53.810900770256));
#508 = CARTESIAN_POINT('',(0.868022582755,53.90154326908));
#509 = CARTESIAN_POINT('',(0.86802184888,53.992187505843));
#510 = CARTESIAN_POINT('',(0.868022074585,54.08284628909));
#511 = CARTESIAN_POINT('',(0.868023115088,54.173519490344));
#512 = CARTESIAN_POINT('',(0.868025978866,54.344483706896));
#513 = CARTESIAN_POINT('',(0.86802769561,54.424825741574));
#514 = CARTESIAN_POINT('',(0.868029557227,54.505161625314));
#515 = CARTESIAN_POINT('',(0.868031150775,54.585488283958));
#516 = CARTESIAN_POINT('',(0.86803207243,54.665813628189));
#517 = CARTESIAN_POINT('',(0.86803205906,54.746146026326));
#518 = CARTESIAN_POINT('',(0.868031055694,54.826483913757));
#519 = CARTESIAN_POINT('',(0.868026942751,55.006339785242));
#520 = CARTESIAN_POINT('',(0.868023382335,55.105919592579));
#521 = CARTESIAN_POINT('',(0.868018811899,55.20547499859));
#522 = CARTESIAN_POINT('',(0.868013954225,55.305010194297));
#523 = CARTESIAN_POINT('',(0.868009844378,55.404545615997));
#524 = CARTESIAN_POINT('',(0.868007327754,55.504101318473));
#525 = CARTESIAN_POINT('',(0.868006654618,55.603680276283));
#526 = CARTESIAN_POINT('',(0.868008509203,55.792286285832));
#527 = CARTESIAN_POINT('',(0.868010702135,55.88139397021));
#528 = CARTESIAN_POINT('',(0.868014102536,55.970492145335));
#529 = CARTESIAN_POINT('',(0.868018229836,56.059576111089));
#530 = CARTESIAN_POINT('',(0.868022429149,56.148659666622));
#531 = CARTESIAN_POINT('',(0.868026060521,56.237757290739));
#532 = CARTESIAN_POINT('',(0.868028680725,56.326866470836));
#533 = CARTESIAN_POINT('',(0.868031604244,56.496323377562));
#534 = CARTESIAN_POINT('',(0.86803210743,56.576703143593));
#535 = CARTESIAN_POINT('',(0.868031638949,56.657073561323));
#536 = CARTESIAN_POINT('',(0.868030338716,56.737436532927));
#537 = CARTESIAN_POINT('',(0.868028532344,56.817802441127));
#538 = CARTESIAN_POINT('',(0.868026642317,56.898180067615));
#539 = CARTESIAN_POINT('',(0.868025052791,56.978565768687));
#540 = CARTESIAN_POINT('',(0.868021955682,57.199859949312));
#541 = CARTESIAN_POINT('',(0.868021427051,57.341046505517));
#542 = CARTESIAN_POINT('',(0.868023273181,57.482073577427));
#543 = CARTESIAN_POINT('',(0.868027044204,57.623017849959));
#544 = CARTESIAN_POINT('',(0.868028483877,57.763966188461));
#545 = CARTESIAN_POINT('',(0.868023110032,57.905002237616));
#546 = CARTESIAN_POINT('',(0.868015771716,58.0461966937));
#547 = CARTESIAN_POINT('',(0.868006200492,58.331673723988));
#548 = CARTESIAN_POINT('',(0.868003952071,58.476516588597));
#549 = CARTESIAN_POINT('',(0.868010507341,58.621173052945));
#550 = CARTESIAN_POINT('',(0.868027380138,58.765735387505));
#551 = CARTESIAN_POINT('',(0.868062238586,58.910298157213));
#552 = CARTESIAN_POINT('',(0.86807180518,59.05496463132));
#553 = CARTESIAN_POINT('',(0.868022631168,59.199805120736));
#554 = CARTESIAN_POINT('',(0.868021598303,59.344349570561));
#555 = ( GEOMETRIC_REPRESENTATION_CONTEXT(2) 
PARAMETRIC_REPRESENTATION_CONTEXT() REPRESENTATION_CONTEXT('2D SPACE',''
  ) );
#556 = ORIENTED_EDGE('',*,*,#557,.T.);
#557 = EDGE_CURVE('',#151,#117,#558,.T.);
#558 = SEAM_CURVE('',#559,(#563,#570),.PCURVE_S1.);
#559 = LINE('',#560,#561);
#560 = CARTESIAN_POINT('',(3.2,3.448309210555E-15,24.));
#561 = VECTOR('',#562,1.);
#562 = DIRECTION('',(0.,-1.224646799147E-16,-1.));
#563 = PCURVE('',#133,#564);
#564 = DEFINITIONAL_REPRESENTATION('',(#565),#569);
#565 = LINE('',#566,#567);
#566 = CARTESIAN_POINT('',(6.28318530718,-0.));
#567 = VECTOR('',#568,1.);
#568 = DIRECTION('',(0.,1.));
#569 = ( GEOMETRIC_REPRESENTATION_CONTEXT(2) 
PARAMETRIC_REPRESENTATION_CONTEXT() REPRESENTATION_CONTEXT('2D SPACE',''
  ) );
#570 = PCURVE('',#133,#571);
#571 = DEFINITIONAL_REPRESENTATION('',(#572),#576);
#572 = LINE('',#573,#574);
#573 = CARTESIAN_POINT('',(0.,-0.));
#574 = VECTOR('',#575,1.);
#575 = DIRECTION('',(0.,1.));
#576 = ( GEOMETRIC_REPRESENTATION_CONTEXT(2) 
PARAMETRIC_REPRESENTATION_CONTEXT() REPRESENTATION_CONTEXT('2D SPACE',''
  ) );
#577 = ORIENTED_EDGE('',*,*,#116,.F.);
#578 = ORIENTED_EDGE('',*,*,#557,.F.);
#579 = ADVANCED_FACE('',(#580),#166,.F.);
#580 = FACE_BOUND('',#581,.F.);
#581 = EDGE_LOOP('',(#582,#583,#769,#955));
#582 = ORIENTED_EDGE('',*,*,#148,.F.);
#583 = ORIENTED_EDGE('',*,*,#584,.T.);
#584 = EDGE_CURVE('',#149,#585,#587,.T.);
#585 = VERTEX_POINT('',#586);
#586 = CARTESIAN_POINT('',(4.000000250757,7.981859440118E-08,
    5.249999197575));
#587 = SURFACE_CURVE('',#588,(#591,#597),.PCURVE_S1.);
#588 = B_SPLINE_CURVE_WITH_KNOTS('',1,(#589,#590),.UNSPECIFIED.,.F.,.F.,
  (2,2),(0.,1.030776406404),.PIECEWISE_BEZIER_KNOTS.);
#589 = CARTESIAN_POINT('',(3.05000065197,-1.49663187502E-08,
    5.650000150454));
#590 = CARTESIAN_POINT('',(4.000000250757,7.981859662163E-08,
    5.249999197575));
#591 = PCURVE('',#166,#592);
#592 = DEFINITIONAL_REPRESENTATION('',(#593),#596);
#593 = B_SPLINE_CURVE_WITH_KNOTS('',1,(#594,#595),.UNSPECIFIED.,.F.,.F.,
  (2,2),(0.,1.030776406404),.PIECEWISE_BEZIER_KNOTS.);
#594 = CARTESIAN_POINT('',(0.37659333925,0.650000377735));
#595 = CARTESIAN_POINT('',(-0.573406259537,0.249999424856));
#596 = ( GEOMETRIC_REPRESENTATION_CONTEXT(2) 
PARAMETRIC_REPRESENTATION_CONTEXT() REPRESENTATION_CONTEXT('2D SPACE',''
  ) );
#597 = PCURVE('',#598,#763);
#598 = B_SPLINE_SURFACE_WITH_KNOTS('',1,11,(
    (#599,#600,#601,#602,#603,#604,#605,#606,#607,#608,#609,#610,#611
      ,#612,#613,#614,#615,#616,#617,#618,#619,#620,#621,#622,#623,#624
      ,#625,#626,#627,#628,#629,#630,#631,#632,#633,#634,#635,#636,#637
      ,#638,#639,#640,#641,#642,#643,#644,#645,#646,#647,#648,#649,#650
      ,#651,#652,#653,#654,#655,#656,#657,#658,#659,#660,#661,#662,#663
      ,#664,#665,#666,#667,#668,#669,#670,#671,#672,#673,#674,#675,#676
      ,#677,#678,#679,#680)
    ,(#681,#682,#683,#684,#685,#686,#687,#688,#689,#690,#691,#692,#693
      ,#694,#695,#696,#697,#698,#699,#700,#701,#702,#703,#704,#705,#706
      ,#707,#708,#709,#710,#711,#712,#713,#714,#715,#716,#717,#718,#719
      ,#720,#721,#722,#723,#724,#725,#726,#727,#728,#729,#730,#731,#732
      ,#733,#734,#735,#736,#737,#738,#739,#740,#741,#742,#743,#744,#745
      ,#746,#747,#748,#749,#750,#751,#752,#753,#754,#755,#756,#757,#758
      ,#759,#760,#761,#762
    )),.UNSPECIFIED.,.F.,.F.,.F.,(2,2),(12,10,10,10,10,10,10,10,12),(0.,
    1.030776406404),(0.,7.41804369632,14.83608739264,22.25413108896,
    29.672174785281,37.090218481601,44.508262177921,51.926305874241,
    59.344349570561),.UNSPECIFIED.);
#599 = CARTESIAN_POINT('',(3.05,-1.597174872445E-15,23.65));
#600 = CARTESIAN_POINT('',(3.050004919764,-1.959923684122,
    23.445455678539));
#601 = CARTESIAN_POINT('',(1.665496424626,-3.92005034613,23.240904566209
    ));
#602 = CARTESIAN_POINT('',(-1.112229706157,-4.79069624715,
    23.036375782056));
#603 = CARTESIAN_POINT('',(-4.279386393902,-3.489239234894,
    22.831796289481));
#604 = CARTESIAN_POINT('',(-6.049307689416,0.108594683718,
    22.627302088082));
#605 = CARTESIAN_POINT('',(-4.354543695944,4.200840070927,
    22.422698141623));
#606 = CARTESIAN_POINT('',(-0.558546567781,5.493137744314,
    22.218203656547));
#607 = CARTESIAN_POINT('',(2.600983393599,4.174066177286,22.013624619271
    ));
#608 = CARTESIAN_POINT('',(3.949607321859,1.594183597122,21.809095364765
    ));
#609 = CARTESIAN_POINT('',(3.542548441907,-0.770797808646,
    21.604544619216));
#610 = CARTESIAN_POINT('',(0.77080337645,-3.542554020682,21.195455528975
    ));
#611 = CARTESIAN_POINT('',(-1.594209625132,-3.949578757481,
    20.990904808653));
#612 = CARTESIAN_POINT('',(-4.173999958527,-2.601067623529,
    20.786375458902));
#613 = CARTESIAN_POINT('',(-5.493246767711,0.558717292941,
    20.581796647564));
#614 = CARTESIAN_POINT('',(-4.200719462086,4.354295560954,
    20.377301757552));
#615 = CARTESIAN_POINT('',(-0.108684103494,6.049569086578,20.17269839411
    ));
#616 = CARTESIAN_POINT('',(3.489282403958,4.279187505565,19.968203499784
    ));
#617 = CARTESIAN_POINT('',(4.790683727099,1.112337265466,19.763624695353
    ));
#618 = CARTESIAN_POINT('',(3.920052071942,-1.665536006046,
    19.559095338489));
#619 = CARTESIAN_POINT('',(1.959923682244,-3.049996397408,
    19.354544623698));
#620 = CARTESIAN_POINT('',(-1.959923683178,-3.050004258147,
    18.945455526726));
#621 = CARTESIAN_POINT('',(-3.920050347664,-1.665497497087,
    18.740904812291));
#622 = CARTESIAN_POINT('',(-4.790696245094,1.112231135605,
    18.536375454065));
#623 = CARTESIAN_POINT('',(-3.489239237184,4.279384809986,
    18.331796652911));
#624 = CARTESIAN_POINT('',(0.108594685837,6.049309151436,18.127301752625
    ));
#625 = CARTESIAN_POINT('',(4.200840069312,4.354542579132,17.922698397872
    ));
#626 = CARTESIAN_POINT('',(5.49313774531,0.55854726119,17.718203497447)
  );
#627 = CARTESIAN_POINT('',(4.174066176809,-2.600983730146,17.51362469649
    ));
#628 = CARTESIAN_POINT('',(1.594183597284,-3.949607205625,
    17.309095338095));
#629 = CARTESIAN_POINT('',(-0.770797808672,-3.542548461736,
    17.104544623765));
#630 = CARTESIAN_POINT('',(-3.542554020671,-0.770803366494,
    16.695455526691));
#631 = CARTESIAN_POINT('',(-3.949578757494,1.594209609013,
    16.490904812348));
#632 = CARTESIAN_POINT('',(-2.601067623512,4.173999979979,
    16.286375453988));
#633 = CARTESIAN_POINT('',(0.558717292919,5.493246743979,16.081796652998
    ));
#634 = CARTESIAN_POINT('',(4.354295560979,4.200719483964,15.877301752542
    ));
#635 = CARTESIAN_POINT('',(6.049569086554,0.108684086791,15.672698397938
    ));
#636 = CARTESIAN_POINT('',(4.279187505585,-3.489282393586,
    15.468203497403));
#637 = CARTESIAN_POINT('',(1.112337265451,-4.790683732138,
    15.263624696514));
#638 = CARTESIAN_POINT('',(-1.665536006034,-3.9200520702,15.059095338084
    ));
#639 = CARTESIAN_POINT('',(-3.049996397416,-1.959923682542,
    14.85454462377));
#640 = CARTESIAN_POINT('',(-3.050004258126,1.95992368333,14.445455526683
    ));
#641 = CARTESIAN_POINT('',(-1.66549749718,3.920050347392,14.24090481239)
  );
#642 = CARTESIAN_POINT('',(1.112231135814,4.790696245498,14.036375453882
    ));
#643 = CARTESIAN_POINT('',(4.27938480967,3.489239236716,13.831796653181)
  );
#644 = CARTESIAN_POINT('',(6.049309151783,-0.108594685442,
    13.627301752311));
#645 = CARTESIAN_POINT('',(4.354542578845,-4.200840069526,
    13.422698398158));
#646 = CARTESIAN_POINT('',(0.558547261374,-5.493137745265,
    13.218203497245));
#647 = CARTESIAN_POINT('',(-2.600983730242,-4.174066176778,
    13.013624696597));
#648 = CARTESIAN_POINT('',(-3.949607205582,-1.594183597314,
    12.809095338055));
#649 = CARTESIAN_POINT('',(-3.54254846175,0.770797808682,12.604544623774
    ));
#650 = CARTESIAN_POINT('',(-0.770803366475,3.542554020661,
    12.195455526684));
#651 = CARTESIAN_POINT('',(1.594209608925,3.949578757521,11.990904812374
    ));
#652 = CARTESIAN_POINT('',(4.173999980196,2.601067623464,11.786375453933
    ));
#653 = CARTESIAN_POINT('',(5.493246743608,-0.558717292851,
    11.581796653077));
#654 = CARTESIAN_POINT('',(4.200719484441,-4.354295561065,
    11.377301752468));
#655 = CARTESIAN_POINT('',(0.108684086299,-6.049569086461,
    11.172698397974));
#656 = CARTESIAN_POINT('',(-3.489282393151,-4.279187505663,
    10.968203497417));
#657 = CARTESIAN_POINT('',(-4.790683732483,-1.112337265405,
    10.763624696468));
#658 = CARTESIAN_POINT('',(-3.920052069955,1.66553600602,10.559095338135
    ));
#659 = CARTESIAN_POINT('',(-1.959923682691,3.049996397413,
    10.354544623733));
#660 = CARTESIAN_POINT('',(1.959923683623,3.050004258143,9.945455526762)
  );
#661 = CARTESIAN_POINT('',(3.920050345695,1.665497497115,9.740904811932)
  );
#662 = CARTESIAN_POINT('',(4.790696250427,-1.112231135715,9.536375455193
    ));
#663 = CARTESIAN_POINT('',(3.489239226469,-4.279384809699,9.33179665052)
  );
#664 = CARTESIAN_POINT('',(-0.108594668772,-6.049309151986,
    9.127301756518));
#665 = CARTESIAN_POINT('',(-4.200840091506,-4.35454257832,8.922698392762
    ));
#666 = CARTESIAN_POINT('',(-5.49313772139,-0.558547262138,8.718203502974
    ));
#667 = CARTESIAN_POINT('',(-4.174066198291,2.600983731041,8.513624691518
    ));
#668 = CARTESIAN_POINT('',(-1.594183581238,3.949607204934,8.309095341814
    ));
#669 = CARTESIAN_POINT('',(0.770797798808,3.542548462173,8.104544621478)
  );
#670 = CARTESIAN_POINT('',(3.542554040286,0.770803365611,7.695455531241)
  );
#671 = CARTESIAN_POINT('',(3.949578642536,-1.594209603822,7.490904785686
    ));
#672 = CARTESIAN_POINT('',(2.601067956361,-4.173999995004,7.286375531188
    ));
#673 = CARTESIAN_POINT('',(-0.558717978716,-5.493246713052,
    7.081796493925));
#674 = CARTESIAN_POINT('',(-4.354294456415,-4.200719533719,
    6.877302008772));
#675 = CARTESIAN_POINT('',(-6.049570532552,-0.108684021722,
    6.672698062474));
#676 = CARTESIAN_POINT('',(-4.279185939013,3.489282323138,6.468203860868
    ));
#677 = CARTESIAN_POINT('',(-1.112338679259,4.790683795695,6.263624368474
    ));
#678 = CARTESIAN_POINT('',(1.66553706677,3.920052022518,6.059095584212)
  );
#679 = CARTESIAN_POINT('',(3.049995743026,1.959923711958,5.854544471926)
  );
#680 = CARTESIAN_POINT('',(3.05000065197,-1.49663187502E-08,
    5.650000150454));
#681 = CARTESIAN_POINT('',(4.,9.01198029199E-15,23.25));
#682 = CARTESIAN_POINT('',(4.000001888823,-2.570404305915,
    23.045448502335));
#683 = CARTESIAN_POINT('',(2.184285052159,-5.14097672031,22.840933222649
    ));
#684 = CARTESIAN_POINT('',(-1.458759143708,-6.28309031205,
    22.636298859286));
#685 = CARTESIAN_POINT('',(-5.612091976657,-4.575657828624,
    22.431934941114));
#686 = CARTESIAN_POINT('',(-7.933849193358,0.141905116752,
    22.227116135953));
#687 = CARTESIAN_POINT('',(-5.710516386147,5.509783106588,
    22.022882639065));
#688 = CARTESIAN_POINT('',(-0.732803876549,7.20378458281,21.818065346484
    ));
#689 = CARTESIAN_POINT('',(3.411284555413,5.474340227287,21.613699000515
    ));
#690 = CARTESIAN_POINT('',(5.179753380555,2.090686483217,21.409067145392
    ));
#691 = CARTESIAN_POINT('',(4.645976547543,-1.010875684619,
    21.204549909654));
#692 = CARTESIAN_POINT('',(1.010877922574,-4.645978669675,
    20.795449299999));
#693 = CARTESIAN_POINT('',(-2.090696367483,-5.17974244474,20.59093192965
    ));
#694 = CARTESIAN_POINT('',(-5.474314730195,-3.411317055287,
    20.386300582697));
#695 = CARTESIAN_POINT('',(-7.203826439242,0.732869361092,
    20.181933031459));
#696 = CARTESIAN_POINT('',(-5.509736987281,5.710420869618,
    19.977117898649));
#697 = CARTESIAN_POINT('',(-0.141939487286,7.933949679712,
    19.772881292571));
#698 = CARTESIAN_POINT('',(4.575674104934,5.612015629948,19.568066182496
    ));
#699 = CARTESIAN_POINT('',(6.283085652202,1.458800601751,19.363698594757
    ));
#700 = CARTESIAN_POINT('',(5.14097729076,-2.184300132068,19.15906728553)
  );
#701 = CARTESIAN_POINT('',(2.570404477144,-3.999998576701,
    18.954549885747));
#702 = CARTESIAN_POINT('',(-2.570404391923,-4.00000165499,
    18.545449312004));
#703 = CARTESIAN_POINT('',(-5.140976580897,-2.184285431197,
    18.340931910198));
#704 = CARTESIAN_POINT('',(-6.283090497864,1.458759648918,18.13630060862
    ));
#705 = CARTESIAN_POINT('',(-4.575657622736,5.612091416848,
    17.931933002735));
#706 = CARTESIAN_POINT('',(0.141904926711,7.933849710088,17.727117925165
    ));
#707 = CARTESIAN_POINT('',(5.50978325176,5.710515991425,17.522881272315)
  );
#708 = CARTESIAN_POINT('',(7.20378449267,0.732804121625,17.318066195073)
  );
#709 = CARTESIAN_POINT('',(5.474340271041,-3.41128467436,17.113698588653
    ));
#710 = CARTESIAN_POINT('',(2.090686468104,-5.179753339474,
    16.909067287637));
#711 = CARTESIAN_POINT('',(-1.01087568204,-4.645976554551,
    16.704549885388));
#712 = CARTESIAN_POINT('',(-4.645978670972,-1.010877919055,
    16.295449312184));
#713 = CARTESIAN_POINT('',(-5.179742442635,2.090696361787,16.09093190991
    ));
#714 = CARTESIAN_POINT('',(-3.411317058092,5.474314737775,
    15.886300608995));
#715 = CARTESIAN_POINT('',(0.732869364198,7.203826430854,15.681933002332
    ));
#716 = CARTESIAN_POINT('',(5.710420866757,5.509736995014,15.477117925524
    ));
#717 = CARTESIAN_POINT('',(7.933949681891,0.141939481382,15.272881272048
    ));
#718 = CARTESIAN_POINT('',(5.612015628601,-4.575674101268,
    15.068066195237));
#719 = CARTESIAN_POINT('',(1.4588006024,-6.283085653982,14.863698588571)
  );
#720 = CARTESIAN_POINT('',(-2.18430013229,-5.140977290145,
    14.659067287672));
#721 = CARTESIAN_POINT('',(-3.999998576665,-2.57040447725,
    14.454549885376));
#722 = CARTESIAN_POINT('',(-4.000001655001,2.570404391978,
    14.045449312206));
#723 = CARTESIAN_POINT('',(-2.184285431199,5.140976580796,
    13.840931909827));
#724 = CARTESIAN_POINT('',(1.458759648955,6.283090498015,13.636300609166
    ));
#725 = CARTESIAN_POINT('',(5.612091416769,4.575657622563,13.431933002079
    ));
#726 = CARTESIAN_POINT('',(7.933849710197,-0.141904926568,
    13.227117925815));
#727 = CARTESIAN_POINT('',(5.710515991314,-5.509783251833,
    13.022881271779));
#728 = CARTESIAN_POINT('',(0.732804121711,-7.203784492657,
    12.818066195439));
#729 = CARTESIAN_POINT('',(-3.411284674412,-5.474340271028,
    12.613698588451));
#730 = CARTESIAN_POINT('',(-5.17975333945,-2.090686468113,
    12.409067287721));
#731 = CARTESIAN_POINT('',(-4.645976554558,1.010875682043,
    12.204549885369));
#732 = CARTESIAN_POINT('',(-1.010877919047,4.645978670969,
    11.795449312197));
#733 = CARTESIAN_POINT('',(2.09069636175,5.179742442641,11.590931909891)
  );
#734 = CARTESIAN_POINT('',(5.474314737863,3.411317058084,11.386300608992
    ));
#735 = CARTESIAN_POINT('',(7.203826430704,-0.732869364191,
    11.181933002405));
#736 = CARTESIAN_POINT('',(5.509736995212,-5.710420866762,
    10.977117925339));
#737 = CARTESIAN_POINT('',(0.141939481171,-7.933949681891,
    10.772881272349));
#738 = CARTESIAN_POINT('',(-4.575674101077,-5.612015628591,
    10.568066194868));
#739 = CARTESIAN_POINT('',(-6.283085654134,-1.458800602422,
    10.363698588933));
#740 = CARTESIAN_POINT('',(-5.140977290039,2.184300132315,10.15906728738
    ));
#741 = CARTESIAN_POINT('',(-2.570404477312,3.999998576645,9.954549885568
    ));
#742 = CARTESIAN_POINT('',(2.570404392099,4.000001655046,9.545449311811)
  );
#743 = CARTESIAN_POINT('',(5.140976580092,2.184285430949,9.340931912097)
  );
#744 = CARTESIAN_POINT('',(6.283090500064,-1.458759648256,9.136300602687
    ));
#745 = CARTESIAN_POINT('',(4.575657618298,-5.612091418158,8.931933015282
    ));
#746 = CARTESIAN_POINT('',(-0.141904919629,-7.933849708033,
    8.727117904731));
#747 = CARTESIAN_POINT('',(-5.509783260979,-5.710515994062,
    8.522881299203));
#748 = CARTESIAN_POINT('',(-7.203784482731,-0.732804118814,
    8.318066165874));
#749 = CARTESIAN_POINT('',(-5.474340279969,3.411284671857,8.113698615027
    ));
#750 = CARTESIAN_POINT('',(-2.090686461432,5.179753341331,7.909067267851
    ));
#751 = CARTESIAN_POINT('',(1.010875677936,4.645976553416,7.704549897586)
  );
#752 = CARTESIAN_POINT('',(4.645978679135,1.010877921305,7.295449287914)
  );
#753 = CARTESIAN_POINT('',(5.17974239479,-2.090696374964,7.090932052167)
  );
#754 = CARTESIAN_POINT('',(3.411317196622,-5.474314699621,6.886300197088
    ));
#755 = CARTESIAN_POINT('',(-0.732869649622,-7.203826509477,6.68193385104
    ));
#756 = CARTESIAN_POINT('',(-5.710420407051,-5.509736868363,6.47711655855
    ));
#757 = CARTESIAN_POINT('',(-7.933950283691,-0.141939647205,
    6.272883061583));
#758 = CARTESIAN_POINT('',(-5.612014976624,4.575674280934,6.068064256482
    ));
#759 = CARTESIAN_POINT('',(-1.458801190798,6.28308549183,5.863700338262)
  );
#760 = CARTESIAN_POINT('',(2.184300573745,5.140977411802,5.65906597494)
  );
#761 = CARTESIAN_POINT('',(3.999998304323,2.570404402198,5.454550695224)
  );
#762 = CARTESIAN_POINT('',(4.000000250757,7.981859662163E-08,
    5.249999197575));
#763 = DEFINITIONAL_REPRESENTATION('',(#764),#768);
#764 = LINE('',#765,#766);
#765 = CARTESIAN_POINT('',(0.,59.344349570561));
#766 = VECTOR('',#767,1.);
#767 = DIRECTION('',(1.,0.));
#768 = ( GEOMETRIC_REPRESENTATION_CONTEXT(2) 
PARAMETRIC_REPRESENTATION_CONTEXT() REPRESENTATION_CONTEXT('2D SPACE',''
  ) );
#769 = ORIENTED_EDGE('',*,*,#770,.T.);
#770 = EDGE_CURVE('',#585,#771,#773,.T.);
#771 = VERTEX_POINT('',#772);
#772 = CARTESIAN_POINT('',(3.999999749242,7.981887034139E-08,
    4.749999197576));
#773 = SURFACE_CURVE('',#774,(#777,#783),.PCURVE_S1.);
#774 = B_SPLINE_CURVE_WITH_KNOTS('',1,(#775,#776),.UNSPECIFIED.,.F.,.F.,
  (2,2),(0.,0.5),.PIECEWISE_BEZIER_KNOTS.);
#775 = CARTESIAN_POINT('',(4.000000250757,7.981859440118E-08,
    5.249999197575));
#776 = CARTESIAN_POINT('',(3.999999749242,7.981886034938E-08,
    4.749999197576));
#777 = PCURVE('',#166,#778);
#778 = DEFINITIONAL_REPRESENTATION('',(#779),#782);
#779 = B_SPLINE_CURVE_WITH_KNOTS('',1,(#780,#781),.UNSPECIFIED.,.F.,.F.,
  (2,2),(0.,0.5),.PIECEWISE_BEZIER_KNOTS.);
#780 = CARTESIAN_POINT('',(-0.573406259537,0.249999424856));
#781 = CARTESIAN_POINT('',(-0.573405758022,-0.250000575144));
#782 = ( GEOMETRIC_REPRESENTATION_CONTEXT(2) 
PARAMETRIC_REPRESENTATION_CONTEXT() REPRESENTATION_CONTEXT('2D SPACE',''
  ) );
#783 = PCURVE('',#784,#949);
#784 = B_SPLINE_SURFACE_WITH_KNOTS('',1,11,(
    (#785,#786,#787,#788,#789,#790,#791,#792,#793,#794,#795,#796,#797
      ,#798,#799,#800,#801,#802,#803,#804,#805,#806,#807,#808,#809,#810
      ,#811,#812,#813,#814,#815,#816,#817,#818,#819,#820,#821,#822,#823
      ,#824,#825,#826,#827,#828,#829,#830,#831,#832,#833,#834,#835,#836
      ,#837,#838,#839,#840,#841,#842,#843,#844,#845,#846,#847,#848,#849
      ,#850,#851,#852,#853,#854,#855,#856,#857,#858,#859,#860,#861,#862
      ,#863,#864,#865,#866)
    ,(#867,#868,#869,#870,#871,#872,#873,#874,#875,#876,#877,#878,#879
      ,#880,#881,#882,#883,#884,#885,#886,#887,#888,#889,#890,#891,#892
      ,#893,#894,#895,#896,#897,#898,#899,#900,#901,#902,#903,#904,#905
      ,#906,#907,#908,#909,#910,#911,#912,#913,#914,#915,#916,#917,#918
      ,#919,#920,#921,#922,#923,#924,#925,#926,#927,#928,#929,#930,#931
      ,#932,#933,#934,#935,#936,#937,#938,#939,#940,#941,#942,#943,#944
      ,#945,#946,#947,#948
    )),.UNSPECIFIED.,.F.,.F.,.F.,(2,2),(12,10,10,10,10,10,10,10,12),(0.,
    0.5),(0.,7.41804369632,14.83608739264,22.25413108896,29.672174785281
    ,37.090218481601,44.508262177921,51.926305874241,59.344349570561),
  .UNSPECIFIED.);
#785 = CARTESIAN_POINT('',(4.,7.457668057515E-15,23.25));
#786 = CARTESIAN_POINT('',(4.000001888823,-2.570404305915,
    23.045448502335));
#787 = CARTESIAN_POINT('',(2.184285052159,-5.14097672031,22.840933222649
    ));
#788 = CARTESIAN_POINT('',(-1.458759143708,-6.28309031205,
    22.636298859286));
#789 = CARTESIAN_POINT('',(-5.612091976657,-4.575657828624,
    22.431934941114));
#790 = CARTESIAN_POINT('',(-7.933849193358,0.141905116753,
    22.227116135954));
#791 = CARTESIAN_POINT('',(-5.710516386148,5.509783106587,
    22.022882639065));
#792 = CARTESIAN_POINT('',(-0.732803876549,7.20378458281,21.818065346484
    ));
#793 = CARTESIAN_POINT('',(3.411284555413,5.474340227287,21.613699000515
    ));
#794 = CARTESIAN_POINT('',(5.179753380555,2.090686483217,21.409067145392
    ));
#795 = CARTESIAN_POINT('',(4.645976547543,-1.010875684619,
    21.204549909654));
#796 = CARTESIAN_POINT('',(1.010877922574,-4.645978669675,
    20.795449299999));
#797 = CARTESIAN_POINT('',(-2.090696367483,-5.179742444739,
    20.59093192965));
#798 = CARTESIAN_POINT('',(-5.474314730195,-3.411317055287,
    20.386300582697));
#799 = CARTESIAN_POINT('',(-7.203826439242,0.732869361094,
    20.181933031458));
#800 = CARTESIAN_POINT('',(-5.509736987281,5.710420869616,19.97711789865
    ));
#801 = CARTESIAN_POINT('',(-0.141939487286,7.933949679715,
    19.772881292571));
#802 = CARTESIAN_POINT('',(4.575674104934,5.612015629945,19.568066182497
    ));
#803 = CARTESIAN_POINT('',(6.283085652202,1.458800601753,19.363698594757
    ));
#804 = CARTESIAN_POINT('',(5.14097729076,-2.184300132069,19.15906728553)
  );
#805 = CARTESIAN_POINT('',(2.570404477144,-3.999998576701,
    18.954549885747));
#806 = CARTESIAN_POINT('',(-2.570404391923,-4.00000165499,
    18.545449312004));
#807 = CARTESIAN_POINT('',(-5.140976580897,-2.184285431196,
    18.340931910198));
#808 = CARTESIAN_POINT('',(-6.283090497864,1.458759648918,18.13630060862
    ));
#809 = CARTESIAN_POINT('',(-4.575657622736,5.612091416849,
    17.931933002734));
#810 = CARTESIAN_POINT('',(0.141904926711,7.933849710087,17.727117925166
    ));
#811 = CARTESIAN_POINT('',(5.50978325176,5.710515991426,17.522881272314)
  );
#812 = CARTESIAN_POINT('',(7.203784492669,0.732804121624,17.318066195074
    ));
#813 = CARTESIAN_POINT('',(5.474340271041,-3.41128467436,17.113698588653
    ));
#814 = CARTESIAN_POINT('',(2.090686468103,-5.179753339474,
    16.909067287638));
#815 = CARTESIAN_POINT('',(-1.01087568204,-4.645976554551,
    16.704549885388));
#816 = CARTESIAN_POINT('',(-4.645978670972,-1.010877919055,
    16.295449312184));
#817 = CARTESIAN_POINT('',(-5.179742442635,2.090696361787,
    16.090931909909));
#818 = CARTESIAN_POINT('',(-3.411317058092,5.474314737775,
    15.886300608996));
#819 = CARTESIAN_POINT('',(0.732869364198,7.203826430855,15.68193300233)
  );
#820 = CARTESIAN_POINT('',(5.710420866757,5.509736995014,15.477117925526
    ));
#821 = CARTESIAN_POINT('',(7.933949681891,0.141939481382,15.272881272046
    ));
#822 = CARTESIAN_POINT('',(5.612015628601,-4.575674101268,
    15.068066195238));
#823 = CARTESIAN_POINT('',(1.4588006024,-6.283085653982,14.86369858857)
  );
#824 = CARTESIAN_POINT('',(-2.18430013229,-5.140977290145,
    14.659067287672));
#825 = CARTESIAN_POINT('',(-3.999998576665,-2.57040447725,
    14.454549885376));
#826 = CARTESIAN_POINT('',(-4.000001655001,2.570404391978,
    14.045449312206));
#827 = CARTESIAN_POINT('',(-2.1842854312,5.140976580796,13.840931909827)
  );
#828 = CARTESIAN_POINT('',(1.458759648955,6.283090498015,13.636300609166
    ));
#829 = CARTESIAN_POINT('',(5.612091416769,4.575657622562,13.431933002078
    ));
#830 = CARTESIAN_POINT('',(7.933849710198,-0.141904926567,
    13.227117925817));
#831 = CARTESIAN_POINT('',(5.710515991313,-5.509783251834,
    13.022881271778));
#832 = CARTESIAN_POINT('',(0.732804121712,-7.203784492657,12.81806619544
    ));
#833 = CARTESIAN_POINT('',(-3.411284674413,-5.474340271029,
    12.613698588451));
#834 = CARTESIAN_POINT('',(-5.17975333945,-2.090686468113,
    12.409067287721));
#835 = CARTESIAN_POINT('',(-4.645976554558,1.010875682042,
    12.204549885369));
#836 = CARTESIAN_POINT('',(-1.010877919047,4.64597867097,11.795449312197
    ));
#837 = CARTESIAN_POINT('',(2.09069636175,5.179742442641,11.590931909892)
  );
#838 = CARTESIAN_POINT('',(5.474314737863,3.411317058084,11.38630060899)
  );
#839 = CARTESIAN_POINT('',(7.203826430704,-0.732869364191,
    11.181933002409));
#840 = CARTESIAN_POINT('',(5.509736995211,-5.710420866762,
    10.977117925334));
#841 = CARTESIAN_POINT('',(0.141939481172,-7.933949681891,
    10.772881272353));
#842 = CARTESIAN_POINT('',(-4.575674101078,-5.612015628591,
    10.568066194865));
#843 = CARTESIAN_POINT('',(-6.283085654134,-1.458800602422,
    10.363698588935));
#844 = CARTESIAN_POINT('',(-5.140977290039,2.184300132315,
    10.159067287379));
#845 = CARTESIAN_POINT('',(-2.570404477312,3.999998576645,9.954549885568
    ));
#846 = CARTESIAN_POINT('',(2.570404392099,4.000001655046,9.545449311811)
  );
#847 = CARTESIAN_POINT('',(5.140976580092,2.184285430949,9.340931912097)
  );
#848 = CARTESIAN_POINT('',(6.283090500064,-1.458759648256,9.136300602686
    ));
#849 = CARTESIAN_POINT('',(4.575657618297,-5.612091418158,8.931933015282
    ));
#850 = CARTESIAN_POINT('',(-0.141904919628,-7.933849708033,
    8.727117904732));
#851 = CARTESIAN_POINT('',(-5.50978326098,-5.710515994062,8.522881299202
    ));
#852 = CARTESIAN_POINT('',(-7.20378448273,-0.732804118814,8.318066165875
    ));
#853 = CARTESIAN_POINT('',(-5.474340279969,3.411284671857,8.113698615027
    ));
#854 = CARTESIAN_POINT('',(-2.090686461431,5.179753341331,7.909067267851
    ));
#855 = CARTESIAN_POINT('',(1.010875677936,4.645976553416,7.704549897586)
  );
#856 = CARTESIAN_POINT('',(4.645978679135,1.010877921305,7.295449287914)
  );
#857 = CARTESIAN_POINT('',(5.17974239479,-2.090696374964,7.090932052168)
  );
#858 = CARTESIAN_POINT('',(3.411317196622,-5.474314699621,6.886300197086
    ));
#859 = CARTESIAN_POINT('',(-0.732869649621,-7.203826509476,
    6.681933851044));
#860 = CARTESIAN_POINT('',(-5.710420407052,-5.509736868363,
    6.477116558545));
#861 = CARTESIAN_POINT('',(-7.93395028369,-0.141939647205,6.272883061589
    ));
#862 = CARTESIAN_POINT('',(-5.612014976625,4.575674280934,6.068064256478
    ));
#863 = CARTESIAN_POINT('',(-1.458801190798,6.28308549183,5.863700338264)
  );
#864 = CARTESIAN_POINT('',(2.184300573745,5.140977411802,5.659065974939)
  );
#865 = CARTESIAN_POINT('',(3.999998304323,2.570404402198,5.454550695224)
  );
#866 = CARTESIAN_POINT('',(4.000000250757,7.981859440118E-08,
    5.249999197575));
#867 = CARTESIAN_POINT('',(4.,-2.373526899144E-15,22.75));
#868 = CARTESIAN_POINT('',(3.999998104846,-2.570404161237,
    22.545448502335));
#869 = CARTESIAN_POINT('',(2.18430053943,-5.140977045946,22.340933222649
    ));
#870 = CARTESIAN_POINT('',(-1.458800974039,-6.283085127001,
    22.136298859291));
#871 = CARTESIAN_POINT('',(-5.612014533389,-4.57567410619,
    21.931934941096));
#872 = CARTESIAN_POINT('',(-7.933949789277,0.141939480169,
    21.727116135992));
#873 = CARTESIAN_POINT('',(-5.7104201589,5.509736408804,21.522882639011)
  );
#874 = CARTESIAN_POINT('',(-0.732869747498,7.203826043409,
    21.318065346535));
#875 = CARTESIAN_POINT('',(3.41131687356,5.47431442442,21.113699000483)
  );
#876 = CARTESIAN_POINT('',(5.179742028344,2.09069634729,20.909067145404)
  );
#877 = CARTESIAN_POINT('',(4.645978408053,-1.010877765229,
    20.704549909652));
#878 = CARTESIAN_POINT('',(1.010875707275,-4.645976241988,20.2954493));
#879 = CARTESIAN_POINT('',(-2.090686227022,-5.179753058337,
    20.090931929648));
#880 = CARTESIAN_POINT('',(-5.474339868666,-3.411284567223,
    19.886300582704));
#881 = CARTESIAN_POINT('',(-7.203784045832,0.732803929075,
    19.681933031438));
#882 = CARTESIAN_POINT('',(-5.509783029426,5.710515526195,
    19.477117898691));
#883 = CARTESIAN_POINT('',(-0.141905069133,7.933849207765,
    19.272881292515));
#884 = CARTESIAN_POINT('',(4.575657219511,5.612091157679,19.068066182549
    ));
#885 = CARTESIAN_POINT('',(6.28309007705,1.458759682176,18.863698594724)
  );
#886 = CARTESIAN_POINT('',(5.140976301398,-2.18428519143,18.659067285543
    ));
#887 = CARTESIAN_POINT('',(2.570404310778,-4.000001352995,
    18.454549885745));
#888 = CARTESIAN_POINT('',(-2.570404236351,-3.999998377173,
    18.045449312005));
#889 = CARTESIAN_POINT('',(-5.140976924187,-2.184300097999,
    17.840931910196));
#890 = CARTESIAN_POINT('',(-6.28308528929,1.458800385672,17.636300608626
    ));
#891 = CARTESIAN_POINT('',(-4.57567392636,5.612015185332,17.431933002715
    ));
#892 = CARTESIAN_POINT('',(0.141939314176,7.93394918751,17.227117925206)
  );
#893 = CARTESIAN_POINT('',(5.509736535605,5.710420618579,17.02288127226)
  );
#894 = CARTESIAN_POINT('',(7.20382596468,0.73286946209,16.818066195124)
  );
#895 = CARTESIAN_POINT('',(5.474314462631,-3.411316735036,
    16.613698588621));
#896 = CARTESIAN_POINT('',(2.090696334093,-5.179742076187,16.40906728765
    ));
#897 = CARTESIAN_POINT('',(-1.010877762977,-4.645978399891,
    16.204549885386));
#898 = CARTESIAN_POINT('',(-4.645976243118,-1.010875711374,
    15.795449312185));
#899 = CARTESIAN_POINT('',(-5.179753056507,2.090686233663,
    15.590931909907));
#900 = CARTESIAN_POINT('',(-3.411284569659,5.474339859821,
    15.386300609003));
#901 = CARTESIAN_POINT('',(0.732803931769,7.203784055624,15.181933002309
    ));
#902 = CARTESIAN_POINT('',(5.710515523718,5.509783020392,14.977117925569
    ));
#903 = CARTESIAN_POINT('',(7.933849209647,0.141905076033,14.772881271989
    ));
#904 = CARTESIAN_POINT('',(5.612091156518,-4.575657223797,
    14.568066195292));
#905 = CARTESIAN_POINT('',(1.458759682738,-6.283090074968,
    14.363698588536));
#906 = CARTESIAN_POINT('',(-2.184285191627,-5.140976302117,
    14.159067287685));
#907 = CARTESIAN_POINT('',(-4.000001352959,-2.570404310655,
    13.954549885374));
#908 = CARTESIAN_POINT('',(-3.999998377197,2.57040423629,13.545449312207
    ));
#909 = CARTESIAN_POINT('',(-2.18430009794,5.140976924291,13.340931909826
    ));
#910 = CARTESIAN_POINT('',(1.458800385568,6.283085289142,13.136300609171
    ));
#911 = CARTESIAN_POINT('',(5.612015185464,4.575673926526,12.931933002062
    ));
#912 = CARTESIAN_POINT('',(7.93394918739,-0.14193931431,12.727117925852)
  );
#913 = CARTESIAN_POINT('',(5.710420618655,-5.509736535539,
    12.522881271728));
#914 = CARTESIAN_POINT('',(0.732869462057,-7.203825964686,
    12.318066195487));
#915 = CARTESIAN_POINT('',(-3.411316735025,-5.474314462649,
    12.113698588421));
#916 = CARTESIAN_POINT('',(-5.179742076193,-2.090696334079,
    11.909067287733));
#917 = CARTESIAN_POINT('',(-4.645978399888,1.010877762972,
    11.704549885367));
#918 = CARTESIAN_POINT('',(-1.010875711379,4.645976243123,
    11.295449312198));
#919 = CARTESIAN_POINT('',(2.090686233689,5.179753056493,11.09093190989)
  );
#920 = CARTESIAN_POINT('',(5.474339859753,3.411284569684,10.886300608998
    ));
#921 = CARTESIAN_POINT('',(7.203784055742,-0.732803931806,
    10.681933002387));
#922 = CARTESIAN_POINT('',(5.50978302024,-5.710515523668,10.477117925378
    ));
#923 = CARTESIAN_POINT('',(0.141905076191,-7.933849209706,
    10.272881272294));
#924 = CARTESIAN_POINT('',(-4.575657223938,-5.612091156457,
    10.06806619492));
#925 = CARTESIAN_POINT('',(-6.283090074854,-1.458759682788,9.8636985889)
  );
#926 = CARTESIAN_POINT('',(-5.140976302201,2.184285191659,9.659067287393
    ));
#927 = CARTESIAN_POINT('',(-2.570404310603,4.000001352943,9.454549885566
    ));
#928 = CARTESIAN_POINT('',(2.570404236185,3.999998377225,9.045449311812)
  );
#929 = CARTESIAN_POINT('',(5.140976924901,2.184300097763,8.840931912097)
  );
#930 = CARTESIAN_POINT('',(6.283085287376,-1.458800385016,8.636300602689
    ));
#931 = CARTESIAN_POINT('',(4.57567393019,-5.612015186679,8.431933015268)
  );
#932 = CARTESIAN_POINT('',(-0.141939320269,-7.933949185326,
    8.227117904763));
#933 = CARTESIAN_POINT('',(-5.50973652768,-5.710420621453,8.022881299156
    ));
#934 = CARTESIAN_POINT('',(-7.203825973228,-0.732869458972,7.81806616592
    ));
#935 = CARTESIAN_POINT('',(-5.474314454951,3.411316732226,7.613698614998
    ));
#936 = CARTESIAN_POINT('',(-2.09069633983,5.17974207829,7.409067267863)
  );
#937 = CARTESIAN_POINT('',(1.010877766503,4.645978398595,7.204549897584)
  );
#938 = CARTESIAN_POINT('',(4.64597623611,1.010875713955,6.795449287915)
  );
#939 = CARTESIAN_POINT('',(5.179753097579,-2.090686248789,6.590932052165
    ));
#940 = CARTESIAN_POINT('',(3.411284450739,-5.474339816026,6.386300197096
    ));
#941 = CARTESIAN_POINT('',(-0.732803686745,-7.203784145848,
    6.181933851017));
#942 = CARTESIAN_POINT('',(-5.710515918366,-5.509782875095,
    5.977116558596));
#943 = CARTESIAN_POINT('',(-7.933848693004,-0.141905266223,
    5.772883061521));
#944 = CARTESIAN_POINT('',(-5.612091716245,4.575657429831,5.56806425654)
  );
#945 = CARTESIAN_POINT('',(-1.45875917759,6.283089889032,5.363700338225)
  );
#946 = CARTESIAN_POINT('',(2.184284812628,5.140976441618,5.159065974956)
  );
#947 = CARTESIAN_POINT('',(4.000001586772,2.570404224595,4.95455069522)
  );
#948 = CARTESIAN_POINT('',(3.999999749242,7.981886034938E-08,
    4.749999197576));
#949 = DEFINITIONAL_REPRESENTATION('',(#950),#954);
#950 = LINE('',#951,#952);
#951 = CARTESIAN_POINT('',(0.,59.344349570561));
#952 = VECTOR('',#953,1.);
#953 = DIRECTION('',(1.,0.));
#954 = ( GEOMETRIC_REPRESENTATION_CONTEXT(2) 
PARAMETRIC_REPRESENTATION_CONTEXT() REPRESENTATION_CONTEXT('2D SPACE',''
  ) );
#955 = ORIENTED_EDGE('',*,*,#956,.T.);
#956 = EDGE_CURVE('',#771,#151,#957,.T.);
#957 = SURFACE_CURVE('',#958,(#961,#967),.PCURVE_S1.);
#958 = B_SPLINE_CURVE_WITH_KNOTS('',1,(#959,#960),.UNSPECIFIED.,.F.,.F.,
  (2,2),(0.,1.030776406404),.PIECEWISE_BEZIER_KNOTS.);
#959 = CARTESIAN_POINT('',(3.999999749242,7.981887034139E-08,
    4.749999197576));
#960 = CARTESIAN_POINT('',(3.04999934803,-1.496561258553E-08,
    4.350000150455));
#961 = PCURVE('',#166,#962);
#962 = DEFINITIONAL_REPRESENTATION('',(#963),#966);
#963 = B_SPLINE_CURVE_WITH_KNOTS('',1,(#964,#965),.UNSPECIFIED.,.F.,.F.,
  (2,2),(0.,1.030776406404),.PIECEWISE_BEZIER_KNOTS.);
#964 = CARTESIAN_POINT('',(-0.573405758022,-0.250000575144));
#965 = CARTESIAN_POINT('',(0.37659464319,-0.649999622264));
#966 = ( GEOMETRIC_REPRESENTATION_CONTEXT(2) 
PARAMETRIC_REPRESENTATION_CONTEXT() REPRESENTATION_CONTEXT('2D SPACE',''
  ) );
#967 = PCURVE('',#330,#968);
#968 = DEFINITIONAL_REPRESENTATION('',(#969),#973);
#969 = LINE('',#970,#971);
#970 = CARTESIAN_POINT('',(0.,59.344349570561));
#971 = VECTOR('',#972,1.);
#972 = DIRECTION('',(1.,0.));
#973 = ( GEOMETRIC_REPRESENTATION_CONTEXT(2) 
PARAMETRIC_REPRESENTATION_CONTEXT() REPRESENTATION_CONTEXT('2D SPACE',''
  ) );
#974 = ADVANCED_FACE('',(#975),#194,.T.);
#975 = FACE_BOUND('',#976,.T.);
#976 = EDGE_LOOP('',(#977,#1165,#1193,#1400));
#977 = ORIENTED_EDGE('',*,*,#978,.F.);
#978 = EDGE_CURVE('',#979,#149,#981,.T.);
#979 = VERTEX_POINT('',#980);
#980 = CARTESIAN_POINT('',(3.2,1.438276713968E-15,7.586839095273));
#981 = SURFACE_CURVE('',#982,(#1041,#1103),.PCURVE_S1.);
#982 = B_SPLINE_CURVE_WITH_KNOTS('',8,(#983,#984,#985,#986,#987,#988,
    #989,#990,#991,#992,#993,#994,#995,#996,#997,#998,#999,#1000,#1001,
    #1002,#1003,#1004,#1005,#1006,#1007,#1008,#1009,#1010,#1011,#1012,
    #1013,#1014,#1015,#1016,#1017,#1018,#1019,#1020,#1021,#1022,#1023,
    #1024,#1025,#1026,#1027,#1028,#1029,#1030,#1031,#1032,#1033,#1034,
    #1035,#1036,#1037,#1038,#1039,#1040),.UNSPECIFIED.,.F.,.F.,(9,7,7,7,
    7,7,7,7,9),(0.,7.54301461757E-02,0.193748759992,0.316562347422,
    0.444532476242,0.549208244498,0.670699071717,0.832458583288,1.),
  .UNSPECIFIED.);
#983 = CARTESIAN_POINT('',(3.2,3.763127231464E-15,7.586839095273));
#984 = CARTESIAN_POINT('',(3.2,-0.189495130256,7.567988585183));
#985 = CARTESIAN_POINT('',(3.187175533291,-0.379007817431,7.54913687176)
  );
#986 = CARTESIAN_POINT('',(3.161522639639,-0.567497329244,7.530286702532
    ));
#987 = CARTESIAN_POINT('',(3.123143300501,-0.753947115996,7.511438420061
    ));
#988 = CARTESIAN_POINT('',(3.072232599618,-0.937365123252,7.492591013244
    ));
#989 = CARTESIAN_POINT('',(3.009072368407,-1.116785089294,7.473743078751
    ));
#990 = CARTESIAN_POINT('',(2.934031316164,-1.291268827329,7.454893692594
    ));
#991 = CARTESIAN_POINT('',(2.711952281296,-1.724436750356,7.406474574573
    ));
#992 = CARTESIAN_POINT('',(2.548188616673,-1.974682514416,7.376892598209
    ));
#993 = CARTESIAN_POINT('',(2.358114555762,-2.206968731024,7.347316923245
    ));
#994 = CARTESIAN_POINT('',(2.144089263405,-2.418104955386,7.317746804742
    ));
#995 = CARTESIAN_POINT('',(1.908856065787,-2.605315953045,7.288176899326
    ));
#996 = CARTESIAN_POINT('',(1.655498988765,-2.766215037308,7.258601755891
    ));
#997 = CARTESIAN_POINT('',(1.387462002119,-2.898848343698,7.229020097636
    ));
#998 = CARTESIAN_POINT('',(0.819135840043,-3.108734656856,7.168756528193
    ));
#999 = CARTESIAN_POINT('',(0.51775018735,-3.183787519855,7.138048131644)
  );
#1000 = CARTESIAN_POINT('',(0.208739987626,-3.225345898779,
    7.107348054932));
#1001 = CARTESIAN_POINT('',(-0.103529756475,-3.232596371796,
    7.076654692585));
#1002 = CARTESIAN_POINT('',(-0.414697152915,-3.205379773012,
    7.045960929756));
#1003 = CARTESIAN_POINT('',(-0.720418131127,-3.144132508798,
    7.015259805821));
#1004 = CARTESIAN_POINT('',(-1.016385600253,-3.049946485199,
    6.984550128142));
#1005 = CARTESIAN_POINT('',(-1.592275677462,-2.794286072481,
    6.92187243175));
#1006 = CARTESIAN_POINT('',(-1.871330013609,-2.630007096742,
    6.889870079457));
#1007 = CARTESIAN_POINT('',(-2.130763587399,-2.433966749268,
    6.857877127307));
#1008 = CARTESIAN_POINT('',(-2.366413729541,-2.208986986095,
    6.825891918886));
#1009 = CARTESIAN_POINT('',(-2.574665716422,-1.958429953803,
    6.793906926583));
#1010 = CARTESIAN_POINT('',(-2.752411962132,-1.686132945159,
    6.76191459046));
#1011 = CARTESIAN_POINT('',(-2.897121402351,-1.396445574896,
    6.729913259676));
#1012 = CARTESIAN_POINT('',(-3.097006993164,-0.847178727603,
    6.671771932083));
#1013 = CARTESIAN_POINT('',(-3.163760716507,-0.591512732689,
    6.645603829647));
#1014 = CARTESIAN_POINT('',(-3.206340859284,-0.329959887667,
    6.619438317914));
#1015 = CARTESIAN_POINT('',(-3.22417932099,-6.520220701593E-02,
    6.593276603123));
#1016 = CARTESIAN_POINT('',(-3.217059123361,0.200058913688,
    6.567114992794));
#1017 = CARTESIAN_POINT('',(-3.18508923919,0.463118639648,6.540949582891
    ));
#1018 = CARTESIAN_POINT('',(-3.128726604555,0.721282154561,
    6.514780921317));
#1019 = CARTESIAN_POINT('',(-2.956131937052,1.262724315272,
    6.458253680652));
#1020 = CARTESIAN_POINT('',(-2.831667378169,1.543593670304,
    6.427874774752));
#1021 = CARTESIAN_POINT('',(-2.676756022942,1.810232675423,
    6.397503132581));
#1022 = CARTESIAN_POINT('',(-2.493365115346,2.058825858538,
    6.367137264502));
#1023 = CARTESIAN_POINT('',(-2.283955427419,2.285941145516,
    6.336770930895));
#1024 = CARTESIAN_POINT('',(-2.051430163463,2.488507549052,
    6.306398073067));
#1025 = CARTESIAN_POINT('',(-1.799169510114,2.663864512239,
    6.276017876987));
#1026 = CARTESIAN_POINT('',(-1.174220170926,3.004397241761,6.20522381279
    ));
#1027 = CARTESIAN_POINT('',(-0.788570689566,3.14734712868,6.164736085327
    ));
#1028 = CARTESIAN_POINT('',(-0.383648736496,3.233269947619,
    6.124284521073));
#1029 = CARTESIAN_POINT('',(3.064954349211E-02,3.259612436319,
    6.083853100594));
#1030 = CARTESIAN_POINT('',(0.444384593292,3.225486581242,6.043419220358
    ));
#1031 = CARTESIAN_POINT('',(0.847630502639,3.13196015673,6.002961838175)
  );
#1032 = CARTESIAN_POINT('',(1.230529402123,2.981776361385,5.962469169955
    ));
#1033 = CARTESIAN_POINT('',(1.949500593144,2.572287041494,5.880162540015
    ));
#1034 = CARTESIAN_POINT('',(2.284599580575,2.308595194008,5.838217226012
    ));
#1035 = CARTESIAN_POINT('',(2.578156867591,1.995297957252,5.796318762532
    ));
#1036 = CARTESIAN_POINT('',(2.822055338746,1.640367435761,5.754447573763
    ));
#1037 = CARTESIAN_POINT('',(3.009759973328,1.2527755158,5.712580610914)
  );
#1038 = CARTESIAN_POINT('',(3.136711000255,0.842639784961,5.670677429342
    ));
#1039 = CARTESIAN_POINT('',(3.2,0.420960364999,5.628715675583));
#1040 = CARTESIAN_POINT('',(3.2,-1.643475230527E-13,5.586842353104));
#1041 = PCURVE('',#194,#1042);
#1042 = DEFINITIONAL_REPRESENTATION('',(#1043),#1102);
#1043 = B_SPLINE_CURVE_WITH_KNOTS('',8,(#1044,#1045,#1046,#1047,#1048,
    #1049,#1050,#1051,#1052,#1053,#1054,#1055,#1056,#1057,#1058,#1059,
    #1060,#1061,#1062,#1063,#1064,#1065,#1066,#1067,#1068,#1069,#1070,
    #1071,#1072,#1073,#1074,#1075,#1076,#1077,#1078,#1079,#1080,#1081,
    #1082,#1083,#1084,#1085,#1086,#1087,#1088,#1089,#1090,#1091,#1092,
    #1093,#1094,#1095,#1096,#1097,#1098,#1099,#1100,#1101),
  .UNSPECIFIED.,.F.,.F.,(9,7,7,7,7,7,7,7,9),(0.,7.54301461757E-02,
    0.193748759992,0.316562347422,0.444532476242,0.549208244498,
    0.670699071717,0.832458583288,1.),.UNSPECIFIED.);
#1044 = CARTESIAN_POINT('',(0.,16.413160904727));
#1045 = CARTESIAN_POINT('',(5.921722820496E-02,16.432011414817));
#1046 = CARTESIAN_POINT('',(0.118439887222,16.45086312824));
#1047 = CARTESIAN_POINT('',(0.177659428369,16.469713297468));
#1048 = CARTESIAN_POINT('',(0.236874422812,16.488561579939));
#1049 = CARTESIAN_POINT('',(0.296087507056,16.507408986756));
#1050 = CARTESIAN_POINT('',(0.355302548229,16.526256921249));
#1051 = CARTESIAN_POINT('',(0.41452202916,16.545106307406));
#1052 = CARTESIAN_POINT('',(0.566640387192,16.593525425427));
#1053 = CARTESIAN_POINT('',(0.659577206682,16.623107401791));
#1054 = CARTESIAN_POINT('',(0.752492371644,16.652683076755));
#1055 = CARTESIAN_POINT('',(0.845388286118,16.682253195258));
#1056 = CARTESIAN_POINT('',(0.938282949339,16.711823100674));
#1057 = CARTESIAN_POINT('',(1.031194820008,16.741398244109));
#1058 = CARTESIAN_POINT('',(1.124128406733,16.770979902364));
#1059 = CARTESIAN_POINT('',(1.313454640902,16.831243471807));
#1060 = CARTESIAN_POINT('',(1.409930585606,16.861951868356));
#1061 = CARTESIAN_POINT('',(1.50638168295,16.892651945068));
#1062 = CARTESIAN_POINT('',(1.60281221329,16.923345307415));
#1063 = CARTESIAN_POINT('',(1.69924316775,16.954039070244));
#1064 = CARTESIAN_POINT('',(1.795695267687,16.984740194179));
#1065 = CARTESIAN_POINT('',(1.89217199539,17.015449871858));
#1066 = CARTESIAN_POINT('',(2.089074678874,17.07812756825));
#1067 = CARTESIAN_POINT('',(2.189608331829,17.110129920543));
#1068 = CARTESIAN_POINT('',(2.290110713067,17.142122872693));
#1069 = CARTESIAN_POINT('',(2.39058814639,17.174108081114));
#1070 = CARTESIAN_POINT('',(2.491065927297,17.206093073417));
#1071 = CARTESIAN_POINT('',(2.591569103784,17.23808540954));
#1072 = CARTESIAN_POINT('',(2.692103139066,17.270086740324));
#1073 = CARTESIAN_POINT('',(2.874761546065,17.328228067917));
#1074 = CARTESIAN_POINT('',(2.956973469183,17.354396170353));
#1075 = CARTESIAN_POINT('',(3.039178563637,17.380561682086));
#1076 = CARTESIAN_POINT('',(3.12137247812,17.406723396877));
#1077 = CARTESIAN_POINT('',(3.203566098343,17.432885007206));
#1078 = CARTESIAN_POINT('',(3.285771027386,17.459050417109));
#1079 = CARTESIAN_POINT('',(3.367985113802,17.485219078683));
#1080 = CARTESIAN_POINT('',(3.545574366408,17.541746319348));
#1081 = CARTESIAN_POINT('',(3.641012999564,17.572125225248));
#1082 = CARTESIAN_POINT('',(3.73642720431,17.602496867419));
#1083 = CARTESIAN_POINT('',(3.831822079289,17.632862735498));
#1084 = CARTESIAN_POINT('',(3.927218304066,17.663229069105));
#1085 = CARTESIAN_POINT('',(4.022635965703,17.693601926933));
#1086 = CARTESIAN_POINT('',(4.118077952917,17.723982123013));
#1087 = CARTESIAN_POINT('',(4.340485811389,17.79477618721));
#1088 = CARTESIAN_POINT('',(4.46768447654,17.835263914673));
#1089 = CARTESIAN_POINT('',(4.594770458393,17.875715478927));
#1090 = CARTESIAN_POINT('',(4.721791683917,17.916146899406));
#1091 = CARTESIAN_POINT('',(4.848814058622,17.956580779642));
#1092 = CARTESIAN_POINT('',(4.975903556542,17.997038161825));
#1093 = CARTESIAN_POINT('',(5.103104765271,18.037530830045));
#1094 = CARTESIAN_POINT('',(5.361669213502,18.119837459985));
#1095 = CARTESIAN_POINT('',(5.493445369694,18.161782773988));
#1096 = CARTESIAN_POINT('',(5.625086833282,18.203681237468));
#1097 = CARTESIAN_POINT('',(5.756653980276,18.245552426237));
#1098 = CARTESIAN_POINT('',(5.888220626689,18.287419389086));
#1099 = CARTESIAN_POINT('',(6.019861046654,18.329322570658));
#1100 = CARTESIAN_POINT('',(6.151635193117,18.371284324417));
#1101 = CARTESIAN_POINT('',(6.28318530718,18.413157646896));
#1102 = ( GEOMETRIC_REPRESENTATION_CONTEXT(2) 
PARAMETRIC_REPRESENTATION_CONTEXT() REPRESENTATION_CONTEXT('2D SPACE',''
  ) );
#1103 = PCURVE('',#598,#1104);
#1104 = DEFINITIONAL_REPRESENTATION('',(#1105),#1164);
#1105 = B_SPLINE_CURVE_WITH_KNOTS('',8,(#1106,#1107,#1108,#1109,#1110,
    #1111,#1112,#1113,#1114,#1115,#1116,#1117,#1118,#1119,#1120,#1121,
    #1122,#1123,#1124,#1125,#1126,#1127,#1128,#1129,#1130,#1131,#1132,
    #1133,#1134,#1135,#1136,#1137,#1138,#1139,#1140,#1141,#1142,#1143,
    #1144,#1145,#1146,#1147,#1148,#1149,#1150,#1151,#1152,#1153,#1154,
    #1155,#1156,#1157,#1158,#1159,#1160,#1161,#1162,#1163),
  .UNSPECIFIED.,.F.,.F.,(9,7,7,7,7,7,7,7,9),(0.,7.54301461757E-02,
    0.193748759992,0.316562347422,0.444532476242,0.549208244498,
    0.670699071717,0.832458583288,1.),.UNSPECIFIED.);
#1106 = CARTESIAN_POINT('',(0.162763482,52.750530960871));
#1107 = CARTESIAN_POINT('',(0.162766815434,52.812675099464));
#1108 = CARTESIAN_POINT('',(0.162768721327,52.874825031719));
#1109 = CARTESIAN_POINT('',(0.162769034165,52.936971911035));
#1110 = CARTESIAN_POINT('',(0.162767969543,52.999114332196));
#1111 = CARTESIAN_POINT('',(0.162765944534,53.061255095121));
#1112 = CARTESIAN_POINT('',(0.162763430588,53.123398223284));
#1113 = CARTESIAN_POINT('',(0.16276083898,53.185546236808));
#1114 = CARTESIAN_POINT('',(0.162754673884,53.345187516911));
#1115 = CARTESIAN_POINT('',(0.162751382777,53.442720791206));
#1116 = CARTESIAN_POINT('',(0.162749653745,53.540231291862));
#1117 = CARTESIAN_POINT('',(0.162749828972,53.637721037081));
#1118 = CARTESIAN_POINT('',(0.162751142021,53.735208624055));
#1119 = CARTESIAN_POINT('',(0.162752480058,53.832713448328));
#1120 = CARTESIAN_POINT('',(0.162753233108,53.930240499794));
#1121 = CARTESIAN_POINT('',(0.162753150579,54.128924068234));
#1122 = CARTESIAN_POINT('',(0.162752256558,54.230167979788));
#1123 = CARTESIAN_POINT('',(0.162750288819,54.331385835308));
#1124 = CARTESIAN_POINT('',(0.162747564255,54.432582522454));
#1125 = CARTESIAN_POINT('',(0.162745023269,54.533780295085));
#1126 = CARTESIAN_POINT('',(0.162743622183,54.635000878233));
#1127 = CARTESIAN_POINT('',(0.162743735497,54.736247724781));
#1128 = CARTESIAN_POINT('',(0.162746869575,54.942886333128));
#1129 = CARTESIAN_POINT('',(0.162750012512,55.048391133284));
#1130 = CARTESIAN_POINT('',(0.162754592629,55.153863103316));
#1131 = CARTESIAN_POINT('',(0.162759918115,55.259308589365));
#1132 = CARTESIAN_POINT('',(0.162764736168,55.364754012097));
#1133 = CARTESIAN_POINT('',(0.162767911386,55.470225748563));
#1134 = CARTESIAN_POINT('',(0.162769041198,55.575729756467));
#1135 = CARTESIAN_POINT('',(0.16276767784,55.767418126801));
#1136 = CARTESIAN_POINT('',(0.162765811364,55.853694349116));
#1137 = CARTESIAN_POINT('',(0.162762760908,55.939963544893));
#1138 = CARTESIAN_POINT('',(0.162758916898,56.026221237764));
#1139 = CARTESIAN_POINT('',(0.1627548487,56.112478873059));
#1140 = CARTESIAN_POINT('',(0.162751151348,56.198748560744));
#1141 = CARTESIAN_POINT('',(0.162748281415,56.285027910298));
#1142 = CARTESIAN_POINT('',(0.162744177509,56.471398290254));
#1143 = CARTESIAN_POINT('',(0.162743287297,56.571555896477));
#1144 = CARTESIAN_POINT('',(0.162743966639,56.67168754678));
#1145 = CARTESIAN_POINT('',(0.162746051363,56.7717983624));
#1146 = CARTESIAN_POINT('',(0.162748737793,56.871909943006));
#1147 = CARTESIAN_POINT('',(0.16275106288,56.972043495668));
#1148 = CARTESIAN_POINT('',(0.162752493324,57.072202386472));
#1149 = CARTESIAN_POINT('',(0.162753750401,57.305602316691));
#1150 = CARTESIAN_POINT('',(0.162752880352,57.439087754927));
#1151 = CARTESIAN_POINT('',(0.162750461131,57.572455948376));
#1152 = CARTESIAN_POINT('',(0.16274789061,57.705757923213));
#1153 = CARTESIAN_POINT('',(0.162749167379,57.83906308546));
#1154 = CARTESIAN_POINT('',(0.162755878224,57.97243877918));
#1155 = CARTESIAN_POINT('',(0.16276285361,58.105930469268));
#1156 = CARTESIAN_POINT('',(0.162769848623,58.377278932085));
#1157 = CARTESIAN_POINT('',(0.162769719741,58.515568951287));
#1158 = CARTESIAN_POINT('',(0.162760703186,58.65371587919));
#1159 = CARTESIAN_POINT('',(0.162742420863,58.791784740046));
#1160 = CARTESIAN_POINT('',(0.1627124026,58.929854682317));
#1161 = CARTESIAN_POINT('',(0.162709102218,59.068009852494));
#1162 = CARTESIAN_POINT('',(0.162754517249,59.206295803634));
#1163 = CARTESIAN_POINT('',(0.162753530762,59.344349570561));
#1164 = ( GEOMETRIC_REPRESENTATION_CONTEXT(2) 
PARAMETRIC_REPRESENTATION_CONTEXT() REPRESENTATION_CONTEXT('2D SPACE',''
  ) );
#1165 = ORIENTED_EDGE('',*,*,#1166,.F.);
#1166 = EDGE_CURVE('',#1167,#979,#1169,.T.);
#1167 = VERTEX_POINT('',#1168);
#1168 = CARTESIAN_POINT('',(3.2,1.539471314315E-15,8.413155715029));
#1169 = SURFACE_CURVE('',#1170,(#1174,#1181),.PCURVE_S1.);
#1170 = LINE('',#1171,#1172);
#1171 = CARTESIAN_POINT('',(3.2,3.448309210555E-15,24.));
#1172 = VECTOR('',#1173,1.);
#1173 = DIRECTION('',(0.,-1.224646799147E-16,-1.));
#1174 = PCURVE('',#194,#1175);
#1175 = DEFINITIONAL_REPRESENTATION('',(#1176),#1180);
#1176 = LINE('',#1177,#1178);
#1177 = CARTESIAN_POINT('',(0.,-0.));
#1178 = VECTOR('',#1179,1.);
#1179 = DIRECTION('',(0.,1.));
#1180 = ( GEOMETRIC_REPRESENTATION_CONTEXT(2) 
PARAMETRIC_REPRESENTATION_CONTEXT() REPRESENTATION_CONTEXT('2D SPACE',''
  ) );
#1181 = PCURVE('',#1182,#1187);
#1182 = CYLINDRICAL_SURFACE('',#1183,3.2);
#1183 = AXIS2_PLACEMENT_3D('',#1184,#1185,#1186);
#1184 = CARTESIAN_POINT('',(0.,2.6645352591E-15,24.));
#1185 = DIRECTION('',(0.,-1.224646799147E-16,-1.));
#1186 = DIRECTION('',(1.,0.,0.));
#1187 = DEFINITIONAL_REPRESENTATION('',(#1188),#1192);
#1188 = LINE('',#1189,#1190);
#1189 = CARTESIAN_POINT('',(6.28318530718,-0.));
#1190 = VECTOR('',#1191,1.);
#1191 = DIRECTION('',(0.,1.));
#1192 = ( GEOMETRIC_REPRESENTATION_CONTEXT(2) 
PARAMETRIC_REPRESENTATION_CONTEXT() REPRESENTATION_CONTEXT('2D SPACE',''
  ) );
#1193 = ORIENTED_EDGE('',*,*,#1194,.T.);
#1194 = EDGE_CURVE('',#1167,#179,#1195,.T.);
#1195 = SURFACE_CURVE('',#1196,(#1262,#1331),.PCURVE_S1.);
#1196 = B_SPLINE_CURVE_WITH_KNOTS('',8,(#1197,#1198,#1199,#1200,#1201,
    #1202,#1203,#1204,#1205,#1206,#1207,#1208,#1209,#1210,#1211,#1212,
    #1213,#1214,#1215,#1216,#1217,#1218,#1219,#1220,#1221,#1222,#1223,
    #1224,#1225,#1226,#1227,#1228,#1229,#1230,#1231,#1232,#1233,#1234,
    #1235,#1236,#1237,#1238,#1239,#1240,#1241,#1242,#1243,#1244,#1245,
    #1246,#1247,#1248,#1249,#1250,#1251,#1252,#1253,#1254,#1255,#1256,
    #1257,#1258,#1259,#1260,#1261),.UNSPECIFIED.,.F.,.F.,(9,7,7,7,7,7,7,
    7,7,9),(0.,9.23733349585E-02,0.20607700961,0.330715997049,
    0.458438599689,0.642353349584,0.745133512545,0.859192277441,
    0.933751456084,1.),.UNSPECIFIED.);
#1197 = CARTESIAN_POINT('',(3.2,-4.57337315534E-15,8.413155715029));
#1198 = CARTESIAN_POINT('',(3.2,-0.232104614784,8.39006747147));
#1199 = CARTESIAN_POINT('',(3.180759696274,-0.464245642042,
    8.366976055635));
#1200 = CARTESIAN_POINT('',(3.142269185025,-0.694510289802,
    8.343886265799));
#1201 = CARTESIAN_POINT('',(3.084756177247,-0.921038408953,
    8.320798227873));
#1202 = CARTESIAN_POINT('',(3.008653973563,-1.142020177495,
    8.297709847551));
#1203 = CARTESIAN_POINT('',(2.914590555796,-1.355700712265,
    8.274619298372));
#1204 = CARTESIAN_POINT('',(2.80339879527,-1.560391608132,8.251527545702
    ));
#1205 = CARTESIAN_POINT('',(2.519512659184,-1.993407191031,
    8.200023228533));
#1206 = CARTESIAN_POINT('',(2.338441318288,-2.216433261196,
    8.171594543682));
#1207 = CARTESIAN_POINT('',(2.134893794992,-2.420511528909,8.143170865)
  );
#1208 = CARTESIAN_POINT('',(1.911230308798,-2.603033001935,
    8.114751888893));
#1209 = CARTESIAN_POINT('',(1.670107375507,-2.761771739456,
    8.086333261412));
#1210 = CARTESIAN_POINT('',(1.414444457723,-2.8948617968,8.057910516831)
  );
#1211 = CARTESIAN_POINT('',(1.147435295832,-3.000834416778,
    8.029483027493));
#1212 = CARTESIAN_POINT('',(0.571286776212,-3.164127004689,
    7.969916636213));
#1213 = CARTESIAN_POINT('',(0.26028750933,-3.21586610897,7.938751178174)
  );
#1214 = CARTESIAN_POINT('',(-5.579814088733E-02,-3.232579926321,
    7.907594812282));
#1215 = CARTESIAN_POINT('',(-0.372352606478,-3.213788227759,
    7.876445634077));
#1216 = CARTESIAN_POINT('',(-0.684818931358,-3.159701391709,
    7.845296043157));
#1217 = CARTESIAN_POINT('',(-0.988711220864,-3.071155438958,
    7.814138612134));
#1218 = CARTESIAN_POINT('',(-1.279640773153,-2.949675201721,
    7.782971908418));
#1219 = CARTESIAN_POINT('',(-1.833972042204,-2.641878720029,
    7.719900305125));
#1220 = CARTESIAN_POINT('',(-2.096831258432,-2.453856853706,
    7.68796016312));
#1221 = CARTESIAN_POINT('',(-2.337417896175,-2.236055916935,
    7.656029270024));
#1222 = CARTESIAN_POINT('',(-2.551858165967,-1.991636938993,
    7.624106004453));
#1223 = CARTESIAN_POINT('',(-2.736867523056,-1.724246922606,
    7.592182905231));
#1224 = CARTESIAN_POINT('',(-2.889704671343,-1.437958107362,
    7.560252475299));
#1225 = CARTESIAN_POINT('',(-3.008242872499,-1.137298453596,
    7.528313081302));
#1226 = CARTESIAN_POINT('',(-3.210667752175,-0.380951227005,
    7.450430201591));
#1227 = CARTESIAN_POINT('',(-3.256787220823,8.632185904334E-02,
    7.404345936825));
#1228 = CARTESIAN_POINT('',(-3.224565558697,0.558544623291,
    7.358337803188));
#1229 = CARTESIAN_POINT('',(-3.114593811633,1.020583548313,
    7.312366779375));
#1230 = CARTESIAN_POINT('',(-2.929795386609,1.458086558816,
    7.266393777201));
#1231 = CARTESIAN_POINT('',(-2.676330220242,1.857767091199,
    7.220385978258));
#1232 = CARTESIAN_POINT('',(-2.362657255714,2.20712647452,7.174302689061
    ));
#1233 = CARTESIAN_POINT('',(-1.800703423939,2.657849313373,
    7.102645997255));
#1234 = CARTESIAN_POINT('',(-1.584286031526,2.800894388658,
    7.076950777451));
#1235 = CARTESIAN_POINT('',(-1.354975484946,2.923719096785,
    7.051258408688));
#1236 = CARTESIAN_POINT('',(-1.114994616967,3.024996138163,
    7.025569641328));
#1237 = CARTESIAN_POINT('',(-0.866691918913,3.103697516727,
    6.999880863375));
#1238 = CARTESIAN_POINT('',(-0.612522348036,3.159079974693,
    6.974188355411));
#1239 = CARTESIAN_POINT('',(-0.355042398842,3.190710505937,
    6.948492775524));
#1240 = CARTESIAN_POINT('',(0.189528697255,3.207211677616,6.894295996182
    ));
#1241 = CARTESIAN_POINT('',(0.47697868528,3.186576569807,6.865775610438)
  );
#1242 = CARTESIAN_POINT('',(0.761764859806,3.136477025585,6.837259222507
    ));
#1243 = CARTESIAN_POINT('',(1.040361757762,3.057356909307,6.808746963127
    ));
#1244 = CARTESIAN_POINT('',(1.309391280471,2.950128991839,6.780235730031
    ));
#1245 = CARTESIAN_POINT('',(1.565623002429,2.816131979975,6.751723412133
    ));
#1246 = CARTESIAN_POINT('',(1.805997893568,2.657160882458,6.723210773216
    ));
#1247 = CARTESIAN_POINT('',(2.172634114527,2.356853225514,6.676075288521
    ));
#1248 = CARTESIAN_POINT('',(2.309626178924,2.228440403881,6.657441388516
    ));
#1249 = CARTESIAN_POINT('',(2.437914984437,2.090955230451,6.638804717807
    ));
#1250 = CARTESIAN_POINT('',(2.556801839098,1.94508847934,6.62016590517)
  );
#1251 = CARTESIAN_POINT('',(2.665658379406,1.791589154438,6.601526560402
    ));
#1252 = CARTESIAN_POINT('',(2.763928660731,1.631263177484,6.582888472229
    ));
#1253 = CARTESIAN_POINT('',(2.851131247726,1.464972076134,6.564252806207
    ));
#1254 = CARTESIAN_POINT('',(2.99415021668,1.141389486805,6.52906275651)
  );
#1255 = CARTESIAN_POINT('',(3.052395655026,0.985131910107,6.512505395267
    ));
#1256 = CARTESIAN_POINT('',(3.101311707064,0.825497324915,6.495948327683
    ));
#1257 = CARTESIAN_POINT('',(3.140672597961,0.663139776457,6.479391554428
    ));
#1258 = CARTESIAN_POINT('',(3.170308383069,0.498726695329,6.462834597564
    ));
#1259 = CARTESIAN_POINT('',(3.190103759934,0.332937280336,6.446277073508
    ));
#1260 = CARTESIAN_POINT('',(3.2,0.166461541037,6.429719209463));
#1261 = CARTESIAN_POINT('',(3.2,5.395750118214E-15,6.413162303311));
#1262 = PCURVE('',#194,#1263);
#1263 = DEFINITIONAL_REPRESENTATION('',(#1264),#1330);
#1264 = B_SPLINE_CURVE_WITH_KNOTS('',8,(#1265,#1266,#1267,#1268,#1269,
    #1270,#1271,#1272,#1273,#1274,#1275,#1276,#1277,#1278,#1279,#1280,
    #1281,#1282,#1283,#1284,#1285,#1286,#1287,#1288,#1289,#1290,#1291,
    #1292,#1293,#1294,#1295,#1296,#1297,#1298,#1299,#1300,#1301,#1302,
    #1303,#1304,#1305,#1306,#1307,#1308,#1309,#1310,#1311,#1312,#1313,
    #1314,#1315,#1316,#1317,#1318,#1319,#1320,#1321,#1322,#1323,#1324,
    #1325,#1326,#1327,#1328,#1329),.UNSPECIFIED.,.F.,.F.,(9,7,7,7,7,7,7,
    7,7,9),(0.,9.23733349585E-02,0.20607700961,0.330715997049,
    0.458438599689,0.642353349584,0.745133512545,0.859192277441,
    0.933751456084,1.),.UNSPECIFIED.);
#1265 = CARTESIAN_POINT('',(0.,15.586844284971));
#1266 = CARTESIAN_POINT('',(7.253269212006E-02,15.60993252853));
#1267 = CARTESIAN_POINT('',(0.145076535155,15.633023944365));
#1268 = CARTESIAN_POINT('',(0.217616318624,15.656113734201));
#1269 = CARTESIAN_POINT('',(0.290151162697,15.679201772127));
#1270 = CARTESIAN_POINT('',(0.362687093351,15.702290152449));
#1271 = CARTESIAN_POINT('',(0.435229416191,15.725380701628));
#1272 = CARTESIAN_POINT('',(0.507774888929,15.748472454298));
#1273 = CARTESIAN_POINT('',(0.669580446336,15.799976771467));
#1274 = CARTESIAN_POINT('',(0.758890860062,15.828405456318));
#1275 = CARTESIAN_POINT('',(0.848184649011,15.856829135));
#1276 = CARTESIAN_POINT('',(0.937463281972,15.885248111107));
#1277 = CARTESIAN_POINT('',(1.026741318768,15.913666738588));
#1278 = CARTESIAN_POINT('',(1.116033539023,15.942089483169));
#1279 = CARTESIAN_POINT('',(1.205342124821,15.970516972507));
#1280 = CARTESIAN_POINT('',(1.392480209369,16.030083363787));
#1281 = CARTESIAN_POINT('',(1.490393393289,16.061248821826));
#1282 = CARTESIAN_POINT('',(1.588279289976,16.092405187718));
#1283 = CARTESIAN_POINT('',(1.686143012762,16.123554365923));
#1284 = CARTESIAN_POINT('',(1.7840070585,16.154703956843));
#1285 = CARTESIAN_POINT('',(1.881893600725,16.185861387866));
#1286 = CARTESIAN_POINT('',(1.97980682292,16.217028091582));
#1287 = CARTESIAN_POINT('',(2.177948046129,16.280099694875));
#1288 = CARTESIAN_POINT('',(2.278286656243,16.31203983688));
#1289 = CARTESIAN_POINT('',(2.378594292555,16.343970729976));
#1290 = CARTESIAN_POINT('',(2.478877102204,16.375893995547));
#1291 = CARTESIAN_POINT('',(2.57916016458,16.407817094769));
#1292 = CARTESIAN_POINT('',(2.679468377558,16.439747524701));
#1293 = CARTESIAN_POINT('',(2.779807198722,16.471686918698));
#1294 = CARTESIAN_POINT('',(3.024484313581,16.549569798409));
#1295 = CARTESIAN_POINT('',(3.169267134158,16.595654063176));
#1296 = CARTESIAN_POINT('',(3.313813928045,16.641662196812));
#1297 = CARTESIAN_POINT('',(3.458243636921,16.687633220625));
#1298 = CARTESIAN_POINT('',(3.602671670599,16.733606222799));
#1299 = CARTESIAN_POINT('',(3.747205053649,16.779614021742));
#1300 = CARTESIAN_POINT('',(3.891977804825,16.825697310939));
#1301 = CARTESIAN_POINT('',(4.11709565298,16.897354002745));
#1302 = CARTESIAN_POINT('',(4.19782120515,16.923049222549));
#1303 = CARTESIAN_POINT('',(4.278539039703,16.948741591312));
#1304 = CARTESIAN_POINT('',(4.359246597811,16.974430358672));
#1305 = CARTESIAN_POINT('',(4.439954244517,17.000119136625));
#1306 = CARTESIAN_POINT('',(4.52067208055,17.025811644589));
#1307 = CARTESIAN_POINT('',(4.601396575654,17.051507224476));
#1308 = CARTESIAN_POINT('',(4.771653151155,17.105704003818));
#1309 = CARTESIAN_POINT('',(4.861244774632,17.134224389562));
#1310 = CARTESIAN_POINT('',(4.950819904336,17.162740777493));
#1311 = CARTESIAN_POINT('',(5.040379700086,17.191253036873));
#1312 = CARTESIAN_POINT('',(5.129938742706,17.219764269969));
#1313 = CARTESIAN_POINT('',(5.219512227431,17.248276587867));
#1314 = CARTESIAN_POINT('',(5.309103030143,17.276789226784));
#1315 = CARTESIAN_POINT('',(5.457205219624,17.323924711479));
#1316 = CARTESIAN_POINT('',(5.515751767328,17.342558611484));
#1317 = CARTESIAN_POINT('',(5.574296404946,17.361195282193));
#1318 = CARTESIAN_POINT('',(5.632839233873,17.37983409483));
#1319 = CARTESIAN_POINT('',(5.69138258729,17.398473439598));
#1320 = CARTESIAN_POINT('',(5.74992832484,17.417111527771));
#1321 = CARTESIAN_POINT('',(5.8084751273,17.435747193793));
#1322 = CARTESIAN_POINT('',(5.919031301864,17.47093724349));
#1323 = CARTESIAN_POINT('',(5.971052022616,17.487494604733));
#1324 = CARTESIAN_POINT('',(6.023073920869,17.504051672317));
#1325 = CARTESIAN_POINT('',(6.075095982203,17.520608445572));
#1326 = CARTESIAN_POINT('',(6.127118678551,17.537165402436));
#1327 = CARTESIAN_POINT('',(6.179142432192,17.553722926492));
#1328 = CARTESIAN_POINT('',(6.231166075605,17.570280790537));
#1329 = CARTESIAN_POINT('',(6.28318530718,17.586837696689));
#1330 = ( GEOMETRIC_REPRESENTATION_CONTEXT(2) 
PARAMETRIC_REPRESENTATION_CONTEXT() REPRESENTATION_CONTEXT('2D SPACE',''
  ) );
#1331 = PCURVE('',#330,#1332);
#1332 = DEFINITIONAL_REPRESENTATION('',(#1333),#1399);
#1333 = B_SPLINE_CURVE_WITH_KNOTS('',8,(#1334,#1335,#1336,#1337,#1338,
    #1339,#1340,#1341,#1342,#1343,#1344,#1345,#1346,#1347,#1348,#1349,
    #1350,#1351,#1352,#1353,#1354,#1355,#1356,#1357,#1358,#1359,#1360,
    #1361,#1362,#1363,#1364,#1365,#1366,#1367,#1368,#1369,#1370,#1371,
    #1372,#1373,#1374,#1375,#1376,#1377,#1378,#1379,#1380,#1381,#1382,
    #1383,#1384,#1385,#1386,#1387,#1388,#1389,#1390,#1391,#1392,#1393,
    #1394,#1395,#1396,#1397,#1398),.UNSPECIFIED.,.F.,.F.,(9,7,7,7,7,7,7,
    7,7,9),(0.,9.23733349585E-02,0.20607700961,0.330715997049,
    0.458438599689,0.642353349584,0.745133512545,0.859192277441,
    0.933751456084,1.),.UNSPECIFIED.);
#1334 = CARTESIAN_POINT('',(0.868024921118,46.156720084894));
#1335 = CARTESIAN_POINT('',(0.868025248272,46.232839488379));
#1336 = CARTESIAN_POINT('',(0.86802486753,46.30897025624));
#1337 = CARTESIAN_POINT('',(0.868023975454,46.385096317526));
#1338 = CARTESIAN_POINT('',(0.86802298342,46.461216730807));
#1339 = CARTESIAN_POINT('',(0.868022289533,46.537337891493));
#1340 = CARTESIAN_POINT('',(0.868022139304,46.613465507152));
#1341 = CARTESIAN_POINT('',(0.868022575107,46.68959634085));
#1342 = CARTESIAN_POINT('',(0.868024581359,46.859398785326));
#1343 = CARTESIAN_POINT('',(0.868026392394,46.953123235622));
#1344 = CARTESIAN_POINT('',(0.868028696435,47.046830550296));
#1345 = CARTESIAN_POINT('',(0.868030912103,47.140522474073));
#1346 = CARTESIAN_POINT('',(0.868032293577,47.234214315719));
#1347 = CARTESIAN_POINT('',(0.868032326089,47.327921456914));
#1348 = CARTESIAN_POINT('',(0.868030989919,47.421645992208));
#1349 = CARTESIAN_POINT('',(0.868025921027,47.618037407659));
#1350 = CARTESIAN_POINT('',(0.868021969917,47.720792120234));
#1351 = CARTESIAN_POINT('',(0.868017095997,47.823518037463));
#1352 = CARTESIAN_POINT('',(0.868012173914,47.926220319168));
#1353 = CARTESIAN_POINT('',(0.868008350527,48.028922555899));
#1354 = CARTESIAN_POINT('',(0.868006453793,48.131648175798));
#1355 = CARTESIAN_POINT('',(0.868006571649,48.234401789477));
#1356 = CARTESIAN_POINT('',(0.868010146312,48.44233850909));
#1357 = CARTESIAN_POINT('',(0.86801368544,48.547637700759));
#1358 = CARTESIAN_POINT('',(0.868018561813,48.652904688767));
#1359 = CARTESIAN_POINT('',(0.868023828231,48.758146030507));
#1360 = CARTESIAN_POINT('',(0.868028231135,48.863387928576));
#1361 = CARTESIAN_POINT('',(0.868030897777,48.968656216681));
#1362 = CARTESIAN_POINT('',(0.868031803992,49.073956310749));
#1363 = CARTESIAN_POINT('',(0.868030730781,49.330730397087));
#1364 = CARTESIAN_POINT('',(0.868027294636,49.482670388692));
#1365 = CARTESIAN_POINT('',(0.868022392399,49.634361258638));
#1366 = CARTESIAN_POINT('',(0.868018974824,49.785927881438));
#1367 = CARTESIAN_POINT('',(0.868021772921,49.937493074475));
#1368 = CARTESIAN_POINT('',(0.868025740419,50.089171493142));
#1369 = CARTESIAN_POINT('',(0.868026313913,50.241103138501));
#1370 = CARTESIAN_POINT('',(0.868022113185,50.477354055504));
#1371 = CARTESIAN_POINT('',(0.868019587133,50.562072070988));
#1372 = CARTESIAN_POINT('',(0.868016021252,50.646782017195));
#1373 = CARTESIAN_POINT('',(0.868011850341,50.731480863973));
#1374 = CARTESIAN_POINT('',(0.868008100928,50.816179206414));
#1375 = CARTESIAN_POINT('',(0.868006147842,50.90088754816));
#1376 = CARTESIAN_POINT('',(0.86800709018,50.985602313389));
#1377 = CARTESIAN_POINT('',(0.868014804363,51.164274256129));
#1378 = CARTESIAN_POINT('',(0.868022236728,51.258293844013));
#1379 = CARTESIAN_POINT('',(0.868032800069,51.352296245748));
#1380 = CARTESIAN_POINT('',(0.868044893786,51.446283078084));
#1381 = CARTESIAN_POINT('',(0.868053976376,51.540270379208));
#1382 = CARTESIAN_POINT('',(0.868053378045,51.634273642447));
#1383 = CARTESIAN_POINT('',(0.86804028546,51.728293949139));
#1384 = CARTESIAN_POINT('',(0.8680227377,51.883717770712));
#1385 = CARTESIAN_POINT('',(0.86801759348,51.945158611913));
#1386 = CARTESIAN_POINT('',(0.868021230734,52.006597352986));
#1387 = CARTESIAN_POINT('',(0.868031839886,52.068034236062));
#1388 = CARTESIAN_POINT('',(0.868043209753,52.129471900276));
#1389 = CARTESIAN_POINT('',(0.868049124718,52.190912400525));
#1390 = CARTESIAN_POINT('',(0.868047761901,52.252354226239));
#1391 = CARTESIAN_POINT('',(0.868044601307,52.368376637099));
#1392 = CARTESIAN_POINT('',(0.868041036612,52.422969299578));
#1393 = CARTESIAN_POINT('',(0.868035921629,52.477562977312));
#1394 = CARTESIAN_POINT('',(0.86803010644,52.532156580508));
#1395 = CARTESIAN_POINT('',(0.868024403421,52.586750645542));
#1396 = CARTESIAN_POINT('',(0.868019385409,52.64134570417));
#1397 = CARTESIAN_POINT('',(0.868015342438,52.695940636254));
#1398 = CARTESIAN_POINT('',(0.868012397049,52.750531006018));
#1399 = ( GEOMETRIC_REPRESENTATION_CONTEXT(2) 
PARAMETRIC_REPRESENTATION_CONTEXT() REPRESENTATION_CONTEXT('2D SPACE',''
  ) );
#1400 = ORIENTED_EDGE('',*,*,#178,.T.);
#1401 = ADVANCED_FACE('',(#1402),#330,.F.);
#1402 = FACE_BOUND('',#1403,.F.);
#1403 = EDGE_LOOP('',(#1404,#1506,#1579,#1772,#1986,#2179,#2393,#2628,
    #2842,#3070,#3071,#3072));
#1404 = ORIENTED_EDGE('',*,*,#1405,.F.);
#1405 = EDGE_CURVE('',#1406,#771,#1408,.T.);
#1406 = VERTEX_POINT('',#1407);
#1407 = CARTESIAN_POINT('',(-2.82843464415,-2.828427845476,22.));
#1408 = SURFACE_CURVE('',#1409,(#1492,#1499),.PCURVE_S1.);
#1409 = B_SPLINE_CURVE_WITH_KNOTS('',11,(#1410,#1411,#1412,#1413,#1414,
    #1415,#1416,#1417,#1418,#1419,#1420,#1421,#1422,#1423,#1424,#1425,
    #1426,#1427,#1428,#1429,#1430,#1431,#1432,#1433,#1434,#1435,#1436,
    #1437,#1438,#1439,#1440,#1441,#1442,#1443,#1444,#1445,#1446,#1447,
    #1448,#1449,#1450,#1451,#1452,#1453,#1454,#1455,#1456,#1457,#1458,
    #1459,#1460,#1461,#1462,#1463,#1464,#1465,#1466,#1467,#1468,#1469,
    #1470,#1471,#1472,#1473,#1474,#1475,#1476,#1477,#1478,#1479,#1480,
    #1481,#1482,#1483,#1484,#1485,#1486,#1487,#1488,#1489,#1490,#1491),
  .UNSPECIFIED.,.F.,.F.,(12,10,10,10,10,10,10,10,12),(0.,7.41804369632,
    14.83608739264,22.25413108896,29.672174785281,37.090218481601,
    44.508262177921,51.926305874241,59.344349570561),.UNSPECIFIED.);
#1410 = CARTESIAN_POINT('',(4.,-2.373526899144E-15,22.75));
#1411 = CARTESIAN_POINT('',(3.999998104846,-2.570404161237,
    22.545448502335));
#1412 = CARTESIAN_POINT('',(2.18430053943,-5.140977045946,
    22.340933222649));
#1413 = CARTESIAN_POINT('',(-1.458800974039,-6.283085127001,
    22.136298859291));
#1414 = CARTESIAN_POINT('',(-5.612014533389,-4.57567410619,
    21.931934941096));
#1415 = CARTESIAN_POINT('',(-7.933949789277,0.141939480169,
    21.727116135992));
#1416 = CARTESIAN_POINT('',(-5.7104201589,5.509736408804,21.522882639011
    ));
#1417 = CARTESIAN_POINT('',(-0.732869747498,7.203826043409,
    21.318065346535));
#1418 = CARTESIAN_POINT('',(3.41131687356,5.47431442442,21.113699000483)
  );
#1419 = CARTESIAN_POINT('',(5.179742028344,2.09069634729,20.909067145404
    ));
#1420 = CARTESIAN_POINT('',(4.645978408053,-1.010877765229,
    20.704549909652));
#1421 = CARTESIAN_POINT('',(1.010875707275,-4.645976241988,20.2954493));
#1422 = CARTESIAN_POINT('',(-2.090686227022,-5.179753058337,
    20.090931929648));
#1423 = CARTESIAN_POINT('',(-5.474339868666,-3.411284567223,
    19.886300582704));
#1424 = CARTESIAN_POINT('',(-7.203784045832,0.732803929075,
    19.681933031438));
#1425 = CARTESIAN_POINT('',(-5.509783029426,5.710515526195,
    19.477117898691));
#1426 = CARTESIAN_POINT('',(-0.141905069133,7.933849207765,
    19.272881292515));
#1427 = CARTESIAN_POINT('',(4.575657219511,5.612091157679,
    19.068066182549));
#1428 = CARTESIAN_POINT('',(6.28309007705,1.458759682176,18.863698594724
    ));
#1429 = CARTESIAN_POINT('',(5.140976301398,-2.18428519143,
    18.659067285543));
#1430 = CARTESIAN_POINT('',(2.570404310778,-4.000001352995,
    18.454549885745));
#1431 = CARTESIAN_POINT('',(-2.570404236351,-3.999998377173,
    18.045449312005));
#1432 = CARTESIAN_POINT('',(-5.140976924187,-2.184300097999,
    17.840931910196));
#1433 = CARTESIAN_POINT('',(-6.28308528929,1.458800385672,
    17.636300608626));
#1434 = CARTESIAN_POINT('',(-4.57567392636,5.612015185332,
    17.431933002715));
#1435 = CARTESIAN_POINT('',(0.141939314176,7.93394918751,17.227117925206
    ));
#1436 = CARTESIAN_POINT('',(5.509736535605,5.710420618579,17.02288127226
    ));
#1437 = CARTESIAN_POINT('',(7.20382596468,0.73286946209,16.818066195124)
  );
#1438 = CARTESIAN_POINT('',(5.474314462631,-3.411316735036,
    16.613698588621));
#1439 = CARTESIAN_POINT('',(2.090696334093,-5.179742076187,
    16.40906728765));
#1440 = CARTESIAN_POINT('',(-1.010877762977,-4.645978399891,
    16.204549885386));
#1441 = CARTESIAN_POINT('',(-4.645976243118,-1.010875711374,
    15.795449312185));
#1442 = CARTESIAN_POINT('',(-5.179753056507,2.090686233663,
    15.590931909907));
#1443 = CARTESIAN_POINT('',(-3.411284569659,5.474339859821,
    15.386300609003));
#1444 = CARTESIAN_POINT('',(0.732803931769,7.203784055624,
    15.181933002309));
#1445 = CARTESIAN_POINT('',(5.710515523718,5.509783020392,
    14.977117925569));
#1446 = CARTESIAN_POINT('',(7.933849209647,0.141905076033,
    14.772881271989));
#1447 = CARTESIAN_POINT('',(5.612091156518,-4.575657223797,
    14.568066195292));
#1448 = CARTESIAN_POINT('',(1.458759682738,-6.283090074968,
    14.363698588536));
#1449 = CARTESIAN_POINT('',(-2.184285191627,-5.140976302117,
    14.159067287685));
#1450 = CARTESIAN_POINT('',(-4.000001352959,-2.570404310655,
    13.954549885374));
#1451 = CARTESIAN_POINT('',(-3.999998377197,2.57040423629,
    13.545449312207));
#1452 = CARTESIAN_POINT('',(-2.18430009794,5.140976924291,
    13.340931909826));
#1453 = CARTESIAN_POINT('',(1.458800385568,6.283085289142,
    13.136300609171));
#1454 = CARTESIAN_POINT('',(5.612015185464,4.575673926526,
    12.931933002062));
#1455 = CARTESIAN_POINT('',(7.93394918739,-0.14193931431,12.727117925852
    ));
#1456 = CARTESIAN_POINT('',(5.710420618655,-5.509736535539,
    12.522881271728));
#1457 = CARTESIAN_POINT('',(0.732869462057,-7.203825964686,
    12.318066195487));
#1458 = CARTESIAN_POINT('',(-3.411316735025,-5.474314462649,
    12.113698588421));
#1459 = CARTESIAN_POINT('',(-5.179742076193,-2.090696334079,
    11.909067287733));
#1460 = CARTESIAN_POINT('',(-4.645978399888,1.010877762972,
    11.704549885367));
#1461 = CARTESIAN_POINT('',(-1.010875711379,4.645976243123,
    11.295449312198));
#1462 = CARTESIAN_POINT('',(2.090686233689,5.179753056493,11.09093190989
    ));
#1463 = CARTESIAN_POINT('',(5.474339859753,3.411284569684,
    10.886300608998));
#1464 = CARTESIAN_POINT('',(7.203784055742,-0.732803931806,
    10.681933002387));
#1465 = CARTESIAN_POINT('',(5.50978302024,-5.710515523668,
    10.477117925378));
#1466 = CARTESIAN_POINT('',(0.141905076191,-7.933849209706,
    10.272881272294));
#1467 = CARTESIAN_POINT('',(-4.575657223938,-5.612091156457,
    10.06806619492));
#1468 = CARTESIAN_POINT('',(-6.283090074854,-1.458759682788,9.8636985889
    ));
#1469 = CARTESIAN_POINT('',(-5.140976302201,2.184285191659,
    9.659067287393));
#1470 = CARTESIAN_POINT('',(-2.570404310603,4.000001352943,
    9.454549885566));
#1471 = CARTESIAN_POINT('',(2.570404236185,3.999998377225,9.045449311812
    ));
#1472 = CARTESIAN_POINT('',(5.140976924901,2.184300097763,8.840931912097
    ));
#1473 = CARTESIAN_POINT('',(6.283085287376,-1.458800385016,
    8.636300602689));
#1474 = CARTESIAN_POINT('',(4.57567393019,-5.612015186679,8.431933015268
    ));
#1475 = CARTESIAN_POINT('',(-0.141939320269,-7.933949185326,
    8.227117904763));
#1476 = CARTESIAN_POINT('',(-5.50973652768,-5.710420621453,
    8.022881299156));
#1477 = CARTESIAN_POINT('',(-7.203825973228,-0.732869458972,
    7.81806616592));
#1478 = CARTESIAN_POINT('',(-5.474314454951,3.411316732226,
    7.613698614998));
#1479 = CARTESIAN_POINT('',(-2.09069633983,5.17974207829,7.409067267863)
  );
#1480 = CARTESIAN_POINT('',(1.010877766503,4.645978398595,7.204549897584
    ));
#1481 = CARTESIAN_POINT('',(4.64597623611,1.010875713955,6.795449287915)
  );
#1482 = CARTESIAN_POINT('',(5.179753097579,-2.090686248789,
    6.590932052165));
#1483 = CARTESIAN_POINT('',(3.411284450739,-5.474339816026,
    6.386300197096));
#1484 = CARTESIAN_POINT('',(-0.732803686745,-7.203784145848,
    6.181933851017));
#1485 = CARTESIAN_POINT('',(-5.710515918366,-5.509782875095,
    5.977116558596));
#1486 = CARTESIAN_POINT('',(-7.933848693004,-0.141905266223,
    5.772883061521));
#1487 = CARTESIAN_POINT('',(-5.612091716245,4.575657429831,5.56806425654
    ));
#1488 = CARTESIAN_POINT('',(-1.45875917759,6.283089889032,5.363700338225
    ));
#1489 = CARTESIAN_POINT('',(2.184284812628,5.140976441618,5.159065974956
    ));
#1490 = CARTESIAN_POINT('',(4.000001586772,2.570404224595,4.95455069522)
  );
#1491 = CARTESIAN_POINT('',(3.999999749242,7.981886034938E-08,
    4.749999197576));
#1492 = PCURVE('',#330,#1493);
#1493 = DEFINITIONAL_REPRESENTATION('',(#1494),#1498);
#1494 = LINE('',#1495,#1496);
#1495 = CARTESIAN_POINT('',(0.,0.));
#1496 = VECTOR('',#1497,1.);
#1497 = DIRECTION('',(0.,1.));
#1498 = ( GEOMETRIC_REPRESENTATION_CONTEXT(2) 
PARAMETRIC_REPRESENTATION_CONTEXT() REPRESENTATION_CONTEXT('2D SPACE',''
  ) );
#1499 = PCURVE('',#784,#1500);
#1500 = DEFINITIONAL_REPRESENTATION('',(#1501),#1505);
#1501 = LINE('',#1502,#1503);
#1502 = CARTESIAN_POINT('',(0.5,0.));
#1503 = VECTOR('',#1504,1.);
#1504 = DIRECTION('',(0.,1.));
#1505 = ( GEOMETRIC_REPRESENTATION_CONTEXT(2) 
PARAMETRIC_REPRESENTATION_CONTEXT() REPRESENTATION_CONTEXT('2D SPACE',''
  ) );
#1506 = ORIENTED_EDGE('',*,*,#1507,.F.);
#1507 = EDGE_CURVE('',#1508,#1406,#1510,.T.);
#1508 = VERTEX_POINT('',#1509);
#1509 = CARTESIAN_POINT('',(0.862227749527,-3.081649441395,22.));
#1510 = SURFACE_CURVE('',#1511,(#1530,#1552),.PCURVE_S1.);
#1511 = B_SPLINE_CURVE_WITH_KNOTS('',5,(#1512,#1513,#1514,#1515,#1516,
    #1517,#1518,#1519,#1520,#1521,#1522,#1523,#1524,#1525,#1526,#1527,
    #1528,#1529),.UNSPECIFIED.,.F.,.F.,(6,4,4,4,6),(0.,0.213397510024,
    0.43565687137,0.711416279049,1.),.UNSPECIFIED.);
#1512 = CARTESIAN_POINT('',(0.862415591135,-3.081545631148,22.));
#1513 = CARTESIAN_POINT('',(0.719036051191,-3.160787595828,22.));
#1514 = CARTESIAN_POINT('',(0.570178218393,-3.230783771211,22.));
#1515 = CARTESIAN_POINT('',(0.416749509098,-3.29118746266,22.));
#1516 = CARTESIAN_POINT('',(0.259648948685,-3.34179070081,22.));
#1517 = CARTESIAN_POINT('',(-6.678270329803E-02,-3.424892420079,22.));
#1518 = CARTESIAN_POINT('',(-0.236353083535,-3.456552375339,22.));
#1519 = CARTESIAN_POINT('',(-0.407968848376,-3.477367526363,22.));
#1520 = CARTESIAN_POINT('',(-0.580683063274,-3.487362652638,22.));
#1521 = CARTESIAN_POINT('',(-0.968133972346,-3.485802295869,22.));
#1522 = CARTESIAN_POINT('',(-1.182982660807,-3.468480073606,22.));
#1523 = CARTESIAN_POINT('',(-1.396428690449,-3.434946848564,22.));
#1524 = CARTESIAN_POINT('',(-1.606909302141,-3.385692239725,22.));
#1525 = CARTESIAN_POINT('',(-2.028696068582,-3.254075231492,22.));
#1526 = CARTESIAN_POINT('',(-2.239591357065,-3.170277794656,22.));
#1527 = CARTESIAN_POINT('',(-2.444079679142,-3.070747289176,22.));
#1528 = CARTESIAN_POINT('',(-2.640762141959,-2.956436609056,22.));
#1529 = CARTESIAN_POINT('',(-2.82843464415,-2.828427845476,22.));
#1530 = PCURVE('',#330,#1531);
#1531 = DEFINITIONAL_REPRESENTATION('',(#1532),#1551);
#1532 = B_SPLINE_CURVE_WITH_KNOTS('',5,(#1533,#1534,#1535,#1536,#1537,
    #1538,#1539,#1540,#1541,#1542,#1543,#1544,#1545,#1546,#1547,#1548,
    #1549,#1550),.UNSPECIFIED.,.F.,.F.,(6,4,4,4,6),(0.,0.213397510024,
    0.43565687137,0.711416279049,1.),.UNSPECIFIED.);
#1533 = CARTESIAN_POINT('',(0.86807240518,1.36207951175));
#1534 = CARTESIAN_POINT('',(0.827203728102,1.414366350721));
#1535 = CARTESIAN_POINT('',(0.786824118799,1.466027478352));
#1536 = CARTESIAN_POINT('',(0.746912549537,1.517089800931));
#1537 = CARTESIAN_POINT('',(0.707448666202,1.567579362505));
#1538 = CARTESIAN_POINT('',(0.627761900957,1.669529545837));
#1539 = CARTESIAN_POINT('',(0.587574987898,1.720944149857));
#1540 = CARTESIAN_POINT('',(0.547835629411,1.771786164327));
#1541 = CARTESIAN_POINT('',(0.508524858028,1.822079855702));
#1542 = CARTESIAN_POINT('',(0.421366423221,1.933589237438));
#1543 = CARTESIAN_POINT('',(0.373740656658,1.994521038242));
#1544 = CARTESIAN_POINT('',(0.326719776066,2.054678960245));
#1545 = CARTESIAN_POINT('',(0.280273689381,2.114101498546));
#1546 = CARTESIAN_POINT('',(0.186351082438,2.234264893419));
#1547 = CARTESIAN_POINT('',(0.138925751651,2.294940258577));
#1548 = CARTESIAN_POINT('',(9.207618220961E-02,2.354878995357));
#1549 = CARTESIAN_POINT('',(4.577454300916E-02,2.414116708437));
#1550 = CARTESIAN_POINT('',(0.,2.472680052766));
#1551 = ( GEOMETRIC_REPRESENTATION_CONTEXT(2) 
PARAMETRIC_REPRESENTATION_CONTEXT() REPRESENTATION_CONTEXT('2D SPACE',''
  ) );
#1552 = PCURVE('',#1553,#1558);
#1553 = PLANE('',#1554);
#1554 = AXIS2_PLACEMENT_3D('',#1555,#1556,#1557);
#1555 = CARTESIAN_POINT('',(0.,2.419605899271E-15,22.));
#1556 = DIRECTION('',(0.,-1.224646799147E-16,-1.));
#1557 = DIRECTION('',(1.,0.,0.));
#1558 = DEFINITIONAL_REPRESENTATION('',(#1559),#1578);
#1559 = B_SPLINE_CURVE_WITH_KNOTS('',5,(#1560,#1561,#1562,#1563,#1564,
    #1565,#1566,#1567,#1568,#1569,#1570,#1571,#1572,#1573,#1574,#1575,
    #1576,#1577),.UNSPECIFIED.,.F.,.F.,(6,4,4,4,6),(0.,0.213397510024,
    0.43565687137,0.711416279049,1.),.UNSPECIFIED.);
#1560 = CARTESIAN_POINT('',(0.862415591135,3.081545631148));
#1561 = CARTESIAN_POINT('',(0.719036051191,3.160787595828));
#1562 = CARTESIAN_POINT('',(0.570178218393,3.230783771211));
#1563 = CARTESIAN_POINT('',(0.416749509098,3.29118746266));
#1564 = CARTESIAN_POINT('',(0.259648948685,3.34179070081));
#1565 = CARTESIAN_POINT('',(-6.678270329803E-02,3.424892420079));
#1566 = CARTESIAN_POINT('',(-0.236353083535,3.456552375339));
#1567 = CARTESIAN_POINT('',(-0.407968848376,3.477367526363));
#1568 = CARTESIAN_POINT('',(-0.580683063274,3.487362652638));
#1569 = CARTESIAN_POINT('',(-0.968133972346,3.485802295869));
#1570 = CARTESIAN_POINT('',(-1.182982660807,3.468480073606));
#1571 = CARTESIAN_POINT('',(-1.396428690449,3.434946848564));
#1572 = CARTESIAN_POINT('',(-1.606909302141,3.385692239725));
#1573 = CARTESIAN_POINT('',(-2.028696068582,3.254075231492));
#1574 = CARTESIAN_POINT('',(-2.239591357065,3.170277794656));
#1575 = CARTESIAN_POINT('',(-2.444079679142,3.070747289176));
#1576 = CARTESIAN_POINT('',(-2.640762141959,2.956436609056));
#1577 = CARTESIAN_POINT('',(-2.82843464415,2.828427845476));
#1578 = ( GEOMETRIC_REPRESENTATION_CONTEXT(2) 
PARAMETRIC_REPRESENTATION_CONTEXT() REPRESENTATION_CONTEXT('2D SPACE',''
  ) );
#1579 = ORIENTED_EDGE('',*,*,#1580,.T.);
#1580 = EDGE_CURVE('',#1508,#1581,#1583,.T.);
#1581 = VERTEX_POINT('',#1582);
#1582 = CARTESIAN_POINT('',(3.2,3.009048139197E-15,20.413161152558));
#1583 = SURFACE_CURVE('',#1584,(#1643,#1705),.PCURVE_S1.);
#1584 = B_SPLINE_CURVE_WITH_KNOTS('',8,(#1585,#1586,#1587,#1588,#1589,
    #1590,#1591,#1592,#1593,#1594,#1595,#1596,#1597,#1598,#1599,#1600,
    #1601,#1602,#1603,#1604,#1605,#1606,#1607,#1608,#1609,#1610,#1611,
    #1612,#1613,#1614,#1615,#1616,#1617,#1618,#1619,#1620,#1621,#1622,
    #1623,#1624,#1625,#1626,#1627,#1628,#1629,#1630,#1631,#1632,#1633,
    #1634,#1635,#1636,#1637,#1638,#1639,#1640,#1641,#1642),
  .UNSPECIFIED.,.F.,.F.,(9,7,7,7,7,7,7,7,9),(0.,0.103222330655,
    0.209525390569,0.327717518212,0.45601058948,0.580589715182,
    0.708816894197,0.863605028729,1.),.UNSPECIFIED.);
#1585 = CARTESIAN_POINT('',(3.2,2.026113938754E-15,22.413157894737));
#1586 = CARTESIAN_POINT('',(3.2,-0.259347453561,22.387360360195));
#1587 = CARTESIAN_POINT('',(3.175977852944,-0.518765731725,
    22.36154942501));
#1588 = CARTESIAN_POINT('',(3.127912499409,-0.775554260404,
    22.335742618487));
#1589 = CARTESIAN_POINT('',(3.056166986241,-1.027114730936,
    22.309943156999));
#1590 = CARTESIAN_POINT('',(2.961421684694,-1.270943013658,
    22.284146994495));
#1591 = CARTESIAN_POINT('',(2.844648181624,-1.504634735208,
    22.258349015121));
#1592 = CARTESIAN_POINT('',(2.70712384371,-1.725904519513,
    22.232548367942));
#1593 = CARTESIAN_POINT('',(2.389175351563,-2.145502773697,
    22.18018764049));
#1594 = CARTESIAN_POINT('',(2.207508684743,-2.343060871372,
    22.153614323238));
#1595 = CARTESIAN_POINT('',(2.007254125006,-2.52292205225,
    22.127043256605));
#1596 = CARTESIAN_POINT('',(1.79045300637,-2.683073224024,
    22.100475254031));
#1597 = CARTESIAN_POINT('',(1.559363816439,-2.821803389666,
    22.073906518928));
#1598 = CARTESIAN_POINT('',(1.316433192185,-2.93768946933,
    22.047333304746));
#1599 = CARTESIAN_POINT('',(1.064295021239,-3.029623889857,
    22.020756393989));
#1600 = CARTESIAN_POINT('',(0.518389605291,-3.171666442571,
    21.964642664596));
#1601 = CARTESIAN_POINT('',(0.222932927255,-3.215995421634,
    21.935088218869));
#1602 = CARTESIAN_POINT('',(-7.66279079706E-02,-3.228800989479,
    21.905541331492));
#1603 = CARTESIAN_POINT('',(-0.376357261776,-3.209719325161,
    21.876001094135));
#1604 = CARTESIAN_POINT('',(-0.672370040765,-3.158946733725,
    21.846461453531));
#1605 = CARTESIAN_POINT('',(-0.960841694127,-3.077191473492,
    21.816916188523));
#1606 = CARTESIAN_POINT('',(-1.238029007787,-2.965717731304,
    21.787363881128));
#1607 = CARTESIAN_POINT('',(-1.785077393187,-2.675334640559,
    21.72575735746));
#1608 = CARTESIAN_POINT('',(-2.052588317905,-2.491316425808,
    21.693671287767));
#1609 = CARTESIAN_POINT('',(-2.298173312955,-2.276831658721,
    21.661594467525));
#1610 = CARTESIAN_POINT('',(-2.517841744207,-2.035018669822,
    21.629525534675));
#1611 = CARTESIAN_POINT('',(-2.708200073605,-1.769520842654,
    21.597456996414));
#1612 = CARTESIAN_POINT('',(-2.866402925328,-1.484420202679,
    21.565381118355));
#1613 = CARTESIAN_POINT('',(-2.990222250534,-1.18426903308,
    21.533295856123));
#1614 = CARTESIAN_POINT('',(-3.163799790273,-0.573029977405,
    21.470092329208));
#1615 = CARTESIAN_POINT('',(-3.215691664901,-0.262181551299,
    21.438938946436));
#1616 = CARTESIAN_POINT('',(-3.232588560025,5.376908826491E-02,
    21.407794639367));
#1617 = CARTESIAN_POINT('',(-3.214008077198,0.370210111843,
    21.376657506396));
#1618 = CARTESIAN_POINT('',(-3.160157391662,0.682589707737,
    21.345519960178));
#1619 = CARTESIAN_POINT('',(-3.071868470916,0.986426566856,
    21.314374588357));
#1620 = CARTESIAN_POINT('',(-2.950661153881,1.27733595402,
    21.283219967235));
#1621 = CARTESIAN_POINT('',(-2.642747480633,1.832947613747,
    21.220031342389));
#1622 = CARTESIAN_POINT('',(-2.454048986483,2.096954073511,
    21.187961756067));
#1623 = CARTESIAN_POINT('',(-2.235321277572,2.338512707702,
    21.155901635706));
#1624 = CARTESIAN_POINT('',(-1.989764215631,2.55370243534,21.1238492594)
  );
#1625 = CARTESIAN_POINT('',(-1.721070999964,2.739200840196,
    21.091797028153));
#1626 = CARTESIAN_POINT('',(-1.433366383447,2.892237140633,
    21.059737333637));
#1627 = CARTESIAN_POINT('',(-1.131238011224,3.010665572905,
    21.027668511089));
#1628 = CARTESIAN_POINT('',(-0.443850938346,3.192845434775,
    20.956932449753));
#1629 = CARTESIAN_POINT('',(-5.356838740774E-02,3.240394155763,
    20.918195451421));
#1630 = CARTESIAN_POINT('',(0.341882520618,3.233169324416,20.87948649868
    ));
#1631 = CARTESIAN_POINT('',(0.733540845184,3.170926103886,
    20.840795721988));
#1632 = CARTESIAN_POINT('',(1.112737129828,3.054841426633,
    20.802104313136));
#1633 = CARTESIAN_POINT('',(1.471176975842,2.887674793392,
    20.763394493268));
#1634 = CARTESIAN_POINT('',(1.80093493309,2.673558462067,20.7246552617)
  );
#1635 = CARTESIAN_POINT('',(2.354022337172,2.194548581818,
    20.651872962793));
#1636 = CARTESIAN_POINT('',(2.585809060756,1.938308101288,
    20.617757561944));
#1637 = CARTESIAN_POINT('',(2.785428890906,1.654297139547,
    20.583656873243));
#1638 = CARTESIAN_POINT('',(2.949146170437,1.347314111214,
    20.549566266502));
#1639 = CARTESIAN_POINT('',(3.074037816279,1.022574915451,
    20.515475093505));
#1640 = CARTESIAN_POINT('',(3.158055251466,0.685705584111,
    20.481371698421));
#1641 = CARTESIAN_POINT('',(3.199999999438,0.342702632392,
    20.447252369502));
#1642 = CARTESIAN_POINT('',(3.2,2.225274187743E-15,20.413161152558));
#1643 = PCURVE('',#330,#1644);
#1644 = DEFINITIONAL_REPRESENTATION('',(#1645),#1704);
#1645 = B_SPLINE_CURVE_WITH_KNOTS('',8,(#1646,#1647,#1648,#1649,#1650,
    #1651,#1652,#1653,#1654,#1655,#1656,#1657,#1658,#1659,#1660,#1661,
    #1662,#1663,#1664,#1665,#1666,#1667,#1668,#1669,#1670,#1671,#1672,
    #1673,#1674,#1675,#1676,#1677,#1678,#1679,#1680,#1681,#1682,#1683,
    #1684,#1685,#1686,#1687,#1688,#1689,#1690,#1691,#1692,#1693,#1694,
    #1695,#1696,#1697,#1698,#1699,#1700,#1701,#1702,#1703),
  .UNSPECIFIED.,.F.,.F.,(9,7,7,7,7,7,7,7,9),(0.,0.103222330655,
    0.209525390569,0.327717518212,0.45601058948,0.580589715182,
    0.708816894197,0.863605028729,1.),.UNSPECIFIED.);
#1646 = CARTESIAN_POINT('',(0.868022236972,0.));
#1647 = CARTESIAN_POINT('',(0.868021629211,8.50528835586E-02));
#1648 = CARTESIAN_POINT('',(0.86803861262,0.170127441908));
#1649 = CARTESIAN_POINT('',(0.868050984092,0.255194288906));
#1650 = CARTESIAN_POINT('',(0.868053409669,0.34024964462));
#1651 = CARTESIAN_POINT('',(0.868048305479,0.425303757332));
#1652 = CARTESIAN_POINT('',(0.868039802664,0.510368208255));
#1653 = CARTESIAN_POINT('',(0.8680307963,0.595442098967));
#1654 = CARTESIAN_POINT('',(0.868015129947,0.768090659724));
#1655 = CARTESIAN_POINT('',(0.86800850065,0.855708931624));
#1656 = CARTESIAN_POINT('',(0.868005325984,0.943315363623));
#1657 = CARTESIAN_POINT('',(0.868005747358,1.030907092973));
#1658 = CARTESIAN_POINT('',(0.868008713329,1.118497981878));
#1659 = CARTESIAN_POINT('',(0.868012718115,1.206102308851));
#1660 = CARTESIAN_POINT('',(0.868016477292,1.293719137326));
#1661 = CARTESIAN_POINT('',(0.868022946693,1.478712681171));
#1662 = CARTESIAN_POINT('',(0.868025460574,1.576147762645));
#1663 = CARTESIAN_POINT('',(0.868026272342,1.67356010259));
#1664 = CARTESIAN_POINT('',(0.868025420568,1.770952646344));
#1665 = CARTESIAN_POINT('',(0.868023856773,1.86834413361));
#1666 = CARTESIAN_POINT('',(0.868022649161,1.965753708324));
#1667 = CARTESIAN_POINT('',(0.86802224096,2.063185478385));
#1668 = CARTESIAN_POINT('',(0.868023153682,2.266295370461));
#1669 = CARTESIAN_POINT('',(0.868024620729,2.372078323329));
#1670 = CARTESIAN_POINT('',(0.868027130252,2.477829447873));
#1671 = CARTESIAN_POINT('',(0.868030053529,2.583554039059));
#1672 = CARTESIAN_POINT('',(0.868032207622,2.689278313407));
#1673 = CARTESIAN_POINT('',(0.868032650855,2.79502897525));
#1674 = CARTESIAN_POINT('',(0.868031308152,2.90081286075));
#1675 = CARTESIAN_POINT('',(0.868025941884,3.109195959359));
#1676 = CARTESIAN_POINT('',(0.868021997288,3.21191085255));
#1677 = CARTESIAN_POINT('',(0.868017127435,3.314597007745));
#1678 = CARTESIAN_POINT('',(0.868012204537,3.41725957846));
#1679 = CARTESIAN_POINT('',(0.868008374253,3.519922113736));
#1680 = CARTESIAN_POINT('',(0.868006465628,3.622607990766));
#1681 = CARTESIAN_POINT('',(0.868006569719,3.72532178685));
#1682 = CARTESIAN_POINT('',(0.868010126561,3.933644338594));
#1683 = CARTESIAN_POINT('',(0.868013677045,4.039370281779));
#1684 = CARTESIAN_POINT('',(0.868018579355,4.145063287049));
#1685 = CARTESIAN_POINT('',(0.868023874101,4.250730258797));
#1686 = CARTESIAN_POINT('',(0.868028289581,4.356397877226));
#1687 = CARTESIAN_POINT('',(0.868030944262,4.462092354111));
#1688 = CARTESIAN_POINT('',(0.868031823305,4.567819197013));
#1689 = CARTESIAN_POINT('',(0.868030785579,4.801030833064));
#1690 = CARTESIAN_POINT('',(0.868028250276,4.928746408381));
#1691 = CARTESIAN_POINT('',(0.868024524701,5.056371042775));
#1692 = CARTESIAN_POINT('',(0.868021315023,5.183935092372));
#1693 = CARTESIAN_POINT('',(0.868020921228,5.311497623534));
#1694 = CARTESIAN_POINT('',(0.868022763991,5.439117992713));
#1695 = CARTESIAN_POINT('',(0.868024545048,5.566835408507));
#1696 = CARTESIAN_POINT('',(0.868025207892,5.806791126525));
#1697 = CARTESIAN_POINT('',(0.868024320804,5.919267500334));
#1698 = CARTESIAN_POINT('',(0.868021927912,6.031698016261));
#1699 = CARTESIAN_POINT('',(0.86801534951,6.14409854804));
#1700 = CARTESIAN_POINT('',(0.868010004639,6.256502891973));
#1701 = CARTESIAN_POINT('',(0.86800443343,6.368944166366));
#1702 = CARTESIAN_POINT('',(0.86800632222,6.48143070342));
#1703 = CARTESIAN_POINT('',(0.868012351355,6.593818606251));
#1704 = ( GEOMETRIC_REPRESENTATION_CONTEXT(2) 
PARAMETRIC_REPRESENTATION_CONTEXT() REPRESENTATION_CONTEXT('2D SPACE',''
  ) );
#1705 = PCURVE('',#1706,#1711);
#1706 = CYLINDRICAL_SURFACE('',#1707,3.2);
#1707 = AXIS2_PLACEMENT_3D('',#1708,#1709,#1710);
#1708 = CARTESIAN_POINT('',(0.,2.6645352591E-15,24.));
#1709 = DIRECTION('',(0.,-1.224646799147E-16,-1.));
#1710 = DIRECTION('',(1.,0.,0.));
#1711 = DEFINITIONAL_REPRESENTATION('',(#1712),#1771);
#1712 = B_SPLINE_CURVE_WITH_KNOTS('',8,(#1713,#1714,#1715,#1716,#1717,
    #1718,#1719,#1720,#1721,#1722,#1723,#1724,#1725,#1726,#1727,#1728,
    #1729,#1730,#1731,#1732,#1733,#1734,#1735,#1736,#1737,#1738,#1739,
    #1740,#1741,#1742,#1743,#1744,#1745,#1746,#1747,#1748,#1749,#1750,
    #1751,#1752,#1753,#1754,#1755,#1756,#1757,#1758,#1759,#1760,#1761,
    #1762,#1763,#1764,#1765,#1766,#1767,#1768,#1769,#1770),
  .UNSPECIFIED.,.F.,.F.,(9,7,7,7,7,7,7,7,9),(0.,0.103222330655,
    0.209525390569,0.327717518212,0.45601058948,0.580589715182,
    0.708816894197,0.863605028729,1.),.UNSPECIFIED.);
#1713 = CARTESIAN_POINT('',(0.,1.586842105263));
#1714 = CARTESIAN_POINT('',(8.104607923772E-02,1.612639639805));
#1715 = CARTESIAN_POINT('',(0.162113807519,1.63845057499));
#1716 = CARTESIAN_POINT('',(0.243172696759,1.664257381513));
#1717 = CARTESIAN_POINT('',(0.324219932288,1.690056843001));
#1718 = CARTESIAN_POINT('',(0.405266537087,1.715853005505));
#1719 = CARTESIAN_POINT('',(0.486323883117,1.741650984879));
#1720 = CARTESIAN_POINT('',(0.56739054974,1.767451632058));
#1721 = CARTESIAN_POINT('',(0.731907461678,1.81981235951));
#1722 = CARTESIAN_POINT('',(0.815399215283,1.846385676762));
#1723 = CARTESIAN_POINT('',(0.898879614036,1.872956743395));
#1724 = CARTESIAN_POINT('',(0.982345493451,1.899524745969));
#1725 = CARTESIAN_POINT('',(1.065809823976,1.926093481072));
#1726 = CARTESIAN_POINT('',(1.14928628415,1.952666695254));
#1727 = CARTESIAN_POINT('',(1.232774283513,1.979243606011));
#1728 = CARTESIAN_POINT('',(1.409049993613,2.035357335404));
#1729 = CARTESIAN_POINT('',(1.501893298833,2.064911781131));
#1730 = CARTESIAN_POINT('',(1.594715167128,2.094458668508));
#1731 = CARTESIAN_POINT('',(1.68751883581,2.123998905865));
#1732 = CARTESIAN_POINT('',(1.78032233481,2.153538546469));
#1733 = CARTESIAN_POINT('',(1.873143783741,2.183083811477));
#1734 = CARTESIAN_POINT('',(1.965986805559,2.212636118872));
#1735 = CARTESIAN_POINT('',(2.159531120615,2.27424264254));
#1736 = CARTESIAN_POINT('',(2.260332331181,2.306328712233));
#1737 = CARTESIAN_POINT('',(2.361103022736,2.338405532475));
#1738 = CARTESIAN_POINT('',(2.46184784975,2.370474465325));
#1739 = CARTESIAN_POINT('',(2.562591661288,2.402543003586));
#1740 = CARTESIAN_POINT('',(2.663360047394,2.434618881645));
#1741 = CARTESIAN_POINT('',(2.764159800633,2.466704143877));
#1742 = CARTESIAN_POINT('',(2.962724559406,2.529907670792));
#1743 = CARTESIAN_POINT('',(3.06059979958,2.561061053564));
#1744 = CARTESIAN_POINT('',(3.158447806226,2.592205360633));
#1745 = CARTESIAN_POINT('',(3.256273686839,2.623342493604));
#1746 = CARTESIAN_POINT('',(3.354099899448,2.654480039822));
#1747 = CARTESIAN_POINT('',(3.451948569859,2.685625411643));
#1748 = CARTESIAN_POINT('',(3.54982385017,2.716780032765));
#1749 = CARTESIAN_POINT('',(3.748332731672,2.779968657611));
#1750 = CARTESIAN_POINT('',(3.849077990639,2.812038243933));
#1751 = CARTESIAN_POINT('',(3.9497915739,2.844098364294));
#1752 = CARTESIAN_POINT('',(4.0504799572,2.8761507406));
#1753 = CARTESIAN_POINT('',(4.151168677262,2.908202971847));
#1754 = CARTESIAN_POINT('',(4.2518829972,2.940262666363));
#1755 = CARTESIAN_POINT('',(4.352628465698,2.972331488911));
#1756 = CARTESIAN_POINT('',(4.574853209858,3.043067550247));
#1757 = CARTESIAN_POINT('',(4.696552602695,3.081804548579));
#1758 = CARTESIAN_POINT('',(4.818166260364,3.12051350132));
#1759 = CARTESIAN_POINT('',(4.939723087159,3.159204278012));
#1760 = CARTESIAN_POINT('',(5.061278728892,3.197895686864));
#1761 = CARTESIAN_POINT('',(5.182888577554,3.236605506732));
#1762 = CARTESIAN_POINT('',(5.30458960454,3.2753447383));
#1763 = CARTESIAN_POINT('',(5.533239715485,3.348127037207));
#1764 = CARTESIAN_POINT('',(5.640415887208,3.382242438056));
#1765 = CARTESIAN_POINT('',(5.747547727091,3.416343126757));
#1766 = CARTESIAN_POINT('',(5.854650747006,3.450433733498));
#1767 = CARTESIAN_POINT('',(5.961758358689,3.484524906495));
#1768 = CARTESIAN_POINT('',(6.068902433029,3.518628301579));
#1769 = CARTESIAN_POINT('',(6.176090734557,3.552747630498));
#1770 = CARTESIAN_POINT('',(6.28318530718,3.586838847442));
#1771 = ( GEOMETRIC_REPRESENTATION_CONTEXT(2) 
PARAMETRIC_REPRESENTATION_CONTEXT() REPRESENTATION_CONTEXT('2D SPACE',''
  ) );
#1772 = ORIENTED_EDGE('',*,*,#1773,.T.);
#1773 = EDGE_CURVE('',#1581,#1774,#1776,.T.);
#1774 = VERTEX_POINT('',#1775);
#1775 = CARTESIAN_POINT('',(3.2,2.764118396105E-15,18.413158022981));
#1776 = SURFACE_CURVE('',#1777,(#1843,#1912),.PCURVE_S1.);
#1777 = B_SPLINE_CURVE_WITH_KNOTS('',8,(#1778,#1779,#1780,#1781,#1782,
    #1783,#1784,#1785,#1786,#1787,#1788,#1789,#1790,#1791,#1792,#1793,
    #1794,#1795,#1796,#1797,#1798,#1799,#1800,#1801,#1802,#1803,#1804,
    #1805,#1806,#1807,#1808,#1809,#1810,#1811,#1812,#1813,#1814,#1815,
    #1816,#1817,#1818,#1819,#1820,#1821,#1822,#1823,#1824,#1825,#1826,
    #1827,#1828,#1829,#1830,#1831,#1832,#1833,#1834,#1835,#1836,#1837,
    #1838,#1839,#1840,#1841,#1842),.UNSPECIFIED.,.F.,.F.,(9,7,7,7,7,7,7,
    7,7,9),(0.,0.113093467172,0.159412994631,0.228859879923,
    0.347292540139,0.471473715506,0.590743039854,0.715721975425,
    0.834075492078,1.),.UNSPECIFIED.);
#1778 = CARTESIAN_POINT('',(3.2,1.781184977893E-15,20.413161152558));
#1779 = CARTESIAN_POINT('',(3.2,-0.284151434261,20.384894465861));
#1780 = CARTESIAN_POINT('',(3.171163229533,-0.568419734716,
    20.356614960871));
#1781 = CARTESIAN_POINT('',(3.113450201858,-0.849224075272,
    20.328339331334));
#1782 = CARTESIAN_POINT('',(3.02739364463,-1.123137626659,20.30006832963
    ));
#1783 = CARTESIAN_POINT('',(2.913977004682,-1.386891899058,
    20.271799359098));
#1784 = CARTESIAN_POINT('',(2.774591302675,-1.637376018992,
    20.243530359466));
#1785 = CARTESIAN_POINT('',(2.611060945158,-1.871659182132,
    20.21526122941));
#1786 = CARTESIAN_POINT('',(2.349823006976,-2.17528777718,
    20.175423722337));
#1787 = CARTESIAN_POINT('',(2.270249276844,-2.260355307119,
    20.163847704316));
#1788 = CARTESIAN_POINT('',(2.187165444051,-2.342086910636,
    20.152271189378));
#1789 = CARTESIAN_POINT('',(2.100735998808,-2.420313677153,
    20.140694309996));
#1790 = CARTESIAN_POINT('',(2.011132388661,-2.494877988322,
    20.129117117955));
#1791 = CARTESIAN_POINT('',(1.918533018491,-2.56563351802,
    20.117539584351));
#1792 = CARTESIAN_POINT('',(1.823123250519,-2.632445232351,
    20.105961599593));
#1793 = CARTESIAN_POINT('',(1.578122216854,-2.789261728753,
    20.077023134701));
#1794 = CARTESIAN_POINT('',(1.425280400692,-2.874177052576,
    20.059664387488));
#1795 = CARTESIAN_POINT('',(1.267248396196,-2.949503413447,
    20.042306635869));
#1796 = CARTESIAN_POINT('',(1.104728908332,-3.014873322349,
    20.02494974112));
#1797 = CARTESIAN_POINT('',(0.938448906652,-3.069983748908,
    20.007593521679));
#1798 = CARTESIAN_POINT('',(0.769159625295,-3.114596121399,
    19.990237753148));
#1799 = CARTESIAN_POINT('',(0.597636562985,-3.148536326744,
    19.972882168293));
#1800 = CARTESIAN_POINT('',(0.129723604219,-3.211188331924,
    19.925928541392));
#1801 = CARTESIAN_POINT('',(-0.169550684419,-3.21934935871,
    19.896317897366));
#1802 = CARTESIAN_POINT('',(-0.469071986077,-3.1955895842,
    19.866712436388));
#1803 = CARTESIAN_POINT('',(-0.764864675731,-3.140027268665,
    19.837110841964));
#1804 = CARTESIAN_POINT('',(-1.053073053547,-3.053334962605,
    19.807508078343));
#1805 = CARTESIAN_POINT('',(-1.329965141695,-2.9366896268,
    19.777899322005));
#1806 = CARTESIAN_POINT('',(-1.591958599806,-2.791814206809,
    19.748283892125));
#1807 = CARTESIAN_POINT('',(-2.091295197366,-2.442099253186,
    19.687640735384));
#1808 = CARTESIAN_POINT('',(-2.327062346713,-2.234523790637,
    19.656585321045));
#1809 = CARTESIAN_POINT('',(-2.539074690849,-2.001059856756,
    19.625539307621));
#1810 = CARTESIAN_POINT('',(-2.72407610311,-1.744946555452,
    19.594501051791));
#1811 = CARTESIAN_POINT('',(-2.879376652842,-1.469807068968,
    19.563462972355));
#1812 = CARTESIAN_POINT('',(-3.002808975139,-1.179599971408,
    19.532417543762));
#1813 = CARTESIAN_POINT('',(-3.092791097334,-0.878638704204,
    19.501363249716));
#1814 = CARTESIAN_POINT('',(-3.202064486571,-0.276759713204,
    19.440514362592));
#1815 = CARTESIAN_POINT('',(-3.224067460616,2.399914894153E-02,
    19.410687144421));
#1816 = CARTESIAN_POINT('',(-3.213725181644,0.326492135189,
    19.380866269582));
#1817 = CARTESIAN_POINT('',(-3.170975903611,0.626637872299,
    19.351052293335));
#1818 = CARTESIAN_POINT('',(-3.096340096317,0.920465233828,
    19.321240084576));
#1819 = CARTESIAN_POINT('',(-2.990859722434,1.20411699945,
    19.291423762367));
#1820 = CARTESIAN_POINT('',(-2.856137906874,1.473869914107,
    19.261601438984));
#1821 = CARTESIAN_POINT('',(-2.525063193341,1.990647447654,
    19.200554222383));
#1822 = CARTESIAN_POINT('',(-2.325907563357,2.236216942277,
    19.169300833353));
#1823 = CARTESIAN_POINT('',(-2.099575448067,2.458797788505,
    19.138056510832));
#1824 = CARTESIAN_POINT('',(-1.849235384138,2.6549401751,19.106819400097
    ));
#1825 = CARTESIAN_POINT('',(-1.57847174581,2.821760007009,19.07558182003
    ));
#1826 = CARTESIAN_POINT('',(-1.291232516146,2.956895239999,
    19.044336228073));
#1827 = CARTESIAN_POINT('',(-0.991852036263,3.058569841936,
    19.013081117389));
#1828 = CARTESIAN_POINT('',(-0.394600601797,3.189471950039,
    18.952259253346));
#1829 = CARTESIAN_POINT('',(-9.722060419471E-02,3.222313709959,
    18.922663279508));
#1830 = CARTESIAN_POINT('',(0.203043395519,3.223406268967,
    18.893073512052));
#1831 = CARTESIAN_POINT('',(0.502227172321,3.192537837268,
    18.863489253155));
#1832 = CARTESIAN_POINT('',(0.796438865912,3.130057818122,18.83390522458
    ));
#1833 = CARTESIAN_POINT('',(1.08186643252,3.036827960433,18.804316099179
    ));
#1834 = CARTESIAN_POINT('',(1.354800015699,2.914267516275,
    18.774721118387));
#1835 = CARTESIAN_POINT('',(1.971887331457,2.554501905519,
    18.703668427869));
#1836 = CARTESIAN_POINT('',(2.301408697559,2.290530319512,
    18.662127863831));
#1837 = CARTESIAN_POINT('',(2.589799774385,1.978256023361,
    18.620628624563));
#1838 = CARTESIAN_POINT('',(2.829218485111,1.625489751366,18.57915324091
    ));
#1839 = CARTESIAN_POINT('',(3.013385776614,1.240984085958,
    18.537676430432));
#1840 = CARTESIAN_POINT('',(3.137917732064,0.834571676433,
    18.496175159952));
#1841 = CARTESIAN_POINT('',(3.2,0.416927414869,18.454630771217));
#1842 = CARTESIAN_POINT('',(3.2,1.980344444651E-15,18.413158022981));
#1843 = PCURVE('',#330,#1844);
#1844 = DEFINITIONAL_REPRESENTATION('',(#1845),#1911);
#1845 = B_SPLINE_CURVE_WITH_KNOTS('',8,(#1846,#1847,#1848,#1849,#1850,
    #1851,#1852,#1853,#1854,#1855,#1856,#1857,#1858,#1859,#1860,#1861,
    #1862,#1863,#1864,#1865,#1866,#1867,#1868,#1869,#1870,#1871,#1872,
    #1873,#1874,#1875,#1876,#1877,#1878,#1879,#1880,#1881,#1882,#1883,
    #1884,#1885,#1886,#1887,#1888,#1889,#1890,#1891,#1892,#1893,#1894,
    #1895,#1896,#1897,#1898,#1899,#1900,#1901,#1902,#1903,#1904,#1905,
    #1906,#1907,#1908,#1909,#1910),.UNSPECIFIED.,.F.,.F.,(9,7,7,7,7,7,7,
    7,7,9),(0.,0.113093467172,0.159412994631,0.228859879923,
    0.347292540139,0.471473715506,0.590743039854,0.715721975425,
    0.834075492078,1.),.UNSPECIFIED.);
#1846 = CARTESIAN_POINT('',(0.868012285735,6.59381860969));
#1847 = CARTESIAN_POINT('',(0.868017284279,6.687004888874));
#1848 = CARTESIAN_POINT('',(0.868025519975,6.780229287226));
#1849 = CARTESIAN_POINT('',(0.868036384382,6.873437545438));
#1850 = CARTESIAN_POINT('',(0.868047892301,6.966629722788));
#1851 = CARTESIAN_POINT('',(0.868055135706,7.059820659467));
#1852 = CARTESIAN_POINT('',(0.868051753889,7.153025285864));
#1853 = CARTESIAN_POINT('',(0.868036492343,7.246245541122));
#1854 = CARTESIAN_POINT('',(0.868023003613,7.377603406551));
#1855 = CARTESIAN_POINT('',(0.868021140224,7.41577086055));
#1856 = CARTESIAN_POINT('',(0.868021576863,7.453937010213));
#1857 = CARTESIAN_POINT('',(0.868024200157,7.49210156384));
#1858 = CARTESIAN_POINT('',(0.86802853927,7.530264953084));
#1859 = CARTESIAN_POINT('',(0.868033765904,7.568428332951));
#1860 = CARTESIAN_POINT('',(0.868038694294,7.606593581803));
#1861 = CARTESIAN_POINT('',(0.868046409441,7.70199117652));
#1862 = CARTESIAN_POINT('',(0.86804835217,7.75921888894));
#1863 = CARTESIAN_POINT('',(0.868047685673,7.81644665718));
#1864 = CARTESIAN_POINT('',(0.868044698056,7.87367457001));
#1865 = CARTESIAN_POINT('',(0.868039889269,7.930902586397));
#1866 = CARTESIAN_POINT('',(0.868033971098,7.988130535511));
#1867 = CARTESIAN_POINT('',(0.86802786717,8.04535811672));
#1868 = CARTESIAN_POINT('',(0.868013923102,8.200177759275));
#1869 = CARTESIAN_POINT('',(0.868006887364,8.297810339049));
#1870 = CARTESIAN_POINT('',(0.868004311049,8.395420125458));
#1871 = CARTESIAN_POINT('',(0.868006388173,8.493011210633));
#1872 = CARTESIAN_POINT('',(0.868010985922,8.590602925696));
#1873 = CARTESIAN_POINT('',(0.868015702123,8.688214246656));
#1874 = CARTESIAN_POINT('',(0.868019564544,8.785848661986));
#1875 = CARTESIAN_POINT('',(0.86802484223,8.985776837157));
#1876 = CARTESIAN_POINT('',(0.868026150666,9.088162016751));
#1877 = CARTESIAN_POINT('',(0.86802562225,9.190518552433));
#1878 = CARTESIAN_POINT('',(0.868023907329,9.292851030035));
#1879 = CARTESIAN_POINT('',(0.868022309853,9.39518277583));
#1880 = CARTESIAN_POINT('',(0.868021807622,9.497537349876));
#1881 = CARTESIAN_POINT('',(0.868022420688,9.599919725614));
#1882 = CARTESIAN_POINT('',(0.868025154349,9.800529429782));
#1883 = CARTESIAN_POINT('',(0.868027209593,9.898864403768));
#1884 = CARTESIAN_POINT('',(0.868029671913,9.997177943561));
#1885 = CARTESIAN_POINT('',(0.868031798357,10.095469169041));
#1886 = CARTESIAN_POINT('',(0.868032745139,10.193756076525));
#1887 = CARTESIAN_POINT('',(0.868032048284,10.292058648521));
#1888 = CARTESIAN_POINT('',(0.868029881979,10.390382885834));
#1889 = CARTESIAN_POINT('',(0.868023416575,10.591658233268));
#1890 = CARTESIAN_POINT('',(0.868019020475,10.69470341557));
#1891 = CARTESIAN_POINT('',(0.868014087661,10.797719393092));
#1892 = CARTESIAN_POINT('',(0.86800961423,10.900711006285));
#1893 = CARTESIAN_POINT('',(0.868006684576,11.003702191737));
#1894 = CARTESIAN_POINT('',(0.868005908916,11.106717035867));
#1895 = CARTESIAN_POINT('',(0.868007114982,11.209760726969));
#1896 = CARTESIAN_POINT('',(0.868012252885,11.410278262563));
#1897 = CARTESIAN_POINT('',(0.868016036912,11.507848633405));
#1898 = CARTESIAN_POINT('',(0.868020638606,11.605397496257));
#1899 = CARTESIAN_POINT('',(0.868025240004,11.702928198277));
#1900 = CARTESIAN_POINT('',(0.868028921786,11.80045931749));
#1901 = CARTESIAN_POINT('',(0.868031101468,11.898009162239));
#1902 = CARTESIAN_POINT('',(0.868031796217,11.995580211477));
#1903 = CARTESIAN_POINT('',(0.868030714738,12.229835800887));
#1904 = CARTESIAN_POINT('',(0.86802782863,12.366794924095));
#1905 = CARTESIAN_POINT('',(0.868023665606,12.503619436992));
#1906 = CARTESIAN_POINT('',(0.868020375858,12.640364182852));
#1907 = CARTESIAN_POINT('',(0.868020971389,12.777108662057));
#1908 = CARTESIAN_POINT('',(0.868023743221,12.913930999309));
#1909 = CARTESIAN_POINT('',(0.868025428451,13.050896883679));
#1910 = CARTESIAN_POINT('',(0.868024857971,13.18762946182));
#1911 = ( GEOMETRIC_REPRESENTATION_CONTEXT(2) 
PARAMETRIC_REPRESENTATION_CONTEXT() REPRESENTATION_CONTEXT('2D SPACE',''
  ) );
#1912 = PCURVE('',#1913,#1918);
#1913 = CYLINDRICAL_SURFACE('',#1914,3.2);
#1914 = AXIS2_PLACEMENT_3D('',#1915,#1916,#1917);
#1915 = CARTESIAN_POINT('',(0.,2.6645352591E-15,24.));
#1916 = DIRECTION('',(0.,-1.224646799147E-16,-1.));
#1917 = DIRECTION('',(1.,0.,0.));
#1918 = DEFINITIONAL_REPRESENTATION('',(#1919),#1985);
#1919 = B_SPLINE_CURVE_WITH_KNOTS('',8,(#1920,#1921,#1922,#1923,#1924,
    #1925,#1926,#1927,#1928,#1929,#1930,#1931,#1932,#1933,#1934,#1935,
    #1936,#1937,#1938,#1939,#1940,#1941,#1942,#1943,#1944,#1945,#1946,
    #1947,#1948,#1949,#1950,#1951,#1952,#1953,#1954,#1955,#1956,#1957,
    #1958,#1959,#1960,#1961,#1962,#1963,#1964,#1965,#1966,#1967,#1968,
    #1969,#1970,#1971,#1972,#1973,#1974,#1975,#1976,#1977,#1978,#1979,
    #1980,#1981,#1982,#1983,#1984),.UNSPECIFIED.,.F.,.F.,(9,7,7,7,7,7,7,
    7,7,9),(0.,0.113093467172,0.159412994631,0.228859879923,
    0.347292540139,0.471473715506,0.590743039854,0.715721975425,
    0.834075492078,1.),.UNSPECIFIED.);
#1920 = CARTESIAN_POINT('',(0.,3.586838847442));
#1921 = CARTESIAN_POINT('',(8.879732320647E-02,3.615105534139));
#1922 = CARTESIAN_POINT('',(0.177631183409,3.643385039129));
#1923 = CARTESIAN_POINT('',(0.26644942452,3.671660668666));
#1924 = CARTESIAN_POINT('',(0.355251747946,3.69993167037));
#1925 = CARTESIAN_POINT('',(0.444051712357,3.728200640902));
#1926 = CARTESIAN_POINT('',(0.532864168125,3.756469640534));
#1927 = CARTESIAN_POINT('',(0.62169288495,3.78473877059));
#1928 = CARTESIAN_POINT('',(0.746862919333,3.824576277663));
#1929 = CARTESIAN_POINT('',(0.78323241662,3.836152295684));
#1930 = CARTESIAN_POINT('',(0.819600671042,3.847728810622));
#1931 = CARTESIAN_POINT('',(0.855967406398,3.859305690004));
#1932 = CARTESIAN_POINT('',(0.89233302228,3.870882882045));
#1933 = CARTESIAN_POINT('',(0.928698594072,3.882460415649));
#1934 = CARTESIAN_POINT('',(0.965065872949,3.894038400407));
#1935 = CARTESIAN_POINT('',(1.055968959243,3.922976865299));
#1936 = CARTESIAN_POINT('',(1.110500304419,3.940335612512));
#1937 = CARTESIAN_POINT('',(1.165031727767,3.957693364131));
#1938 = CARTESIAN_POINT('',(1.219563450803,3.97505025888));
#1939 = CARTESIAN_POINT('',(1.274095510197,3.992406478321));
#1940 = CARTESIAN_POINT('',(1.328627757775,4.009762246852));
#1941 = CARTESIAN_POINT('',(1.383159860519,4.027117831707));
#1942 = CARTESIAN_POINT('',(1.530687602459,4.074071458608));
#1943 = CARTESIAN_POINT('',(1.623722047697,4.103682102634));
#1944 = CARTESIAN_POINT('',(1.716734644253,4.133287563612));
#1945 = CARTESIAN_POINT('',(1.809728611941,4.162889158036));
#1946 = CARTESIAN_POINT('',(1.902722173522,4.192491921657));
#1947 = CARTESIAN_POINT('',(1.995733700527,4.222100677995));
#1948 = CARTESIAN_POINT('',(2.088766970062,4.251716107875));
#1949 = CARTESIAN_POINT('',(2.279273487147,4.312359264616));
#1950 = CARTESIAN_POINT('',(2.376833858716,4.343414678955));
#1951 = CARTESIAN_POINT('',(2.474367476134,4.374460692379));
#1952 = CARTESIAN_POINT('',(2.571879081225,4.405498948209));
#1953 = CARTESIAN_POINT('',(2.669390878981,4.436537027645));
#1954 = CARTESIAN_POINT('',(2.766924985921,4.467582456238));
#1955 = CARTESIAN_POINT('',(2.86448574679,4.498636750284));
#1956 = CARTESIAN_POINT('',(3.055647642704,4.559485637408));
#1957 = CARTESIAN_POINT('',(3.149351362936,4.589312855579));
#1958 = CARTESIAN_POINT('',(3.243034276978,4.619133730418));
#1959 = CARTESIAN_POINT('',(3.336695351863,4.648947706665));
#1960 = CARTESIAN_POINT('',(3.43035175797,4.678759915424));
#1961 = CARTESIAN_POINT('',(3.524022726486,4.708576237633));
#1962 = CARTESIAN_POINT('',(3.61771420367,4.738398561016));
#1963 = CARTESIAN_POINT('',(3.809506094548,4.799445777617));
#1964 = CARTESIAN_POINT('',(3.907696152207,4.830699166647));
#1965 = CARTESIAN_POINT('',(4.005858612224,4.861943489168));
#1966 = CARTESIAN_POINT('',(4.103998231538,4.893180599903));
#1967 = CARTESIAN_POINT('',(4.202137765883,4.92441817997));
#1968 = CARTESIAN_POINT('',(4.300299967542,4.955663771927));
#1969 = CARTESIAN_POINT('',(4.398489571807,4.986918882611));
#1970 = CARTESIAN_POINT('',(4.589560933915,5.047740746654));
#1971 = CARTESIAN_POINT('',(4.682534690103,5.077336720492));
#1972 = CARTESIAN_POINT('',(4.77548768303,5.106926487948));
#1973 = CARTESIAN_POINT('',(4.868423069924,5.136510746845));
#1974 = CARTESIAN_POINT('',(4.961358674775,5.16609477542));
#1975 = CARTESIAN_POINT('',(5.05431217184,5.195683900821));
#1976 = CARTESIAN_POINT('',(5.147286146793,5.225278881613));
#1977 = CARTESIAN_POINT('',(5.370505675515,5.296331572131));
#1978 = CARTESIAN_POINT('',(5.501013250116,5.337872136169));
#1979 = CARTESIAN_POINT('',(5.631393635026,5.379371375437));
#1980 = CARTESIAN_POINT('',(5.761699042182,5.42084675909));
#1981 = CARTESIAN_POINT('',(5.892004300353,5.462323569568));
#1982 = CARTESIAN_POINT('',(6.022382307496,5.503824840048));
#1983 = CARTESIAN_POINT('',(6.152895490033,5.545369228783));
#1984 = CARTESIAN_POINT('',(6.28318530718,5.586841977019));
#1985 = ( GEOMETRIC_REPRESENTATION_CONTEXT(2) 
PARAMETRIC_REPRESENTATION_CONTEXT() REPRESENTATION_CONTEXT('2D SPACE',''
  ) );
#1986 = ORIENTED_EDGE('',*,*,#1987,.T.);
#1987 = EDGE_CURVE('',#1774,#1988,#1990,.T.);
#1988 = VERTEX_POINT('',#1989);
#1989 = CARTESIAN_POINT('',(3.2,2.519188687933E-15,16.413155178549));
#1990 = SURFACE_CURVE('',#1991,(#2050,#2112),.PCURVE_S1.);
#1991 = B_SPLINE_CURVE_WITH_KNOTS('',8,(#1992,#1993,#1994,#1995,#1996,
    #1997,#1998,#1999,#2000,#2001,#2002,#2003,#2004,#2005,#2006,#2007,
    #2008,#2009,#2010,#2011,#2012,#2013,#2014,#2015,#2016,#2017,#2018,
    #2019,#2020,#2021,#2022,#2023,#2024,#2025,#2026,#2027,#2028,#2029,
    #2030,#2031,#2032,#2033,#2034,#2035,#2036,#2037,#2038,#2039,#2040,
    #2041,#2042,#2043,#2044,#2045,#2046,#2047,#2048,#2049),
  .UNSPECIFIED.,.F.,.F.,(9,7,7,7,7,7,7,7,9),(0.,0.107150775301,
    0.231973202981,0.28413288999,0.456019029977,0.562248054993,
    0.680557599376,0.829816834994,1.),.UNSPECIFIED.);
#1992 = CARTESIAN_POINT('',(3.2,1.980344444651E-15,18.413158022981));
#1993 = CARTESIAN_POINT('',(3.2,-0.269155007708,18.386384542819));
#1994 = CARTESIAN_POINT('',(3.174126629383,-0.538405671401,
    18.35960197413));
#1995 = CARTESIAN_POINT('',(3.122349930967,-0.804720436741,
    18.332822481429));
#1996 = CARTESIAN_POINT('',(3.045092068853,-1.065191130151,
    18.306047601982));
#1997 = CARTESIAN_POINT('',(2.943143034672,-1.317023063156,
    18.279273210081));
#1998 = CARTESIAN_POINT('',(2.817627678584,-1.557541794113,
    18.252494662847));
#1999 = CARTESIAN_POINT('',(2.670024065054,-1.784216547363,
    18.225712127593));
#2000 = CARTESIAN_POINT('',(2.306769621978,-2.239897691666,
    18.167744063266));
#2001 = CARTESIAN_POINT('',(2.083731983253,-2.463347525856,
    18.136532572768));
#2002 = CARTESIAN_POINT('',(1.836092272737,-2.66121339612,
    18.105327529063));
#2003 = CARTESIAN_POINT('',(1.567345720576,-2.830397038807,
    18.074128101208));
#2004 = CARTESIAN_POINT('',(1.281341456153,-2.968407690156,
    18.042928733175));
#2005 = CARTESIAN_POINT('',(0.982231146516,-3.07331061652,
    18.011725815462));
#2006 = CARTESIAN_POINT('',(0.674484143794,-3.143789056353,
    17.980520879067));
#2007 = CARTESIAN_POINT('',(0.232723106545,-3.194215311474,
    17.936299321105));
#2008 = CARTESIAN_POINT('',(0.101828845727,-3.202983431688,
    17.923265988692));
#2009 = CARTESIAN_POINT('',(-2.942613401383E-02,-3.205620533657,
    17.910231788868));
#2010 = CARTESIAN_POINT('',(-0.160705206161,-3.20211068913,
    17.897196555647));
#2011 = CARTESIAN_POINT('',(-0.291674049361,-3.192459691435,
    17.884160349229));
#2012 = CARTESIAN_POINT('',(-0.422000647429,-3.176695055484,
    17.871123455998));
#2013 = CARTESIAN_POINT('',(-0.551355289343,-3.154866017773,
    17.858086388523));
#2014 = CARTESIAN_POINT('',(-1.101401747306,-3.035357807295,
    17.802089616768));
#2015 = CARTESIAN_POINT('',(-1.510056494764,-2.878414032004,
    17.759052634455));
#2016 = CARTESIAN_POINT('',(-1.89227235923,-2.658611688362,
    17.716075671137));
#2017 = CARTESIAN_POINT('',(-2.237141345102,-2.381651453568,
    17.67312221551));
#2018 = CARTESIAN_POINT('',(-2.53510669647,-2.054775798672,
    17.630162124684));
#2019 = CARTESIAN_POINT('',(-2.778364403078,-1.687068532029,
    17.587173431682));
#2020 = CARTESIAN_POINT('',(-2.960549798247,-1.289042826309,
    17.544134688048));
#2021 = CARTESIAN_POINT('',(-3.151303604384,-0.616858019173,
    17.474626653033));
#2022 = CARTESIAN_POINT('',(-3.19971281686,-0.353089154888,
    17.448069847692));
#2023 = CARTESIAN_POINT('',(-3.222842394429,-8.513148391888E-02,
    17.421517157097));
#2024 = CARTESIAN_POINT('',(-3.220313766296,0.184179713337,
    17.394969722282));
#2025 = CARTESIAN_POINT('',(-3.192119302394,0.45201768064,
    17.368423319901));
#2026 = CARTESIAN_POINT('',(-3.138593470155,0.715578714007,
    17.341873339981));
#2027 = CARTESIAN_POINT('',(-3.060434052723,0.972099383561,
    17.315319654935));
#2028 = CARTESIAN_POINT('',(-2.845551810306,1.493717361821,
    17.259203996279));
#2029 = CARTESIAN_POINT('',(-2.703105283029,1.756653390079,
    17.229624084227));
#2030 = CARTESIAN_POINT('',(-2.532954722372,2.003878682489,
    17.200050359057));
#2031 = CARTESIAN_POINT('',(-2.337181601969,2.232020710895,
    17.170481666429));
#2032 = CARTESIAN_POINT('',(-2.118286992563,2.438084288724,
    17.140912560485));
#2033 = CARTESIAN_POINT('',(-1.879147723658,2.61943066835,
    17.111337836356));
#2034 = CARTESIAN_POINT('',(-1.623040689694,2.773822491161,
    17.081757042151));
#2035 = CARTESIAN_POINT('',(-1.013914189614,3.058202481466,
    17.014888231032));
#2036 = CARTESIAN_POINT('',(-0.652494170419,3.171509970967,
    16.977545282491));
#2037 = CARTESIAN_POINT('',(-0.277064622897,3.235714713947,
    16.940225598362));
#2038 = CARTESIAN_POINT('',(0.10454392218,3.249097144961,16.902921671123
    ));
#2039 = CARTESIAN_POINT('',(0.484503534733,3.211210199282,
    16.865617567711));
#2040 = CARTESIAN_POINT('',(0.855033581467,3.123005140288,
    16.828297337816));
#2041 = CARTESIAN_POINT('',(1.20843516636,2.986690165133,16.790952429692
    ));
#2042 = CARTESIAN_POINT('',(1.912342448051,2.601110010037,
    16.711115357248));
#2043 = CARTESIAN_POINT('',(2.256667648303,2.33804816702,16.668503097036
    ));
#2044 = CARTESIAN_POINT('',(2.558791611479,2.023182026757,
    16.625936980499));
#2045 = CARTESIAN_POINT('',(2.810114453248,1.664786555156,
    16.583396441932));
#2046 = CARTESIAN_POINT('',(3.003699895202,1.272187421024,
    16.540857496977));
#2047 = CARTESIAN_POINT('',(3.134703715278,0.855948630714,
    16.498294980217));
#2048 = CARTESIAN_POINT('',(3.2,0.427583533883,16.455686187952));
#2049 = CARTESIAN_POINT('',(3.2,1.735414736479E-15,16.413155178549));
#2050 = PCURVE('',#330,#2051);
#2051 = DEFINITIONAL_REPRESENTATION('',(#2052),#2111);
#2052 = B_SPLINE_CURVE_WITH_KNOTS('',8,(#2053,#2054,#2055,#2056,#2057,
    #2058,#2059,#2060,#2061,#2062,#2063,#2064,#2065,#2066,#2067,#2068,
    #2069,#2070,#2071,#2072,#2073,#2074,#2075,#2076,#2077,#2078,#2079,
    #2080,#2081,#2082,#2083,#2084,#2085,#2086,#2087,#2088,#2089,#2090,
    #2091,#2092,#2093,#2094,#2095,#2096,#2097,#2098,#2099,#2100,#2101,
    #2102,#2103,#2104,#2105,#2106,#2107,#2108,#2109,#2110),
  .UNSPECIFIED.,.F.,.F.,(9,7,7,7,7,7,7,7,9),(0.,0.107150775301,
    0.231973202981,0.28413288999,0.456019029977,0.562248054993,
    0.680557599376,0.829816834994,1.),.UNSPECIFIED.);
#2053 = CARTESIAN_POINT('',(0.868024857971,13.18762946182));
#2054 = CARTESIAN_POINT('',(0.868024489687,13.275899642219));
#2055 = CARTESIAN_POINT('',(0.868023174848,13.364200997665));
#2056 = CARTESIAN_POINT('',(0.868020603426,13.452493819522));
#2057 = CARTESIAN_POINT('',(0.868016711163,13.540773121765));
#2058 = CARTESIAN_POINT('',(0.868012184655,13.629051628061));
#2059 = CARTESIAN_POINT('',(0.868008420753,13.717342858435));
#2060 = CARTESIAN_POINT('',(0.868006940303,13.805644315526));
#2061 = CARTESIAN_POINT('',(0.86800978911,13.996756063764));
#2062 = CARTESIAN_POINT('',(0.86801514152,14.099650638339));
#2063 = CARTESIAN_POINT('',(0.868025065586,14.202518109505));
#2064 = CARTESIAN_POINT('',(0.868038966346,14.305361978038));
#2065 = CARTESIAN_POINT('',(0.868052381056,14.408206271131));
#2066 = CARTESIAN_POINT('',(0.868056080251,14.511074697027));
#2067 = CARTESIAN_POINT('',(0.868043275524,14.61397089336));
#2068 = CARTESIAN_POINT('',(0.868026464575,14.759786823008));
#2069 = CARTESIAN_POINT('',(0.868022177932,14.802762009215));
#2070 = CARTESIAN_POINT('',(0.868020237418,14.845737053592));
#2071 = CARTESIAN_POINT('',(0.868021423244,14.888711505189));
#2072 = CARTESIAN_POINT('',(0.868025617533,14.931685316343));
#2073 = CARTESIAN_POINT('',(0.868031804325,14.974658842677));
#2074 = CARTESIAN_POINT('',(0.868038069575,15.017632843101));
#2075 = CARTESIAN_POINT('',(0.86805323905,15.202229657596));
#2076 = CARTESIAN_POINT('',(0.868051539849,15.344120816079));
#2077 = CARTESIAN_POINT('',(0.868021033591,15.485850952772));
#2078 = CARTESIAN_POINT('',(0.868002759923,15.627487936843));
#2079 = CARTESIAN_POINT('',(0.868001331514,15.769125244609));
#2080 = CARTESIAN_POINT('',(0.868006690447,15.910848167673));
#2081 = CARTESIAN_POINT('',(0.868013513884,16.052734229365));
#2082 = CARTESIAN_POINT('',(0.868021927728,16.28188508302));
#2083 = CARTESIAN_POINT('',(0.868024555835,16.369437072857));
#2084 = CARTESIAN_POINT('',(0.868025868171,16.456977180135));
#2085 = CARTESIAN_POINT('',(0.868025824521,16.544501694418));
#2086 = CARTESIAN_POINT('',(0.868024870561,16.632023969496));
#2087 = CARTESIAN_POINT('',(0.868023683988,16.719558336996));
#2088 = CARTESIAN_POINT('',(0.868022870797,16.807104442257));
#2089 = CARTESIAN_POINT('',(0.868022323143,16.992113324235));
#2090 = CARTESIAN_POINT('',(0.868022737449,17.089635052015));
#2091 = CARTESIAN_POINT('',(0.868024182303,17.187135063743));
#2092 = CARTESIAN_POINT('',(0.868026560795,17.284617289156));
#2093 = CARTESIAN_POINT('',(0.86802915798,17.382100597443));
#2094 = CARTESIAN_POINT('',(0.868031090053,17.479603279305));
#2095 = CARTESIAN_POINT('',(0.86803183289,17.577127495146));
#2096 = CARTESIAN_POINT('',(0.868030552312,17.797589472523));
#2097 = CARTESIAN_POINT('',(0.868027752605,17.920709331777));
#2098 = CARTESIAN_POINT('',(0.868022630458,18.043755461696));
#2099 = CARTESIAN_POINT('',(0.868015954793,18.166751630145));
#2100 = CARTESIAN_POINT('',(0.86800996076,18.289747507345));
#2101 = CARTESIAN_POINT('',(0.868006595238,18.412793189202));
#2102 = CARTESIAN_POINT('',(0.868006223567,18.535916402627));
#2103 = CARTESIAN_POINT('',(0.8680105307,18.799126399684));
#2104 = CARTESIAN_POINT('',(0.868015933882,18.939608201703));
#2105 = CARTESIAN_POINT('',(0.868023530346,19.079935066197));
#2106 = CARTESIAN_POINT('',(0.868030801195,19.220178019055));
#2107 = CARTESIAN_POINT('',(0.868033941058,19.36042100306));
#2108 = CARTESIAN_POINT('',(0.868032983224,19.500746943677));
#2109 = CARTESIAN_POINT('',(0.868030183402,19.641227807008));
#2110 = CARTESIAN_POINT('',(0.868027334825,19.781452289752));
#2111 = ( GEOMETRIC_REPRESENTATION_CONTEXT(2) 
PARAMETRIC_REPRESENTATION_CONTEXT() REPRESENTATION_CONTEXT('2D SPACE',''
  ) );
#2112 = PCURVE('',#2113,#2118);
#2113 = CYLINDRICAL_SURFACE('',#2114,3.2);
#2114 = AXIS2_PLACEMENT_3D('',#2115,#2116,#2117);
#2115 = CARTESIAN_POINT('',(0.,2.6645352591E-15,24.));
#2116 = DIRECTION('',(0.,-1.224646799147E-16,-1.));
#2117 = DIRECTION('',(1.,0.,0.));
#2118 = DEFINITIONAL_REPRESENTATION('',(#2119),#2178);
#2119 = B_SPLINE_CURVE_WITH_KNOTS('',8,(#2120,#2121,#2122,#2123,#2124,
    #2125,#2126,#2127,#2128,#2129,#2130,#2131,#2132,#2133,#2134,#2135,
    #2136,#2137,#2138,#2139,#2140,#2141,#2142,#2143,#2144,#2145,#2146,
    #2147,#2148,#2149,#2150,#2151,#2152,#2153,#2154,#2155,#2156,#2157,
    #2158,#2159,#2160,#2161,#2162,#2163,#2164,#2165,#2166,#2167,#2168,
    #2169,#2170,#2171,#2172,#2173,#2174,#2175,#2176,#2177),
  .UNSPECIFIED.,.F.,.F.,(9,7,7,7,7,7,7,7,9),(0.,0.107150775301,
    0.231973202981,0.28413288999,0.456019029977,0.562248054993,
    0.680557599376,0.829816834994,1.),.UNSPECIFIED.);
#2120 = CARTESIAN_POINT('',(0.,5.586841977019));
#2121 = CARTESIAN_POINT('',(8.411093990871E-02,5.613615457181));
#2122 = CARTESIAN_POINT('',(0.168251153549,5.64039802587));
#2123 = CARTESIAN_POINT('',(0.252382927444,5.667177518571));
#2124 = CARTESIAN_POINT('',(0.336501836753,5.693952398018));
#2125 = CARTESIAN_POINT('',(0.42062036726,5.720726789919));
#2126 = CARTESIAN_POINT('',(0.504751661763,5.747505337153));
#2127 = CARTESIAN_POINT('',(0.588893390862,5.774287872407));
#2128 = CARTESIAN_POINT('',(0.771003176948,5.832255936734));
#2129 = CARTESIAN_POINT('',(0.86905173685,5.863467427232));
#2130 = CARTESIAN_POINT('',(0.967074676604,5.894672470937));
#2131 = CARTESIAN_POINT('',(1.065074942197,5.925871898792));
#2132 = CARTESIAN_POINT('',(1.163074116379,5.957071266825));
#2133 = CARTESIAN_POINT('',(1.261094902846,5.988274184538));
#2134 = CARTESIAN_POINT('',(1.359143223946,6.019479120933));
#2135 = CARTESIAN_POINT('',(1.498090023159,6.063700678895));
#2136 = CARTESIAN_POINT('',(1.539040775483,6.076734011308));
#2137 = CARTESIAN_POINT('',(1.579991424622,6.089768211132));
#2138 = CARTESIAN_POINT('',(1.620941516711,6.102803444353));
#2139 = CARTESIAN_POINT('',(1.661890977147,6.115839650771));
#2140 = CARTESIAN_POINT('',(1.702840110589,6.128876544002));
#2141 = CARTESIAN_POINT('',(1.743789600956,6.141913611477));
#2142 = CARTESIAN_POINT('',(1.919689441033,6.197910383232));
#2143 = CARTESIAN_POINT('',(2.054894691964,6.240947365545));
#2144 = CARTESIAN_POINT('',(2.189947506854,6.283924328863));
#2145 = CARTESIAN_POINT('',(2.324916850955,6.32687778449));
#2146 = CARTESIAN_POINT('',(2.459883703959,6.369837875316));
#2147 = CARTESIAN_POINT('',(2.594930145238,6.412826568318));
#2148 = CARTESIAN_POINT('',(2.73013029016,6.455865311952));
#2149 = CARTESIAN_POINT('',(2.948482479666,6.525373346967));
#2150 = CARTESIAN_POINT('',(3.031908439387,6.551930152308));
#2151 = CARTESIAN_POINT('',(3.115323178806,6.578482842903));
#2152 = CARTESIAN_POINT('',(3.198723476027,6.605030277718));
#2153 = CARTESIAN_POINT('',(3.282122250204,6.631576680099));
#2154 = CARTESIAN_POINT('',(3.365533166801,6.658126660019));
#2155 = CARTESIAN_POINT('',(3.448955739939,6.684680345065));
#2156 = CARTESIAN_POINT('',(3.625251083549,6.740796003721));
#2157 = CARTESIAN_POINT('',(3.71818009636,6.770375915773));
#2158 = CARTESIAN_POINT('',(3.811088520778,6.799949640943));
#2159 = CARTESIAN_POINT('',(3.903979752225,6.829518333571));
#2160 = CARTESIAN_POINT('',(3.996871516725,6.859087439515));
#2161 = CARTESIAN_POINT('',(4.089781179769,6.888662163644));
#2162 = CARTESIAN_POINT('',(4.182710915084,6.918242957849));
#2163 = CARTESIAN_POINT('',(4.392786020697,6.985111768968));
#2164 = CARTESIAN_POINT('',(4.510104740622,7.022454717509));
#2165 = CARTESIAN_POINT('',(4.627353075449,7.059774401638));
#2166 = CARTESIAN_POINT('',(4.744554157157,7.097078328877));
#2167 = CARTESIAN_POINT('',(4.861755637893,7.134382432289));
#2168 = CARTESIAN_POINT('',(4.979005001319,7.171702662184));
#2169 = CARTESIAN_POINT('',(5.09632830828,7.209047570308));
#2170 = CARTESIAN_POINT('',(5.347139008891,7.288884642753));
#2171 = CARTESIAN_POINT('',(5.481002757223,7.331496902964));
#2172 = CARTESIAN_POINT('',(5.614718270248,7.374063019501));
#2173 = CARTESIAN_POINT('',(5.748353033383,7.416603558068));
#2174 = CARTESIAN_POINT('',(5.881987588746,7.459142503023));
#2175 = CARTESIAN_POINT('',(6.015702124392,7.501705019783));
#2176 = CARTESIAN_POINT('',(6.149565452841,7.544313812048));
#2177 = CARTESIAN_POINT('',(6.28318530718,7.586844821451));
#2178 = ( GEOMETRIC_REPRESENTATION_CONTEXT(2) 
PARAMETRIC_REPRESENTATION_CONTEXT() REPRESENTATION_CONTEXT('2D SPACE',''
  ) );
#2179 = ORIENTED_EDGE('',*,*,#2180,.T.);
#2180 = EDGE_CURVE('',#1988,#2181,#2183,.T.);
#2181 = VERTEX_POINT('',#2182);
#2182 = CARTESIAN_POINT('',(3.2,2.274259867121E-15,14.41315957996));
#2183 = SURFACE_CURVE('',#2184,(#2250,#2319),.PCURVE_S1.);
#2184 = B_SPLINE_CURVE_WITH_KNOTS('',8,(#2185,#2186,#2187,#2188,#2189,
    #2190,#2191,#2192,#2193,#2194,#2195,#2196,#2197,#2198,#2199,#2200,
    #2201,#2202,#2203,#2204,#2205,#2206,#2207,#2208,#2209,#2210,#2211,
    #2212,#2213,#2214,#2215,#2216,#2217,#2218,#2219,#2220,#2221,#2222,
    #2223,#2224,#2225,#2226,#2227,#2228,#2229,#2230,#2231,#2232,#2233,
    #2234,#2235,#2236,#2237,#2238,#2239,#2240,#2241,#2242,#2243,#2244,
    #2245,#2246,#2247,#2248,#2249),.UNSPECIFIED.,.F.,.F.,(9,7,7,7,7,7,7,
    7,7,9),(0.,0.138024713929,0.259600529438,0.322610484405,
    0.384454348366,0.501480950738,0.627008536637,0.80822154022,
    0.914637308502,1.),.UNSPECIFIED.);
#2185 = CARTESIAN_POINT('',(3.2,1.735414736479E-15,16.413155178549));
#2186 = CARTESIAN_POINT('',(3.2,-0.346839006528,16.378655690427));
#2187 = CARTESIAN_POINT('',(3.157036583957,-0.693947241295,
    16.344129650868));
#2188 = CARTESIAN_POINT('',(3.070993927247,-1.034686376197,
    16.309619015062));
#2189 = CARTESIAN_POINT('',(2.943125345182,-1.362864837203,
    16.275118859098));
#2190 = CARTESIAN_POINT('',(2.775567385084,-1.672662764634,
    16.240617958213));
#2191 = CARTESIAN_POINT('',(2.57137718732,-1.958685005035,
    16.206105953329));
#2192 = CARTESIAN_POINT('',(2.33447139792,-2.215972045506,
    16.171579331169));
#2193 = CARTESIAN_POINT('',(1.83701070272,-2.637938281927,
    16.106692019311));
#2194 = CARTESIAN_POINT('',(1.582361000652,-2.81023476218,
    16.076289054106));
#2195 = CARTESIAN_POINT('',(1.309405296536,-2.954278243558,
    16.045893952547));
#2196 = CARTESIAN_POINT('',(1.021851209237,-3.067866348799,
    16.015505856533));
#2197 = CARTESIAN_POINT('',(0.723620489525,-3.149391615028,
    15.985117913969));
#2198 = CARTESIAN_POINT('',(0.418813976152,-3.197792237707,
    15.954722746897));
#2199 = CARTESIAN_POINT('',(0.111712921223,-3.212608268298,
    15.924318332123));
#2200 = CARTESIAN_POINT('',(-0.351277799583,-3.184599476859,
    15.878175842561));
#2201 = CARTESIAN_POINT('',(-0.5087894624,-3.166100115926,
    15.862424146537));
#2202 = CARTESIAN_POINT('',(-0.665167466357,-3.138699673392,
    15.846672082961));
#2203 = CARTESIAN_POINT('',(-0.819824376296,-3.102480682301,
    15.830919871647));
#2204 = CARTESIAN_POINT('',(-0.972184742244,-3.057570973485,
    15.815167763086));
#2205 = CARTESIAN_POINT('',(-1.121685099414,-3.004143675562,
    15.79941603844));
#2206 = CARTESIAN_POINT('',(-1.267773968203,-2.942417214936,
    15.783665009548));
#2207 = CARTESIAN_POINT('',(-1.549419271553,-2.804184462233,
    15.752456504814));
#2208 = CARTESIAN_POINT('',(-1.685122986868,-2.72797404921,
    15.736999871844));
#2209 = CARTESIAN_POINT('',(-1.816521992154,-2.644268481873,
    15.721544066487));
#2210 = CARTESIAN_POINT('',(-1.943138228231,-2.553349661304,
    15.706088291574));
#2211 = CARTESIAN_POINT('',(-2.064516584733,-2.455536984525,
    15.690632006286));
#2212 = CARTESIAN_POINT('',(-2.180224900105,-2.351187344496,
    15.675174926155));
#2213 = CARTESIAN_POINT('',(-2.289853961603,-2.240695130121,
    15.659717023065));
#2214 = CARTESIAN_POINT('',(-2.588232975895,-1.904602488503,
    15.615006545173));
#2215 = CARTESIAN_POINT('',(-2.760446329347,-1.664110675216,
    15.585737391165));
#2216 = CARTESIAN_POINT('',(-2.906982986679,-1.405958362835,
    15.556478345802));
#2217 = CARTESIAN_POINT('',(-3.025781925071,-1.133389287263,
    15.527229464234));
#2218 = CARTESIAN_POINT('',(-3.115287877252,-0.849849952233,
    15.497983054305));
#2219 = CARTESIAN_POINT('',(-3.174412438628,-0.558958261774,
    15.468731353322));
#2220 = CARTESIAN_POINT('',(-3.202578647506,-0.264505230883,
    15.439472334858));
#2221 = CARTESIAN_POINT('',(-3.196951335321,0.344955825196,
    15.378850150694));
#2222 = CARTESIAN_POINT('',(-3.158505351489,0.660207032576,
    15.347458313761));
#2223 = CARTESIAN_POINT('',(-3.084508928545,0.970368804731,
    15.316073496604));
#2224 = CARTESIAN_POINT('',(-2.975827232376,1.270775084122,
    15.284694795609));
#2225 = CARTESIAN_POINT('',(-2.833988739643,1.557022905834,
    15.253315970551));
#2226 = CARTESIAN_POINT('',(-2.661116596975,1.824962737688,
    15.221930421532));
#2227 = CARTESIAN_POINT('',(-2.45998364689,2.070741794056,
    15.190536635375));
#2228 = CARTESIAN_POINT('',(-1.90817034896,2.608874600219,
    15.113865784286));
#2229 = CARTESIAN_POINT('',(-1.529803571715,2.874426989769,
    15.068479396469));
#2230 = CARTESIAN_POINT('',(-1.109920675291,3.076297988159,
    15.023160146356));
#2231 = CARTESIAN_POINT('',(-0.661280466787,3.20776989669,
    14.977871382398));
#2232 = CARTESIAN_POINT('',(-0.197198418331,3.264466889823,
    14.932577755464));
#2233 = CARTESIAN_POINT('',(0.268383259001,3.245131743965,
    14.887248003299));
#2234 = CARTESIAN_POINT('',(0.721042575417,3.150767284639,
    14.841845930313));
#2235 = CARTESIAN_POINT('',(1.395675116415,2.891981518591,
    14.769971488416));
#2236 = CARTESIAN_POINT('',(1.636208099863,2.77237680845,14.743372056419
    ));
#2237 = CARTESIAN_POINT('',(1.864900889239,2.629949525119,
    14.716776103824));
#2238 = CARTESIAN_POINT('',(2.079244111557,2.466102281358,
    14.690184616947));
#2239 = CARTESIAN_POINT('',(2.276957055345,2.282532309198,
    14.663593432537));
#2240 = CARTESIAN_POINT('',(2.455983126788,2.081200604527,
    14.636998213556));
#2241 = CARTESIAN_POINT('',(2.614517995592,1.864340618561,
    14.610399450199));
#2242 = CARTESIAN_POINT('',(2.860607612558,1.450142284035,
    14.562476421558));
#2243 = CARTESIAN_POINT('',(2.956023990421,1.257389527106,
    14.541145240905));
#2244 = CARTESIAN_POINT('',(3.036560392338,1.057526977187,
    14.519815620284));
#2245 = CARTESIAN_POINT('',(3.101614947103,0.851891123262,
    14.498486741354));
#2246 = CARTESIAN_POINT('',(3.150727708745,0.641868197725,
    14.477156746721));
#2247 = CARTESIAN_POINT('',(3.183578789342,0.428889125545,
    14.455824306334));
#2248 = CARTESIAN_POINT('',(3.2,0.214427416435,14.434490294846));
#2249 = CARTESIAN_POINT('',(3.2,1.934575125517E-15,14.41315957996));
#2250 = PCURVE('',#330,#2251);
#2251 = DEFINITIONAL_REPRESENTATION('',(#2252),#2318);
#2252 = B_SPLINE_CURVE_WITH_KNOTS('',8,(#2253,#2254,#2255,#2256,#2257,
    #2258,#2259,#2260,#2261,#2262,#2263,#2264,#2265,#2266,#2267,#2268,
    #2269,#2270,#2271,#2272,#2273,#2274,#2275,#2276,#2277,#2278,#2279,
    #2280,#2281,#2282,#2283,#2284,#2285,#2286,#2287,#2288,#2289,#2290,
    #2291,#2292,#2293,#2294,#2295,#2296,#2297,#2298,#2299,#2300,#2301,
    #2302,#2303,#2304,#2305,#2306,#2307,#2308,#2309,#2310,#2311,#2312,
    #2313,#2314,#2315,#2316,#2317),.UNSPECIFIED.,.F.,.F.,(9,7,7,7,7,7,7,
    7,7,9),(0.,0.138024713929,0.259600529438,0.322610484405,
    0.384454348366,0.501480950738,0.627008536637,0.80822154022,
    0.914637308502,1.),.UNSPECIFIED.);
#2253 = CARTESIAN_POINT('',(0.868027334825,19.781452289752));
#2254 = CARTESIAN_POINT('',(0.868025024171,19.895196895032));
#2255 = CARTESIAN_POINT('',(0.868022677514,20.009029084028));
#2256 = CARTESIAN_POINT('',(0.868021268081,20.122809289195));
#2257 = CARTESIAN_POINT('',(0.868021598439,20.236552717412));
#2258 = CARTESIAN_POINT('',(0.868023623456,20.350296433449));
#2259 = CARTESIAN_POINT('',(0.868025477837,20.464076976653));
#2260 = CARTESIAN_POINT('',(0.868025693459,20.577907808287));
#2261 = CARTESIAN_POINT('',(0.868022658618,20.791839208667));
#2262 = CARTESIAN_POINT('',(0.868019803128,20.892078650562));
#2263 = CARTESIAN_POINT('',(0.868015453795,20.99229407794));
#2264 = CARTESIAN_POINT('',(0.868010023078,21.092487792186));
#2265 = CARTESIAN_POINT('',(0.86800561122,21.192679697));
#2266 = CARTESIAN_POINT('',(0.868004873439,21.292890719788));
#2267 = CARTESIAN_POINT('',(0.868009005567,21.393126000914));
#2268 = CARTESIAN_POINT('',(0.868020103431,21.545239359716));
#2269 = CARTESIAN_POINT('',(0.868024860654,21.597165170901));
#2270 = CARTESIAN_POINT('',(0.868030176158,21.649091479614));
#2271 = CARTESIAN_POINT('',(0.86803558772,21.701018152502));
#2272 = CARTESIAN_POINT('',(0.868040581486,21.752945021146));
#2273 = CARTESIAN_POINT('',(0.868044591965,21.804871882054));
#2274 = CARTESIAN_POINT('',(0.868047002039,21.856798496665));
#2275 = CARTESIAN_POINT('',(0.868047281257,21.959689718002));
#2276 = CARTESIAN_POINT('',(0.868044846463,22.010651934726));
#2277 = CARTESIAN_POINT('',(0.868040133365,22.061614337718));
#2278 = CARTESIAN_POINT('',(0.86803389524,22.11257859144));
#2279 = CARTESIAN_POINT('',(0.868027343847,22.163544928614));
#2280 = CARTESIAN_POINT('',(0.868022149423,22.214512150222));
#2281 = CARTESIAN_POINT('',(0.868020440685,22.265477625506));
#2282 = CARTESIAN_POINT('',(0.868033063071,22.412867822697));
#2283 = CARTESIAN_POINT('',(0.86805081296,22.509342830844));
#2284 = CARTESIAN_POINT('',(0.868055669747,22.60580100689));
#2285 = CARTESIAN_POINT('',(0.868048451054,22.70224112302));
#2286 = CARTESIAN_POINT('',(0.868036420966,22.798679246061));
#2287 = CARTESIAN_POINT('',(0.868025174114,22.895133811196));
#2288 = CARTESIAN_POINT('',(0.868016790141,22.991608838643));
#2289 = CARTESIAN_POINT('',(0.868006631727,23.191487617898));
#2290 = CARTESIAN_POINT('',(0.868005331562,23.294985289341));
#2291 = CARTESIAN_POINT('',(0.868008696374,23.398453848915));
#2292 = CARTESIAN_POINT('',(0.86801443987,23.50189920081));
#2293 = CARTESIAN_POINT('',(0.868019752646,23.605345512795));
#2294 = CARTESIAN_POINT('',(0.868023093024,23.708816516519));
#2295 = CARTESIAN_POINT('',(0.868024667231,23.812316936944));
#2296 = CARTESIAN_POINT('',(0.868025403529,24.065092760986));
#2297 = CARTESIAN_POINT('',(0.868023223442,24.21473030929));
#2298 = CARTESIAN_POINT('',(0.868020045944,24.364147786813));
#2299 = CARTESIAN_POINT('',(0.868020441898,24.513460182459));
#2300 = CARTESIAN_POINT('',(0.868025737106,24.66278234284));
#2301 = CARTESIAN_POINT('',(0.868030430608,24.812224374616));
#2302 = CARTESIAN_POINT('',(0.868032340968,24.961908402223));
#2303 = CARTESIAN_POINT('',(0.868030431709,25.198874289633));
#2304 = CARTESIAN_POINT('',(0.868028660552,25.286572444007));
#2305 = CARTESIAN_POINT('',(0.868025749306,25.374260585726));
#2306 = CARTESIAN_POINT('',(0.868021958351,25.461935129868));
#2307 = CARTESIAN_POINT('',(0.868017804971,25.549609140488));
#2308 = CARTESIAN_POINT('',(0.868013929603,25.637296097032));
#2309 = CARTESIAN_POINT('',(0.868010907116,25.724993647897));
#2310 = CARTESIAN_POINT('',(0.868007475819,25.882995869193));
#2311 = CARTESIAN_POINT('',(0.868006671016,25.953323845595));
#2312 = CARTESIAN_POINT('',(0.868006741131,26.023645559353));
#2313 = CARTESIAN_POINT('',(0.868007735466,26.093963645393));
#2314 = CARTESIAN_POINT('',(0.868009572177,26.164284332075));
#2315 = CARTESIAN_POINT('',(0.868012047375,26.234612265314));
#2316 = CARTESIAN_POINT('',(0.868014881362,26.304944919295));
#2317 = CARTESIAN_POINT('',(0.868017802023,26.375266593797));
#2318 = ( GEOMETRIC_REPRESENTATION_CONTEXT(2) 
PARAMETRIC_REPRESENTATION_CONTEXT() REPRESENTATION_CONTEXT('2D SPACE',''
  ) );
#2319 = PCURVE('',#2320,#2325);
#2320 = CYLINDRICAL_SURFACE('',#2321,3.2);
#2321 = AXIS2_PLACEMENT_3D('',#2322,#2323,#2324);
#2322 = CARTESIAN_POINT('',(0.,2.6645352591E-15,24.));
#2323 = DIRECTION('',(0.,-1.224646799147E-16,-1.));
#2324 = DIRECTION('',(1.,0.,0.));
#2325 = DEFINITIONAL_REPRESENTATION('',(#2326),#2392);
#2326 = B_SPLINE_CURVE_WITH_KNOTS('',8,(#2327,#2328,#2329,#2330,#2331,
    #2332,#2333,#2334,#2335,#2336,#2337,#2338,#2339,#2340,#2341,#2342,
    #2343,#2344,#2345,#2346,#2347,#2348,#2349,#2350,#2351,#2352,#2353,
    #2354,#2355,#2356,#2357,#2358,#2359,#2360,#2361,#2362,#2363,#2364,
    #2365,#2366,#2367,#2368,#2369,#2370,#2371,#2372,#2373,#2374,#2375,
    #2376,#2377,#2378,#2379,#2380,#2381,#2382,#2383,#2384,#2385,#2386,
    #2387,#2388,#2389,#2390,#2391),.UNSPECIFIED.,.F.,.F.,(9,7,7,7,7,7,7,
    7,7,9),(0.,0.138024713929,0.259600529438,0.322610484405,
    0.384454348366,0.501480950738,0.627008536637,0.80822154022,
    0.914637308502,1.),.UNSPECIFIED.);
#2327 = CARTESIAN_POINT('',(0.,7.586844821451));
#2328 = CARTESIAN_POINT('',(0.10838718954,7.621344309573));
#2329 = CARTESIAN_POINT('',(0.216858383939,7.655870349132));
#2330 = CARTESIAN_POINT('',(0.325280406676,7.690380984938));
#2331 = CARTESIAN_POINT('',(0.433667311336,7.724881140902));
#2332 = CARTESIAN_POINT('',(0.542053737773,7.759382041787));
#2333 = CARTESIAN_POINT('',(0.650474070417,7.793894046671));
#2334 = CARTESIAN_POINT('',(0.758941346699,7.828420668831));
#2335 = CARTESIAN_POINT('',(0.962791649836,7.893307980689));
#2336 = CARTESIAN_POINT('',(1.058307117927,7.923710945894));
#2337 = CARTESIAN_POINT('',(1.153799642515,7.954106047453));
#2338 = CARTESIAN_POINT('',(1.249271910764,7.984494143467));
#2339 = CARTESIAN_POINT('',(1.344743413502,8.014882086031));
#2340 = CARTESIAN_POINT('',(1.440234184136,8.045277253103));
#2341 = CARTESIAN_POINT('',(1.535748580412,8.075681667877));
#2342 = CARTESIAN_POINT('',(1.680697689191,8.121824157439));
#2343 = CARTESIAN_POINT('',(1.73017790848,8.137575853463));
#2344 = CARTESIAN_POINT('',(1.77965850783,8.153327917039));
#2345 = CARTESIAN_POINT('',(1.829139289017,8.169080128353));
#2346 = CARTESIAN_POINT('',(1.878620058372,8.184832236914));
#2347 = CARTESIAN_POINT('',(1.928100626785,8.20058396156));
#2348 = CARTESIAN_POINT('',(1.977580809698,8.216334990452));
#2349 = CARTESIAN_POINT('',(2.075624352131,8.247543495186));
#2350 = CARTESIAN_POINT('',(2.124185476578,8.263000128156));
#2351 = CARTESIAN_POINT('',(2.172746839911,8.278455933513));
#2352 = CARTESIAN_POINT('',(2.221310081691,8.293911708426));
#2353 = CARTESIAN_POINT('',(2.269875441585,8.309367993714));
#2354 = CARTESIAN_POINT('',(2.318441759367,8.324825073845));
#2355 = CARTESIAN_POINT('',(2.367006474914,8.340282976935));
#2356 = CARTESIAN_POINT('',(2.507453688891,8.384993454827));
#2357 = CARTESIAN_POINT('',(2.599384087197,8.414262608835));
#2358 = CARTESIAN_POINT('',(2.691296656977,8.443521654198));
#2359 = CARTESIAN_POINT('',(2.783192576167,8.472770535766));
#2360 = CARTESIAN_POINT('',(2.875087930092,8.502016945695));
#2361 = CARTESIAN_POINT('',(2.966999578588,8.531268646678));
#2362 = CARTESIAN_POINT('',(3.05893098322,8.560527665142));
#2363 = CARTESIAN_POINT('',(3.249395681577,8.621149849306));
#2364 = CARTESIAN_POINT('',(3.348018448724,8.652541686239));
#2365 = CARTESIAN_POINT('',(3.446612671717,8.683926503396));
#2366 = CARTESIAN_POINT('',(3.545183634745,8.715305204391));
#2367 = CARTESIAN_POINT('',(3.643754739328,8.746684029449));
#2368 = CARTESIAN_POINT('',(3.742349296987,8.778069578468));
#2369 = CARTESIAN_POINT('',(3.840972272536,8.809463364625));
#2370 = CARTESIAN_POINT('',(4.081837581282,8.886134215714));
#2371 = CARTESIAN_POINT('',(4.224425666833,8.931520603531));
#2372 = CARTESIAN_POINT('',(4.366806020501,8.976839853644));
#2373 = CARTESIAN_POINT('',(4.509087842791,9.022128617602));
#2374 = CARTESIAN_POINT('',(4.651378184219,9.067422244536));
#2375 = CARTESIAN_POINT('',(4.793781158568,9.112751996701));
#2376 = CARTESIAN_POINT('',(4.936413501828,9.158154069687));
#2377 = CARTESIAN_POINT('',(5.162214839188,9.230028511584));
#2378 = CARTESIAN_POINT('',(5.245780919584,9.256627943581));
#2379 = CARTESIAN_POINT('',(5.329337367224,9.283223896176));
#2380 = CARTESIAN_POINT('',(5.41288093033,9.309815383053));
#2381 = CARTESIAN_POINT('',(5.496424182569,9.336406567463));
#2382 = CARTESIAN_POINT('',(5.579980012037,9.363001786444));
#2383 = CARTESIAN_POINT('',(5.663546139331,9.389600549801));
#2384 = CARTESIAN_POINT('',(5.814105110823,9.437523578442));
#2385 = CARTESIAN_POINT('',(5.881120119367,9.458854759095));
#2386 = CARTESIAN_POINT('',(5.948129199626,9.480184379716));
#2387 = CARTESIAN_POINT('',(6.015134802685,9.501513258646));
#2388 = CARTESIAN_POINT('',(6.082142804735,9.522843253279));
#2389 = CARTESIAN_POINT('',(6.149157590895,9.544175693666));
#2390 = CARTESIAN_POINT('',(6.216176739544,9.565509705154));
#2391 = CARTESIAN_POINT('',(6.28318530718,9.58684042004));
#2392 = ( GEOMETRIC_REPRESENTATION_CONTEXT(2) 
PARAMETRIC_REPRESENTATION_CONTEXT() REPRESENTATION_CONTEXT('2D SPACE',''
  ) );
#2393 = ORIENTED_EDGE('',*,*,#2394,.T.);
#2394 = EDGE_CURVE('',#2181,#2395,#2397,.T.);
#2395 = VERTEX_POINT('',#2396);
#2396 = CARTESIAN_POINT('',(3.2,2.029330509295E-15,12.413159596317));
#2397 = SURFACE_CURVE('',#2398,(#2471,#2547),.PCURVE_S1.);
#2398 = B_SPLINE_CURVE_WITH_KNOTS('',8,(#2399,#2400,#2401,#2402,#2403,
    #2404,#2405,#2406,#2407,#2408,#2409,#2410,#2411,#2412,#2413,#2414,
    #2415,#2416,#2417,#2418,#2419,#2420,#2421,#2422,#2423,#2424,#2425,
    #2426,#2427,#2428,#2429,#2430,#2431,#2432,#2433,#2434,#2435,#2436,
    #2437,#2438,#2439,#2440,#2441,#2442,#2443,#2444,#2445,#2446,#2447,
    #2448,#2449,#2450,#2451,#2452,#2453,#2454,#2455,#2456,#2457,#2458,
    #2459,#2460,#2461,#2462,#2463,#2464,#2465,#2466,#2467,#2468,#2469,
    #2470),.UNSPECIFIED.,.F.,.F.,(9,7,7,7,7,7,7,7,7,7,9),(0.,
    9.514813609949E-02,0.215943375468,0.336544262565,0.42581430485,
    0.482224282234,0.543656327073,0.604485358062,0.761813104436,
    0.850073556909,1.),.UNSPECIFIED.);
#2399 = CARTESIAN_POINT('',(3.2,1.934575125517E-15,14.41315957996));
#2400 = CARTESIAN_POINT('',(3.2,-0.239098427331,14.389374653256));
#2401 = CARTESIAN_POINT('',(3.179582688011,-0.478243064501,
    14.365585137502));
#2402 = CARTESIAN_POINT('',(3.138735152842,-0.715334309323,
    14.341797268562));
#2403 = CARTESIAN_POINT('',(3.077715656713,-0.948336915809,
    14.318011749763));
#2404 = CARTESIAN_POINT('',(2.997013619414,-1.175276061681,
    14.294226503341));
#2405 = CARTESIAN_POINT('',(2.897335361028,-1.394241814719,
    14.270439505222));
#2406 = CARTESIAN_POINT('',(2.77961560321,-1.603401997937,14.24665170315
    ));
#2407 = CARTESIAN_POINT('',(2.474223079856,-2.051913613093,
    14.192677999166));
#2408 = CARTESIAN_POINT('',(2.276108156837,-2.284410562728,
    14.162471351716));
#2409 = CARTESIAN_POINT('',(2.053132077068,-2.494860376672,
    14.132272036249));
#2410 = CARTESIAN_POINT('',(1.808220924819,-2.680208754803,
    14.102078995305));
#2411 = CARTESIAN_POINT('',(1.544657818215,-2.837904549745,
    14.071885865199));
#2412 = CARTESIAN_POINT('',(1.266036933766,-2.965863088867,
    14.041686268437));
#2413 = CARTESIAN_POINT('',(0.976278789921,-3.062517692678,
    14.011478987692));
#2414 = CARTESIAN_POINT('',(0.383532622143,-3.191354160992,
    13.951140236331));
#2415 = CARTESIAN_POINT('',(8.030664000909E-02,-3.223696036146,
    13.920982238539));
#2416 = CARTESIAN_POINT('',(-0.225774488502,-3.223046250865,
    13.89083185911));
#2417 = CARTESIAN_POINT('',(-0.530517754198,-3.189203495923,
    13.860687851314));
#2418 = CARTESIAN_POINT('',(-0.829811457867,-3.122567792116,
    13.830544129654));
#2419 = CARTESIAN_POINT('',(-1.119631485873,-3.02408761405,
    13.800394368679));
#2420 = CARTESIAN_POINT('',(-1.396065811744,-2.895312468471,
    13.770237046565));
#2421 = CARTESIAN_POINT('',(-1.847374289014,-2.622503607308,
    13.717781309412));
#2422 = CARTESIAN_POINT('',(-2.030045115539,-2.491083538762,
    13.695468590387));
#2423 = CARTESIAN_POINT('',(-2.201964415643,-2.345164434654,
    13.673157186999));
#2424 = CARTESIAN_POINT('',(-2.36180904912,-2.185776180509,
    13.650845799572));
#2425 = CARTESIAN_POINT('',(-2.508376579101,-2.014081063639,
    13.62853215038));
#2426 = CARTESIAN_POINT('',(-2.640587413121,-1.831367395746,
    13.606215004247));
#2427 = CARTESIAN_POINT('',(-2.757500431944,-1.639054333061,
    13.583896261791));
#2428 = CARTESIAN_POINT('',(-2.922064228536,-1.312108445778,
    13.547483394975));
#2429 = CARTESIAN_POINT('',(-2.979385428941,-1.182268820835,
    13.53338230885));
#2430 = CARTESIAN_POINT('',(-3.030103534976,-1.049584414738,
    13.519282066312));
#2431 = CARTESIAN_POINT('',(-3.074053520223,-0.914455921275,
    13.505183665209));
#2432 = CARTESIAN_POINT('',(-3.111103167278,-0.777287059481,
    13.491087189084));
#2433 = CARTESIAN_POINT('',(-3.141149749343,-0.638482893891,
    13.476991966441));
#2434 = CARTESIAN_POINT('',(-3.164117730372,-0.49844874803,
    13.462896602038));
#2435 = CARTESIAN_POINT('',(-3.197207418701,-0.204190275921,
    13.433446066457));
#2436 = CARTESIAN_POINT('',(-3.206000120409,-4.983598468755E-02,
    13.418092476723));
#2437 = CARTESIAN_POINT('',(-3.206274724512,0.104921031978,
    13.402737667898));
#2438 = CARTESIAN_POINT('',(-3.198012361043,0.259532109814,
    13.387381529152));
#2439 = CARTESIAN_POINT('',(-3.181236154431,0.413452050888,
    13.372024281964));
#2440 = CARTESIAN_POINT('',(-3.156011223507,0.566139123599,
    13.356666480117));
#2441 = CARTESIAN_POINT('',(-3.122444681496,0.717055062673,
    13.341309009704));
#2442 = CARTESIAN_POINT('',(-3.039336495237,1.01281632735,
    13.310747901477));
#2443 = CARTESIAN_POINT('',(-2.989954843805,1.157709659996,
    13.295544026227));
#2444 = CARTESIAN_POINT('',(-2.932685825867,1.29983008491,
    13.280340965219));
#2445 = CARTESIAN_POINT('',(-2.867711527649,1.438679342409,
    13.265138346875));
#2446 = CARTESIAN_POINT('',(-2.795250977463,1.573775895334,
    13.249935926187));
#2447 = CARTESIAN_POINT('',(-2.715560145709,1.704654929043,
    13.234733584718));
#2448 = CARTESIAN_POINT('',(-2.628931944876,1.830868351415,
    13.219531330603));
#2449 = CARTESIAN_POINT('',(-2.294552079498,2.265239442305,
    13.165010877642));
#2450 = CARTESIAN_POINT('',(-2.008863541991,2.544859348895,
    13.125639806232));
#2451 = CARTESIAN_POINT('',(-1.684550684646,2.782738140467,
    13.086296065779));
#2452 = CARTESIAN_POINT('',(-1.328934733033,2.972988436659,13.0469672133
    ));
#2453 = CARTESIAN_POINT('',(-0.950001836668,3.111085589316,
    13.007638083999));
#2454 = CARTESIAN_POINT('',(-0.556449064701,3.194092342971,
    12.968290925892));
#2455 = CARTESIAN_POINT('',(-0.157553301105,3.220473244886,
    12.928913895401));
#2456 = CARTESIAN_POINT('',(0.45783638225,3.174833403585,12.867531685957
    ));
#2457 = CARTESIAN_POINT('',(0.677754262255,3.140910315135,
    12.845466678388));
#2458 = CARTESIAN_POINT('',(0.894747854656,3.089575979971,
    12.823402235904));
#2459 = CARTESIAN_POINT('',(1.107200129608,3.021141180017,
    12.801339539796));
#2460 = CARTESIAN_POINT('',(1.313555362921,2.936087941471,
    12.779277336551));
#2461 = CARTESIAN_POINT('',(1.512321313564,2.835056164887,
    12.757214010612));
#2462 = CARTESIAN_POINT('',(1.702076246885,2.718846806869,
    12.735149553084));
#2463 = CARTESIAN_POINT('',(2.186232097006,2.366924656796,
    12.675610888677));
#2464 = CARTESIAN_POINT('',(2.461515767782,2.104155599079,
    12.638092298415));
#2465 = CARTESIAN_POINT('',(2.700240263248,1.805047961489,
    12.600597512963));
#2466 = CARTESIAN_POINT('',(2.897053286573,1.475710137663,
    12.563118601892));
#2467 = CARTESIAN_POINT('',(3.04772762238,1.122873355211,12.525641020362
    ));
#2468 = CARTESIAN_POINT('',(3.149306150724,0.753913334416,
    12.488149033548));
#2469 = CARTESIAN_POINT('',(3.2,0.376752314528,12.450634016486));
#2470 = CARTESIAN_POINT('',(3.2,1.68964576769E-15,12.413159596317));
#2471 = PCURVE('',#330,#2472);
#2472 = DEFINITIONAL_REPRESENTATION('',(#2473),#2546);
#2473 = B_SPLINE_CURVE_WITH_KNOTS('',8,(#2474,#2475,#2476,#2477,#2478,
    #2479,#2480,#2481,#2482,#2483,#2484,#2485,#2486,#2487,#2488,#2489,
    #2490,#2491,#2492,#2493,#2494,#2495,#2496,#2497,#2498,#2499,#2500,
    #2501,#2502,#2503,#2504,#2505,#2506,#2507,#2508,#2509,#2510,#2511,
    #2512,#2513,#2514,#2515,#2516,#2517,#2518,#2519,#2520,#2521,#2522,
    #2523,#2524,#2525,#2526,#2527,#2528,#2529,#2530,#2531,#2532,#2533,
    #2534,#2535,#2536,#2537,#2538,#2539,#2540,#2541,#2542,#2543,#2544,
    #2545),.UNSPECIFIED.,.F.,.F.,(9,7,7,7,7,7,7,7,7,7,9),(0.,
    9.514813609949E-02,0.215943375468,0.336544262565,0.42581430485,
    0.482224282234,0.543656327073,0.604485358062,0.761813104436,
    0.850073556909,1.),.UNSPECIFIED.);
#2474 = CARTESIAN_POINT('',(0.868017802023,26.375266593797));
#2475 = CARTESIAN_POINT('',(0.868021058721,26.45367914971));
#2476 = CARTESIAN_POINT('',(0.868024422157,26.53210669874));
#2477 = CARTESIAN_POINT('',(0.86802751773,26.610529161078));
#2478 = CARTESIAN_POINT('',(0.868029949534,26.688944724433));
#2479 = CARTESIAN_POINT('',(0.868031453905,26.767360576333));
#2480 = CARTESIAN_POINT('',(0.868031973226,26.845783463677));
#2481 = CARTESIAN_POINT('',(0.868031649996,26.924210079529));
#2482 = CARTESIAN_POINT('',(0.868029587354,27.102159071605));
#2483 = CARTESIAN_POINT('',(0.868027488895,27.201750303325));
#2484 = CARTESIAN_POINT('',(0.868024954851,27.301317919452));
#2485 = CARTESIAN_POINT('',(0.868022804159,27.400864358593));
#2486 = CARTESIAN_POINT('',(0.86802178906,27.500409638834));
#2487 = CARTESIAN_POINT('',(0.868022062426,27.599974590601));
#2488 = CARTESIAN_POINT('',(0.868022999952,27.699564026037));
#2489 = CARTESIAN_POINT('',(0.868024775069,27.898493085718));
#2490 = CARTESIAN_POINT('',(0.868025609349,27.99792017187));
#2491 = CARTESIAN_POINT('',(0.868025680245,28.09732311764));
#2492 = CARTESIAN_POINT('',(0.868024092966,28.196707178169));
#2493 = CARTESIAN_POINT('',(0.868020362131,28.296093037771));
#2494 = CARTESIAN_POINT('',(0.868015272592,28.395500546748));
#2495 = CARTESIAN_POINT('',(0.868010919535,28.494932041859));
#2496 = CARTESIAN_POINT('',(0.868007300216,28.667878428061));
#2497 = CARTESIAN_POINT('',(0.868007026704,28.741441766747));
#2498 = CARTESIAN_POINT('',(0.868008570022,28.814998443472));
#2499 = CARTESIAN_POINT('',(0.86801257842,28.888551913788));
#2500 = CARTESIAN_POINT('',(0.868019057898,28.962109679471));
#2501 = CARTESIAN_POINT('',(0.868027078017,29.035677003172));
#2502 = CARTESIAN_POINT('',(0.868034923176,29.109249813636));
#2503 = CARTESIAN_POINT('',(0.868044333028,29.229287657955));
#2504 = CARTESIAN_POINT('',(0.868047156625,29.275774033491));
#2505 = CARTESIAN_POINT('',(0.868048705786,29.322259258293));
#2506 = CARTESIAN_POINT('',(0.868048541043,29.368740604801));
#2507 = CARTESIAN_POINT('',(0.868046350875,29.415218196137));
#2508 = CARTESIAN_POINT('',(0.868042150851,29.461694226254));
#2509 = CARTESIAN_POINT('',(0.868036568859,29.508172491819));
#2510 = CARTESIAN_POINT('',(0.868025387504,29.605282512599));
#2511 = CARTESIAN_POINT('',(0.868021697929,29.655906610566));
#2512 = CARTESIAN_POINT('',(0.868021233373,29.70653060172));
#2513 = CARTESIAN_POINT('',(0.868024225506,29.757154555061));
#2514 = CARTESIAN_POINT('',(0.868030052014,29.807778536581));
#2515 = CARTESIAN_POINT('',(0.868037236598,29.858402609256));
#2516 = CARTESIAN_POINT('',(0.868043448973,29.909026833056));
#2517 = CARTESIAN_POINT('',(0.868047540589,30.009778769949));
#2518 = CARTESIAN_POINT('',(0.868047352413,30.05990479334));
#2519 = CARTESIAN_POINT('',(0.868045278733,30.110030544534));
#2520 = CARTESIAN_POINT('',(0.868041713472,30.160156744617));
#2521 = CARTESIAN_POINT('',(0.868037106086,30.210283626331));
#2522 = CARTESIAN_POINT('',(0.868031961562,30.260410934077));
#2523 = CARTESIAN_POINT('',(0.868026840421,30.310537923914));
#2524 = CARTESIAN_POINT('',(0.868010767262,30.490307422113));
#2525 = CARTESIAN_POINT('',(0.868002414062,30.620120921581));
#2526 = CARTESIAN_POINT('',(0.868003415886,30.749832344677));
#2527 = CARTESIAN_POINT('',(0.868012638064,30.879484166464));
#2528 = CARTESIAN_POINT('',(0.868020102066,31.009139150333));
#2529 = CARTESIAN_POINT('',(0.868024246053,31.138857821086));
#2530 = CARTESIAN_POINT('',(0.868025340537,31.268678879847));
#2531 = CARTESIAN_POINT('',(0.868024744363,31.471051158953));
#2532 = CARTESIAN_POINT('',(0.868024062404,31.543798338243));
#2533 = CARTESIAN_POINT('',(0.868023167546,31.616543926883));
#2534 = CARTESIAN_POINT('',(0.868022413886,31.689283577235));
#2535 = CARTESIAN_POINT('',(0.868022087855,31.762021055556));
#2536 = CARTESIAN_POINT('',(0.868022317667,31.834761524163));
#2537 = CARTESIAN_POINT('',(0.868023059187,31.907505068838));
#2538 = CARTESIAN_POINT('',(0.868026025102,32.103794791705));
#2539 = CARTESIAN_POINT('',(0.868028927116,32.227486430901));
#2540 = CARTESIAN_POINT('',(0.868032113239,32.351099224337));
#2541 = CARTESIAN_POINT('',(0.868033923969,32.47466144105));
#2542 = CARTESIAN_POINT('',(0.868032562537,32.598223332817));
#2543 = CARTESIAN_POINT('',(0.868028450387,32.721836236714));
#2544 = CARTESIAN_POINT('',(0.868023077974,32.845526681587));
#2545 = CARTESIAN_POINT('',(0.86801794401,32.96908297716));
#2546 = ( GEOMETRIC_REPRESENTATION_CONTEXT(2) 
PARAMETRIC_REPRESENTATION_CONTEXT() REPRESENTATION_CONTEXT('2D SPACE',''
  ) );
#2547 = PCURVE('',#2548,#2553);
#2548 = CYLINDRICAL_SURFACE('',#2549,3.2);
#2549 = AXIS2_PLACEMENT_3D('',#2550,#2551,#2552);
#2550 = CARTESIAN_POINT('',(0.,2.6645352591E-15,24.));
#2551 = DIRECTION('',(0.,-1.224646799147E-16,-1.));
#2552 = DIRECTION('',(1.,0.,0.));
#2553 = DEFINITIONAL_REPRESENTATION('',(#2554),#2627);
#2554 = B_SPLINE_CURVE_WITH_KNOTS('',8,(#2555,#2556,#2557,#2558,#2559,
    #2560,#2561,#2562,#2563,#2564,#2565,#2566,#2567,#2568,#2569,#2570,
    #2571,#2572,#2573,#2574,#2575,#2576,#2577,#2578,#2579,#2580,#2581,
    #2582,#2583,#2584,#2585,#2586,#2587,#2588,#2589,#2590,#2591,#2592,
    #2593,#2594,#2595,#2596,#2597,#2598,#2599,#2600,#2601,#2602,#2603,
    #2604,#2605,#2606,#2607,#2608,#2609,#2610,#2611,#2612,#2613,#2614,
    #2615,#2616,#2617,#2618,#2619,#2620,#2621,#2622,#2623,#2624,#2625,
    #2626),.UNSPECIFIED.,.F.,.F.,(9,7,7,7,7,7,7,7,7,7,9),(0.,
    9.514813609949E-02,0.215943375468,0.336544262565,0.42581430485,
    0.482224282234,0.543656327073,0.604485358062,0.761813104436,
    0.850073556909,1.),.UNSPECIFIED.);
#2555 = CARTESIAN_POINT('',(0.,9.58684042004));
#2556 = CARTESIAN_POINT('',(7.471825854097E-02,9.610625346744));
#2557 = CARTESIAN_POINT('',(0.149450656452,9.634414862498));
#2558 = CARTESIAN_POINT('',(0.22417807826,9.658202731438));
#2559 = CARTESIAN_POINT('',(0.298898867634,9.681988250237));
#2560 = CARTESIAN_POINT('',(0.373619978583,9.705773496659));
#2561 = CARTESIAN_POINT('',(0.448347954707,9.729560494778));
#2562 = CARTESIAN_POINT('',(0.523079736496,9.75334829685));
#2563 = CARTESIAN_POINT('',(0.692645836673,9.807322000834));
#2564 = CARTESIAN_POINT('',(0.787545941255,9.837528648284));
#2565 = CARTESIAN_POINT('',(0.882424062164,9.867727963751));
#2566 = CARTESIAN_POINT('',(0.977282467068,9.897921004695));
#2567 = CARTESIAN_POINT('',(1.072139942285,9.928114134801));
#2568 = CARTESIAN_POINT('',(1.167015932087,9.958313731563));
#2569 = CARTESIAN_POINT('',(1.261914701332,9.988521012308));
#2570 = CARTESIAN_POINT('',(1.45147289835,10.048859763669));
#2571 = CARTESIAN_POINT('',(1.546215667686,10.079017761461));
#2572 = CARTESIAN_POINT('',(1.640934691151,10.10916814089));
#2573 = CARTESIAN_POINT('',(1.735635048635,10.139312148686));
#2574 = CARTESIAN_POINT('',(1.830336888743,10.169455870346));
#2575 = CARTESIAN_POINT('',(1.925059711798,10.199605631321));
#2576 = CARTESIAN_POINT('',(2.019806127052,10.229762953435));
#2577 = CARTESIAN_POINT('',(2.184604777987,10.282218690588));
#2578 = CARTESIAN_POINT('',(2.254702848142,10.304531409613));
#2579 = CARTESIAN_POINT('',(2.324794979021,10.326842813001));
#2580 = CARTESIAN_POINT('',(2.394884350757,10.349154200428));
#2581 = CARTESIAN_POINT('',(2.464977884812,10.37146784962));
#2582 = CARTESIAN_POINT('',(2.53508032085,10.393784995753));
#2583 = CARTESIAN_POINT('',(2.605187579831,10.416103738209));
#2584 = CARTESIAN_POINT('',(2.719570629565,10.452516605025));
#2585 = CARTESIAN_POINT('',(2.763866963273,10.46661769115));
#2586 = CARTESIAN_POINT('',(2.80816207254,10.480717933688));
#2587 = CARTESIAN_POINT('',(2.852453392547,10.494816334791));
#2588 = CARTESIAN_POINT('',(2.896741120566,10.508912810916));
#2589 = CARTESIAN_POINT('',(2.941027455965,10.523008033559));
#2590 = CARTESIAN_POINT('',(2.98531609524,10.537103397962));
#2591 = CARTESIAN_POINT('',(3.077851443153,10.566553933543));
#2592 = CARTESIAN_POINT('',(3.126090839026,10.581907523277));
#2593 = CARTESIAN_POINT('',(3.174330153108,10.597262332102));
#2594 = CARTESIAN_POINT('',(3.222569386154,10.612618470848));
#2595 = CARTESIAN_POINT('',(3.270808556276,10.627975718036));
#2596 = CARTESIAN_POINT('',(3.319047698946,10.643333519883));
#2597 = CARTESIAN_POINT('',(3.367286866992,10.658690990296));
#2598 = CARTESIAN_POINT('',(3.463291880038,10.689252098523));
#2599 = CARTESIAN_POINT('',(3.511056184513,10.704455973773));
#2600 = CARTESIAN_POINT('',(3.558820308914,10.719659034781));
#2601 = CARTESIAN_POINT('',(3.606585014506,10.734861653125));
#2602 = CARTESIAN_POINT('',(3.65435055893,10.750064073813));
#2603 = CARTESIAN_POINT('',(3.702116696205,10.765266415282));
#2604 = CARTESIAN_POINT('',(3.749882676728,10.780468669397));
#2605 = CARTESIAN_POINT('',(3.92118517181,10.834989122358));
#2606 = CARTESIAN_POINT('',(4.044885050843,10.874360193768));
#2607 = CARTESIAN_POINT('',(4.168487161981,10.913703934221));
#2608 = CARTESIAN_POINT('',(4.292030181213,10.9530327867));
#2609 = CARTESIAN_POINT('',(4.415574460973,10.992361916001));
#2610 = CARTESIAN_POINT('',(4.539179440735,11.031709074108));
#2611 = CARTESIAN_POINT('',(4.662882825811,11.071086104599));
#2612 = CARTESIAN_POINT('',(4.855720257721,11.132468314043));
#2613 = CARTESIAN_POINT('',(4.925040271769,11.154533321612));
#2614 = CARTESIAN_POINT('',(4.994359162464,11.176597764096));
#2615 = CARTESIAN_POINT('',(5.063672756635,11.198660460204));
#2616 = CARTESIAN_POINT('',(5.132984551137,11.220722663449));
#2617 = CARTESIAN_POINT('',(5.202299335548,11.242785989388));
#2618 = CARTESIAN_POINT('',(5.27161705729,11.264850446916));
#2619 = CARTESIAN_POINT('',(5.45866236193,11.324389111323));
#2620 = CARTESIAN_POINT('',(5.576528380322,11.361907701585));
#2621 = CARTESIAN_POINT('',(5.694318507417,11.399402487037));
#2622 = CARTESIAN_POINT('',(5.812059391717,11.436881398108));
#2623 = CARTESIAN_POINT('',(5.929799252885,11.474358979638));
#2624 = CARTESIAN_POINT('',(6.047587649471,11.511850966452));
#2625 = CARTESIAN_POINT('',(6.16545020889,11.549365983514));
#2626 = CARTESIAN_POINT('',(6.28318530718,11.586840403683));
#2627 = ( GEOMETRIC_REPRESENTATION_CONTEXT(2) 
PARAMETRIC_REPRESENTATION_CONTEXT() REPRESENTATION_CONTEXT('2D SPACE',''
  ) );
#2628 = ORIENTED_EDGE('',*,*,#2629,.T.);
#2629 = EDGE_CURVE('',#2395,#2630,#2632,.T.);
#2630 = VERTEX_POINT('',#2631);
#2631 = CARTESIAN_POINT('',(3.2,1.784400794848E-15,10.41315670065));
#2632 = SURFACE_CURVE('',#2633,(#2699,#2768),.PCURVE_S1.);
#2633 = B_SPLINE_CURVE_WITH_KNOTS('',8,(#2634,#2635,#2636,#2637,#2638,
    #2639,#2640,#2641,#2642,#2643,#2644,#2645,#2646,#2647,#2648,#2649,
    #2650,#2651,#2652,#2653,#2654,#2655,#2656,#2657,#2658,#2659,#2660,
    #2661,#2662,#2663,#2664,#2665,#2666,#2667,#2668,#2669,#2670,#2671,
    #2672,#2673,#2674,#2675,#2676,#2677,#2678,#2679,#2680,#2681,#2682,
    #2683,#2684,#2685,#2686,#2687,#2688,#2689,#2690,#2691,#2692,#2693,
    #2694,#2695,#2696,#2697,#2698),.UNSPECIFIED.,.F.,.F.,(9,7,7,7,7,7,7,
    7,7,9),(0.,0.104054906744,0.219258173027,0.344105082328,
    0.469027056816,0.578323147973,0.606541229313,0.675961594346,
    0.840022409408,1.),.UNSPECIFIED.);
#2634 = CARTESIAN_POINT('',(3.2,1.68964576769E-15,12.413159596317));
#2635 = CARTESIAN_POINT('',(3.2,-0.261425717212,12.3871563661));
#2636 = CARTESIAN_POINT('',(3.175591298629,-0.522939132681,
    12.361144591601));
#2637 = CARTESIAN_POINT('',(3.126747233148,-0.781761210201,
    12.335135291659));
#2638 = CARTESIAN_POINT('',(3.053844385022,-1.035222977908,
    12.309129850058));
#2639 = CARTESIAN_POINT('',(2.957588964579,-1.280758292932,
    12.283124750606));
#2640 = CARTESIAN_POINT('',(2.838986189603,-1.515909516592,
    12.257116114247));
#2641 = CARTESIAN_POINT('',(2.699352657846,-1.738346100109,
    12.231104038209));
#2642 = CARTESIAN_POINT('',(2.364357677767,-2.175682800624,
    12.176303034712));
#2643 = CARTESIAN_POINT('',(2.164522271374,-2.387360690743,
    12.14749802173));
#2644 = CARTESIAN_POINT('',(1.943132097723,-2.57790922503,
    12.118698580978));
#2645 = CARTESIAN_POINT('',(1.702838354228,-2.744809925085,
    12.089904168689));
#2646 = CARTESIAN_POINT('',(1.446572449444,-2.885967859471,
    12.061110085264));
#2647 = CARTESIAN_POINT('',(1.177513976946,-2.999685039722,
    12.032311612795));
#2648 = CARTESIAN_POINT('',(0.899101009683,-3.084703519282,
    12.003508218361));
#2649 = CARTESIAN_POINT('',(0.307226716922,-3.20062546807,
    11.943515720122));
#2650 = CARTESIAN_POINT('',(-7.518768258435E-03,-3.226461981434,
    11.912298199712));
#2651 = CARTESIAN_POINT('',(-0.324438079352,-3.216852938713,
    11.881089710172));
#2652 = CARTESIAN_POINT('',(-0.638863725312,-3.171702431008,
    11.849888451844));
#2653 = CARTESIAN_POINT('',(-0.9462487519,-3.091603621774,
    11.818686851223));
#2654 = CARTESIAN_POINT('',(-1.242172148251,-2.977770801106,
    11.787477518165));
#2655 = CARTESIAN_POINT('',(-1.522369548617,-2.832098762325,
    11.7562590518));
#2656 = CARTESIAN_POINT('',(-2.0434899645,-2.48247045524,11.693835911418
    ));
#2657 = CARTESIAN_POINT('',(-2.284662060011,-2.278296176245,
    11.662598559217));
#2658 = CARTESIAN_POINT('',(-2.502304445188,-2.047468249338,
    11.631370182764));
#2659 = CARTESIAN_POINT('',(-2.693042188231,-1.793220104453,
    11.60014952158));
#2660 = CARTESIAN_POINT('',(-2.854071833489,-1.519188172944,
    11.568929572348));
#2661 = CARTESIAN_POINT('',(-2.983117384037,-1.229361480994,
    11.5377028247));
#2662 = CARTESIAN_POINT('',(-3.078495347276,-0.928103462717,
    11.50646692919));
#2663 = CARTESIAN_POINT('',(-3.192545846332,-0.350795930837,
    11.447932012071));
#2664 = CARTESIAN_POINT('',(-3.219361435289,-7.610254135614E-02,
    11.420608546134));
#2665 = CARTESIAN_POINT('',(-3.219126042586,0.200752498727,
    11.393287991871));
#2666 = CARTESIAN_POINT('',(-3.191691720662,0.476657825393,
    11.365969314007));
#2667 = CARTESIAN_POINT('',(-3.137319008769,0.748547847564,
    11.338648665756));
#2668 = CARTESIAN_POINT('',(-3.056648876927,1.013409503041,
    11.311323631452));
#2669 = CARTESIAN_POINT('',(-2.950733179706,1.268298544655,
    11.283996597285));
#2670 = CARTESIAN_POINT('',(-2.787657523399,1.572892866343,
    11.249629737055));
#2671 = CARTESIAN_POINT('',(-2.752611376532,1.63454905528,
    11.242577746676));
#2672 = CARTESIAN_POINT('',(-2.716007401733,1.695311613042,
    11.235525879378));
#2673 = CARTESIAN_POINT('',(-2.677872101951,1.755134889506,
    11.228474105195));
#2674 = CARTESIAN_POINT('',(-2.638233494148,1.813974266217,
    11.221422373721));
#2675 = CARTESIAN_POINT('',(-2.597121109304,1.87178615638,
    11.214370614113));
#2676 = CARTESIAN_POINT('',(-2.554565992412,1.928528004868,
    11.207318735091));
#2677 = CARTESIAN_POINT('',(-2.402440036313,2.12101644418,11.18291746305
    ));
#2678 = CARTESIAN_POINT('',(-2.285749012541,2.251140109665,
    11.165567252712));
#2679 = CARTESIAN_POINT('',(-2.161027059204,2.373900468096,
    11.148215566454));
#2680 = CARTESIAN_POINT('',(-2.02881762676,2.48872153429,11.130862370208
    ));
#2681 = CARTESIAN_POINT('',(-1.889708188086,2.595080154453,
    11.113508023307));
#2682 = CARTESIAN_POINT('',(-1.744330238479,2.692506006186,
    11.09615327848));
#2683 = CARTESIAN_POINT('',(-1.593359295653,2.780581598479,
    11.078799281856));
#2684 = CARTESIAN_POINT('',(-1.069208587854,3.044131674193,
    11.020440362726));
#2685 = CARTESIAN_POINT('',(-0.673052479301,3.175388757159,
    10.979373950269));
#2686 = CARTESIAN_POINT('',(-0.259153355487,3.247259387768,
    10.93835114593));
#2687 = CARTESIAN_POINT('',(0.162053116041,3.257471793004,
    10.897345279304));
#2688 = CARTESIAN_POINT('',(0.580166375897,3.205505136901,
    10.856333899056));
#2689 = CARTESIAN_POINT('',(0.98489382971,3.092910310763,10.815297702967
    ));
#2690 = CARTESIAN_POINT('',(1.366074095045,2.922975353695,
    10.774222086262));
#2691 = CARTESIAN_POINT('',(2.053621127529,2.486811135051,
    10.693225133769));
#2692 = CARTESIAN_POINT('',(2.362636371255,2.222435072811,
    10.653180357369));
#2693 = CARTESIAN_POINT('',(2.632122515342,1.914452119149,
    10.613171403252));
#2694 = CARTESIAN_POINT('',(2.85525381787,1.570012815915,10.573183914444
    ));
#2695 = CARTESIAN_POINT('',(3.026582108175,1.197085241769,
    10.533195895224));
#2696 = CARTESIAN_POINT('',(3.142292264994,0.80453494204,10.493186205078
    ));
#2697 = CARTESIAN_POINT('',(3.2,0.401971067241,10.453142155557));
#2698 = CARTESIAN_POINT('',(3.2,1.444716053244E-15,10.41315670065));
#2699 = PCURVE('',#330,#2700);
#2700 = DEFINITIONAL_REPRESENTATION('',(#2701),#2767);
#2701 = B_SPLINE_CURVE_WITH_KNOTS('',8,(#2702,#2703,#2704,#2705,#2706,
    #2707,#2708,#2709,#2710,#2711,#2712,#2713,#2714,#2715,#2716,#2717,
    #2718,#2719,#2720,#2721,#2722,#2723,#2724,#2725,#2726,#2727,#2728,
    #2729,#2730,#2731,#2732,#2733,#2734,#2735,#2736,#2737,#2738,#2739,
    #2740,#2741,#2742,#2743,#2744,#2745,#2746,#2747,#2748,#2749,#2750,
    #2751,#2752,#2753,#2754,#2755,#2756,#2757,#2758,#2759,#2760,#2761,
    #2762,#2763,#2764,#2765,#2766),.UNSPECIFIED.,.F.,.F.,(9,7,7,7,7,7,7,
    7,7,9),(0.,0.104054906744,0.219258173027,0.344105082328,
    0.469027056816,0.578323147973,0.606541229313,0.675961594346,
    0.840022409408,1.),.UNSPECIFIED.);
#2702 = CARTESIAN_POINT('',(0.86801794401,32.96908297716));
#2703 = CARTESIAN_POINT('',(0.86801438159,33.054817800651));
#2704 = CARTESIAN_POINT('',(0.868010931789,33.14058064977));
#2705 = CARTESIAN_POINT('',(0.868008085199,33.226334568761));
#2706 = CARTESIAN_POINT('',(0.868006360207,33.312074332199));
#2707 = CARTESIAN_POINT('',(0.868006066745,33.397811136124));
#2708 = CARTESIAN_POINT('',(0.868007200186,33.483557775345));
#2709 = CARTESIAN_POINT('',(0.868009465385,33.569314306917));
#2710 = CARTESIAN_POINT('',(0.868015714074,33.749980196222));
#2711 = CARTESIAN_POINT('',(0.868019857531,33.844942381792));
#2712 = CARTESIAN_POINT('',(0.868024285006,33.939885832863));
#2713 = CARTESIAN_POINT('',(0.868028199658,34.034813361648));
#2714 = CARTESIAN_POINT('',(0.868030884577,34.129741379508));
#2715 = CARTESIAN_POINT('',(0.868032031215,34.224685835699));
#2716 = CARTESIAN_POINT('',(0.868031861598,34.319648203154));
#2717 = CARTESIAN_POINT('',(0.86802967076,34.517440772033));
#2718 = CARTESIAN_POINT('',(0.868027497763,34.620364854579));
#2719 = CARTESIAN_POINT('',(0.868024838996,34.723259784662));
#2720 = CARTESIAN_POINT('',(0.86802261223,34.826130321405));
#2721 = CARTESIAN_POINT('',(0.86802165656,34.929000360433));
#2722 = CARTESIAN_POINT('',(0.86802210068,35.031894101721));
#2723 = CARTESIAN_POINT('',(0.868023171915,35.134817152365));
#2724 = CARTESIAN_POINT('',(0.868024968253,35.340618224383));
#2725 = CARTESIAN_POINT('',(0.868025686982,35.443603990887));
#2726 = CARTESIAN_POINT('',(0.868025430209,35.546561413217));
#2727 = CARTESIAN_POINT('',(0.868023215342,35.649495904176));
#2728 = CARTESIAN_POINT('',(0.868018704254,35.752430985649));
#2729 = CARTESIAN_POINT('',(0.868013126397,35.855389845687));
#2730 = CARTESIAN_POINT('',(0.868009089919,35.95837689336));
#2731 = CARTESIAN_POINT('',(0.868007190686,36.151363577853));
#2732 = CARTESIAN_POINT('',(0.868008622407,36.241444708018));
#2733 = CARTESIAN_POINT('',(0.868013413894,36.331511940219));
#2734 = CARTESIAN_POINT('',(0.868022020231,36.421568105453));
#2735 = CARTESIAN_POINT('',(0.868033565719,36.51162700656));
#2736 = CARTESIAN_POINT('',(0.868044341457,36.601701352858));
#2737 = CARTESIAN_POINT('',(0.868048858053,36.691790300377));
#2738 = CARTESIAN_POINT('',(0.868046227017,36.805098053539));
#2739 = CARTESIAN_POINT('',(0.868045255002,36.828349062801));
#2740 = CARTESIAN_POINT('',(0.868043827074,36.851600249563));
#2741 = CARTESIAN_POINT('',(0.868041958851,36.874851692646));
#2742 = CARTESIAN_POINT('',(0.868039705357,36.898103487833));
#2743 = CARTESIAN_POINT('',(0.868037161023,36.921355747874));
#2744 = CARTESIAN_POINT('',(0.868034459683,36.944608602486));
#2745 = CARTESIAN_POINT('',(0.868025168859,37.025069245616));
#2746 = CARTESIAN_POINT('',(0.868021859888,37.08227553171));
#2747 = CARTESIAN_POINT('',(0.868022386969,37.139481775978));
#2748 = CARTESIAN_POINT('',(0.86802650656,37.196688402331));
#2749 = CARTESIAN_POINT('',(0.868033192266,37.253895539241));
#2750 = CARTESIAN_POINT('',(0.868040634848,37.311103019741));
#2751 = CARTESIAN_POINT('',(0.868046242218,37.368310381426));
#2752 = CARTESIAN_POINT('',(0.868047578187,37.56071267759));
#2753 = CARTESIAN_POINT('',(0.868034096562,37.696122122224));
#2754 = CARTESIAN_POINT('',(0.868009571824,37.831401923399));
#2755 = CARTESIAN_POINT('',(0.868000461348,37.966606161676));
#2756 = CARTESIAN_POINT('',(0.868003250296,38.101813353797));
#2757 = CARTESIAN_POINT('',(0.868010072215,38.237097201814));
#2758 = CARTESIAN_POINT('',(0.868016469483,38.372511559262));
#2759 = CARTESIAN_POINT('',(0.868024918808,38.639540275026));
#2760 = CARTESIAN_POINT('',(0.868027097965,38.771561443107));
#2761 = CARTESIAN_POINT('',(0.868025769381,38.903468996158));
#2762 = CARTESIAN_POINT('',(0.868022148528,39.035308712754));
#2763 = CARTESIAN_POINT('',(0.868020647293,39.167147466263));
#2764 = CARTESIAN_POINT('',(0.868021837266,39.299054223731));
#2765 = CARTESIAN_POINT('',(0.868024530846,39.431072337209));
#2766 = CARTESIAN_POINT('',(0.868027211253,39.562897286473));
#2767 = ( GEOMETRIC_REPRESENTATION_CONTEXT(2) 
PARAMETRIC_REPRESENTATION_CONTEXT() REPRESENTATION_CONTEXT('2D SPACE',''
  ) );
#2768 = PCURVE('',#2769,#2774);
#2769 = CYLINDRICAL_SURFACE('',#2770,3.2);
#2770 = AXIS2_PLACEMENT_3D('',#2771,#2772,#2773);
#2771 = CARTESIAN_POINT('',(0.,2.6645352591E-15,24.));
#2772 = DIRECTION('',(0.,-1.224646799147E-16,-1.));
#2773 = DIRECTION('',(1.,0.,0.));
#2774 = DEFINITIONAL_REPRESENTATION('',(#2775),#2841);
#2775 = B_SPLINE_CURVE_WITH_KNOTS('',8,(#2776,#2777,#2778,#2779,#2780,
    #2781,#2782,#2783,#2784,#2785,#2786,#2787,#2788,#2789,#2790,#2791,
    #2792,#2793,#2794,#2795,#2796,#2797,#2798,#2799,#2800,#2801,#2802,
    #2803,#2804,#2805,#2806,#2807,#2808,#2809,#2810,#2811,#2812,#2813,
    #2814,#2815,#2816,#2817,#2818,#2819,#2820,#2821,#2822,#2823,#2824,
    #2825,#2826,#2827,#2828,#2829,#2830,#2831,#2832,#2833,#2834,#2835,
    #2836,#2837,#2838,#2839,#2840),.UNSPECIFIED.,.F.,.F.,(9,7,7,7,7,7,7,
    7,7,9),(0.,0.104054906744,0.219258173027,0.344105082328,
    0.469027056816,0.578323147973,0.606541229313,0.675961594346,
    0.840022409408,1.),.UNSPECIFIED.);
#2776 = CARTESIAN_POINT('',(0.,11.586840403683));
#2777 = CARTESIAN_POINT('',(8.169553662867E-02,11.6128436339));
#2778 = CARTESIAN_POINT('',(0.163417954135,11.638855408399));
#2779 = CARTESIAN_POINT('',(0.245132074026,11.664864708341));
#2780 = CARTESIAN_POINT('',(0.326832875528,11.690870149942));
#2781 = CARTESIAN_POINT('',(0.408530930418,11.716875249394));
#2782 = CARTESIAN_POINT('',(0.490238311222,11.742883885753));
#2783 = CARTESIAN_POINT('',(0.571954972788,11.768895961791));
#2784 = CARTESIAN_POINT('',(0.744109582367,11.823696965288));
#2785 = CARTESIAN_POINT('',(0.834597828636,11.85250197827));
#2786 = CARTESIAN_POINT('',(0.925067966814,11.881301419022));
#2787 = CARTESIAN_POINT('',(1.015522710642,11.910095831311));
#2788 = CARTESIAN_POINT('',(1.105977864753,11.938889914736));
#2789 = CARTESIAN_POINT('',(1.196448855128,11.967688387205));
#2790 = CARTESIAN_POINT('',(1.286937263421,11.996491781639));
#2791 = CARTESIAN_POINT('',(1.475412093016,12.056484279878));
#2792 = CARTESIAN_POINT('',(1.573488045799,12.087701800288));
#2793 = CARTESIAN_POINT('',(1.671536778036,12.118910289828));
#2794 = CARTESIAN_POINT('',(1.769562768015,12.150111548156));
#2795 = CARTESIAN_POINT('',(1.867588455665,12.181313148777));
#2796 = CARTESIAN_POINT('',(1.965636442629,12.212522481835));
#2797 = CARTESIAN_POINT('',(2.063711728142,12.2437409482));
#2798 = CARTESIAN_POINT('',(2.259817975494,12.306164088582));
#2799 = CARTESIAN_POINT('',(2.357951602839,12.337401440783));
#2800 = CARTESIAN_POINT('',(2.456057437424,12.368629817236));
#2801 = CARTESIAN_POINT('',(2.554140759295,12.39985047842));
#2802 = CARTESIAN_POINT('',(2.652224538892,12.431070427652));
#2803 = CARTESIAN_POINT('',(2.750331538497,12.4622971753));
#2804 = CARTESIAN_POINT('',(2.8484662901,12.49353307081));
#2805 = CARTESIAN_POINT('',(3.032361721148,12.552067987929));
#2806 = CARTESIAN_POINT('',(3.118199882157,12.579391453866));
#2807 = CARTESIAN_POINT('',(3.204025285213,12.606712008129));
#2808 = CARTESIAN_POINT('',(3.289840386188,12.634030685993));
#2809 = CARTESIAN_POINT('',(3.375657667666,12.661351334244));
#2810 = CARTESIAN_POINT('',(3.461488771922,12.688676368548));
#2811 = CARTESIAN_POINT('',(3.547333193369,12.716003402715));
#2812 = CARTESIAN_POINT('',(3.655302450099,12.750370262945));
#2813 = CARTESIAN_POINT('',(3.67745798436,12.757422253324));
#2814 = CARTESIAN_POINT('',(3.699613697397,12.764474120622));
#2815 = CARTESIAN_POINT('',(3.721769674596,12.771525894805));
#2816 = CARTESIAN_POINT('',(3.743926014784,12.778577626279));
#2817 = CARTESIAN_POINT('',(3.766082830227,12.785629385887));
#2818 = CARTESIAN_POINT('',(3.788240246638,12.792681264909));
#2819 = CARTESIAN_POINT('',(3.864910518864,12.81708253695));
#2820 = CARTESIAN_POINT('',(3.919422082509,12.834432747288));
#2821 = CARTESIAN_POINT('',(3.97393361447,12.851784433546));
#2822 = CARTESIAN_POINT('',(4.028445407363,12.869137629792));
#2823 = CARTESIAN_POINT('',(4.082957526047,12.886491976693));
#2824 = CARTESIAN_POINT('',(4.137469807628,12.90384672152));
#2825 = CARTESIAN_POINT('',(4.191981861458,12.921200718144));
#2826 = CARTESIAN_POINT('',(4.375319144265,12.979559637274));
#2827 = CARTESIAN_POINT('',(4.504349045266,13.020626049731));
#2828 = CARTESIAN_POINT('',(4.633257525115,13.06164885407));
#2829 = CARTESIAN_POINT('',(4.762096174098,13.102654720696));
#2830 = CARTESIAN_POINT('',(4.890934777076,13.143666100944));
#2831 = CARTESIAN_POINT('',(5.019844567302,13.184702297033));
#2832 = CARTESIAN_POINT('',(5.148877528356,13.225777913738));
#2833 = CARTESIAN_POINT('',(5.403322418075,13.306774866231));
#2834 = CARTESIAN_POINT('',(5.529121976652,13.346819642631));
#2835 = CARTESIAN_POINT('',(5.654814144855,13.386828596748));
#2836 = CARTESIAN_POINT('',(5.780443523071,13.426816085556));
#2837 = CARTESIAN_POINT('',(5.906073510566,13.466804104776));
#2838 = CARTESIAN_POINT('',(6.031768591297,13.506813794922));
#2839 = CARTESIAN_POINT('',(6.157569348667,13.546857844443));
#2840 = CARTESIAN_POINT('',(6.28318530718,13.58684329935));
#2841 = ( GEOMETRIC_REPRESENTATION_CONTEXT(2) 
PARAMETRIC_REPRESENTATION_CONTEXT() REPRESENTATION_CONTEXT('2D SPACE',''
  ) );
#2842 = ORIENTED_EDGE('',*,*,#2843,.T.);
#2843 = EDGE_CURVE('',#2630,#1167,#2844,.T.);
#2844 = SURFACE_CURVE('',#2845,(#2918,#2994),.PCURVE_S1.);
#2845 = B_SPLINE_CURVE_WITH_KNOTS('',8,(#2846,#2847,#2848,#2849,#2850,
    #2851,#2852,#2853,#2854,#2855,#2856,#2857,#2858,#2859,#2860,#2861,
    #2862,#2863,#2864,#2865,#2866,#2867,#2868,#2869,#2870,#2871,#2872,
    #2873,#2874,#2875,#2876,#2877,#2878,#2879,#2880,#2881,#2882,#2883,
    #2884,#2885,#2886,#2887,#2888,#2889,#2890,#2891,#2892,#2893,#2894,
    #2895,#2896,#2897,#2898,#2899,#2900,#2901,#2902,#2903,#2904,#2905,
    #2906,#2907,#2908,#2909,#2910,#2911,#2912,#2913,#2914,#2915,#2916,
    #2917),.UNSPECIFIED.,.F.,.F.,(9,7,7,7,7,7,7,7,7,7,9),(0.,
    9.900525319445E-02,0.214608076228,0.333692718605,0.442257498702,
    0.532974847466,0.641588905099,0.704590987437,0.766501084331,
    0.85756867839,1.),.UNSPECIFIED.);
#2846 = CARTESIAN_POINT('',(3.2,1.444716053244E-15,10.41315670065));
#2847 = CARTESIAN_POINT('',(3.2,-0.248751929434,10.388412484291));
#2848 = CARTESIAN_POINT('',(3.177900657361,-0.497569130869,
    10.36366180738));
#2849 = CARTESIAN_POINT('',(3.133683008877,-0.744070125108,
    10.338913283664));
#2850 = CARTESIAN_POINT('',(3.067653421286,-0.985957800117,
    10.314168173666));
#2851 = CARTESIAN_POINT('',(2.98038909069,-1.221014721045,
    10.289423889369));
#2852 = CARTESIAN_POINT('',(2.872715811043,-1.447107848992,
    10.264677446252));
#2853 = CARTESIAN_POINT('',(2.745718011703,-1.662202668544,
    10.239928862709));
#2854 = CARTESIAN_POINT('',(2.431546404581,-2.100465586917,
    10.186291924822));
#2855 = CARTESIAN_POINT('',(2.237754141521,-2.319080687498,
    10.157388285801));
#2856 = CARTESIAN_POINT('',(2.021597794062,-2.517104871382,
    10.128490610149));
#2857 = CARTESIAN_POINT('',(1.78567819296,-2.691909189902,
    10.099597908972));
#2858 = CARTESIAN_POINT('',(1.532892594233,-2.841287319989,
    10.070704780883));
#2859 = CARTESIAN_POINT('',(1.266400449407,-2.96342827468,
    10.041805935828));
#2860 = CARTESIAN_POINT('',(0.989635156983,-3.05695831181,
    10.012900675181));
#2861 = CARTESIAN_POINT('',(0.414494302544,-3.187118641448,
    9.954241777081));
#2862 = CARTESIAN_POINT('',(0.115473550226,-3.222005776895,
    9.924463771136));
#2863 = CARTESIAN_POINT('',(-0.186660243055,-3.224766508971,
    9.894692177732));
#2864 = CARTESIAN_POINT('',(-0.487870467219,-3.19516232008,
    9.864926195697));
#2865 = CARTESIAN_POINT('',(-0.784191526802,-3.133529672307,
    9.835160396489));
#2866 = CARTESIAN_POINT('',(-1.071736647557,-3.040729831917,
    9.805389343609));
#2867 = CARTESIAN_POINT('',(-1.346721035088,-2.918196224206,
    9.77561228808));
#2868 = CARTESIAN_POINT('',(-1.841503971877,-2.631210947535,
    9.718715763186));
#2869 = CARTESIAN_POINT('',(-2.064216675426,-2.471311411844,
    9.691572625124));
#2870 = CARTESIAN_POINT('',(-2.270937993307,-2.289928254711,
    9.664433237584));
#2871 = CARTESIAN_POINT('',(-2.459270742703,-2.088968234852,
    9.637297472027));
#2872 = CARTESIAN_POINT('',(-2.627119898051,-1.870607963524,
    9.610161571701));
#2873 = CARTESIAN_POINT('',(-2.77267689777,-1.637265945146,
    9.583021722934));
#2874 = CARTESIAN_POINT('',(-2.894448127771,-1.391613150635,
    9.555877642626));
#2875 = CARTESIAN_POINT('',(-3.072307095663,-0.923520379565,
    9.506067982179));
#2876 = CARTESIAN_POINT('',(-3.135948809497,-0.703779810907,
    9.483386675321));
#2877 = CARTESIAN_POINT('',(-3.18159542533,-0.479100087813,
    9.460706134139));
#2878 = CARTESIAN_POINT('',(-3.208816382718,-0.251221951308,
    9.43802830305));
#2879 = CARTESIAN_POINT('',(-3.217385857904,-2.189901661498E-02,
    9.415351971413));
#2880 = CARTESIAN_POINT('',(-3.207266296256,0.207111110125,
    9.392675104641));
#2881 = CARTESIAN_POINT('',(-3.178611909268,0.434052630267,
    9.369996921504));
#2882 = CARTESIAN_POINT('',(-3.075735763123,0.924313314626,
    9.320168757364));
#2883 = CARTESIAN_POINT('',(-2.993615672164,1.186088945076,9.29300809459
    ));
#2884 = CARTESIAN_POINT('',(-2.886051907366,1.439388409982,
    9.265851319123));
#2885 = CARTESIAN_POINT('',(-2.754109092364,1.681332994727,
    9.238699905452));
#2886 = CARTESIAN_POINT('',(-2.599206984436,1.909247323101,
    9.211549029485));
#2887 = CARTESIAN_POINT('',(-2.423081249147,2.12065753262,9.184393338222
    ));
#2888 = CARTESIAN_POINT('',(-2.227794455467,2.313318319696,
    9.157232672342));
#2889 = CARTESIAN_POINT('',(-1.892827363957,2.585009551212,
    9.114326399634));
#2890 = CARTESIAN_POINT('',(-1.764211819175,2.677800054548,9.09857453782
    ));
#2891 = CARTESIAN_POINT('',(-1.630417687615,2.763262805778,
    9.082822417579));
#2892 = CARTESIAN_POINT('',(-1.491933773278,2.841061733415,
    9.067070304865));
#2893 = CARTESIAN_POINT('',(-1.349270653605,2.910902253385,
    9.051318470272));
#2894 = CARTESIAN_POINT('',(-1.202960679476,2.972531269026,
    9.035567189034));
#2895 = CARTESIAN_POINT('',(-1.05355797521,3.025737171089,9.019816741027
    ));
#2896 = CARTESIAN_POINT('',(-0.752352051757,3.114189254031,
    8.988591056229));
#2897 = CARTESIAN_POINT('',(-0.6006169063,3.149736858374,8.973114159884)
  );
#2898 = CARTESIAN_POINT('',(-0.446978564272,3.176829785657,
    8.957637655907));
#2899 = CARTESIAN_POINT('',(-0.291989801773,3.195351249795,
    8.942162103499));
#2900 = CARTESIAN_POINT('',(-0.136209483607,3.205228025223,
    8.926686401589));
#2901 = CARTESIAN_POINT('',(1.979855834764E-02,3.206429969183,
    8.911208399315));
#2902 = CARTESIAN_POINT('',(0.1754666431,3.198971584798,8.895727402266)
  );
#2903 = CARTESIAN_POINT('',(0.557867553214,3.15929786777,8.857479758466)
  );
#2904 = CARTESIAN_POINT('',(0.783620378288,3.117068831932,8.834706279878
    ));
#2905 = CARTESIAN_POINT('',(1.005649431342,3.056407869566,8.811936476079
    ));
#2906 = CARTESIAN_POINT('',(1.222199048836,2.977715691988,8.789171355498
    ));
#2907 = CARTESIAN_POINT('',(1.431586138612,2.881581740732,8.766408285709
    ));
#2908 = CARTESIAN_POINT('',(1.632202363017,2.768770377245,8.743644186342
    ));
#2909 = CARTESIAN_POINT('',(1.822523668963,2.640225891243,8.720878226823
    ));
#2910 = CARTESIAN_POINT('',(2.280466179342,2.273239168578,8.66251042243)
  );
#2911 = CARTESIAN_POINT('',(2.531434814895,2.0134698945,8.626873976016)
  );
#2912 = CARTESIAN_POINT('',(2.748223489887,1.722262697133,8.591252740918
    ));
#2913 = CARTESIAN_POINT('',(2.926420215251,1.404991904029,8.555641040889
    ));
#2914 = CARTESIAN_POINT('',(3.062564710235,1.067530648841,8.520028783279
    ));
#2915 = CARTESIAN_POINT('',(3.154236462361,0.716252010683,8.484404610274
    ));
#2916 = CARTESIAN_POINT('',(3.2,0.357963101837,8.448763534754));
#2917 = CARTESIAN_POINT('',(3.2,-4.57337315534E-15,8.413155715029));
#2918 = PCURVE('',#330,#2919);
#2919 = DEFINITIONAL_REPRESENTATION('',(#2920),#2993);
#2920 = B_SPLINE_CURVE_WITH_KNOTS('',8,(#2921,#2922,#2923,#2924,#2925,
    #2926,#2927,#2928,#2929,#2930,#2931,#2932,#2933,#2934,#2935,#2936,
    #2937,#2938,#2939,#2940,#2941,#2942,#2943,#2944,#2945,#2946,#2947,
    #2948,#2949,#2950,#2951,#2952,#2953,#2954,#2955,#2956,#2957,#2958,
    #2959,#2960,#2961,#2962,#2963,#2964,#2965,#2966,#2967,#2968,#2969,
    #2970,#2971,#2972,#2973,#2974,#2975,#2976,#2977,#2978,#2979,#2980,
    #2981,#2982,#2983,#2984,#2985,#2986,#2987,#2988,#2989,#2990,#2991,
    #2992),.UNSPECIFIED.,.F.,.F.,(9,7,7,7,7,7,7,7,7,7,9),(0.,
    9.900525319445E-02,0.214608076228,0.333692718605,0.442257498702,
    0.532974847466,0.641588905099,0.704590987437,0.766501084331,
    0.85756867839,1.),.UNSPECIFIED.);
#2921 = CARTESIAN_POINT('',(0.868027211253,39.562897286473));
#2922 = CARTESIAN_POINT('',(0.868028869971,39.644474576854));
#2923 = CARTESIAN_POINT('',(0.868030524391,39.726073172585));
#2924 = CARTESIAN_POINT('',(0.868031826487,39.807665120189));
#2925 = CARTESIAN_POINT('',(0.868032361374,39.889246794631));
#2926 = CARTESIAN_POINT('',(0.868031853713,39.97082708064));
#2927 = CARTESIAN_POINT('',(0.868030270237,40.052415860458));
#2928 = CARTESIAN_POINT('',(0.868027818424,40.134012808007));
#2929 = CARTESIAN_POINT('',(0.86802136506,40.310857130572));
#2930 = CARTESIAN_POINT('',(0.868017170455,40.406155144753));
#2931 = CARTESIAN_POINT('',(0.868012793444,40.501433731624));
#2932 = CARTESIAN_POINT('',(0.86800903244,40.596695129996));
#2933 = CARTESIAN_POINT('',(0.868006666381,40.691956151184));
#2934 = CARTESIAN_POINT('',(0.868006104526,40.787233712412));
#2935 = CARTESIAN_POINT('',(0.868007214368,40.88253028651));
#2936 = CARTESIAN_POINT('',(0.868012004881,41.075917166163));
#2937 = CARTESIAN_POINT('',(0.868015762281,41.174087714234));
#2938 = CARTESIAN_POINT('',(0.868020385979,41.272236012417));
#2939 = CARTESIAN_POINT('',(0.868025048956,41.370365760172));
#2940 = CARTESIAN_POINT('',(0.868028805879,41.468496064362));
#2941 = CARTESIAN_POINT('',(0.868031048708,41.566645626538));
#2942 = CARTESIAN_POINT('',(0.868031785261,41.664816906008));
#2943 = CARTESIAN_POINT('',(0.868030965573,41.852400580412));
#2944 = CARTESIAN_POINT('',(0.868029606714,41.941890756338));
#2945 = CARTESIAN_POINT('',(0.868027540459,42.031369472173));
#2946 = CARTESIAN_POINT('',(0.868025276011,42.120836500228));
#2947 = CARTESIAN_POINT('',(0.868023446539,42.2103034161));
#2948 = CARTESIAN_POINT('',(0.868022474443,42.299782252702));
#2949 = CARTESIAN_POINT('',(0.868022334493,42.389273975675));
#2950 = CARTESIAN_POINT('',(0.868023047115,42.553490947375));
#2951 = CARTESIAN_POINT('',(0.868023736042,42.628268255021));
#2952 = CARTESIAN_POINT('',(0.868024630386,42.703042775493));
#2953 = CARTESIAN_POINT('',(0.868025381983,42.777808543669));
#2954 = CARTESIAN_POINT('',(0.86802559552,42.852570056677));
#2955 = CARTESIAN_POINT('',(0.868024964571,42.927334414397));
#2956 = CARTESIAN_POINT('',(0.86802340175,43.002104304278));
#2957 = CARTESIAN_POINT('',(0.86801848255,43.166389486236));
#2958 = CARTESIAN_POINT('',(0.868014853111,43.255940344484));
#2959 = CARTESIAN_POINT('',(0.868010560449,43.345479235156));
#2960 = CARTESIAN_POINT('',(0.868006750926,43.434999830353));
#2961 = CARTESIAN_POINT('',(0.868005022151,43.524515990704));
#2962 = CARTESIAN_POINT('',(0.868006779681,43.614043566317));
#2963 = CARTESIAN_POINT('',(0.868012359744,43.703582652293));
#2964 = CARTESIAN_POINT('',(0.868024302214,43.845025420278));
#2965 = CARTESIAN_POINT('',(0.868029519048,43.896951190038));
#2966 = CARTESIAN_POINT('',(0.868034976442,43.948877504035));
#2967 = CARTESIAN_POINT('',(0.868040102196,44.000804217507));
#2968 = CARTESIAN_POINT('',(0.868044343979,44.052731144974));
#2969 = CARTESIAN_POINT('',(0.868047169331,44.104658060241));
#2970 = CARTESIAN_POINT('',(0.868048065657,44.156584696397));
#2971 = CARTESIAN_POINT('',(0.86804504125,44.259536785451));
#2972 = CARTESIAN_POINT('',(0.868041463892,44.310567270435));
#2973 = CARTESIAN_POINT('',(0.868036053393,44.361598807143));
#2974 = CARTESIAN_POINT('',(0.868027864004,44.412630761896));
#2975 = CARTESIAN_POINT('',(0.868019588546,44.463663319631));
#2976 = CARTESIAN_POINT('',(0.868017112562,44.514696041671));
#2977 = CARTESIAN_POINT('',(0.868023793032,44.565726922585));
#2978 = CARTESIAN_POINT('',(0.868037800067,44.691807976861));
#2979 = CARTESIAN_POINT('',(0.868047734368,44.766877337867));
#2980 = CARTESIAN_POINT('',(0.868051730165,44.841942181035));
#2981 = CARTESIAN_POINT('',(0.868049271698,44.916999841542));
#2982 = CARTESIAN_POINT('',(0.868042734868,44.992055958594));
#2983 = CARTESIAN_POINT('',(0.868034740358,45.067117335028));
#2984 = CARTESIAN_POINT('',(0.868026986889,45.142184535826));
#2985 = CARTESIAN_POINT('',(0.868010520022,45.334638902635));
#2986 = CARTESIAN_POINT('',(0.868003688302,45.45213773936));
#2987 = CARTESIAN_POINT('',(0.868004066407,45.569577201595));
#2988 = CARTESIAN_POINT('',(0.868010767944,45.686977137465));
#2989 = CARTESIAN_POINT('',(0.868017544156,45.804378816111));
#2990 = CARTESIAN_POINT('',(0.868022226863,45.921822457114));
#2991 = CARTESIAN_POINT('',(0.868024416566,46.039325013681));
#2992 = CARTESIAN_POINT('',(0.868024921118,46.156720084894));
#2993 = ( GEOMETRIC_REPRESENTATION_CONTEXT(2) 
PARAMETRIC_REPRESENTATION_CONTEXT() REPRESENTATION_CONTEXT('2D SPACE',''
  ) );
#2994 = PCURVE('',#1182,#2995);
#2995 = DEFINITIONAL_REPRESENTATION('',(#2996),#3069);
#2996 = B_SPLINE_CURVE_WITH_KNOTS('',8,(#2997,#2998,#2999,#3000,#3001,
    #3002,#3003,#3004,#3005,#3006,#3007,#3008,#3009,#3010,#3011,#3012,
    #3013,#3014,#3015,#3016,#3017,#3018,#3019,#3020,#3021,#3022,#3023,
    #3024,#3025,#3026,#3027,#3028,#3029,#3030,#3031,#3032,#3033,#3034,
    #3035,#3036,#3037,#3038,#3039,#3040,#3041,#3042,#3043,#3044,#3045,
    #3046,#3047,#3048,#3049,#3050,#3051,#3052,#3053,#3054,#3055,#3056,
    #3057,#3058,#3059,#3060,#3061,#3062,#3063,#3064,#3065,#3066,#3067,
    #3068),.UNSPECIFIED.,.F.,.F.,(9,7,7,7,7,7,7,7,7,7,9),(0.,
    9.900525319445E-02,0.214608076228,0.333692718605,0.442257498702,
    0.532974847466,0.641588905099,0.704590987437,0.766501084331,
    0.85756867839,1.),.UNSPECIFIED.);
#2997 = CARTESIAN_POINT('',(0.,13.58684329935));
#2998 = CARTESIAN_POINT('',(7.773497794816E-02,13.611587515709));
#2999 = CARTESIAN_POINT('',(0.15548997884,13.63633819262));
#3000 = CARTESIAN_POINT('',(0.233238292015,13.661086716336));
#3001 = CARTESIAN_POINT('',(0.310976472081,13.685831826334));
#3002 = CARTESIAN_POINT('',(0.388713064656,13.710576110631));
#3003 = CARTESIAN_POINT('',(0.466457610425,13.735322553748));
#3004 = CARTESIAN_POINT('',(0.544209927487,13.760071137291));
#3005 = CARTESIAN_POINT('',(0.712721965825,13.813708075178));
#3006 = CARTESIAN_POINT('',(0.803529967022,13.842611714199));
#3007 = CARTESIAN_POINT('',(0.894319685459,13.871509389851));
#3008 = CARTESIAN_POINT('',(0.985093330847,13.900402091028));
#3009 = CARTESIAN_POINT('',(1.07586686067,13.929295219117));
#3010 = CARTESIAN_POINT('',(1.166656238438,13.958194064172));
#3011 = CARTESIAN_POINT('',(1.257463662093,13.987099324819));
#3012 = CARTESIAN_POINT('',(1.441740307962,14.045758222919));
#3013 = CARTESIAN_POINT('',(1.535285981972,14.075536228864));
#3014 = CARTESIAN_POINT('',(1.628810184112,14.105307822268));
#3015 = CARTESIAN_POINT('',(1.722316401292,14.135073804303));
#3016 = CARTESIAN_POINT('',(1.8158229595,14.164839603511));
#3017 = CARTESIAN_POINT('',(1.909347910753,14.194610656391));
#3018 = CARTESIAN_POINT('',(2.002893827645,14.22438771192));
#3019 = CARTESIAN_POINT('',(2.181640195496,14.281284236814));
#3020 = CARTESIAN_POINT('',(2.266914698187,14.308427374876));
#3021 = CARTESIAN_POINT('',(2.352178693342,14.335566762416));
#3022 = CARTESIAN_POINT('',(2.437431990273,14.362702527973));
#3023 = CARTESIAN_POINT('',(2.522685510666,14.389838428299));
#3024 = CARTESIAN_POINT('',(2.607950494731,14.416978277066));
#3025 = CARTESIAN_POINT('',(2.693227599368,14.444122357374));
#3026 = CARTESIAN_POINT('',(2.849710130962,14.493932017821));
#3027 = CARTESIAN_POINT('',(2.920965268052,14.516613324679));
#3028 = CARTESIAN_POINT('',(2.992217400618,14.539293865861));
#3029 = CARTESIAN_POINT('',(3.063460763662,14.56197169695));
#3030 = CARTESIAN_POINT('',(3.134699639857,14.584648028587));
#3031 = CARTESIAN_POINT('',(3.205940884894,14.607324895359));
#3032 = CARTESIAN_POINT('',(3.277187220675,14.630003078496));
#3033 = CARTESIAN_POINT('',(3.433730395653,14.679831242636));
#3034 = CARTESIAN_POINT('',(3.519061128255,14.70699190541));
#3035 = CARTESIAN_POINT('',(3.604380715847,14.734148680877));
#3036 = CARTESIAN_POINT('',(3.689683503711,14.761300094548));
#3037 = CARTESIAN_POINT('',(3.774982867465,14.788450970515));
#3038 = CARTESIAN_POINT('',(3.860293750829,14.815606661778));
#3039 = CARTESIAN_POINT('',(3.945615834422,14.842767327658));
#3040 = CARTESIAN_POINT('',(4.080396862591,14.885673600366));
#3041 = CARTESIAN_POINT('',(4.129876969845,14.90142546218));
#3042 = CARTESIAN_POINT('',(4.179357458976,14.917177582421));
#3043 = CARTESIAN_POINT('',(4.228838135325,14.932929695135));
#3044 = CARTESIAN_POINT('',(4.278318807941,14.948681529728));
#3045 = CARTESIAN_POINT('',(4.32779928957,14.964432810966));
#3046 = CARTESIAN_POINT('',(4.377279396664,14.980183258973));
#3047 = CARTESIAN_POINT('',(4.475380896288,15.011408943771));
#3048 = CARTESIAN_POINT('',(4.524006962489,15.026885840116));
#3049 = CARTESIAN_POINT('',(4.572634450898,15.042362344093));
#3050 = CARTESIAN_POINT('',(4.621262503208,15.057837896501));
#3051 = CARTESIAN_POINT('',(4.669891039185,15.073313598411));
#3052 = CARTESIAN_POINT('',(4.718519695592,15.088791600685));
#3053 = CARTESIAN_POINT('',(4.767146764747,15.104272597734));
#3054 = CARTESIAN_POINT('',(4.887288469767,15.142520241534));
#3055 = CARTESIAN_POINT('',(4.958821196548,15.165293720122));
#3056 = CARTESIAN_POINT('',(5.030349073112,15.188063523921));
#3057 = CARTESIAN_POINT('',(5.101870116326,15.210828644502));
#3058 = CARTESIAN_POINT('',(5.173390199622,15.233591714291));
#3059 = CARTESIAN_POINT('',(5.24491586541,15.256355813658));
#3060 = CARTESIAN_POINT('',(5.316447350135,15.279121773177));
#3061 = CARTESIAN_POINT('',(5.499837356078,15.33748957757));
#3062 = CARTESIAN_POINT('',(5.611802447731,15.373126023984));
#3063 = CARTESIAN_POINT('',(5.723710478546,15.408747259081));
#3064 = CARTESIAN_POINT('',(5.835579203225,15.444358959111));
#3065 = CARTESIAN_POINT('',(5.947448136165,15.479971216721));
#3066 = CARTESIAN_POINT('',(6.059356717887,15.515595389726));
#3067 = CARTESIAN_POINT('',(6.171321837855,15.551236465246));
#3068 = CARTESIAN_POINT('',(6.28318530718,15.586844284971));
#3069 = ( GEOMETRIC_REPRESENTATION_CONTEXT(2) 
PARAMETRIC_REPRESENTATION_CONTEXT() REPRESENTATION_CONTEXT('2D SPACE',''
  ) );
#3070 = ORIENTED_EDGE('',*,*,#1194,.T.);
#3071 = ORIENTED_EDGE('',*,*,#206,.T.);
#3072 = ORIENTED_EDGE('',*,*,#956,.F.);
#3073 = ADVANCED_FACE('',(#3074),#784,.F.);
#3074 = FACE_BOUND('',#3075,.F.);
#3075 = EDGE_LOOP('',(#3076,#3178,#3256,#3257));
#3076 = ORIENTED_EDGE('',*,*,#3077,.F.);
#3077 = EDGE_CURVE('',#3078,#585,#3080,.T.);
#3078 = VERTEX_POINT('',#3079);
#3079 = CARTESIAN_POINT('',(-2.82842750662,2.828420477253,22.));
#3080 = SURFACE_CURVE('',#3081,(#3164,#3171),.PCURVE_S1.);
#3081 = B_SPLINE_CURVE_WITH_KNOTS('',11,(#3082,#3083,#3084,#3085,#3086,
    #3087,#3088,#3089,#3090,#3091,#3092,#3093,#3094,#3095,#3096,#3097,
    #3098,#3099,#3100,#3101,#3102,#3103,#3104,#3105,#3106,#3107,#3108,
    #3109,#3110,#3111,#3112,#3113,#3114,#3115,#3116,#3117,#3118,#3119,
    #3120,#3121,#3122,#3123,#3124,#3125,#3126,#3127,#3128,#3129,#3130,
    #3131,#3132,#3133,#3134,#3135,#3136,#3137,#3138,#3139,#3140,#3141,
    #3142,#3143,#3144,#3145,#3146,#3147,#3148,#3149,#3150,#3151,#3152,
    #3153,#3154,#3155,#3156,#3157,#3158,#3159,#3160,#3161,#3162,#3163),
  .UNSPECIFIED.,.F.,.F.,(12,10,10,10,10,10,10,10,12),(0.,7.41804369632,
    14.83608739264,22.25413108896,29.672174785281,37.090218481601,
    44.508262177921,51.926305874241,59.344349570561),.UNSPECIFIED.);
#3082 = CARTESIAN_POINT('',(4.,9.01198029199E-15,23.25));
#3083 = CARTESIAN_POINT('',(4.000001888823,-2.570404305915,
    23.045448502335));
#3084 = CARTESIAN_POINT('',(2.184285052159,-5.14097672031,
    22.840933222649));
#3085 = CARTESIAN_POINT('',(-1.458759143708,-6.28309031205,
    22.636298859286));
#3086 = CARTESIAN_POINT('',(-5.612091976657,-4.575657828624,
    22.431934941114));
#3087 = CARTESIAN_POINT('',(-7.933849193358,0.141905116752,
    22.227116135953));
#3088 = CARTESIAN_POINT('',(-5.710516386147,5.509783106588,
    22.022882639065));
#3089 = CARTESIAN_POINT('',(-0.732803876549,7.20378458281,
    21.818065346484));
#3090 = CARTESIAN_POINT('',(3.411284555413,5.474340227287,
    21.613699000515));
#3091 = CARTESIAN_POINT('',(5.179753380555,2.090686483217,
    21.409067145392));
#3092 = CARTESIAN_POINT('',(4.645976547543,-1.010875684619,
    21.204549909654));
#3093 = CARTESIAN_POINT('',(1.010877922574,-4.645978669675,
    20.795449299999));
#3094 = CARTESIAN_POINT('',(-2.090696367483,-5.17974244474,
    20.59093192965));
#3095 = CARTESIAN_POINT('',(-5.474314730195,-3.411317055287,
    20.386300582697));
#3096 = CARTESIAN_POINT('',(-7.203826439242,0.732869361092,
    20.181933031459));
#3097 = CARTESIAN_POINT('',(-5.509736987281,5.710420869618,
    19.977117898649));
#3098 = CARTESIAN_POINT('',(-0.141939487286,7.933949679712,
    19.772881292571));
#3099 = CARTESIAN_POINT('',(4.575674104934,5.612015629948,
    19.568066182496));
#3100 = CARTESIAN_POINT('',(6.283085652202,1.458800601751,
    19.363698594757));
#3101 = CARTESIAN_POINT('',(5.14097729076,-2.184300132068,19.15906728553
    ));
#3102 = CARTESIAN_POINT('',(2.570404477144,-3.999998576701,
    18.954549885747));
#3103 = CARTESIAN_POINT('',(-2.570404391923,-4.00000165499,
    18.545449312004));
#3104 = CARTESIAN_POINT('',(-5.140976580897,-2.184285431197,
    18.340931910198));
#3105 = CARTESIAN_POINT('',(-6.283090497864,1.458759648918,
    18.13630060862));
#3106 = CARTESIAN_POINT('',(-4.575657622736,5.612091416848,
    17.931933002735));
#3107 = CARTESIAN_POINT('',(0.141904926711,7.933849710088,
    17.727117925165));
#3108 = CARTESIAN_POINT('',(5.50978325176,5.710515991425,17.522881272315
    ));
#3109 = CARTESIAN_POINT('',(7.20378449267,0.732804121625,17.318066195073
    ));
#3110 = CARTESIAN_POINT('',(5.474340271041,-3.41128467436,
    17.113698588653));
#3111 = CARTESIAN_POINT('',(2.090686468104,-5.179753339474,
    16.909067287637));
#3112 = CARTESIAN_POINT('',(-1.01087568204,-4.645976554551,
    16.704549885388));
#3113 = CARTESIAN_POINT('',(-4.645978670972,-1.010877919055,
    16.295449312184));
#3114 = CARTESIAN_POINT('',(-5.179742442635,2.090696361787,
    16.09093190991));
#3115 = CARTESIAN_POINT('',(-3.411317058092,5.474314737775,
    15.886300608995));
#3116 = CARTESIAN_POINT('',(0.732869364198,7.203826430854,
    15.681933002332));
#3117 = CARTESIAN_POINT('',(5.710420866757,5.509736995014,
    15.477117925524));
#3118 = CARTESIAN_POINT('',(7.933949681891,0.141939481382,
    15.272881272048));
#3119 = CARTESIAN_POINT('',(5.612015628601,-4.575674101268,
    15.068066195237));
#3120 = CARTESIAN_POINT('',(1.4588006024,-6.283085653982,14.863698588571
    ));
#3121 = CARTESIAN_POINT('',(-2.18430013229,-5.140977290145,
    14.659067287672));
#3122 = CARTESIAN_POINT('',(-3.999998576665,-2.57040447725,
    14.454549885376));
#3123 = CARTESIAN_POINT('',(-4.000001655001,2.570404391978,
    14.045449312206));
#3124 = CARTESIAN_POINT('',(-2.184285431199,5.140976580796,
    13.840931909827));
#3125 = CARTESIAN_POINT('',(1.458759648955,6.283090498015,
    13.636300609166));
#3126 = CARTESIAN_POINT('',(5.612091416769,4.575657622563,
    13.431933002079));
#3127 = CARTESIAN_POINT('',(7.933849710197,-0.141904926568,
    13.227117925815));
#3128 = CARTESIAN_POINT('',(5.710515991314,-5.509783251833,
    13.022881271779));
#3129 = CARTESIAN_POINT('',(0.732804121711,-7.203784492657,
    12.818066195439));
#3130 = CARTESIAN_POINT('',(-3.411284674412,-5.474340271028,
    12.613698588451));
#3131 = CARTESIAN_POINT('',(-5.17975333945,-2.090686468113,
    12.409067287721));
#3132 = CARTESIAN_POINT('',(-4.645976554558,1.010875682043,
    12.204549885369));
#3133 = CARTESIAN_POINT('',(-1.010877919047,4.645978670969,
    11.795449312197));
#3134 = CARTESIAN_POINT('',(2.09069636175,5.179742442641,11.590931909891
    ));
#3135 = CARTESIAN_POINT('',(5.474314737863,3.411317058084,
    11.386300608992));
#3136 = CARTESIAN_POINT('',(7.203826430704,-0.732869364191,
    11.181933002405));
#3137 = CARTESIAN_POINT('',(5.509736995212,-5.710420866762,
    10.977117925339));
#3138 = CARTESIAN_POINT('',(0.141939481171,-7.933949681891,
    10.772881272349));
#3139 = CARTESIAN_POINT('',(-4.575674101077,-5.612015628591,
    10.568066194868));
#3140 = CARTESIAN_POINT('',(-6.283085654134,-1.458800602422,
    10.363698588933));
#3141 = CARTESIAN_POINT('',(-5.140977290039,2.184300132315,
    10.15906728738));
#3142 = CARTESIAN_POINT('',(-2.570404477312,3.999998576645,
    9.954549885568));
#3143 = CARTESIAN_POINT('',(2.570404392099,4.000001655046,9.545449311811
    ));
#3144 = CARTESIAN_POINT('',(5.140976580092,2.184285430949,9.340931912097
    ));
#3145 = CARTESIAN_POINT('',(6.283090500064,-1.458759648256,
    9.136300602687));
#3146 = CARTESIAN_POINT('',(4.575657618298,-5.612091418158,
    8.931933015282));
#3147 = CARTESIAN_POINT('',(-0.141904919629,-7.933849708033,
    8.727117904731));
#3148 = CARTESIAN_POINT('',(-5.509783260979,-5.710515994062,
    8.522881299203));
#3149 = CARTESIAN_POINT('',(-7.203784482731,-0.732804118814,
    8.318066165874));
#3150 = CARTESIAN_POINT('',(-5.474340279969,3.411284671857,
    8.113698615027));
#3151 = CARTESIAN_POINT('',(-2.090686461432,5.179753341331,
    7.909067267851));
#3152 = CARTESIAN_POINT('',(1.010875677936,4.645976553416,7.704549897586
    ));
#3153 = CARTESIAN_POINT('',(4.645978679135,1.010877921305,7.295449287914
    ));
#3154 = CARTESIAN_POINT('',(5.17974239479,-2.090696374964,7.090932052167
    ));
#3155 = CARTESIAN_POINT('',(3.411317196622,-5.474314699621,
    6.886300197088));
#3156 = CARTESIAN_POINT('',(-0.732869649622,-7.203826509477,
    6.68193385104));
#3157 = CARTESIAN_POINT('',(-5.710420407051,-5.509736868363,
    6.47711655855));
#3158 = CARTESIAN_POINT('',(-7.933950283691,-0.141939647205,
    6.272883061583));
#3159 = CARTESIAN_POINT('',(-5.612014976624,4.575674280934,
    6.068064256482));
#3160 = CARTESIAN_POINT('',(-1.458801190798,6.28308549183,5.863700338262
    ));
#3161 = CARTESIAN_POINT('',(2.184300573745,5.140977411802,5.65906597494)
  );
#3162 = CARTESIAN_POINT('',(3.999998304323,2.570404402198,5.454550695224
    ));
#3163 = CARTESIAN_POINT('',(4.000000250757,7.981859662163E-08,
    5.249999197575));
#3164 = PCURVE('',#784,#3165);
#3165 = DEFINITIONAL_REPRESENTATION('',(#3166),#3170);
#3166 = LINE('',#3167,#3168);
#3167 = CARTESIAN_POINT('',(0.,0.));
#3168 = VECTOR('',#3169,1.);
#3169 = DIRECTION('',(0.,1.));
#3170 = ( GEOMETRIC_REPRESENTATION_CONTEXT(2) 
PARAMETRIC_REPRESENTATION_CONTEXT() REPRESENTATION_CONTEXT('2D SPACE',''
  ) );
#3171 = PCURVE('',#598,#3172);
#3172 = DEFINITIONAL_REPRESENTATION('',(#3173),#3177);
#3173 = LINE('',#3174,#3175);
#3174 = CARTESIAN_POINT('',(1.030776406404,0.));
#3175 = VECTOR('',#3176,1.);
#3176 = DIRECTION('',(0.,1.));
#3177 = ( GEOMETRIC_REPRESENTATION_CONTEXT(2) 
PARAMETRIC_REPRESENTATION_CONTEXT() REPRESENTATION_CONTEXT('2D SPACE',''
  ) );
#3178 = ORIENTED_EDGE('',*,*,#3179,.F.);
#3179 = EDGE_CURVE('',#1406,#3078,#3180,.T.);
#3180 = SURFACE_CURVE('',#3181,(#3204,#3230),.PCURVE_S1.);
#3181 = B_SPLINE_CURVE_WITH_KNOTS('',6,(#3182,#3183,#3184,#3185,#3186,
    #3187,#3188,#3189,#3190,#3191,#3192,#3193,#3194,#3195,#3196,#3197,
    #3198,#3199,#3200,#3201,#3202,#3203),.UNSPECIFIED.,.F.,.F.,(7,5,5,5,
    7),(0.,0.250001223076,0.499000384361,0.750000159842,1.),
  .UNSPECIFIED.);
#3182 = CARTESIAN_POINT('',(-2.82843464415,-2.828427845476,22.));
#3183 = CARTESIAN_POINT('',(-3.013553599823,-2.64331078257,22.));
#3184 = CARTESIAN_POINT('',(-3.184143751494,-2.443644616255,22.));
#3185 = CARTESIAN_POINT('',(-3.338752324108,-2.230875952106,22.));
#3186 = CARTESIAN_POINT('',(-3.476159904477,-2.006613940935,22.));
#3187 = CARTESIAN_POINT('',(-3.595346045023,-1.772600749318,22.));
#3188 = CARTESIAN_POINT('',(-3.795312225867,-1.289833050658,22.));
#3189 = CARTESIAN_POINT('',(-3.876255072912,-1.04111536226,22.));
#3190 = CARTESIAN_POINT('',(-3.937579668122,-0.78644889484,22.));
#3191 = CARTESIAN_POINT('',(-3.978780673934,-0.527763414037,22.));
#3192 = CARTESIAN_POINT('',(-3.999583919024,-0.267034780403,22.));
#3193 = CARTESIAN_POINT('',(-4.000400453302,0.25655309747,22.));
#3194 = CARTESIAN_POINT('',(-3.980084711742,0.519441391918,22.));
#3195 = CARTESIAN_POINT('',(-3.939036258103,0.780301598211,22.));
#3196 = CARTESIAN_POINT('',(-3.877532639081,1.037109550443,22.));
#3197 = CARTESIAN_POINT('',(-3.796089466189,1.287888318109,22.));
#3198 = CARTESIAN_POINT('',(-3.595320401575,1.772589528538,22.));
#3199 = CARTESIAN_POINT('',(-3.476135750183,2.006601627995,22.));
#3200 = CARTESIAN_POINT('',(-3.338731306081,2.230863551295,22.));
#3201 = CARTESIAN_POINT('',(-3.184127032806,2.443633176507,22.));
#3202 = CARTESIAN_POINT('',(-3.013541702244,2.643301132542,22.));
#3203 = CARTESIAN_POINT('',(-2.82842750662,2.828420477253,22.));
#3204 = PCURVE('',#784,#3205);
#3205 = DEFINITIONAL_REPRESENTATION('',(#3206),#3229);
#3206 = B_SPLINE_CURVE_WITH_KNOTS('',6,(#3207,#3208,#3209,#3210,#3211,
    #3212,#3213,#3214,#3215,#3216,#3217,#3218,#3219,#3220,#3221,#3222,
    #3223,#3224,#3225,#3226,#3227,#3228),.UNSPECIFIED.,.F.,.F.,(7,5,5,5,
    7),(0.,0.250001223076,0.499000384361,0.750000159842,1.),
  .UNSPECIFIED.);
#3207 = CARTESIAN_POINT('',(0.5,2.472680052766));
#3208 = CARTESIAN_POINT('',(0.479167133156,2.541364092328));
#3209 = CARTESIAN_POINT('',(0.458333082857,2.610052023733));
#3210 = CARTESIAN_POINT('',(0.437500277529,2.678735842961));
#3211 = CARTESIAN_POINT('',(0.4166674041,2.747419882769));
#3212 = CARTESIAN_POINT('',(0.395833158425,2.816108446639));
#3213 = CARTESIAN_POINT('',(0.35425034549,2.953203106452));
#3214 = CARTESIAN_POINT('',(0.333499548212,3.021616554541));
#3215 = CARTESIAN_POINT('',(0.31275001966,3.090025825646));
#3216 = CARTESIAN_POINT('',(0.292000488671,3.158435112924));
#3217 = CARTESIAN_POINT('',(0.271249681988,3.226848614869));
#3218 = CARTESIAN_POINT('',(0.229583602259,3.364217865759));
#3219 = CARTESIAN_POINT('',(0.208666079542,3.433181031794));
#3220 = CARTESIAN_POINT('',(0.187749920095,3.50213971101));
#3221 = CARTESIAN_POINT('',(0.166833781644,3.571098326812));
#3222 = CARTESIAN_POINT('',(0.145916317968,3.640061314658));
#3223 = CARTESIAN_POINT('',(0.104167008928,3.777705014553));
#3224 = CARTESIAN_POINT('',(8.333289436642E-02,3.84639320794));
#3225 = CARTESIAN_POINT('',(6.250007899875E-02,3.915077115174));
#3226 = CARTESIAN_POINT('',(4.166724291888E-02,3.983761084986));
#3227 = CARTESIAN_POINT('',(2.083307011574E-02,4.05244945419));
#3228 = CARTESIAN_POINT('',(0.,4.121134179644));
#3229 = ( GEOMETRIC_REPRESENTATION_CONTEXT(2) 
PARAMETRIC_REPRESENTATION_CONTEXT() REPRESENTATION_CONTEXT('2D SPACE',''
  ) );
#3230 = PCURVE('',#1553,#3231);
#3231 = DEFINITIONAL_REPRESENTATION('',(#3232),#3255);
#3232 = B_SPLINE_CURVE_WITH_KNOTS('',6,(#3233,#3234,#3235,#3236,#3237,
    #3238,#3239,#3240,#3241,#3242,#3243,#3244,#3245,#3246,#3247,#3248,
    #3249,#3250,#3251,#3252,#3253,#3254),.UNSPECIFIED.,.F.,.F.,(7,5,5,5,
    7),(0.,0.250001223076,0.499000384361,0.750000159842,1.),
  .UNSPECIFIED.);
#3233 = CARTESIAN_POINT('',(-2.82843464415,2.828427845476));
#3234 = CARTESIAN_POINT('',(-3.013553599823,2.64331078257));
#3235 = CARTESIAN_POINT('',(-3.184143751494,2.443644616255));
#3236 = CARTESIAN_POINT('',(-3.338752324108,2.230875952106));
#3237 = CARTESIAN_POINT('',(-3.476159904477,2.006613940935));
#3238 = CARTESIAN_POINT('',(-3.595346045023,1.772600749318));
#3239 = CARTESIAN_POINT('',(-3.795312225867,1.289833050658));
#3240 = CARTESIAN_POINT('',(-3.876255072912,1.04111536226));
#3241 = CARTESIAN_POINT('',(-3.937579668122,0.78644889484));
#3242 = CARTESIAN_POINT('',(-3.978780673934,0.527763414037));
#3243 = CARTESIAN_POINT('',(-3.999583919024,0.267034780403));
#3244 = CARTESIAN_POINT('',(-4.000400453302,-0.25655309747));
#3245 = CARTESIAN_POINT('',(-3.980084711742,-0.519441391918));
#3246 = CARTESIAN_POINT('',(-3.939036258103,-0.780301598211));
#3247 = CARTESIAN_POINT('',(-3.877532639081,-1.037109550443));
#3248 = CARTESIAN_POINT('',(-3.796089466189,-1.287888318109));
#3249 = CARTESIAN_POINT('',(-3.595320401575,-1.772589528538));
#3250 = CARTESIAN_POINT('',(-3.476135750183,-2.006601627995));
#3251 = CARTESIAN_POINT('',(-3.338731306081,-2.230863551295));
#3252 = CARTESIAN_POINT('',(-3.184127032806,-2.443633176507));
#3253 = CARTESIAN_POINT('',(-3.013541702244,-2.643301132542));
#3254 = CARTESIAN_POINT('',(-2.82842750662,-2.828420477253));
#3255 = ( GEOMETRIC_REPRESENTATION_CONTEXT(2) 
PARAMETRIC_REPRESENTATION_CONTEXT() REPRESENTATION_CONTEXT('2D SPACE',''
  ) );
#3256 = ORIENTED_EDGE('',*,*,#1405,.T.);
#3257 = ORIENTED_EDGE('',*,*,#770,.F.);
#3258 = ADVANCED_FACE('',(#3259),#598,.F.);
#3259 = FACE_BOUND('',#3260,.F.);
#3260 = EDGE_LOOP('',(#3261,#3456,#3522,#3523,#3524,#3525,#3734,#3916,
    #4146,#4355,#4585,#4794));
#3261 = ORIENTED_EDGE('',*,*,#3262,.F.);
#3262 = EDGE_CURVE('',#3263,#3265,#3267,.T.);
#3263 = VERTEX_POINT('',#3264);
#3264 = CARTESIAN_POINT('',(0.86225076695,3.081643012286,22.));
#3265 = VERTEX_POINT('',#3266);
#3266 = CARTESIAN_POINT('',(3.2,3.152782091848E-15,21.58683794452));
#3267 = SURFACE_CURVE('',#3268,(#3327,#3389),.PCURVE_S1.);
#3268 = B_SPLINE_CURVE_WITH_KNOTS('',8,(#3269,#3270,#3271,#3272,#3273,
    #3274,#3275,#3276,#3277,#3278,#3279,#3280,#3281,#3282,#3283,#3284,
    #3285,#3286,#3287,#3288,#3289,#3290,#3291,#3292,#3293,#3294,#3295,
    #3296,#3297,#3298,#3299,#3300,#3301,#3302,#3303,#3304,#3305,#3306,
    #3307,#3308,#3309,#3310,#3311,#3312,#3313,#3314,#3315,#3316,#3317,
    #3318,#3319,#3320,#3321,#3322,#3323,#3324,#3325,#3326),
  .UNSPECIFIED.,.F.,.F.,(9,7,7,7,7,7,7,7,9),(0.,0.123997568574,
    0.257395210249,0.362832280878,0.463362992517,0.586337400294,
    0.712339792325,0.84308864921,1.),.UNSPECIFIED.);
#3269 = CARTESIAN_POINT('',(3.2,-3.159221718284E-15,23.586842105263));
#3270 = CARTESIAN_POINT('',(3.2,-0.311557038899,23.555851239399));
#3271 = CARTESIAN_POINT('',(3.165332296092,-0.623276667495,
    23.524853959703));
#3272 = CARTESIAN_POINT('',(3.095937536304,-0.930409310157,
    23.493859025807));
#3273 = CARTESIAN_POINT('',(2.992597695104,-1.228450945497,23.4628649509
    ));
#3274 = CARTESIAN_POINT('',(2.856728879515,-1.513139447563,
    23.431868513822));
#3275 = CARTESIAN_POINT('',(2.690317847106,-1.780446380816,
    23.400865373219));
#3276 = CARTESIAN_POINT('',(2.495974529368,-2.026617999042,
    23.369854941995));
#3277 = CARTESIAN_POINT('',(2.041576564815,-2.486827239221,
    23.305518865079));
#3278 = CARTESIAN_POINT('',(1.777369016088,-2.697305614597,
    23.272155076057));
#3279 = CARTESIAN_POINT('',(1.488571313513,-2.875454615632,
    23.23880559905));
#3280 = CARTESIAN_POINT('',(1.179877679447,-3.018030389638,
    23.205466320307));
#3281 = CARTESIAN_POINT('',(0.856333368415,-3.122624326479,
    23.172126294314));
#3282 = CARTESIAN_POINT('',(0.52328002071,-3.187582426874,
    23.138775459955));
#3283 = CARTESIAN_POINT('',(0.186370525053,-3.212103502143,
    23.105411616446));
#3284 = CARTESIAN_POINT('',(-0.41308129739,-3.184265611761,
    23.045718272096));
#3285 = CARTESIAN_POINT('',(-0.676632040087,-3.146933646894,
    23.019358163823));
#3286 = CARTESIAN_POINT('',(-0.936217795521,-3.084669485133,
    22.993001160175));
#3287 = CARTESIAN_POINT('',(-1.189091381197,-2.997997085857,
    22.966648430638));
#3288 = CARTESIAN_POINT('',(-1.432624805135,-2.887779741248,
    22.940296235162));
#3289 = CARTESIAN_POINT('',(-1.664314387393,-2.755190957133,
    22.913940595913));
#3290 = CARTESIAN_POINT('',(-1.881803601283,-2.6017305164,
    22.887582005267));
#3291 = CARTESIAN_POINT('',(-2.274684842428,-2.264865398297,
    22.836104578666));
#3292 = CARTESIAN_POINT('',(-2.451668949677,-2.083097175493,
    22.810971788876));
#3293 = CARTESIAN_POINT('',(-2.611962042511,-1.885593589452,
    22.78584139095));
#3294 = CARTESIAN_POINT('',(-2.75394954369,-1.674170981284,
    22.76071460308));
#3295 = CARTESIAN_POINT('',(-2.876271830049,-1.450806865423,
    22.735588388545));
#3296 = CARTESIAN_POINT('',(-2.977810645259,-1.217617269955,
    22.710459323119));
#3297 = CARTESIAN_POINT('',(-3.057706307556,-0.976854052161,
    22.685327212673));
#3298 = CARTESIAN_POINT('',(-3.185986632752,-0.430085512698,
    22.629459661821));
#3299 = CARTESIAN_POINT('',(-3.223402169181,-0.121309147339,
    22.598705075361));
#3300 = CARTESIAN_POINT('',(-3.226541235067,0.190915951241,
    22.567958406532));
#3301 = CARTESIAN_POINT('',(-3.195133982335,0.502138746152,
    22.537218676698));
#3302 = CARTESIAN_POINT('',(-3.129563199657,0.807993102124,
    22.506479531161));
#3303 = CARTESIAN_POINT('',(-3.030803326295,1.104204730359,
    22.475734497522));
#3304 = CARTESIAN_POINT('',(-2.900477846692,1.386617393804,
    22.444982345273));
#3305 = CARTESIAN_POINT('',(-2.577647647063,1.922491090759,
    22.382754248494));
#3306 = CARTESIAN_POINT('',(-2.383514195149,2.175361154314,
    22.351245057734));
#3307 = CARTESIAN_POINT('',(-2.161144558272,2.405599675439,
    22.319745379229));
#3308 = CARTESIAN_POINT('',(-1.913693547865,2.60958810801,
    22.288253150569));
#3309 = CARTESIAN_POINT('',(-1.64475946059,2.784281151679,
    22.256760444785));
#3310 = CARTESIAN_POINT('',(-1.358328359476,2.927162401875,
    22.225259548769));
#3311 = CARTESIAN_POINT('',(-1.05879959069,3.036310694186,
    22.193748915612));
#3312 = CARTESIAN_POINT('',(-0.43168160712,3.187724013188,
    22.129575206233));
#3313 = CARTESIAN_POINT('',(-0.103061790957,3.227410731863,
    22.096872618239));
#3314 = CARTESIAN_POINT('',(0.229393139088,3.228278942777,
    22.064180515826));
#3315 = CARTESIAN_POINT('',(0.560310029991,3.19003455956,22.031497862515
    ));
#3316 = CARTESIAN_POINT('',(0.884442390064,3.113219793674,21.99881667216
    ));
#3317 = CARTESIAN_POINT('',(1.196681455422,2.999121087161,21.96612816466
    ));
#3318 = CARTESIAN_POINT('',(1.492092825494,2.849841268909,
    21.933429095771));
#3319 = CARTESIAN_POINT('',(2.094855897766,2.450924761501,
    21.861530601398));
#3320 = CARTESIAN_POINT('',(2.393440061399,2.186740925357,
    21.822259812967));
#3321 = CARTESIAN_POINT('',(2.653374051653,1.881256099052,
    21.783018478904));
#3322 = CARTESIAN_POINT('',(2.868308709658,1.541292791629,
    21.743793874328));
#3323 = CARTESIAN_POINT('',(3.033191203549,1.174429537368,
    21.704567380368));
#3324 = CARTESIAN_POINT('',(3.144483627612,0.789062844166,21.66532354801
    ));
#3325 = CARTESIAN_POINT('',(3.199999998662,0.394265228198,
    21.626053083518));
#3326 = CARTESIAN_POINT('',(3.2,2.813097350244E-15,21.58683794452));
#3327 = PCURVE('',#598,#3328);
#3328 = DEFINITIONAL_REPRESENTATION('',(#3329),#3388);
#3329 = B_SPLINE_CURVE_WITH_KNOTS('',8,(#3330,#3331,#3332,#3333,#3334,
    #3335,#3336,#3337,#3338,#3339,#3340,#3341,#3342,#3343,#3344,#3345,
    #3346,#3347,#3348,#3349,#3350,#3351,#3352,#3353,#3354,#3355,#3356,
    #3357,#3358,#3359,#3360,#3361,#3362,#3363,#3364,#3365,#3366,#3367,
    #3368,#3369,#3370,#3371,#3372,#3373,#3374,#3375,#3376,#3377,#3378,
    #3379,#3380,#3381,#3382,#3383,#3384,#3385,#3386,#3387),
  .UNSPECIFIED.,.F.,.F.,(9,7,7,7,7,7,7,7,9),(0.,0.123997568574,
    0.257395210249,0.362832280878,0.463362992517,0.586337400294,
    0.712339792325,0.84308864921,1.),.UNSPECIFIED.);
#3330 = CARTESIAN_POINT('',(0.162754169432,0.));
#3331 = CARTESIAN_POINT('',(0.162753439322,0.102174977279));
#3332 = CARTESIAN_POINT('',(0.162728690931,0.204401829134));
#3333 = CARTESIAN_POINT('',(0.16271759134,0.306603485039));
#3334 = CARTESIAN_POINT('',(0.162722793291,0.408781452744));
#3335 = CARTESIAN_POINT('',(0.162735419633,0.510957709616));
#3336 = CARTESIAN_POINT('',(0.162747831545,0.613156341891));
#3337 = CARTESIAN_POINT('',(0.162757414316,0.715382630159));
#3338 = CARTESIAN_POINT('',(0.162769246784,0.927477638408));
#3339 = CARTESIAN_POINT('',(0.162770975539,1.037472779919));
#3340 = CARTESIAN_POINT('',(0.162767154973,1.147427835762));
#3341 = CARTESIAN_POINT('',(0.1627606893,1.257352652996));
#3342 = CARTESIAN_POINT('',(0.162755054171,1.367278871264));
#3343 = CARTESIAN_POINT('',(0.162751938647,1.477237500161));
#3344 = CARTESIAN_POINT('',(0.162750762745,1.5872365375));
#3345 = CARTESIAN_POINT('',(0.162750875201,1.784039876632));
#3346 = CARTESIAN_POINT('',(0.16275168362,1.870945702352));
#3347 = CARTESIAN_POINT('',(0.162752859259,1.957840822589));
#3348 = CARTESIAN_POINT('',(0.162753749321,2.04472221684));
#3349 = CARTESIAN_POINT('',(0.162753867753,2.13160283756));
#3350 = CARTESIAN_POINT('',(0.162753102356,2.218495942839));
#3351 = CARTESIAN_POINT('',(0.162751701028,2.305399592214));
#3352 = CARTESIAN_POINT('',(0.162748450641,2.475120106236));
#3353 = CARTESIAN_POINT('',(0.162746627723,2.557982941958));
#3354 = CARTESIAN_POINT('',(0.16274487965,2.640837796167));
#3355 = CARTESIAN_POINT('',(0.16274367441,2.723680053859));
#3356 = CARTESIAN_POINT('',(0.162743400361,2.80651922996));
#3357 = CARTESIAN_POINT('',(0.162744228301,2.889366395316));
#3358 = CARTESIAN_POINT('',(0.162746071966,2.972222300313));
#3359 = CARTESIAN_POINT('',(0.162751796758,3.156405168705));
#3360 = CARTESIAN_POINT('',(0.162756044758,3.257794785512));
#3361 = CARTESIAN_POINT('',(0.162760893339,3.359157530238));
#3362 = CARTESIAN_POINT('',(0.162765418424,3.460497811609));
#3363 = CARTESIAN_POINT('',(0.162768572091,3.561837921185));
#3364 = CARTESIAN_POINT('',(0.162769709751,3.663200022557));
#3365 = CARTESIAN_POINT('',(0.162768905923,3.764588077251));
#3366 = CARTESIAN_POINT('',(0.162764283206,3.969754320862));
#3367 = CARTESIAN_POINT('',(0.162760390628,4.073642213828));
#3368 = CARTESIAN_POINT('',(0.162755439739,4.177500099755));
#3369 = CARTESIAN_POINT('',(0.162750413774,4.281333520273));
#3370 = CARTESIAN_POINT('',(0.162746470074,4.38516712919));
#3371 = CARTESIAN_POINT('',(0.162744319328,4.489025446664));
#3372 = CARTESIAN_POINT('',(0.162743857719,4.592913705537));
#3373 = CARTESIAN_POINT('',(0.162745393273,4.804486576667));
#3374 = CARTESIAN_POINT('',(0.162747480611,4.912301340245));
#3375 = CARTESIAN_POINT('',(0.162750350343,5.020080532839));
#3376 = CARTESIAN_POINT('',(0.162752953979,5.12782891305));
#3377 = CARTESIAN_POINT('',(0.162754198762,5.23557420853));
#3378 = CARTESIAN_POINT('',(0.162753811951,5.343345715415));
#3379 = CARTESIAN_POINT('',(0.162752673338,5.451153004078));
#3380 = CARTESIAN_POINT('',(0.162750534567,5.688198483935));
#3381 = CARTESIAN_POINT('',(0.162749802373,5.817671886355));
#3382 = CARTESIAN_POINT('',(0.16274982919,5.947045585298));
#3383 = CARTESIAN_POINT('',(0.162756562663,6.076359875506));
#3384 = CARTESIAN_POINT('',(0.162762963076,6.205674040644));
#3385 = CARTESIAN_POINT('',(0.162771930314,6.335048761601));
#3386 = CARTESIAN_POINT('',(0.16277025122,6.464520912689));
#3387 = CARTESIAN_POINT('',(0.162763273593,6.593818557419));
#3388 = ( GEOMETRIC_REPRESENTATION_CONTEXT(2) 
PARAMETRIC_REPRESENTATION_CONTEXT() REPRESENTATION_CONTEXT('2D SPACE',''
  ) );
#3389 = PCURVE('',#3390,#3395);
#3390 = CYLINDRICAL_SURFACE('',#3391,3.2);
#3391 = AXIS2_PLACEMENT_3D('',#3392,#3393,#3394);
#3392 = CARTESIAN_POINT('',(0.,2.6645352591E-15,24.));
#3393 = DIRECTION('',(0.,-1.224646799147E-16,-1.));
#3394 = DIRECTION('',(1.,0.,0.));
#3395 = DEFINITIONAL_REPRESENTATION('',(#3396),#3455);
#3396 = B_SPLINE_CURVE_WITH_KNOTS('',8,(#3397,#3398,#3399,#3400,#3401,
    #3402,#3403,#3404,#3405,#3406,#3407,#3408,#3409,#3410,#3411,#3412,
    #3413,#3414,#3415,#3416,#3417,#3418,#3419,#3420,#3421,#3422,#3423,
    #3424,#3425,#3426,#3427,#3428,#3429,#3430,#3431,#3432,#3433,#3434,
    #3435,#3436,#3437,#3438,#3439,#3440,#3441,#3442,#3443,#3444,#3445,
    #3446,#3447,#3448,#3449,#3450,#3451,#3452,#3453,#3454),
  .UNSPECIFIED.,.F.,.F.,(9,7,7,7,7,7,7,7,9),(0.,0.123997568574,
    0.257395210249,0.362832280878,0.463362992517,0.586337400294,
    0.712339792325,0.84308864921,1.),.UNSPECIFIED.);
#3397 = CARTESIAN_POINT('',(0.,0.413157894737));
#3398 = CARTESIAN_POINT('',(9.736157465599E-02,0.444148760601));
#3399 = CARTESIAN_POINT('',(0.194773985337,0.475146040297));
#3400 = CARTESIAN_POINT('',(0.292159251406,0.506140974193));
#3401 = CARTESIAN_POINT('',(0.389522208888,0.5371350491));
#3402 = CARTESIAN_POINT('',(0.486885176956,0.568131486178));
#3403 = CARTESIAN_POINT('',(0.584270223326,0.599134626781));
#3404 = CARTESIAN_POINT('',(0.681682034946,0.630145058005));
#3405 = CARTESIAN_POINT('',(0.883787663399,0.694481134921));
#3406 = CARTESIAN_POINT('',(0.98860193424,0.727844923943));
#3407 = CARTESIAN_POINT('',(1.093377098922,0.76119440095));
#3408 = CARTESIAN_POINT('',(1.198122089079,0.794533679693));
#3409 = CARTESIAN_POINT('',(1.302867562702,0.827873705686));
#3410 = CARTESIAN_POINT('',(1.407643968441,0.861224540045));
#3411 = CARTESIAN_POINT('',(1.512459431463,0.894588383554));
#3412 = CARTESIAN_POINT('',(1.699990011149,0.954281727904));
#3413 = CARTESIAN_POINT('',(1.782801578031,0.980641836177));
#3414 = CARTESIAN_POINT('',(1.865603527286,1.006998839825));
#3415 = CARTESIAN_POINT('',(1.948392923433,1.033351569362));
#3416 = CARTESIAN_POINT('',(2.031181928025,1.059703764838));
#3417 = CARTESIAN_POINT('',(2.113982931703,1.086059404087));
#3418 = CARTESIAN_POINT('',(2.196793858006,1.112417994733));
#3419 = CARTESIAN_POINT('',(2.358520919217,1.163895421334));
#3420 = CARTESIAN_POINT('',(2.437480880777,1.189028211124));
#3421 = CARTESIAN_POINT('',(2.516432897605,1.21415860905));
#3422 = CARTESIAN_POINT('',(2.595372531309,1.23928539692));
#3423 = CARTESIAN_POINT('',(2.67430889215,1.264411611455));
#3424 = CARTESIAN_POINT('',(2.753252640608,1.289540676881));
#3425 = CARTESIAN_POINT('',(2.832204629509,1.314672787327));
#3426 = CARTESIAN_POINT('',(3.007709391948,1.370540338179));
#3427 = CARTESIAN_POINT('',(3.104321874913,1.401294924639));
#3428 = CARTESIAN_POINT('',(3.200908959369,1.432041593468));
#3429 = CARTESIAN_POINT('',(3.29747499397,1.462781323302));
#3430 = CARTESIAN_POINT('',(3.394041187598,1.493520468839));
#3431 = CARTESIAN_POINT('',(3.490628483906,1.524265502478));
#3432 = CARTESIAN_POINT('',(3.587240457928,1.555017654727));
#3433 = CARTESIAN_POINT('',(3.782741606043,1.617245751506));
#3434 = CARTESIAN_POINT('',(3.881735306577,1.648754942266));
#3435 = CARTESIAN_POINT('',(3.980700111082,1.680254620771));
#3436 = CARTESIAN_POINT('',(4.079641240018,1.711746849431));
#3437 = CARTESIAN_POINT('',(4.178582332427,1.743239555215));
#3438 = CARTESIAN_POINT('',(4.277547042688,1.774740451231));
#3439 = CARTESIAN_POINT('',(4.37654063032,1.806251084388));
#3440 = CARTESIAN_POINT('',(4.57814623581,1.870424793767));
#3441 = CARTESIAN_POINT('',(4.680882311176,1.903127381761));
#3442 = CARTESIAN_POINT('',(4.783585117794,1.935819484174));
#3443 = CARTESIAN_POINT('',(4.886259186075,1.968502137485));
#3444 = CARTESIAN_POINT('',(4.988930587351,2.00118332784));
#3445 = CARTESIAN_POINT('',(5.091626702734,2.03387183534));
#3446 = CARTESIAN_POINT('',(5.194356233988,2.066570904229));
#3447 = CARTESIAN_POINT('',(5.420235095063,2.138469398602));
#3448 = CARTESIAN_POINT('',(5.543608195252,2.177740187033));
#3449 = CARTESIAN_POINT('',(5.6668850955,2.216981521096));
#3450 = CARTESIAN_POINT('',(5.790104227182,2.256206125672));
#3451 = CARTESIAN_POINT('',(5.913324167184,2.295432619632));
#3452 = CARTESIAN_POINT('',(6.036603546103,2.33467645199));
#3453 = CARTESIAN_POINT('',(6.159977423368,2.373946916482));
#3454 = CARTESIAN_POINT('',(6.28318530718,2.41316205548));
#3455 = ( GEOMETRIC_REPRESENTATION_CONTEXT(2) 
PARAMETRIC_REPRESENTATION_CONTEXT() REPRESENTATION_CONTEXT('2D SPACE',''
  ) );
#3456 = ORIENTED_EDGE('',*,*,#3457,.F.);
#3457 = EDGE_CURVE('',#3078,#3263,#3458,.T.);
#3458 = SURFACE_CURVE('',#3459,(#3478,#3500),.PCURVE_S1.);
#3459 = B_SPLINE_CURVE_WITH_KNOTS('',5,(#3460,#3461,#3462,#3463,#3464,
    #3465,#3466,#3467,#3468,#3469,#3470,#3471,#3472,#3473,#3474,#3475,
    #3476,#3477),.UNSPECIFIED.,.F.,.F.,(6,4,4,4,6),(0.,0.289621100894,
    0.564334695489,0.78659686264,1.),.UNSPECIFIED.);
#3460 = CARTESIAN_POINT('',(-2.82842750662,2.828420477253,22.));
#3461 = CARTESIAN_POINT('',(-2.64008354548,2.956891699835,22.));
#3462 = CARTESIAN_POINT('',(-2.442664480997,3.071566268543,22.));
#3463 = CARTESIAN_POINT('',(-2.237387317972,3.171349970768,22.));
#3464 = CARTESIAN_POINT('',(-2.025666723741,3.255279735978,22.));
#3465 = CARTESIAN_POINT('',(-1.60375510312,3.386432437577,22.));
#3466 = CARTESIAN_POINT('',(-1.394040887328,3.435324094944,22.));
#3467 = CARTESIAN_POINT('',(-1.181395128577,3.468609156358,22.));
#3468 = CARTESIAN_POINT('',(-0.967363530017,3.485804738643,22.));
#3469 = CARTESIAN_POINT('',(-0.580725525369,3.487364332167,22.));
#3470 = CARTESIAN_POINT('',(-0.408009594274,3.477370159671,22.));
#3471 = CARTESIAN_POINT('',(-0.23639192237,3.456555990688,22.));
#3472 = CARTESIAN_POINT('',(-6.681938055889E-02,3.424897277666,22.));
#3473 = CARTESIAN_POINT('',(0.259619368674,3.341798060344,22.));
#3474 = CARTESIAN_POINT('',(0.416724747156,3.291195788024,22.));
#3475 = CARTESIAN_POINT('',(0.570158558535,3.230793141537,22.));
#3476 = CARTESIAN_POINT('',(0.71902173807,3.160798008522,22.));
#3477 = CARTESIAN_POINT('',(0.86240670821,3.081556832344,22.));
#3478 = PCURVE('',#598,#3479);
#3479 = DEFINITIONAL_REPRESENTATION('',(#3480),#3499);
#3480 = B_SPLINE_CURVE_WITH_KNOTS('',5,(#3481,#3482,#3483,#3484,#3485,
    #3486,#3487,#3488,#3489,#3490,#3491,#3492,#3493,#3494,#3495,#3496,
    #3497,#3498),.UNSPECIFIED.,.F.,.F.,(6,4,4,4,6),(0.,0.289621100894,
    0.564334695489,0.78659686264,1.),.UNSPECIFIED.);
#3481 = CARTESIAN_POINT('',(1.030776406404,4.121134179644));
#3482 = CARTESIAN_POINT('',(0.984836784821,4.179908863077));
#3483 = CARTESIAN_POINT('',(0.938366103753,4.239362971888));
#3484 = CARTESIAN_POINT('',(0.891343376529,4.299523357072));
#3485 = CARTESIAN_POINT('',(0.843740531024,4.36042593625));
#3486 = CARTESIAN_POINT('',(0.749800991274,4.480611193106));
#3487 = CARTESIAN_POINT('',(0.703524031349,4.539817447365));
#3488 = CARTESIAN_POINT('',(0.65667660607,4.599753550876));
#3489 = CARTESIAN_POINT('',(0.609229055872,4.660457452228));
#3490 = CARTESIAN_POINT('',(0.522253762949,4.771732745053));
#3491 = CARTESIAN_POINT('',(0.482942982185,4.822026555879));
#3492 = CARTESIAN_POINT('',(0.443203842153,4.872868408923));
#3493 = CARTESIAN_POINT('',(0.403017367194,4.92428258118));
#3494 = CARTESIAN_POINT('',(0.323331249454,5.026232203887));
#3495 = CARTESIAN_POINT('',(0.283867554073,5.076721663419));
#3496 = CARTESIAN_POINT('',(0.243956263026,5.127783773418));
#3497 = CARTESIAN_POINT('',(0.20357695287,5.179444661643));
#3498 = CARTESIAN_POINT('',(0.162708502218,5.231731348845));
#3499 = ( GEOMETRIC_REPRESENTATION_CONTEXT(2) 
PARAMETRIC_REPRESENTATION_CONTEXT() REPRESENTATION_CONTEXT('2D SPACE',''
  ) );
#3500 = PCURVE('',#1553,#3501);
#3501 = DEFINITIONAL_REPRESENTATION('',(#3502),#3521);
#3502 = B_SPLINE_CURVE_WITH_KNOTS('',5,(#3503,#3504,#3505,#3506,#3507,
    #3508,#3509,#3510,#3511,#3512,#3513,#3514,#3515,#3516,#3517,#3518,
    #3519,#3520),.UNSPECIFIED.,.F.,.F.,(6,4,4,4,6),(0.,0.289621100894,
    0.564334695489,0.78659686264,1.),.UNSPECIFIED.);
#3503 = CARTESIAN_POINT('',(-2.82842750662,-2.828420477253));
#3504 = CARTESIAN_POINT('',(-2.64008354548,-2.956891699835));
#3505 = CARTESIAN_POINT('',(-2.442664480997,-3.071566268543));
#3506 = CARTESIAN_POINT('',(-2.237387317972,-3.171349970768));
#3507 = CARTESIAN_POINT('',(-2.025666723741,-3.255279735978));
#3508 = CARTESIAN_POINT('',(-1.60375510312,-3.386432437577));
#3509 = CARTESIAN_POINT('',(-1.394040887328,-3.435324094944));
#3510 = CARTESIAN_POINT('',(-1.181395128577,-3.468609156358));
#3511 = CARTESIAN_POINT('',(-0.967363530017,-3.485804738643));
#3512 = CARTESIAN_POINT('',(-0.580725525369,-3.487364332167));
#3513 = CARTESIAN_POINT('',(-0.408009594274,-3.477370159671));
#3514 = CARTESIAN_POINT('',(-0.23639192237,-3.456555990688));
#3515 = CARTESIAN_POINT('',(-6.681938055889E-02,-3.424897277666));
#3516 = CARTESIAN_POINT('',(0.259619368674,-3.341798060344));
#3517 = CARTESIAN_POINT('',(0.416724747156,-3.291195788024));
#3518 = CARTESIAN_POINT('',(0.570158558535,-3.230793141537));
#3519 = CARTESIAN_POINT('',(0.71902173807,-3.160798008522));
#3520 = CARTESIAN_POINT('',(0.86240670821,-3.081556832344));
#3521 = ( GEOMETRIC_REPRESENTATION_CONTEXT(2) 
PARAMETRIC_REPRESENTATION_CONTEXT() REPRESENTATION_CONTEXT('2D SPACE',''
  ) );
#3522 = ORIENTED_EDGE('',*,*,#3077,.T.);
#3523 = ORIENTED_EDGE('',*,*,#584,.F.);
#3524 = ORIENTED_EDGE('',*,*,#978,.F.);
#3525 = ORIENTED_EDGE('',*,*,#3526,.F.);
#3526 = EDGE_CURVE('',#3527,#979,#3529,.T.);
#3527 = VERTEX_POINT('',#3528);
#3528 = CARTESIAN_POINT('',(3.2,1.683206457062E-15,9.586842224864));
#3529 = SURFACE_CURVE('',#3530,(#3596,#3665),.PCURVE_S1.);
#3530 = B_SPLINE_CURVE_WITH_KNOTS('',8,(#3531,#3532,#3533,#3534,#3535,
    #3536,#3537,#3538,#3539,#3540,#3541,#3542,#3543,#3544,#3545,#3546,
    #3547,#3548,#3549,#3550,#3551,#3552,#3553,#3554,#3555,#3556,#3557,
    #3558,#3559,#3560,#3561,#3562,#3563,#3564,#3565,#3566,#3567,#3568,
    #3569,#3570,#3571,#3572,#3573,#3574,#3575,#3576,#3577,#3578,#3579,
    #3580,#3581,#3582,#3583,#3584,#3585,#3586,#3587,#3588,#3589,#3590,
    #3591,#3592,#3593,#3594,#3595),.UNSPECIFIED.,.F.,.F.,(9,7,7,7,7,7,7,
    7,7,9),(0.,0.179785472988,0.347569016944,0.45878217651,0.56526642215
    ,0.664330410306,0.772771175367,0.828889926184,0.87907753764,1.),
  .UNSPECIFIED.);
#3531 = CARTESIAN_POINT('',(3.2,-3.541459592893E-15,9.586842224864));
#3532 = CARTESIAN_POINT('',(3.2,-0.45172741398,9.541907839062));
#3533 = CARTESIAN_POINT('',(3.127121325968,-0.904411935834,
    9.496877909854));
#3534 = CARTESIAN_POINT('',(2.980833150123,-1.342706840974,9.45191273182
    ));
#3535 = CARTESIAN_POINT('',(2.765112955838,-1.753112658789,
    9.406979254442));
#3536 = CARTESIAN_POINT('',(2.485934780047,-2.123312567477,
    9.362045906377));
#3537 = CARTESIAN_POINT('',(2.151866558461,-2.442639236832,
    9.317077334695));
#3538 = CARTESIAN_POINT('',(1.773425832021,-2.701656533708,
    9.272040859992));
#3539 = CARTESIAN_POINT('',(0.983690002733,-3.074087690256,
    9.185186147598));
#3540 = CARTESIAN_POINT('',(0.574719722123,-3.196801182231,
    9.143183337015));
#3541 = CARTESIAN_POINT('',(0.149004079923,-3.2568306822,9.101222404247)
  );
#3542 = CARTESIAN_POINT('',(-0.282206482921,-3.252115746633,
    9.059285649736));
#3543 = CARTESIAN_POINT('',(-0.707780275693,-3.182479630804,
    9.017350043366));
#3544 = CARTESIAN_POINT('',(-1.116787857764,-3.050022814839,
    8.975392236505));
#3545 = CARTESIAN_POINT('',(-1.498517313829,-2.858691970531,
    8.93339103231));
#3546 = CARTESIAN_POINT('',(-2.071491478183,-2.454991778588,
    8.863673079895));
#3547 = CARTESIAN_POINT('',(-2.283906124885,-2.27122648604,
    8.835873498395));
#3548 = CARTESIAN_POINT('',(-2.47755350978,-2.06654294696,8.808078814628
    ));
#3549 = CARTESIAN_POINT('',(-2.650063552356,-1.843215843843,
    8.78028808924));
#3550 = CARTESIAN_POINT('',(-2.799420676056,-1.603782908838,
    8.752496816571));
#3551 = CARTESIAN_POINT('',(-2.923944454397,-1.351017327364,
    8.724700768917));
#3552 = CARTESIAN_POINT('',(-3.022325036328,-1.0879372631,8.696899782839
    ));
#3553 = CARTESIAN_POINT('',(-3.162094985043,-0.559208792549,
    8.642499118922));
#3554 = CARTESIAN_POINT('',(-3.205776966005,-0.293966515686,
    8.61588042512));
#3555 = CARTESIAN_POINT('',(-3.22398654823,-2.497042597211E-02,
    8.589264107687));
#3556 = CARTESIAN_POINT('',(-3.216391524387,0.24491499891,8.562651679327
    ));
#3557 = CARTESIAN_POINT('',(-3.183034650922,0.512838729587,
    8.536039495845));
#3558 = CARTESIAN_POINT('',(-3.124305497868,0.775977528508,
    8.509423711217));
#3559 = CARTESIAN_POINT('',(-3.040964453261,1.031553570005,8.48280526217
    ));
#3560 = CARTESIAN_POINT('',(-2.834911778837,1.505063474023,
    8.431438822379));
#3561 = CARTESIAN_POINT('',(-2.7152881517,1.724517930528,8.406675008407)
  );
#3562 = CARTESIAN_POINT('',(-2.576282312226,1.93301276981,8.381912878523
    ));
#3563 = CARTESIAN_POINT('',(-2.419096816215,2.128555087728,
    8.357153856239));
#3564 = CARTESIAN_POINT('',(-2.245151399218,2.309337793798,
    8.332395235729));
#3565 = CARTESIAN_POINT('',(-2.056058581293,2.473733634221,
    8.307633860827));
#3566 = CARTESIAN_POINT('',(-1.853625941107,2.620310456741,
    8.282869597687));
#3567 = CARTESIAN_POINT('',(-1.405912803985,2.887498749622,
    8.231003883604));
#3568 = CARTESIAN_POINT('',(-1.158271413338,3.004409863417,
    8.203889712479));
#3569 = CARTESIAN_POINT('',(-0.899651325279,3.096961270448,
    8.176779293313));
#3570 = CARTESIAN_POINT('',(-0.632870819025,3.163991621797,8.14967465924
    ));
#3571 = CARTESIAN_POINT('',(-0.36083991741,3.204733155975,8.122572011675
    ));
#3572 = CARTESIAN_POINT('',(-8.653632205807E-02,3.218783038436,
    8.095466908584));
#3573 = CARTESIAN_POINT('',(0.187006618516,3.206130892572,8.068359300334
    ));
#3574 = CARTESIAN_POINT('',(0.596267813841,3.147117555611,8.027233540259
    ));
#3575 = CARTESIAN_POINT('',(0.734822198765,3.119964196776,8.013209094469
    ));
#3576 = CARTESIAN_POINT('',(0.871948077213,3.085841896286,7.999184539038
    ));
#3577 = CARTESIAN_POINT('',(1.007238151688,3.044838798958,7.985159534237
    ));
#3578 = CARTESIAN_POINT('',(1.140292812622,2.997071743792,7.971133937278
    ));
#3579 = CARTESIAN_POINT('',(1.270720138376,2.942686263969,7.957107802319
    ));
#3580 = CARTESIAN_POINT('',(1.39813589524,2.881856586853,7.943081380457)
  );
#3581 = CARTESIAN_POINT('',(1.633082811752,2.754803348685,7.916511281659
    ));
#3582 = CARTESIAN_POINT('',(1.741303344184,2.689824241955,7.903966666868
    ));
#3583 = CARTESIAN_POINT('',(1.846562759618,2.619990112537,7.891421125608
    ));
#3584 = CARTESIAN_POINT('',(1.948607861656,2.545458335437,7.878874718891
    ));
#3585 = CARTESIAN_POINT('',(2.047195240079,2.466402144267,7.866327761859
    ));
#3586 = CARTESIAN_POINT('',(2.142091878319,2.383010913575,7.853780867151
    ));
#3587 = CARTESIAN_POINT('',(2.233075760927,2.295490441173,7.841234988271
    ));
#3588 = CARTESIAN_POINT('',(2.529219446574,1.983777723288,7.798468985248
    ));
#3589 = CARTESIAN_POINT('',(2.714701670381,1.74067083925,7.768237948346)
  );
#3590 = CARTESIAN_POINT('',(2.87331492498,1.477893094743,7.738007951377)
  );
#3591 = CARTESIAN_POINT('',(3.002687587797,1.198961033338,7.707778702293
    ));
#3592 = CARTESIAN_POINT('',(3.101016806741,0.907634351196,7.677547625176
    ));
#3593 = CARTESIAN_POINT('',(3.167022076838,0.607878300159,7.647310709389
    ));
#3594 = CARTESIAN_POINT('',(3.2,0.303869088595,7.617067245795));
#3595 = CARTESIAN_POINT('',(3.2,3.763127231464E-15,7.586839095273));
#3596 = PCURVE('',#598,#3597);
#3597 = DEFINITIONAL_REPRESENTATION('',(#3598),#3664);
#3598 = B_SPLINE_CURVE_WITH_KNOTS('',8,(#3599,#3600,#3601,#3602,#3603,
    #3604,#3605,#3606,#3607,#3608,#3609,#3610,#3611,#3612,#3613,#3614,
    #3615,#3616,#3617,#3618,#3619,#3620,#3621,#3622,#3623,#3624,#3625,
    #3626,#3627,#3628,#3629,#3630,#3631,#3632,#3633,#3634,#3635,#3636,
    #3637,#3638,#3639,#3640,#3641,#3642,#3643,#3644,#3645,#3646,#3647,
    #3648,#3649,#3650,#3651,#3652,#3653,#3654,#3655,#3656,#3657,#3658,
    #3659,#3660,#3661,#3662,#3663),.UNSPECIFIED.,.F.,.F.,(9,7,7,7,7,7,7,
    7,7,9),(0.,0.179785472988,0.347569016944,0.45878217651,0.56526642215
    ,0.664330410306,0.772771175367,0.828889926184,0.87907753764,1.),
  .UNSPECIFIED.);
#3599 = CARTESIAN_POINT('',(0.162750909759,46.156720108741));
#3600 = CARTESIAN_POINT('',(0.162750291661,46.304865449459));
#3601 = CARTESIAN_POINT('',(0.162752319271,46.453322403136));
#3602 = CARTESIAN_POINT('',(0.162755528081,46.601564366914));
#3603 = CARTESIAN_POINT('',(0.162755459562,46.749706009521));
#3604 = CARTESIAN_POINT('',(0.162750484786,46.897853502802));
#3605 = CARTESIAN_POINT('',(0.162745773827,47.046116787598));
#3606 = CARTESIAN_POINT('',(0.162743604113,47.194600691187));
#3607 = CARTESIAN_POINT('',(0.162745270622,47.480950582082));
#3608 = CARTESIAN_POINT('',(0.162748711161,47.619425595527));
#3609 = CARTESIAN_POINT('',(0.162755115982,47.757758749179));
#3610 = CARTESIAN_POINT('',(0.162763262401,47.896009961149));
#3611 = CARTESIAN_POINT('',(0.162769338616,48.034260036404));
#3612 = CARTESIAN_POINT('',(0.162771012183,48.172588937349));
#3613 = CARTESIAN_POINT('',(0.162768891045,48.311065770233));
#3614 = CARTESIAN_POINT('',(0.162761751538,48.540928601082));
#3615 = CARTESIAN_POINT('',(0.162757948763,48.632586137561));
#3616 = CARTESIAN_POINT('',(0.162753658578,48.724228150251));
#3617 = CARTESIAN_POINT('',(0.162749576504,48.815856846271));
#3618 = CARTESIAN_POINT('',(0.162746407679,48.907486178227));
#3619 = CARTESIAN_POINT('',(0.162744567081,48.999129553551));
#3620 = CARTESIAN_POINT('',(0.162744018328,49.090787557632));
#3621 = CARTESIAN_POINT('',(0.162744908327,49.270140419887));
#3622 = CARTESIAN_POINT('',(0.162746256118,49.357898088321));
#3623 = CARTESIAN_POINT('',(0.162748294748,49.445647038231));
#3624 = CARTESIAN_POINT('',(0.162750485637,49.533382971423));
#3625 = CARTESIAN_POINT('',(0.162752268905,49.621118618784));
#3626 = CARTESIAN_POINT('',(0.162753274553,49.70886713367));
#3627 = CARTESIAN_POINT('',(0.162753449172,49.796625496112));
#3628 = CARTESIAN_POINT('',(0.162752771624,49.965976805136));
#3629 = CARTESIAN_POINT('',(0.162751991174,50.047621827694));
#3630 = CARTESIAN_POINT('',(0.162750940972,50.129261643087));
#3631 = CARTESIAN_POINT('',(0.16275009932,50.210890946191));
#3632 = CARTESIAN_POINT('',(0.16274999872,50.292517976588));
#3633 = CARTESIAN_POINT('',(0.162751011738,50.37415266321));
#3634 = CARTESIAN_POINT('',(0.162753162672,50.455795416251));
#3635 = CARTESIAN_POINT('',(0.162759032655,50.626784409993));
#3636 = CARTESIAN_POINT('',(0.162762858389,50.716172451475));
#3637 = CARTESIAN_POINT('',(0.162767008626,50.805547707926));
#3638 = CARTESIAN_POINT('',(0.162770116065,50.894905225594));
#3639 = CARTESIAN_POINT('',(0.162770562761,50.984259598059));
#3640 = CARTESIAN_POINT('',(0.162767225598,51.0736269072));
#3641 = CARTESIAN_POINT('',(0.162760284173,51.163007086887));
#3642 = CARTESIAN_POINT('',(0.162747851158,51.29861085369));
#3643 = CARTESIAN_POINT('',(0.162743162895,51.344854163667));
#3644 = CARTESIAN_POINT('',(0.162738500421,51.391097802124));
#3645 = CARTESIAN_POINT('',(0.162734302399,51.437342327895));
#3646 = CARTESIAN_POINT('',(0.162730972068,51.483587695836));
#3647 = CARTESIAN_POINT('',(0.16272887724,51.529833256826));
#3648 = CARTESIAN_POINT('',(0.162728350297,51.576077757769));
#3649 = CARTESIAN_POINT('',(0.162730884697,51.663673694786));
#3650 = CARTESIAN_POINT('',(0.162733258021,51.70502910312));
#3651 = CARTESIAN_POINT('',(0.162737363346,51.746385350044));
#3652 = CARTESIAN_POINT('',(0.162742821627,51.78774271935));
#3653 = CARTESIAN_POINT('',(0.162748589815,51.829101506502));
#3654 = CARTESIAN_POINT('',(0.162753231074,51.870461529947));
#3655 = CARTESIAN_POINT('',(0.162755184995,51.911821642446));
#3656 = CARTESIAN_POINT('',(0.162747864369,52.052826599118));
#3657 = CARTESIAN_POINT('',(0.16272629555,52.152523150879));
#3658 = CARTESIAN_POINT('',(0.162718302028,52.252198905918));
#3659 = CARTESIAN_POINT('',(0.162724647201,52.351853850386));
#3660 = CARTESIAN_POINT('',(0.162737126953,52.451506973231));
#3661 = CARTESIAN_POINT('',(0.162749068979,52.551180033682));
#3662 = CARTESIAN_POINT('',(0.162758136598,52.650878359085));
#3663 = CARTESIAN_POINT('',(0.162763482,52.750530960871));
#3664 = ( GEOMETRIC_REPRESENTATION_CONTEXT(2) 
PARAMETRIC_REPRESENTATION_CONTEXT() REPRESENTATION_CONTEXT('2D SPACE',''
  ) );
#3665 = PCURVE('',#1182,#3666);
#3666 = DEFINITIONAL_REPRESENTATION('',(#3667),#3733);
#3667 = B_SPLINE_CURVE_WITH_KNOTS('',8,(#3668,#3669,#3670,#3671,#3672,
    #3673,#3674,#3675,#3676,#3677,#3678,#3679,#3680,#3681,#3682,#3683,
    #3684,#3685,#3686,#3687,#3688,#3689,#3690,#3691,#3692,#3693,#3694,
    #3695,#3696,#3697,#3698,#3699,#3700,#3701,#3702,#3703,#3704,#3705,
    #3706,#3707,#3708,#3709,#3710,#3711,#3712,#3713,#3714,#3715,#3716,
    #3717,#3718,#3719,#3720,#3721,#3722,#3723,#3724,#3725,#3726,#3727,
    #3728,#3729,#3730,#3731,#3732),.UNSPECIFIED.,.F.,.F.,(9,7,7,7,7,7,7,
    7,7,9),(0.,0.179785472988,0.347569016944,0.45878217651,0.56526642215
    ,0.664330410306,0.772771175367,0.828889926184,0.87907753764,1.),
  .UNSPECIFIED.);
#3668 = CARTESIAN_POINT('',(0.,14.413157775136));
#3669 = CARTESIAN_POINT('',(0.141164816869,14.458092160938));
#3670 = CARTESIAN_POINT('',(0.282627799191,14.503122090146));
#3671 = CARTESIAN_POINT('',(0.423887863651,14.54808726818));
#3672 = CARTESIAN_POINT('',(0.565053992711,14.593020745558));
#3673 = CARTESIAN_POINT('',(0.706225067249,14.637954093623));
#3674 = CARTESIAN_POINT('',(0.84750496055,14.682922665305));
#3675 = CARTESIAN_POINT('',(0.988993848204,14.727959140008));
#3676 = CARTESIAN_POINT('',(1.261852636952,14.814813852402));
#3677 = CARTESIAN_POINT('',(1.393802957291,14.856816662985));
#3678 = CARTESIAN_POINT('',(1.525617984482,14.898777595753));
#3679 = CARTESIAN_POINT('',(1.657355537904,14.940714350264));
#3680 = CARTESIAN_POINT('',(1.789092992025,14.982649956634));
#3681 = CARTESIAN_POINT('',(1.920905871787,15.024607763495));
#3682 = CARTESIAN_POINT('',(2.052859497179,15.06660896769));
#3683 = CARTESIAN_POINT('',(2.271893517705,15.136326920105));
#3684 = CARTESIAN_POINT('',(2.359232894371,15.164126501605));
#3685 = CARTESIAN_POINT('',(2.446557237457,15.191921185372));
#3686 = CARTESIAN_POINT('',(2.533868653848,15.21971191076));
#3687 = CARTESIAN_POINT('',(2.621180557217,15.247503183429));
#3688 = CARTESIAN_POINT('',(2.70850591404,15.275299231083));
#3689 = CARTESIAN_POINT('',(2.795845460529,15.303100217161));
#3690 = CARTESIAN_POINT('',(2.966748803247,15.357500881078));
#3691 = CARTESIAN_POINT('',(3.050372421938,15.38411957488));
#3692 = CARTESIAN_POINT('',(3.133988133056,15.410735892313));
#3693 = CARTESIAN_POINT('',(3.217591858264,15.437348320673));
#3694 = CARTESIAN_POINT('',(3.301195630051,15.463960504155));
#3695 = CARTESIAN_POINT('',(3.384811775243,15.490576288783));
#3696 = CARTESIAN_POINT('',(3.468437164633,15.51719473783));
#3697 = CARTESIAN_POINT('',(3.629812277748,15.568561177621));
#3698 = CARTESIAN_POINT('',(3.707611665714,15.593324991593));
#3699 = CARTESIAN_POINT('',(3.785405673947,15.618087121477));
#3700 = CARTESIAN_POINT('',(3.863189137663,15.642846143761));
#3701 = CARTESIAN_POINT('',(3.940969914971,15.667604764271));
#3702 = CARTESIAN_POINT('',(4.018757610079,15.692366139173));
#3703 = CARTESIAN_POINT('',(4.096552850708,15.717130402313));
#3704 = CARTESIAN_POINT('',(4.259483960636,15.768996116396));
#3705 = CARTESIAN_POINT('',(4.344659683213,15.796110287521));
#3706 = CARTESIAN_POINT('',(4.429823597478,15.823220706687));
#3707 = CARTESIAN_POINT('',(4.514971314678,15.85032534076));
#3708 = CARTESIAN_POINT('',(4.60011682358,15.877427988325));
#3709 = CARTESIAN_POINT('',(4.685275189676,15.904533091416));
#3710 = CARTESIAN_POINT('',(4.770445877292,15.931640699666));
#3711 = CARTESIAN_POINT('',(4.89966275679,15.972766459741));
#3712 = CARTESIAN_POINT('',(4.943727954655,15.986790905531));
#3713 = CARTESIAN_POINT('',(4.987793338276,16.000815460962));
#3714 = CARTESIAN_POINT('',(5.031859410452,16.014840465763));
#3715 = CARTESIAN_POINT('',(5.075926126694,16.028866062722));
#3716 = CARTESIAN_POINT('',(5.119992895226,16.042892197681));
#3717 = CARTESIAN_POINT('',(5.164058576982,16.056918619543));
#3718 = CARTESIAN_POINT('',(5.247527425791,16.083488718341));
#3719 = CARTESIAN_POINT('',(5.286934318204,16.096033333132));
#3720 = CARTESIAN_POINT('',(5.326342160247,16.108578874392));
#3721 = CARTESIAN_POINT('',(5.365751244899,16.121125281109));
#3722 = CARTESIAN_POINT('',(5.40516177394,16.133672238141));
#3723 = CARTESIAN_POINT('',(5.444573471194,16.146219132849));
#3724 = CARTESIAN_POINT('',(5.483985195751,16.158765011729));
#3725 = CARTESIAN_POINT('',(5.618347804569,16.201531014752));
#3726 = CARTESIAN_POINT('',(5.713348525923,16.231762051654));
#3727 = CARTESIAN_POINT('',(5.808326960237,16.261992048623));
#3728 = CARTESIAN_POINT('',(5.903286000997,16.292221297707));
#3729 = CARTESIAN_POINT('',(5.998244808489,16.322452374824));
#3730 = CARTESIAN_POINT('',(6.093223305828,16.352689290611));
#3731 = CARTESIAN_POINT('',(6.188226216994,16.382932754205));
#3732 = CARTESIAN_POINT('',(6.28318530718,16.413160904727));
#3733 = ( GEOMETRIC_REPRESENTATION_CONTEXT(2) 
PARAMETRIC_REPRESENTATION_CONTEXT() REPRESENTATION_CONTEXT('2D SPACE',''
  ) );
#3734 = ORIENTED_EDGE('',*,*,#3735,.F.);
#3735 = EDGE_CURVE('',#3736,#3527,#3738,.T.);
#3736 = VERTEX_POINT('',#3737);
#3737 = CARTESIAN_POINT('',(3.2,1.928136165234E-15,11.586845069299));
#3738 = SURFACE_CURVE('',#3739,(#3796,#3856),.PCURVE_S1.);
#3739 = B_SPLINE_CURVE_WITH_KNOTS('',7,(#3740,#3741,#3742,#3743,#3744,
    #3745,#3746,#3747,#3748,#3749,#3750,#3751,#3752,#3753,#3754,#3755,
    #3756,#3757,#3758,#3759,#3760,#3761,#3762,#3763,#3764,#3765,#3766,
    #3767,#3768,#3769,#3770,#3771,#3772,#3773,#3774,#3775,#3776,#3777,
    #3778,#3779,#3780,#3781,#3782,#3783,#3784,#3785,#3786,#3787,#3788,
    #3789,#3790,#3791,#3792,#3793,#3794,#3795),.UNSPECIFIED.,.F.,.F.,(8,
    6,6,6,6,6,6,6,6,8),(0.,0.112111317043,0.229294870455,0.354061766013,
    0.468283725958,0.592704530809,0.716695589958,0.781713405948,
    0.890072872907,1.),.UNSPECIFIED.);
#3740 = CARTESIAN_POINT('',(3.2,-3.740619094571E-15,11.586845069299));
#3741 = CARTESIAN_POINT('',(3.2,-0.321959176398,11.554820335714));
#3742 = CARTESIAN_POINT('',(3.162207736146,-0.644052580098,
    11.522782081403));
#3743 = CARTESIAN_POINT('',(3.086569384641,-0.960713006666,11.4907542219
    ));
#3744 = CARTESIAN_POINT('',(2.974126548546,-1.266666226601,
    11.458729577635));
#3745 = CARTESIAN_POINT('',(2.826710522422,-1.556936729132,
    11.426700842587));
#3746 = CARTESIAN_POINT('',(2.646943864707,-1.826842112144,
    11.394660987742));
#3747 = CARTESIAN_POINT('',(2.220523671786,-2.328632827325,
    11.329154510508));
#3748 = CARTESIAN_POINT('',(1.971014964357,-2.558477152886,11.2956586596
    ));
#3749 = CARTESIAN_POINT('',(1.694007556664,-2.756798102801,
    11.262176625751));
#3750 = CARTESIAN_POINT('',(1.394361347328,-2.919816786972,
    11.228700802973));
#3751 = CARTESIAN_POINT('',(1.077399724701,-3.044646720611,
    11.195223004293));
#3752 = CARTESIAN_POINT('',(0.748917764934,-3.12927824081,
    11.161733277501));
#3753 = CARTESIAN_POINT('',(5.993065482042E-02,-3.219441200688,
    11.092617122365));
#3754 = CARTESIAN_POINT('',(-0.30165406435,-3.219549214447,
    11.056954237672));
#3755 = CARTESIAN_POINT('',(-0.661866708326,-3.172169035879,
    11.021309648301));
#3756 = CARTESIAN_POINT('',(-1.013310016068,-3.07797420868,
    10.985669609803));
#3757 = CARTESIAN_POINT('',(-1.348933361401,-2.938855055139,
    10.950023398173));
#3758 = CARTESIAN_POINT('',(-1.661994527576,-2.757927716637,
    10.914358327054));
#3759 = CARTESIAN_POINT('',(-2.206780817553,-2.34045383484,
    10.846084664627));
#3760 = CARTESIAN_POINT('',(-2.443419855394,-2.109689381677,
    10.813437940432));
#3761 = CARTESIAN_POINT('',(-2.651594190985,-1.851228608559,
    10.780803069975));
#3762 = CARTESIAN_POINT('',(-2.827555853658,-1.569364412506,
    10.748173602582));
#3763 = CARTESIAN_POINT('',(-2.968339971654,-1.268861060971,
    10.715542072362));
#3764 = CARTESIAN_POINT('',(-3.071752901683,-0.954955873618,
    10.682899759709));
#3765 = CARTESIAN_POINT('',(-3.207413710597,-0.283157435082,
    10.614726757538));
#3766 = CARTESIAN_POINT('',(-3.23255477615,7.651893523197E-02,
    10.579162051024));
#3767 = CARTESIAN_POINT('',(-3.210498202324,0.438116619025,
    10.543614578327));
#3768 = CARTESIAN_POINT('',(-3.141397088805,0.794275943586,
    10.50807063949));
#3769 = CARTESIAN_POINT('',(-3.0266283339,1.137891030776,10.472520237016
    ));
#3770 = CARTESIAN_POINT('',(-2.868801176681,1.462073258655,
    10.436952495813));
#3771 = CARTESIAN_POINT('',(-2.47632385996,2.057818766091,
    10.365987505986));
#3772 = CARTESIAN_POINT('',(-2.241703210228,2.329920776714,
    10.330547093115));
#3773 = CARTESIAN_POINT('',(-1.97245950174,2.57037741078,10.295126981299
    ));
#3774 = CARTESIAN_POINT('',(-1.673826682386,2.774120828531,
    10.259714498304));
#3775 = CARTESIAN_POINT('',(-1.351724792657,2.937109094103,
    10.224296686551));
#3776 = CARTESIAN_POINT('',(-1.012787360405,3.056314026583,
    10.188853905581));
#3777 = CARTESIAN_POINT('',(-0.481817280124,3.16902452795,
    10.134854411621));
#3778 = CARTESIAN_POINT('',(-0.296506516294,3.195362806084,
    10.116275613972));
#3779 = CARTESIAN_POINT('',(-0.109583326228,3.209050915718,
    10.09769817561));
#3780 = CARTESIAN_POINT('',(7.791139687678E-02,3.209977673012,
    10.07912441262));
#3781 = CARTESIAN_POINT('',(0.264943971785,3.198137482133,
    10.060554272736));
#3782 = CARTESIAN_POINT('',(0.450487929221,3.173630335255,
    10.041985335334));
#3783 = CARTESIAN_POINT('',(0.938574128493,3.07504963208,9.992459621781)
  );
#3784 = CARTESIAN_POINT('',(1.236721659247,2.978807538415,9.961494955957
    ));
#3785 = CARTESIAN_POINT('',(1.523068367024,2.848891296982,9.930533166179
    ));
#3786 = CARTESIAN_POINT('',(1.793141166318,2.687114290408,9.899574624888
    ));
#3787 = CARTESIAN_POINT('',(2.042815906758,2.495938439829,9.86861194459)
  );
#3788 = CARTESIAN_POINT('',(2.268362876691,2.278458778007,9.83764236105)
  );
#3789 = CARTESIAN_POINT('',(2.667733319758,1.795234215949,9.775282350238
    ));
#3790 = CARTESIAN_POINT('',(2.840911789654,1.528654924922,9.743869085626
    ));
#3791 = CARTESIAN_POINT('',(2.982792413601,1.242839695704,9.712466016876
    ));
#3792 = CARTESIAN_POINT('',(3.09094307437,0.942223412081,9.681065321372)
  );
#3793 = CARTESIAN_POINT('',(3.163665346244,0.631512882826,9.64965997784)
  );
#3794 = CARTESIAN_POINT('',(3.2,0.315689432667,9.618244593465));
#3795 = CARTESIAN_POINT('',(3.2,-3.541459592893E-15,9.586842224864));
#3796 = PCURVE('',#598,#3797);
#3797 = DEFINITIONAL_REPRESENTATION('',(#3798),#3855);
#3798 = B_SPLINE_CURVE_WITH_KNOTS('',7,(#3799,#3800,#3801,#3802,#3803,
    #3804,#3805,#3806,#3807,#3808,#3809,#3810,#3811,#3812,#3813,#3814,
    #3815,#3816,#3817,#3818,#3819,#3820,#3821,#3822,#3823,#3824,#3825,
    #3826,#3827,#3828,#3829,#3830,#3831,#3832,#3833,#3834,#3835,#3836,
    #3837,#3838,#3839,#3840,#3841,#3842,#3843,#3844,#3845,#3846,#3847,
    #3848,#3849,#3850,#3851,#3852,#3853,#3854),.UNSPECIFIED.,.F.,.F.,(8,
    6,6,6,6,6,6,6,6,8),(0.,0.112111317043,0.229294870455,0.354061766013,
    0.468283725958,0.592704530809,0.716695589958,0.781713405948,
    0.890072872907,1.),.UNSPECIFIED.);
#3799 = CARTESIAN_POINT('',(0.162748432903,39.562897280809));
#3800 = CARTESIAN_POINT('',(0.162746287999,39.668482635243));
#3801 = CARTESIAN_POINT('',(0.162744173305,39.77411252762));
#3802 = CARTESIAN_POINT('',(0.162742905698,39.879707065515));
#3803 = CARTESIAN_POINT('',(0.16274348578,39.985288639148));
#3804 = CARTESIAN_POINT('',(0.162746143478,40.090881041639));
#3805 = CARTESIAN_POINT('',(0.162750105167,40.196508436766));
#3806 = CARTESIAN_POINT('',(0.162758954142,40.412465964595));
#3807 = CARTESIAN_POINT('',(0.162763875797,40.522892417071));
#3808 = CARTESIAN_POINT('',(0.162768124121,40.633274177421));
#3809 = CARTESIAN_POINT('',(0.162770307939,40.743638101753));
#3810 = CARTESIAN_POINT('',(0.162769730601,40.854012073044));
#3811 = CARTESIAN_POINT('',(0.162767019501,40.964428100141));
#3812 = CARTESIAN_POINT('',(0.162759043275,41.192307931032));
#3813 = CARTESIAN_POINT('',(0.162753624456,41.309892124695));
#3814 = CARTESIAN_POINT('',(0.162748078406,41.427416163139));
#3815 = CARTESIAN_POINT('',(0.162744205542,41.544923057116));
#3816 = CARTESIAN_POINT('',(0.162743117164,41.662446740903));
#3817 = CARTESIAN_POINT('',(0.162744048119,41.780030019178));
#3818 = CARTESIAN_POINT('',(0.16274768033,42.005117377138));
#3819 = CARTESIAN_POINT('',(0.162750222991,42.112747380361));
#3820 = CARTESIAN_POINT('',(0.162752760417,42.220338309589));
#3821 = CARTESIAN_POINT('',(0.162754146217,42.327912898794));
#3822 = CARTESIAN_POINT('',(0.162753805081,42.435496498372));
#3823 = CARTESIAN_POINT('',(0.162752655363,42.543116681135));
#3824 = CARTESIAN_POINT('',(0.162750632025,42.767879407114));
#3825 = CARTESIAN_POINT('',(0.162749799073,42.885134049215));
#3826 = CARTESIAN_POINT('',(0.162750452039,43.002329971929));
#3827 = CARTESIAN_POINT('',(0.16275422727,43.119510249246));
#3828 = CARTESIAN_POINT('',(0.162760989715,43.236708014764));
#3829 = CARTESIAN_POINT('',(0.16276623742,43.35396488242));
#3830 = CARTESIAN_POINT('',(0.162768923052,43.587926511087));
#3831 = CARTESIAN_POINT('',(0.162766377541,43.704773559477));
#3832 = CARTESIAN_POINT('',(0.162757500849,43.821561777175));
#3833 = CARTESIAN_POINT('',(0.162741577843,43.93833385843));
#3834 = CARTESIAN_POINT('',(0.162723735933,44.055125962994));
#3835 = CARTESIAN_POINT('',(0.162724651443,44.171976390757));
#3836 = CARTESIAN_POINT('',(0.162739795058,44.349988396534));
#3837 = CARTESIAN_POINT('',(0.162750272878,44.411227583678));
#3838 = CARTESIAN_POINT('',(0.162757684114,44.472466212734));
#3839 = CARTESIAN_POINT('',(0.162757829762,44.533702019943));
#3840 = CARTESIAN_POINT('',(0.162750646906,44.594935258123));
#3841 = CARTESIAN_POINT('',(0.162740208722,44.656168696661));
#3842 = CARTESIAN_POINT('',(0.162725584363,44.819469143483));
#3843 = CARTESIAN_POINT('',(0.162723246163,44.921559798977));
#3844 = CARTESIAN_POINT('',(0.1627341971,45.023623970415));
#3845 = CARTESIAN_POINT('',(0.162748622515,45.125672986717));
#3846 = CARTESIAN_POINT('',(0.162758900318,45.227740955384));
#3847 = CARTESIAN_POINT('',(0.162765056361,45.329836956715));
#3848 = CARTESIAN_POINT('',(0.16276933582,45.535426719442));
#3849 = CARTESIAN_POINT('',(0.162767461154,45.638995770995));
#3850 = CARTESIAN_POINT('',(0.162762214354,45.742535521996));
#3851 = CARTESIAN_POINT('',(0.162756728771,45.846067754132));
#3852 = CARTESIAN_POINT('',(0.162753103187,45.949612930719));
#3853 = CARTESIAN_POINT('',(0.162751341715,46.053188826121));
#3854 = CARTESIAN_POINT('',(0.162750909759,46.156720108741));
#3855 = ( GEOMETRIC_REPRESENTATION_CONTEXT(2) 
PARAMETRIC_REPRESENTATION_CONTEXT() REPRESENTATION_CONTEXT('2D SPACE',''
  ) );
#3856 = PCURVE('',#2769,#3857);
#3857 = DEFINITIONAL_REPRESENTATION('',(#3858),#3915);
#3858 = B_SPLINE_CURVE_WITH_KNOTS('',7,(#3859,#3860,#3861,#3862,#3863,
    #3864,#3865,#3866,#3867,#3868,#3869,#3870,#3871,#3872,#3873,#3874,
    #3875,#3876,#3877,#3878,#3879,#3880,#3881,#3882,#3883,#3884,#3885,
    #3886,#3887,#3888,#3889,#3890,#3891,#3892,#3893,#3894,#3895,#3896,
    #3897,#3898,#3899,#3900,#3901,#3902,#3903,#3904,#3905,#3906,#3907,
    #3908,#3909,#3910,#3911,#3912,#3913,#3914),.UNSPECIFIED.,.F.,.F.,(8,
    6,6,6,6,6,6,6,6,8),(0.,0.112111317043,0.229294870455,0.354061766013,
    0.468283725958,0.592704530809,0.716695589958,0.781713405948,
    0.890072872907,1.),.UNSPECIFIED.);
#3859 = CARTESIAN_POINT('',(0.,12.413154930701));
#3860 = CARTESIAN_POINT('',(0.100612242624,12.445179664286));
#3861 = CARTESIAN_POINT('',(0.201266445121,12.477217918597));
#3862 = CARTESIAN_POINT('',(0.301886322395,12.5092457781));
#3863 = CARTESIAN_POINT('',(0.402493282394,12.541270422365));
#3864 = CARTESIAN_POINT('',(0.503110366338,12.573299157413));
#3865 = CARTESIAN_POINT('',(0.603760882455,12.605339012258));
#3866 = CARTESIAN_POINT('',(0.809543521207,12.670845489492));
#3867 = CARTESIAN_POINT('',(0.914767446041,12.7043413404));
#3868 = CARTESIAN_POINT('',(1.019949173141,12.737823374249));
#3869 = CARTESIAN_POINT('',(1.12511426936,12.771299197027));
#3870 = CARTESIAN_POINT('',(1.230288966375,12.804776995707));
#3871 = CARTESIAN_POINT('',(1.335503508657,12.838266722499));
#3872 = CARTESIAN_POINT('',(1.552647748332,12.907382877635));
#3873 = CARTESIAN_POINT('',(1.664692123286,12.943045762328));
#3874 = CARTESIAN_POINT('',(1.776678758604,12.978690351699));
#3875 = CARTESIAN_POINT('',(1.888648769173,13.014330390197));
#3876 = CARTESIAN_POINT('',(2.000635060979,13.049976601827));
#3877 = CARTESIAN_POINT('',(2.112678801965,13.085641672946));
#3878 = CARTESIAN_POINT('',(2.327163227328,13.153915335373));
#3879 = CARTESIAN_POINT('',(2.429723795075,13.186562059568));
#3880 = CARTESIAN_POINT('',(2.532247708643,13.219196930025));
#3881 = CARTESIAN_POINT('',(2.634756419621,13.251826397418));
#3882 = CARTESIAN_POINT('',(2.737273492188,13.284457927638));
#3883 = CARTESIAN_POINT('',(2.839824737342,13.317100240291));
#3884 = CARTESIAN_POINT('',(3.053999433554,13.385273242462));
#3885 = CARTESIAN_POINT('',(3.165729551945,13.420837948976));
#3886 = CARTESIAN_POINT('',(3.277402657555,13.456385421673));
#3887 = CARTESIAN_POINT('',(3.389060058617,13.49192936051));
#3888 = CARTESIAN_POINT('',(3.500734601231,13.527479762984));
#3889 = CARTESIAN_POINT('',(3.612466658744,13.563047504187));
#3890 = CARTESIAN_POINT('',(3.835406698015,13.634012494014));
#3891 = CARTESIAN_POINT('',(3.946750280173,13.669452906885));
#3892 = CARTESIAN_POINT('',(4.05803852378,13.704873018701));
#3893 = CARTESIAN_POINT('',(4.169311668176,13.740285501696));
#3894 = CARTESIAN_POINT('',(4.280601136114,13.775703313449));
#3895 = CARTESIAN_POINT('',(4.391945681767,13.811146094419));
#3896 = CARTESIAN_POINT('',(4.561570982082,13.865145588379));
#3897 = CARTESIAN_POINT('',(4.619925265297,13.883724386028));
#3898 = CARTESIAN_POINT('',(4.678279180151,13.90230182439));
#3899 = CARTESIAN_POINT('',(4.736630464492,13.92087558738));
#3900 = CARTESIAN_POINT('',(4.794979252476,13.939445727264));
#3901 = CARTESIAN_POINT('',(4.853328074566,13.958014664666));
#3902 = CARTESIAN_POINT('',(5.008934967639,14.007540378219));
#3903 = CARTESIAN_POINT('',(5.106215244501,14.038505044043));
#3904 = CARTESIAN_POINT('',(5.20347068832,14.069466833821));
#3905 = CARTESIAN_POINT('',(5.30071300322,14.100425375112));
#3906 = CARTESIAN_POINT('',(5.397974280463,14.13138805541));
#3907 = CARTESIAN_POINT('',(5.495261866582,14.16235763895));
#3908 = CARTESIAN_POINT('',(5.691167896793,14.224717649762));
#3909 = CARTESIAN_POINT('',(5.789858020073,14.256130914374));
#3910 = CARTESIAN_POINT('',(5.888519224668,14.287533983124));
#3911 = CARTESIAN_POINT('',(5.987172296869,14.318934678628));
#3912 = CARTESIAN_POINT('',(6.085837517063,14.35034002216));
#3913 = CARTESIAN_POINT('',(6.184532359471,14.381755406535));
#3914 = CARTESIAN_POINT('',(6.28318530718,14.413157775136));
#3915 = ( GEOMETRIC_REPRESENTATION_CONTEXT(2) 
PARAMETRIC_REPRESENTATION_CONTEXT() REPRESENTATION_CONTEXT('2D SPACE',''
  ) );
#3916 = ORIENTED_EDGE('',*,*,#3917,.F.);
#3917 = EDGE_CURVE('',#3918,#3736,#3920,.T.);
#3918 = VERTEX_POINT('',#3919);
#3919 = CARTESIAN_POINT('',(3.2,2.173064986045E-15,13.586840667878));
#3920 = SURFACE_CURVE('',#3921,(#3994,#4070),.PCURVE_S1.);
#3921 = B_SPLINE_CURVE_WITH_KNOTS('',8,(#3922,#3923,#3924,#3925,#3926,
    #3927,#3928,#3929,#3930,#3931,#3932,#3933,#3934,#3935,#3936,#3937,
    #3938,#3939,#3940,#3941,#3942,#3943,#3944,#3945,#3946,#3947,#3948,
    #3949,#3950,#3951,#3952,#3953,#3954,#3955,#3956,#3957,#3958,#3959,
    #3960,#3961,#3962,#3963,#3964,#3965,#3966,#3967,#3968,#3969,#3970,
    #3971,#3972,#3973,#3974,#3975,#3976,#3977,#3978,#3979,#3980,#3981,
    #3982,#3983,#3984,#3985,#3986,#3987,#3988,#3989,#3990,#3991,#3992,
    #3993),.UNSPECIFIED.,.F.,.F.,(9,7,7,7,7,7,7,7,7,7,9),(0.,
    9.61175849368E-02,0.213128064856,0.316895006918,0.413957612721,
    0.539027528158,0.601173979707,0.658138248335,0.813727882574,
    0.895547475999,1.),.UNSPECIFIED.);
#3922 = CARTESIAN_POINT('',(3.2,4.053826293691E-15,13.586840667878));
#3923 = CARTESIAN_POINT('',(3.2,-0.241498807912,13.562816957181));
#3924 = CARTESIAN_POINT('',(3.1791706479,-0.483060311905,13.538787198932
    ));
#3925 = CARTESIAN_POINT('',(3.137494083045,-0.722506443204,
    13.514759271759));
#3926 = CARTESIAN_POINT('',(3.07524136463,-0.957732016513,
    13.490734559992));
#3927 = CARTESIAN_POINT('',(2.992926042035,-1.186701896512,
    13.466710992656));
#3928 = CARTESIAN_POINT('',(2.891284717893,-1.407455532286,
    13.44268603569));
#3929 = CARTESIAN_POINT('',(2.771284603911,-1.618118859688,
    13.418659637362));
#3930 = CARTESIAN_POINT('',(2.467224603324,-2.058942082326,
    13.365392889441));
#3931 = CARTESIAN_POINT('',(2.274809984124,-2.283531029098,
    13.336137040316));
#3932 = CARTESIAN_POINT('',(2.059130985229,-2.487403078278,
    13.306887569647));
#3933 = CARTESIAN_POINT('',(1.822841466851,-2.667789121908,
    13.277643318795));
#3934 = CARTESIAN_POINT('',(1.568912243832,-2.822358689339,
    13.248398617651));
#3935 = CARTESIAN_POINT('',(1.300594160374,-2.949191233357,
    13.219147966893));
#3936 = CARTESIAN_POINT('',(1.021431399628,-3.046820881078,
    13.189890628921));
#3937 = CARTESIAN_POINT('',(0.481538676921,-3.174287401536,
    13.134709447578));
#3938 = CARTESIAN_POINT('',(0.222141155213,-3.210583683748,
    13.108767177455));
#3939 = CARTESIAN_POINT('',(-4.023932400558E-02,-3.222617487652,
    13.082827629893));
#3940 = CARTESIAN_POINT('',(-0.302952480406,-3.21014272219,
    13.056891583211));
#3941 = CARTESIAN_POINT('',(-0.563363807308,-3.173248992992,
    13.030955558099));
#3942 = CARTESIAN_POINT('',(-0.818865380632,-3.112339485509,
    13.00501621116));
#3943 = CARTESIAN_POINT('',(-1.066892607841,-3.028153542388,
    12.979074708834));
#3944 = CARTESIAN_POINT('',(-1.527620642199,-2.822383590602,
    12.928883014767));
#3945 = CARTESIAN_POINT('',(-1.741705485365,-2.703506085303,
    12.904617161486));
#3946 = CARTESIAN_POINT('',(-1.94513113609,-2.566100772461,
    12.880352755966));
#3947 = CARTESIAN_POINT('',(-2.136027864704,-2.41131336346,
    12.856091423496));
#3948 = CARTESIAN_POINT('',(-2.312701360549,-2.240488811302,
    12.831830808975));
#3949 = CARTESIAN_POINT('',(-2.473626211966,-2.055147993884,
    12.807567939438));
#3950 = CARTESIAN_POINT('',(-2.61745802786,-1.85698819703,
    12.783302320675));
#3951 = CARTESIAN_POINT('',(-2.90491389883,-1.378496559524,
    12.727773993403));
#3952 = CARTESIAN_POINT('',(-3.036609699691,-1.090773604545,
    12.69649202273));
#3953 = CARTESIAN_POINT('',(-3.135586438745,-0.788887672101,
    12.665219076625));
#3954 = CARTESIAN_POINT('',(-3.20015697798,-0.477220407107,
    12.633954375493));
#3955 = CARTESIAN_POINT('',(-3.229327620897,-0.160274622974,
    12.602691878844));
#3956 = CARTESIAN_POINT('',(-3.222735517767,0.15735315163,
    12.571424681978));
#3957 = CARTESIAN_POINT('',(-3.180716380988,0.470980883985,
    12.540149717265));
#3958 = CARTESIAN_POINT('',(-3.066644773158,0.927404372547,
    12.493357853533));
#3959 = CARTESIAN_POINT('',(-3.020325459136,1.076809398628,
    12.477824880561));
#3960 = CARTESIAN_POINT('',(-2.965694036391,1.223549670872,
    12.462291269469));
#3961 = CARTESIAN_POINT('',(-2.902931534986,1.367084585138,
    12.446756898069));
#3962 = CARTESIAN_POINT('',(-2.832258866885,1.506892988377,
    12.431221740922));
#3963 = CARTESIAN_POINT('',(-2.753936825954,1.642473178636,
    12.415685869345));
#3964 = CARTESIAN_POINT('',(-2.668266087963,1.773342905054,
    12.40014945141));
#3965 = CARTESIAN_POINT('',(-2.490636512094,2.014254426726,
    12.370371605422));
#3966 = CARTESIAN_POINT('',(-2.399787384011,2.125133430574,
    12.356129398855));
#3967 = CARTESIAN_POINT('',(-2.303310234728,2.231315248092,
    12.341888200419));
#3968 = CARTESIAN_POINT('',(-2.201493318657,2.332464092115,
    12.327649114399));
#3969 = CARTESIAN_POINT('',(-2.094642736224,2.428269519626,
    12.31341228119));
#3970 = CARTESIAN_POINT('',(-1.983082433866,2.518446431761,
    12.299176877295));
#3971 = CARTESIAN_POINT('',(-1.867154204034,2.602735073808,
    12.284941115329));
#3972 = CARTESIAN_POINT('',(-1.419628486771,2.894400016867,
    12.231810833069));
#3973 = CARTESIAN_POINT('',(-1.061809553186,3.062421079229,
    12.192865834472));
#3974 = CARTESIAN_POINT('',(-0.681728700509,3.179485837107,
    12.153938799876));
#3975 = CARTESIAN_POINT('',(-0.287951687906,3.24250183219,
    12.115031917048));
#3976 = CARTESIAN_POINT('',(0.110751652076,3.249855581728,
    12.076130782873));
#3977 = CARTESIAN_POINT('',(0.505479615372,3.201610198296,
    12.037216719497));
#3978 = CARTESIAN_POINT('',(0.887285536236,3.099294800377,
    11.998276496216));
#3979 = CARTESIAN_POINT('',(1.436746712618,2.866712833767,
    11.938928009316));
#3980 = CARTESIAN_POINT('',(1.620237021915,2.772644546136,
    11.918473009189));
#3981 = CARTESIAN_POINT('',(1.796639206821,2.665174341482,
    11.898018639424));
#3982 = CARTESIAN_POINT('',(1.964818083224,2.544933072563,
    11.877564752085));
#3983 = CARTESIAN_POINT('',(2.123711697131,2.412658903746,
    11.857110263448));
#3984 = CARTESIAN_POINT('',(2.272332263594,2.269192583443,
    11.836654474803));
#3985 = CARTESIAN_POINT('',(2.409774362831,2.115481108528,
    11.816198453247));
#3986 = CARTESIAN_POINT('',(2.695390063162,1.744639464532,
    11.769637066135));
#3987 = CARTESIAN_POINT('',(2.836108203029,1.521607185917,
    11.743519288018));
#3988 = CARTESIAN_POINT('',(2.955649906733,1.285702712849,11.71740430787
    ));
#3989 = CARTESIAN_POINT('',(3.052671135155,1.039296741815,
    11.691293663509));
#3990 = CARTESIAN_POINT('',(3.126154877935,0.784882556578,
    11.665183866137));
#3991 = CARTESIAN_POINT('',(3.175391032412,0.525053501351,
    11.639070973114));
#3992 = CARTESIAN_POINT('',(3.2,0.262496268387,11.612955128208));
#3993 = CARTESIAN_POINT('',(3.2,-3.740619094571E-15,11.586845069299));
#3994 = PCURVE('',#598,#3995);
#3995 = DEFINITIONAL_REPRESENTATION('',(#3996),#4069);
#3996 = B_SPLINE_CURVE_WITH_KNOTS('',8,(#3997,#3998,#3999,#4000,#4001,
    #4002,#4003,#4004,#4005,#4006,#4007,#4008,#4009,#4010,#4011,#4012,
    #4013,#4014,#4015,#4016,#4017,#4018,#4019,#4020,#4021,#4022,#4023,
    #4024,#4025,#4026,#4027,#4028,#4029,#4030,#4031,#4032,#4033,#4034,
    #4035,#4036,#4037,#4038,#4039,#4040,#4041,#4042,#4043,#4044,#4045,
    #4046,#4047,#4048,#4049,#4050,#4051,#4052,#4053,#4054,#4055,#4056,
    #4057,#4058,#4059,#4060,#4061,#4062,#4063,#4064,#4065,#4066,#4067,
    #4068),.UNSPECIFIED.,.F.,.F.,(9,7,7,7,7,7,7,7,7,7,9),(0.,
    9.61175849368E-02,0.213128064856,0.316895006918,0.413957612721,
    0.539027528158,0.601173979707,0.658138248335,0.813727882574,
    0.895547475999,1.),.UNSPECIFIED.);
#3997 = CARTESIAN_POINT('',(0.16275796571,32.969082976764));
#3998 = CARTESIAN_POINT('',(0.162761255104,33.048282739765));
#3999 = CARTESIAN_POINT('',(0.162764434441,33.1275025818));
#4000 = CARTESIAN_POINT('',(0.162767116294,33.206717023421));
#4001 = CARTESIAN_POINT('',(0.162768897622,33.285922016267));
#4002 = CARTESIAN_POINT('',(0.162769515793,33.365124724159));
#4003 = CARTESIAN_POINT('',(0.16276892493,33.444333560359));
#4004 = CARTESIAN_POINT('',(0.16276729261,33.523548481027));
#4005 = CARTESIAN_POINT('',(0.162762024782,33.699170804474));
#4006 = CARTESIAN_POINT('',(0.162758029185,33.795629768481));
#4007 = CARTESIAN_POINT('',(0.162753457519,33.89206844032));
#4008 = CARTESIAN_POINT('',(0.162749131534,33.988489588577));
#4009 = CARTESIAN_POINT('',(0.162745887256,34.084910837484));
#4010 = CARTESIAN_POINT('',(0.162744183001,34.181349731431));
#4011 = CARTESIAN_POINT('',(0.162743901381,34.277808852409));
#4012 = CARTESIAN_POINT('',(0.162745316179,34.459734337626));
#4013 = CARTESIAN_POINT('',(0.162746785679,34.545261743498));
#4014 = CARTESIAN_POINT('',(0.162748812509,34.630779460295));
#4015 = CARTESIAN_POINT('',(0.162750886357,34.716285574854));
#4016 = CARTESIAN_POINT('',(0.162752505687,34.801792199806));
#4017 = CARTESIAN_POINT('',(0.162753363636,34.887310750621));
#4018 = CARTESIAN_POINT('',(0.162753447937,34.972837397345));
#4019 = CARTESIAN_POINT('',(0.162752687183,35.138315783883));
#4020 = CARTESIAN_POINT('',(0.162751903214,35.218319080203));
#4021 = CARTESIAN_POINT('',(0.16275089281,35.298317893086));
#4022 = CARTESIAN_POINT('',(0.162750109029,35.378306284467));
#4023 = CARTESIAN_POINT('',(0.162750047111,35.45829138529));
#4024 = CARTESIAN_POINT('',(0.162751049311,35.538282559276));
#4025 = CARTESIAN_POINT('',(0.162753135591,35.618281410247));
#4026 = CARTESIAN_POINT('',(0.16275937093,35.80134523641));
#4027 = CARTESIAN_POINT('',(0.16276397742,35.904473131961));
#4028 = CARTESIAN_POINT('',(0.162768678,36.007571153963));
#4029 = CARTESIAN_POINT('',(0.162771918969,36.110643860447));
#4030 = CARTESIAN_POINT('',(0.162770463251,36.213715307849));
#4031 = CARTESIAN_POINT('',(0.162762728458,36.316810284836));
#4032 = CARTESIAN_POINT('',(0.162751626551,36.419935179553));
#4033 = CARTESIAN_POINT('',(0.162737122751,36.574222219914));
#4034 = CARTESIAN_POINT('',(0.162732351799,36.625439111479));
#4035 = CARTESIAN_POINT('',(0.162728749726,36.676656611407));
#4036 = CARTESIAN_POINT('',(0.162727057777,36.727874174213));
#4037 = CARTESIAN_POINT('',(0.162727633145,36.779091426773));
#4038 = CARTESIAN_POINT('',(0.162730448972,36.830308168328));
#4039 = CARTESIAN_POINT('',(0.162735094345,36.881524370478));
#4040 = CARTESIAN_POINT('',(0.162745980631,36.979685270574));
#4041 = CARTESIAN_POINT('',(0.162751996353,37.026632823297));
#4042 = CARTESIAN_POINT('',(0.162755859618,37.07357980614));
#4043 = CARTESIAN_POINT('',(0.162755961748,37.120524636499));
#4044 = CARTESIAN_POINT('',(0.162752047246,37.167467178391));
#4045 = CARTESIAN_POINT('',(0.16274521379,37.214408742445));
#4046 = CARTESIAN_POINT('',(0.162737912236,37.26135208591));
#4047 = CARTESIAN_POINT('',(0.162723115102,37.436536686298));
#4048 = CARTESIAN_POINT('',(0.162723237681,37.564934618919));
#4049 = CARTESIAN_POINT('',(0.162745995346,37.693244366715));
#4050 = CARTESIAN_POINT('',(0.162765245759,37.821492163386));
#4051 = CARTESIAN_POINT('',(0.162772112634,37.949736850402));
#4052 = CARTESIAN_POINT('',(0.162771197309,38.078034120379));
#4053 = CARTESIAN_POINT('',(0.162766544446,38.206422418905));
#4054 = CARTESIAN_POINT('',(0.162758813596,38.402098829288));
#4055 = CARTESIAN_POINT('',(0.162756024325,38.469540657745));
#4056 = CARTESIAN_POINT('',(0.162753578071,38.536979969099));
#4057 = CARTESIAN_POINT('',(0.162751802434,38.60441683196));
#4058 = CARTESIAN_POINT('',(0.162750815954,38.671854667606));
#4059 = CARTESIAN_POINT('',(0.162750529483,38.739295893677));
#4060 = CARTESIAN_POINT('',(0.162750717607,38.806737280439));
#4061 = CARTESIAN_POINT('',(0.162751725089,38.960244615545));
#4062 = CARTESIAN_POINT('',(0.162752702645,39.04635128457));
#4063 = CARTESIAN_POINT('',(0.162753613458,39.132448814336));
#4064 = CARTESIAN_POINT('',(0.162753914332,39.218532829761));
#4065 = CARTESIAN_POINT('',(0.16275332476,39.30461519197));
#4066 = CARTESIAN_POINT('',(0.162751947282,39.390708768291));
#4067 = CARTESIAN_POINT('',(0.162750181664,39.476812573284));
#4068 = CARTESIAN_POINT('',(0.162748432903,39.562897280809));
#4069 = ( GEOMETRIC_REPRESENTATION_CONTEXT(2) 
PARAMETRIC_REPRESENTATION_CONTEXT() REPRESENTATION_CONTEXT('2D SPACE',''
  ) );
#4070 = PCURVE('',#2548,#4071);
#4071 = DEFINITIONAL_REPRESENTATION('',(#4072),#4145);
#4072 = B_SPLINE_CURVE_WITH_KNOTS('',8,(#4073,#4074,#4075,#4076,#4077,
    #4078,#4079,#4080,#4081,#4082,#4083,#4084,#4085,#4086,#4087,#4088,
    #4089,#4090,#4091,#4092,#4093,#4094,#4095,#4096,#4097,#4098,#4099,
    #4100,#4101,#4102,#4103,#4104,#4105,#4106,#4107,#4108,#4109,#4110,
    #4111,#4112,#4113,#4114,#4115,#4116,#4117,#4118,#4119,#4120,#4121,
    #4122,#4123,#4124,#4125,#4126,#4127,#4128,#4129,#4130,#4131,#4132,
    #4133,#4134,#4135,#4136,#4137,#4138,#4139,#4140,#4141,#4142,#4143,
    #4144),.UNSPECIFIED.,.F.,.F.,(9,7,7,7,7,7,7,7,7,7,9),(0.,
    9.61175849368E-02,0.213128064856,0.316895006918,0.413957612721,
    0.539027528158,0.601173979707,0.658138248335,0.813727882574,
    0.895547475999,1.),.UNSPECIFIED.);
#4073 = CARTESIAN_POINT('',(0.,10.413159332122));
#4074 = CARTESIAN_POINT('',(7.54683774724E-02,10.437183042819));
#4075 = CARTESIAN_POINT('',(0.150956038351,10.461212801068));
#4076 = CARTESIAN_POINT('',(0.226438729326,10.485240728241));
#4077 = CARTESIAN_POINT('',(0.301912564341,10.509265440008));
#4078 = CARTESIAN_POINT('',(0.377384299704,10.533289007344));
#4079 = CARTESIAN_POINT('',(0.452861861507,10.55731396431));
#4080 = CARTESIAN_POINT('',(0.528345125373,10.581340362638));
#4081 = CARTESIAN_POINT('',(0.69569393703,10.634607110559));
#4082 = CARTESIAN_POINT('',(0.787608551506,10.663862959684));
#4083 = CARTESIAN_POINT('',(0.879503560173,10.693112430353));
#4084 = CARTESIAN_POINT('',(0.971381600138,10.722356681205));
#4085 = CARTESIAN_POINT('',(1.063259610554,10.751601382349));
#4086 = CARTESIAN_POINT('',(1.15515454163,10.780852033107));
#4087 = CARTESIAN_POINT('',(1.247069059235,10.810109371079));
#4088 = CARTESIAN_POINT('',(1.420424013091,10.865290552422));
#4089 = CARTESIAN_POINT('',(1.501922529127,10.891232822545));
#4090 = CARTESIAN_POINT('',(1.583412195751,10.917172370107));
#4091 = CARTESIAN_POINT('',(1.664891187398,10.943108416789));
#4092 = CARTESIAN_POINT('',(1.746370939648,10.969044441901));
#4093 = CARTESIAN_POINT('',(1.82786213189,10.99498378884));
#4094 = CARTESIAN_POINT('',(1.90936088309,11.020925291166));
#4095 = CARTESIAN_POINT('',(2.067045421156,11.071116985233));
#4096 = CARTESIAN_POINT('',(2.143280374249,11.095382838514));
#4097 = CARTESIAN_POINT('',(2.219510646825,11.119647244034));
#4098 = CARTESIAN_POINT('',(2.295730483921,11.143908576504));
#4099 = CARTESIAN_POINT('',(2.371946691599,11.168169191025));
#4100 = CARTESIAN_POINT('',(2.448168328005,11.192432060562));
#4101 = CARTESIAN_POINT('',(2.524397142596,11.216697679325));
#4102 = CARTESIAN_POINT('',(2.698834050546,11.272226006597));
#4103 = CARTESIAN_POINT('',(2.797102152622,11.30350797727));
#4104 = CARTESIAN_POINT('',(2.895342346619,11.334780923375));
#4105 = CARTESIAN_POINT('',(2.993559468116,11.366045624507));
#4106 = CARTESIAN_POINT('',(3.091776479152,11.397308121156));
#4107 = CARTESIAN_POINT('',(3.190016377003,11.428575318022));
#4108 = CARTESIAN_POINT('',(3.288284296716,11.459850282735));
#4109 = CARTESIAN_POINT('',(3.435303751153,11.506642146467));
#4110 = CARTESIAN_POINT('',(3.484107919269,11.522175119439));
#4111 = CARTESIAN_POINT('',(3.532912490466,11.537708730531));
#4112 = CARTESIAN_POINT('',(3.581716978014,11.553243101931));
#4113 = CARTESIAN_POINT('',(3.630521082461,11.568778259078));
#4114 = CARTESIAN_POINT('',(3.679324691622,11.584314130655));
#4115 = CARTESIAN_POINT('',(3.728127880587,11.59985054859));
#4116 = CARTESIAN_POINT('',(3.821664422732,11.629628394578));
#4117 = CARTESIAN_POINT('',(3.866400395488,11.643870601145));
#4118 = CARTESIAN_POINT('',(3.911135893143,11.658111799581));
#4119 = CARTESIAN_POINT('',(3.955869359478,11.672350885601));
#4120 = CARTESIAN_POINT('',(4.000600618902,11.68658771881));
#4121 = CARTESIAN_POINT('',(4.045330876445,11.700823122705));
#4122 = CARTESIAN_POINT('',(4.090062717763,11.715058884671));
#4123 = CARTESIAN_POINT('',(4.256993802271,11.768189166931));
#4124 = CARTESIAN_POINT('',(4.379341726968,11.807134165528));
#4125 = CARTESIAN_POINT('',(4.501606187329,11.846061200124));
#4126 = CARTESIAN_POINT('',(4.623815459973,11.884968082952));
#4127 = CARTESIAN_POINT('',(4.746020969155,11.923869217127));
#4128 = CARTESIAN_POINT('',(4.868275183535,11.962783280503));
#4129 = CARTESIAN_POINT('',(4.990614549031,12.001723503784));
#4130 = CARTESIAN_POINT('',(5.177070484767,12.061071990684));
#4131 = CARTESIAN_POINT('',(5.241334145799,12.081526990811));
#4132 = CARTESIAN_POINT('',(5.305595262359,12.101981360576));
#4133 = CARTESIAN_POINT('',(5.369854043277,12.122435247915));
#4134 = CARTESIAN_POINT('',(5.434113891798,12.142889736552));
#4135 = CARTESIAN_POINT('',(5.498377220407,12.163345525197));
#4136 = CARTESIAN_POINT('',(5.562641008531,12.183801546753));
#4137 = CARTESIAN_POINT('',(5.708916331257,12.230362933865));
#4138 = CARTESIAN_POINT('',(5.790966862037,12.256480711982));
#4139 = CARTESIAN_POINT('',(5.873009213908,12.28259569213));
#4140 = CARTESIAN_POINT('',(5.955039080626,12.308706336491));
#4141 = CARTESIAN_POINT('',(6.037067543568,12.334816133863));
#4142 = CARTESIAN_POINT('',(6.119106630857,12.360929026886));
#4143 = CARTESIAN_POINT('',(6.201155223309,12.387044871792));
#4144 = CARTESIAN_POINT('',(6.28318530718,12.413154930701));
#4145 = ( GEOMETRIC_REPRESENTATION_CONTEXT(2) 
PARAMETRIC_REPRESENTATION_CONTEXT() REPRESENTATION_CONTEXT('2D SPACE',''
  ) );
#4146 = ORIENTED_EDGE('',*,*,#4147,.F.);
#4147 = EDGE_CURVE('',#4148,#3918,#4150,.T.);
#4148 = VERTEX_POINT('',#4149);
#4149 = CARTESIAN_POINT('',(3.2,2.417994343871E-15,15.58684065152));
#4150 = SURFACE_CURVE('',#4151,(#4217,#4286),.PCURVE_S1.);
#4151 = B_SPLINE_CURVE_WITH_KNOTS('',8,(#4152,#4153,#4154,#4155,#4156,
    #4157,#4158,#4159,#4160,#4161,#4162,#4163,#4164,#4165,#4166,#4167,
    #4168,#4169,#4170,#4171,#4172,#4173,#4174,#4175,#4176,#4177,#4178,
    #4179,#4180,#4181,#4182,#4183,#4184,#4185,#4186,#4187,#4188,#4189,
    #4190,#4191,#4192,#4193,#4194,#4195,#4196,#4197,#4198,#4199,#4200,
    #4201,#4202,#4203,#4204,#4205,#4206,#4207,#4208,#4209,#4210,#4211,
    #4212,#4213,#4214,#4215,#4216),.UNSPECIFIED.,.F.,.F.,(9,7,7,7,7,7,7,
    7,7,9),(0.,0.103668823046,0.219206904159,0.341589005046,
    0.463417695946,0.562587305513,0.657063327181,0.73965455623,
    0.845443789611,1.),.UNSPECIFIED.);
#4152 = CARTESIAN_POINT('',(3.2,-1.421364469831E-16,15.58684065152));
#4153 = CARTESIAN_POINT('',(3.2,-0.260504200944,15.560929081759));
#4154 = CARTESIAN_POINT('',(3.175763112134,-0.521083281297,
    15.535010224316));
#4155 = CARTESIAN_POINT('',(3.127266760435,-0.779000095441,
    15.509093699015));
#4156 = CARTESIAN_POINT('',(3.054879836395,-1.03161975785,
    15.483180443255));
#4157 = CARTESIAN_POINT('',(2.959295127258,-1.27640240529,
    15.457267068236));
#4158 = CARTESIAN_POINT('',(2.841503253572,-1.510909827534,
    15.43135019866));
#4159 = CARTESIAN_POINT('',(2.702808115984,-1.732825966578,
    15.40543079592));
#4160 = CARTESIAN_POINT('',(2.36887851074,-2.170875388087,15.35063937718
    ));
#4161 = CARTESIAN_POINT('',(2.16885857245,-2.383608411135,
    15.321747877999));
#4162 = CARTESIAN_POINT('',(1.947107500891,-2.57512465432,
    15.292862204305));
#4163 = CARTESIAN_POINT('',(1.70630257285,-2.742872938766,
    15.263982384065));
#4164 = CARTESIAN_POINT('',(1.449403569981,-2.884736395651,
    15.235103657384));
#4165 = CARTESIAN_POINT('',(1.179616969132,-2.999003163678,
    15.206220757663));
#4166 = CARTESIAN_POINT('',(0.900404182911,-3.084405884581,
    15.177332186389));
#4167 = CARTESIAN_POINT('',(0.313724166417,-3.199397749213,
    15.117864391649));
#4168 = CARTESIAN_POINT('',(5.310901940123E-03,-3.225430297504,
    15.087260817931));
#4169 = CARTESIAN_POINT('',(-0.305283006234,-3.217420695821,
    15.056664650253));
#4170 = CARTESIAN_POINT('',(-0.613668699063,-3.175260457338,
    15.026073924355));
#4171 = CARTESIAN_POINT('',(-0.91556064738,-3.099476602317,
    14.995481925499));
#4172 = CARTESIAN_POINT('',(-1.206781901742,-2.99117354238,
    14.964882691148));
#4173 = CARTESIAN_POINT('',(-1.483291956393,-2.852088765339,
    14.934276233046));
#4174 = CARTESIAN_POINT('',(-1.998126162237,-2.518174712088,
    14.873235423251));
#4175 = CARTESIAN_POINT('',(-2.236868169266,-2.323437676134,
    14.842771169292));
#4176 = CARTESIAN_POINT('',(-2.453724258996,-2.102941724225,
    14.812316345853));
#4177 = CARTESIAN_POINT('',(-2.645504909601,-1.859617725239,
    14.781869675886));
#4178 = CARTESIAN_POINT('',(-2.809526616114,-1.596776899992,
    14.751423840796));
#4179 = CARTESIAN_POINT('',(-2.943577801206,-1.318065994316,
    14.720970005331));
#4180 = CARTESIAN_POINT('',(-3.045977547424,-1.027485776722,
    14.690504326828));
#4181 = CARTESIAN_POINT('',(-3.17255525228,-0.486809893944,
    14.635262791463));
#4182 = CARTESIAN_POINT('',(-3.207775093865,-0.239085766751,
    14.610469665036));
#4183 = CARTESIAN_POINT('',(-3.220857055783,1.142689444405E-02,
    14.585664521439));
#4184 = CARTESIAN_POINT('',(-3.211578896589,0.262421108024,
    14.560893091601));
#4185 = CARTESIAN_POINT('',(-3.179988568269,0.511594018127,
    14.536113819603));
#4186 = CARTESIAN_POINT('',(-3.126410867007,0.756664184582,
    14.511324238108));
#4187 = CARTESIAN_POINT('',(-3.051441395364,0.995385829187,
    14.486533518403));
#4188 = CARTESIAN_POINT('',(-2.865097042097,1.444842028132,
    14.438132172595));
#4189 = CARTESIAN_POINT('',(-2.75557177038,1.656465912693,
    14.414511346474));
#4190 = CARTESIAN_POINT('',(-2.62821030424,1.858522768898,
    14.390891246682));
#4191 = CARTESIAN_POINT('',(-2.484009333864,2.049264628806,
    14.36727371628));
#4192 = CARTESIAN_POINT('',(-2.324150534149,2.227087195775,
    14.343657307124));
#4193 = CARTESIAN_POINT('',(-2.149984179303,2.390527667432,
    14.320039895641));
#4194 = CARTESIAN_POINT('',(-1.9630328672,2.53827852142,14.296421592531)
  );
#4195 = CARTESIAN_POINT('',(-1.591907833304,2.783684315754,
    14.252164824243));
#4196 = CARTESIAN_POINT('',(-1.410284084146,2.885342186505,
    14.231518296304));
#4197 = CARTESIAN_POINT('',(-1.22128226589,2.973426619336,
    14.210872090264));
#4198 = CARTESIAN_POINT('',(-1.026097524666,3.047320202839,
    14.190226775407));
#4199 = CARTESIAN_POINT('',(-0.825971227001,3.106536098471,
    14.169581330934));
#4200 = CARTESIAN_POINT('',(-0.622184455944,3.150712665276,
    14.148934640372));
#4201 = CARTESIAN_POINT('',(-0.416055769174,3.179618981847,
    14.12828691207));
#4202 = CARTESIAN_POINT('',(5.634255211159E-02,3.210530078605,
    14.08119617798));
#4203 = CARTESIAN_POINT('',(0.323348080979,3.20270500284,14.054744080244
    ));
#4204 = CARTESIAN_POINT('',(0.589174286785,3.1694845154,14.028294976112)
  );
#4205 = CARTESIAN_POINT('',(0.851006336164,3.111086394074,
    14.001849835981));
#4206 = CARTESIAN_POINT('',(1.10610910942,3.028082651607,13.975404887746
    ));
#4207 = CARTESIAN_POINT('',(1.351835907547,2.921372227086,13.94895627892
    ));
#4208 = CARTESIAN_POINT('',(1.585650399952,2.792201434428,
    13.922504870276));
#4209 = CARTESIAN_POINT('',(2.125864128543,2.423129705807,13.85742736652
    ));
#4210 = CARTESIAN_POINT('',(2.416583048819,2.159260968515,
    13.818744747782));
#4211 = CARTESIAN_POINT('',(2.669330971278,1.855795091559,
    13.780090812423));
#4212 = CARTESIAN_POINT('',(2.878104700385,1.519319437424,
    13.741454186127));
#4213 = CARTESIAN_POINT('',(3.038143995342,1.157130003534,
    13.702817130137));
#4214 = CARTESIAN_POINT('',(3.146119468979,0.77727238525,13.66416195208)
  );
#4215 = CARTESIAN_POINT('',(3.2,0.388413351029,13.625479077965));
#4216 = CARTESIAN_POINT('',(3.2,4.053826293691E-15,13.586840667878));
#4217 = PCURVE('',#598,#4218);
#4218 = DEFINITIONAL_REPRESENTATION('',(#4219),#4285);
#4219 = B_SPLINE_CURVE_WITH_KNOTS('',8,(#4220,#4221,#4222,#4223,#4224,
    #4225,#4226,#4227,#4228,#4229,#4230,#4231,#4232,#4233,#4234,#4235,
    #4236,#4237,#4238,#4239,#4240,#4241,#4242,#4243,#4244,#4245,#4246,
    #4247,#4248,#4249,#4250,#4251,#4252,#4253,#4254,#4255,#4256,#4257,
    #4258,#4259,#4260,#4261,#4262,#4263,#4264,#4265,#4266,#4267,#4268,
    #4269,#4270,#4271,#4272,#4273,#4274,#4275,#4276,#4277,#4278,#4279,
    #4280,#4281,#4282,#4283,#4284),.UNSPECIFIED.,.F.,.F.,(9,7,7,7,7,7,7,
    7,7,9),(0.,0.103668823046,0.219206904159,0.341589005046,
    0.463417695946,0.562587305513,0.657063327181,0.73965455623,
    0.845443789611,1.),.UNSPECIFIED.);
#4220 = CARTESIAN_POINT('',(0.162757823722,26.375266593402));
#4221 = CARTESIAN_POINT('',(0.162754273858,26.460699204718));
#4222 = CARTESIAN_POINT('',(0.162750613757,26.54615598389));
#4223 = CARTESIAN_POINT('',(0.162747326918,26.631604596656));
#4224 = CARTESIAN_POINT('',(0.162744926027,26.717041296572));
#4225 = CARTESIAN_POINT('',(0.162743713253,26.802476869611));
#4226 = CARTESIAN_POINT('',(0.162743678687,26.887922456494));
#4227 = CARTESIAN_POINT('',(0.162744536931,26.973375252735));
#4228 = CARTESIAN_POINT('',(0.162747423015,27.154013844042));
#4229 = CARTESIAN_POINT('',(0.162749574174,27.249263715593));
#4230 = CARTESIAN_POINT('',(0.162751833111,27.344494243158));
#4231 = CARTESIAN_POINT('',(0.162753497722,27.439706232797));
#4232 = CARTESIAN_POINT('',(0.162754045729,27.534916045645));
#4233 = CARTESIAN_POINT('',(0.162753500038,27.630141015888));
#4234 = CARTESIAN_POINT('',(0.162752481808,27.725385289283));
#4235 = CARTESIAN_POINT('',(0.162750734489,27.921447391409));
#4236 = CARTESIAN_POINT('',(0.162750030891,28.022345468077));
#4237 = CARTESIAN_POINT('',(0.162750279423,28.123217909561));
#4238 = CARTESIAN_POINT('',(0.162752389068,28.224070028911));
#4239 = CARTESIAN_POINT('',(0.162756682116,28.324923551663));
#4240 = CARTESIAN_POINT('',(0.162762060606,28.425799540473));
#4241 = CARTESIAN_POINT('',(0.162766149676,28.526700994993));
#4242 = CARTESIAN_POINT('',(0.162768823325,28.727943527379));
#4243 = CARTESIAN_POINT('',(0.162767428049,28.8283831645));
#4244 = CARTESIAN_POINT('',(0.162761808422,28.928797114645));
#4245 = CARTESIAN_POINT('',(0.162751251467,29.029190500345));
#4246 = CARTESIAN_POINT('',(0.162737139012,29.129585682388));
#4247 = CARTESIAN_POINT('',(0.162725747374,29.230003759894));
#4248 = CARTESIAN_POINT('',(0.162725653897,29.33044642807));
#4249 = CARTESIAN_POINT('',(0.162738744042,29.512555957652));
#4250 = CARTESIAN_POINT('',(0.16274283567,29.594291387411));
#4251 = CARTESIAN_POINT('',(0.162787155198,29.676014969663));
#4252 = CARTESIAN_POINT('',(0.162745965461,29.757736799885));
#4253 = CARTESIAN_POINT('',(0.162729676746,29.839452627692));
#4254 = CARTESIAN_POINT('',(0.162729039917,29.921182419484));
#4255 = CARTESIAN_POINT('',(0.162726629683,30.002918232921));
#4256 = CARTESIAN_POINT('',(0.162733703912,30.162483981381));
#4257 = CARTESIAN_POINT('',(0.162740981016,30.24035036903));
#4258 = CARTESIAN_POINT('',(0.162750135513,30.318211960133));
#4259 = CARTESIAN_POINT('',(0.162758595575,30.396065968658));
#4260 = CARTESIAN_POINT('',(0.162764583918,30.473919442826));
#4261 = CARTESIAN_POINT('',(0.162767677975,30.551779924485));
#4262 = CARTESIAN_POINT('',(0.162768512211,30.629646236951));
#4263 = CARTESIAN_POINT('',(0.162766844824,30.775558877302));
#4264 = CARTESIAN_POINT('',(0.16276477388,30.843631236368));
#4265 = CARTESIAN_POINT('',(0.162761861706,30.911703610425));
#4266 = CARTESIAN_POINT('',(0.162758731538,30.979773325235));
#4267 = CARTESIAN_POINT('',(0.162755921132,31.047843058276));
#4268 = CARTESIAN_POINT('',(0.162753745571,31.115916087344));
#4269 = CARTESIAN_POINT('',(0.162752279614,31.183991629885));
#4270 = CARTESIAN_POINT('',(0.162750409238,31.339247855348));
#4271 = CARTESIAN_POINT('',(0.162750409682,31.426457995608));
#4272 = CARTESIAN_POINT('',(0.162751354962,31.513657057419));
#4273 = CARTESIAN_POINT('',(0.162752623885,31.600842636211));
#4274 = CARTESIAN_POINT('',(0.162753555032,31.688028014494));
#4275 = CARTESIAN_POINT('',(0.162753738538,31.77522641793));
#4276 = CARTESIAN_POINT('',(0.162753124669,31.862435072264));
#4277 = CARTESIAN_POINT('',(0.162750231816,32.076993336243));
#4278 = CARTESIAN_POINT('',(0.162747303294,32.204530130114));
#4279 = CARTESIAN_POINT('',(0.162743842593,32.331973038372));
#4280 = CARTESIAN_POINT('',(0.162741641177,32.459357269138));
#4281 = CARTESIAN_POINT('',(0.162742866069,32.586738532963));
#4282 = CARTESIAN_POINT('',(0.162747094849,32.714175700451));
#4283 = CARTESIAN_POINT('',(0.16275267523,32.841702450071));
#4284 = CARTESIAN_POINT('',(0.16275796571,32.969082976764));
#4285 = ( GEOMETRIC_REPRESENTATION_CONTEXT(2) 
PARAMETRIC_REPRESENTATION_CONTEXT() REPRESENTATION_CONTEXT('2D SPACE',''
  ) );
#4286 = PCURVE('',#2320,#4287);
#4287 = DEFINITIONAL_REPRESENTATION('',(#4288),#4354);
#4288 = B_SPLINE_CURVE_WITH_KNOTS('',8,(#4289,#4290,#4291,#4292,#4293,
    #4294,#4295,#4296,#4297,#4298,#4299,#4300,#4301,#4302,#4303,#4304,
    #4305,#4306,#4307,#4308,#4309,#4310,#4311,#4312,#4313,#4314,#4315,
    #4316,#4317,#4318,#4319,#4320,#4321,#4322,#4323,#4324,#4325,#4326,
    #4327,#4328,#4329,#4330,#4331,#4332,#4333,#4334,#4335,#4336,#4337,
    #4338,#4339,#4340,#4341,#4342,#4343,#4344,#4345,#4346,#4347,#4348,
    #4349,#4350,#4351,#4352,#4353),.UNSPECIFIED.,.F.,.F.,(9,7,7,7,7,7,7,
    7,7,9),(0.,0.103668823046,0.219206904159,0.341589005046,
    0.463417695946,0.562587305513,0.657063327181,0.73965455623,
    0.845443789611,1.),.UNSPECIFIED.);
#4289 = CARTESIAN_POINT('',(0.,8.41315934848));
#4290 = CARTESIAN_POINT('',(8.140756279504E-02,8.439070918241));
#4291 = CARTESIAN_POINT('',(0.162837980599,8.464989775684));
#4292 = CARTESIAN_POINT('',(0.244260465831,8.490906300985));
#4293 = CARTESIAN_POINT('',(0.32567155028,8.516819556745));
#4294 = CARTESIAN_POINT('',(0.407081657412,8.542732931764));
#4295 = CARTESIAN_POINT('',(0.488501551269,8.56864980134));
#4296 = CARTESIAN_POINT('',(0.569928661975,8.59456920408));
#4297 = CARTESIAN_POINT('',(0.742058097779,8.64936062282));
#4298 = CARTESIAN_POINT('',(0.832821567594,8.678252122001));
#4299 = CARTESIAN_POINT('',(0.923567049577,8.707137795695));
#4300 = CARTESIAN_POINT('',(1.014295205406,8.736017615935));
#4301 = CARTESIAN_POINT('',(1.105021338875,8.764896342616));
#4302 = CARTESIAN_POINT('',(1.195761615922,8.793779242337));
#4303 = CARTESIAN_POINT('',(1.286519736824,8.822667813611));
#4304 = CARTESIAN_POINT('',(1.473345757444,8.882135608351));
#4305 = CARTESIAN_POINT('',(1.569490048076,8.912739182069));
#4306 = CARTESIAN_POINT('',(1.665609162173,8.943335349747));
#4307 = CARTESIAN_POINT('',(1.761708283328,8.973926075645));
#4308 = CARTESIAN_POINT('',(1.857808625138,9.004518074501));
#4309 = CARTESIAN_POINT('',(1.953930876482,9.035117308852));
#4310 = CARTESIAN_POINT('',(2.050078224649,9.065723766954));
#4311 = CARTESIAN_POINT('',(2.241840420334,9.126764576749));
#4312 = CARTESIAN_POINT('',(2.337549191963,9.157228830708));
#4313 = CARTESIAN_POINT('',(2.433234078839,9.187683654147));
#4314 = CARTESIAN_POINT('',(2.528899713989,9.218130324114));
#4315 = CARTESIAN_POINT('',(2.624566276851,9.248576159204));
#4316 = CARTESIAN_POINT('',(2.720253268477,9.279029994669));
#4317 = CARTESIAN_POINT('',(2.815963292875,9.309495673172));
#4318 = CARTESIAN_POINT('',(2.98949292088,9.364737208537));
#4319 = CARTESIAN_POINT('',(3.067377503365,9.389530334964));
#4320 = CARTESIAN_POINT('',(3.145253149467,9.414335478561));
#4321 = CARTESIAN_POINT('',(3.223122482695,9.439106908399));
#4322 = CARTESIAN_POINT('',(3.30099231578,9.463886180397));
#4323 = CARTESIAN_POINT('',(3.378869303144,9.488675761892));
#4324 = CARTESIAN_POINT('',(3.456754395975,9.513466481597));
#4325 = CARTESIAN_POINT('',(3.608802616625,9.561867827405));
#4326 = CARTESIAN_POINT('',(3.683000825965,9.585488653526));
#4327 = CARTESIAN_POINT('',(3.75719500221,9.609108753318));
#4328 = CARTESIAN_POINT('',(3.831382363995,9.63272628372));
#4329 = CARTESIAN_POINT('',(3.905569326931,9.656342692876));
#4330 = CARTESIAN_POINT('',(3.979762761327,9.679960104359));
#4331 = CARTESIAN_POINT('',(4.053961335813,9.703578407469));
#4332 = CARTESIAN_POINT('',(4.193000236436,9.747835175757));
#4333 = CARTESIAN_POINT('',(4.257865466624,9.768481703696));
#4334 = CARTESIAN_POINT('',(4.322730341836,9.789127909736));
#4335 = CARTESIAN_POINT('',(4.387592372363,9.809773224593));
#4336 = CARTESIAN_POINT('',(4.452454231216,9.830418669066));
#4337 = CARTESIAN_POINT('',(4.517319192983,9.851065359628));
#4338 = CARTESIAN_POINT('',(4.582186654721,9.87171308793));
#4339 = CARTESIAN_POINT('',(4.730126831428,9.91880382202));
#4340 = CARTESIAN_POINT('',(4.813227740783,9.945255919756));
#4341 = CARTESIAN_POINT('',(4.896318629753,9.971705023888));
#4342 = CARTESIAN_POINT('',(4.979397287159,9.998150164019));
#4343 = CARTESIAN_POINT('',(5.062476293919,10.024595112254));
#4344 = CARTESIAN_POINT('',(5.145568049422,10.05104372108));
#4345 = CARTESIAN_POINT('',(5.228669658171,10.077495129724));
#4346 = CARTESIAN_POINT('',(5.433123201332,10.14257263348));
#4347 = CARTESIAN_POINT('',(5.554653400092,10.181255252218));
#4348 = CARTESIAN_POINT('',(5.67609337508,10.219909187577));
#4349 = CARTESIAN_POINT('',(5.797476288338,10.258545813873));
#4350 = CARTESIAN_POINT('',(5.918855562691,10.297182869863));
#4351 = CARTESIAN_POINT('',(6.040288020418,10.33583804792));
#4352 = CARTESIAN_POINT('',(6.161806134983,10.374520922035));
#4353 = CARTESIAN_POINT('',(6.28318530718,10.413159332122));
#4354 = ( GEOMETRIC_REPRESENTATION_CONTEXT(2) 
PARAMETRIC_REPRESENTATION_CONTEXT() REPRESENTATION_CONTEXT('2D SPACE',''
  ) );
#4355 = ORIENTED_EDGE('',*,*,#4356,.F.);
#4356 = EDGE_CURVE('',#4357,#4148,#4359,.T.);
#4357 = VERTEX_POINT('',#4358);
#4358 = CARTESIAN_POINT('',(3.2,2.662924058319E-15,17.586843547198));
#4359 = SURFACE_CURVE('',#4360,(#4433,#4509),.PCURVE_S1.);
#4360 = B_SPLINE_CURVE_WITH_KNOTS('',8,(#4361,#4362,#4363,#4364,#4365,
    #4366,#4367,#4368,#4369,#4370,#4371,#4372,#4373,#4374,#4375,#4376,
    #4377,#4378,#4379,#4380,#4381,#4382,#4383,#4384,#4385,#4386,#4387,
    #4388,#4389,#4390,#4391,#4392,#4393,#4394,#4395,#4396,#4397,#4398,
    #4399,#4400,#4401,#4402,#4403,#4404,#4405,#4406,#4407,#4408,#4409,
    #4410,#4411,#4412,#4413,#4414,#4415,#4416,#4417,#4418,#4419,#4420,
    #4421,#4422,#4423,#4424,#4425,#4426,#4427,#4428,#4429,#4430,#4431,
    #4432),.UNSPECIFIED.,.F.,.F.,(9,7,7,7,7,7,7,7,7,7,9),(0.,
    0.106109558184,0.21899969356,0.321662116753,0.379429687721,
    0.408452488479,0.531099202096,0.637400889827,0.802497016636,
    0.876786629338,1.),.UNSPECIFIED.);
#4361 = CARTESIAN_POINT('',(3.2,5.468824773147E-16,17.586843547198));
#4362 = CARTESIAN_POINT('',(3.2,-0.266593009779,17.560324616756));
#4363 = CARTESIAN_POINT('',(3.174616740279,-0.533280728189,
    17.533796562999));
#4364 = CARTESIAN_POINT('',(3.123821272317,-0.797108892145,
    17.507272033345));
#4365 = CARTESIAN_POINT('',(3.048023176434,-1.055248094613,
    17.480752804295));
#4366 = CARTESIAN_POINT('',(2.947987178007,-1.304983328589,
    17.454234954594));
#4367 = CARTESIAN_POINT('',(2.824798101684,-1.543718927714,
    17.427713858517));
#4368 = CARTESIAN_POINT('',(2.679874163589,-1.768998903503,
    17.401188999299));
#4369 = CARTESIAN_POINT('',(2.339649133982,-2.201476650589,
    17.346453508633));
#4370 = CARTESIAN_POINT('',(2.14163653792,-2.406705962197,
    17.318230145524));
#4371 = CARTESIAN_POINT('',(1.923150868659,-2.591442503456,
    17.290011332513));
#4372 = CARTESIAN_POINT('',(1.68669855615,-2.753345654228,
    17.261795445004));
#4373 = CARTESIAN_POINT('',(1.435046323248,-2.890459854693,
    17.233577896492));
#4374 = CARTESIAN_POINT('',(1.171194447865,-3.001195821542,
    17.205354994509));
#4375 = CARTESIAN_POINT('',(0.898385263467,-3.084372737306,
    17.177127765482));
#4376 = CARTESIAN_POINT('',(0.367070570601,-3.189324887512,
    17.123255114296));
#4377 = CARTESIAN_POINT('',(0.109361439048,-3.216009392655,
    17.097592715211));
#4378 = CARTESIAN_POINT('',(-0.150420421552,-3.218865787249,
    17.071934039659));
#4379 = CARTESIAN_POINT('',(-0.409707652517,-3.197744993726,
    17.046279383694));
#4380 = CARTESIAN_POINT('',(-0.665954608157,-3.15281670201,
    17.02062472538));
#4381 = CARTESIAN_POINT('',(-0.916648432711,-3.084551353068,
    16.994965719866));
#4382 = CARTESIAN_POINT('',(-1.159326323294,-2.993742728783,
    16.969302410013));
#4383 = CARTESIAN_POINT('',(-1.52229750222,-2.818452827553,
    16.929207176034));
#4384 = CARTESIAN_POINT('',(-1.64971983633,-2.748562773139,
    16.914769851091));
#4385 = CARTESIAN_POINT('',(-1.773457648994,-2.672097594895,
    16.900331758884));
#4386 = CARTESIAN_POINT('',(-1.893119501109,-2.589282405213,
    16.885892548559));
#4387 = CARTESIAN_POINT('',(-2.008330846672,-2.500370818918,
    16.871452437258));
#4388 = CARTESIAN_POINT('',(-2.118734032787,-2.405644953266,
    16.857012210115));
#4389 = CARTESIAN_POINT('',(-2.223988299659,-2.305415427945,
    16.842573220254));
#4390 = CARTESIAN_POINT('',(-2.373900641079,-2.147070707179,
    16.820884733833));
#4391 = CARTESIAN_POINT('',(-2.422652636958,-2.092814529546,
    16.813632441834));
#4392 = CARTESIAN_POINT('',(-2.469986466557,-2.037294257176,
    16.806380278454));
#4393 = CARTESIAN_POINT('',(-2.515864329214,-1.980552723452,
    16.799128055006));
#4394 = CARTESIAN_POINT('',(-2.560249925276,-1.922634170143,
    16.791875628458));
#4395 = CARTESIAN_POINT('',(-2.603108456101,-1.863584247401,
    16.784622901436));
#4396 = CARTESIAN_POINT('',(-2.644406624059,-1.803450013761,
    16.777369822223));
#4397 = CARTESIAN_POINT('',(-2.851905241189,-1.483782865036,
    16.73946426834));
#4398 = CARTESIAN_POINT('',(-2.991324867711,-1.206696029941,
    16.708794910046));
#4399 = CARTESIAN_POINT('',(-3.099833687639,-0.914833350458,
    16.678128864957));
#4400 = CARTESIAN_POINT('',(-3.175684185711,-0.612253877437,
    16.647468257414));
#4401 = CARTESIAN_POINT('',(-3.21776251105,-0.303159075466,
    16.616808808587));
#4402 = CARTESIAN_POINT('',(-3.225536389586,8.134487779096E-03,
    16.586144254883));
#4403 = CARTESIAN_POINT('',(-3.19911802431,0.317201409931,
    16.555473240145));
#4404 = CARTESIAN_POINT('',(-3.087738390021,0.881599327285,
    16.498249585598));
#4405 = CARTESIAN_POINT('',(-3.011007523787,1.138809686235,
    16.471672002763));
#4406 = CARTESIAN_POINT('',(-2.909804328425,1.388268352136,
    16.445097108771));
#4407 = CARTESIAN_POINT('',(-2.78507991324,1.627265648469,
    16.418525785101));
#4408 = CARTESIAN_POINT('',(-2.638114733851,1.853267664835,
    16.391953966682));
#4409 = CARTESIAN_POINT('',(-2.470486806325,2.063916915266,
    16.365377731336));
#4410 = CARTESIAN_POINT('',(-2.284085385219,2.257057981622,
    16.338798214027));
#4411 = CARTESIAN_POINT('',(-1.766024340177,2.700606780108,
    16.270957833552));
#4412 = CARTESIAN_POINT('',(-1.410393678892,2.924163648391,
    16.229623025022));
#4413 = CARTESIAN_POINT('',(-1.022943151314,3.093590078443,
    16.188327943809));
#4414 = CARTESIAN_POINT('',(-0.613457332523,3.204101083608,
    16.147057193422));
#4415 = CARTESIAN_POINT('',(-0.192106071795,3.252662793043,
    16.105786662104));
#4416 = CARTESIAN_POINT('',(0.23054360294,3.238343087669,16.064492401805
    ));
#4417 = CARTESIAN_POINT('',(0.643642297076,3.161936772613,
    16.023154525518));
#4418 = CARTESIAN_POINT('',(1.212790120832,2.967151987084,
    15.963316021953));
#4419 = CARTESIAN_POINT('',(1.385406187997,2.894920506019,
    15.944743732309));
#4420 = CARTESIAN_POINT('',(1.55307543564,2.811221352987,15.926171037871
    ));
#4421 = CARTESIAN_POINT('',(1.714909229868,2.7164566392,15.907598275854)
  );
#4422 = CARTESIAN_POINT('',(1.870064473263,2.611106033696,
    15.889024993933));
#4423 = CARTESIAN_POINT('',(2.017744165995,2.49572305237,15.870450788669
    ));
#4424 = CARTESIAN_POINT('',(2.15720113672,2.370936785896,15.851876166092
    ));
#4425 = CARTESIAN_POINT('',(2.504258959651,2.016078995964,
    15.802499520357));
#4426 = CARTESIAN_POINT('',(2.69639837458,1.770642724005,15.771680326523
    ));
#4427 = CARTESIAN_POINT('',(2.860867137771,1.504439817314,15.7408698734)
  );
#4428 = CARTESIAN_POINT('',(2.995117270948,1.221163480096,
    15.710066973667));
#4429 = CARTESIAN_POINT('',(3.097207599987,0.924774176927,
    15.679264861528));
#4430 = CARTESIAN_POINT('',(3.165755306921,0.619461449758,15.64845661358
    ));
#4431 = CARTESIAN_POINT('',(3.2,0.30965048668,15.617640654583));
#4432 = CARTESIAN_POINT('',(3.2,-1.421364469831E-16,15.58684065152));
#4433 = PCURVE('',#598,#4434);
#4434 = DEFINITIONAL_REPRESENTATION('',(#4435),#4508);
#4435 = B_SPLINE_CURVE_WITH_KNOTS('',8,(#4436,#4437,#4438,#4439,#4440,
    #4441,#4442,#4443,#4444,#4445,#4446,#4447,#4448,#4449,#4450,#4451,
    #4452,#4453,#4454,#4455,#4456,#4457,#4458,#4459,#4460,#4461,#4462,
    #4463,#4464,#4465,#4466,#4467,#4468,#4469,#4470,#4471,#4472,#4473,
    #4474,#4475,#4476,#4477,#4478,#4479,#4480,#4481,#4482,#4483,#4484,
    #4485,#4486,#4487,#4488,#4489,#4490,#4491,#4492,#4493,#4494,#4495,
    #4496,#4497,#4498,#4499,#4500,#4501,#4502,#4503,#4504,#4505,#4506,
    #4507),.UNSPECIFIED.,.F.,.F.,(9,7,7,7,7,7,7,7,7,7,9),(0.,
    0.106109558184,0.21899969356,0.321662116753,0.379429687721,
    0.408452488479,0.531099202096,0.637400889827,0.802497016636,
    0.876786629338,1.),.UNSPECIFIED.);
#4436 = CARTESIAN_POINT('',(0.162748556476,19.781452284088));
#4437 = CARTESIAN_POINT('',(0.162750334161,19.868880491868));
#4438 = CARTESIAN_POINT('',(0.162752113261,19.956338776571));
#4439 = CARTESIAN_POINT('',(0.162753469319,20.043785983865));
#4440 = CARTESIAN_POINT('',(0.16275398877,20.131216785898));
#4441 = CARTESIAN_POINT('',(0.162753582962,20.218644224117));
#4442 = CARTESIAN_POINT('',(0.162752574665,20.306083136153));
#4443 = CARTESIAN_POINT('',(0.162751557084,20.393534466798));
#4444 = CARTESIAN_POINT('',(0.162750459658,20.573993764835));
#4445 = CARTESIAN_POINT('',(0.162750445736,20.667043623));
#4446 = CARTESIAN_POINT('',(0.162751565291,20.760077029752));
#4447 = CARTESIAN_POINT('',(0.162754340913,20.85309867264));
#4448 = CARTESIAN_POINT('',(0.1627586667,20.946123808434));
#4449 = CARTESIAN_POINT('',(0.162763426972,21.039166038254));
#4450 = CARTESIAN_POINT('',(0.162766790622,21.132224320763));
#4451 = CARTESIAN_POINT('',(0.162768467119,21.309835367217));
#4452 = CARTESIAN_POINT('',(0.162767157548,21.394443619451));
#4453 = CARTESIAN_POINT('',(0.162763135169,21.479043066281));
#4454 = CARTESIAN_POINT('',(0.162755571207,21.563633791971));
#4455 = CARTESIAN_POINT('',(0.162745355968,21.648227917427));
#4456 = CARTESIAN_POINT('',(0.16273542806,21.732836007582));
#4457 = CARTESIAN_POINT('',(0.162729489729,21.817453184502));
#4458 = CARTESIAN_POINT('',(0.162728893698,21.949644257112));
#4459 = CARTESIAN_POINT('',(0.162730378118,21.997240894529));
#4460 = CARTESIAN_POINT('',(0.162734027686,22.044837291486));
#4461 = CARTESIAN_POINT('',(0.162739621048,22.092434887904));
#4462 = CARTESIAN_POINT('',(0.162746249394,22.140034130612));
#4463 = CARTESIAN_POINT('',(0.162752316456,22.187634473346));
#4464 = CARTESIAN_POINT('',(0.162755538504,22.235234376749));
#4465 = CARTESIAN_POINT('',(0.162751641035,22.306744314237));
#4466 = CARTESIAN_POINT('',(0.162749431269,22.330657283147));
#4467 = CARTESIAN_POINT('',(0.162746696212,22.354570500066));
#4468 = CARTESIAN_POINT('',(0.162743749912,22.378484185288));
#4469 = CARTESIAN_POINT('',(0.162740839313,22.402398494435));
#4470 = CARTESIAN_POINT('',(0.16273814425,22.426313518461));
#4471 = CARTESIAN_POINT('',(0.162735777453,22.450229283649));
#4472 = CARTESIAN_POINT('',(0.162725362764,22.575213743679));
#4473 = CARTESIAN_POINT('',(0.162723839956,22.676329754126));
#4474 = CARTESIAN_POINT('',(0.162734681656,22.777419022185));
#4475 = CARTESIAN_POINT('',(0.162749154204,22.878485717947));
#4476 = CARTESIAN_POINT('',(0.16276043116,22.979552681956));
#4477 = CARTESIAN_POINT('',(0.162766745922,23.080642824816));
#4478 = CARTESIAN_POINT('',(0.162768682068,23.181759871085));
#4479 = CARTESIAN_POINT('',(0.162766835566,23.370423375649));
#4480 = CARTESIAN_POINT('',(0.162763776953,23.458051142499));
#4481 = CARTESIAN_POINT('',(0.162759476932,23.545671632729));
#4482 = CARTESIAN_POINT('',(0.162755357349,23.633280121083));
#4483 = CARTESIAN_POINT('',(0.162752441701,23.720888700279));
#4484 = CARTESIAN_POINT('',(0.162750986844,23.808509972753));
#4485 = CARTESIAN_POINT('',(0.162750606736,23.896140690541));
#4486 = CARTESIAN_POINT('',(0.162751325401,24.119803285193));
#4487 = CARTESIAN_POINT('',(0.162753330356,24.256077793787));
#4488 = CARTESIAN_POINT('',(0.162755231105,24.392221458376));
#4489 = CARTESIAN_POINT('',(0.162754151201,24.52828871989));
#4490 = CARTESIAN_POINT('',(0.162749879564,24.664359342608));
#4491 = CARTESIAN_POINT('',(0.162745839288,24.800507901615));
#4492 = CARTESIAN_POINT('',(0.162743853927,24.936797629492));
#4493 = CARTESIAN_POINT('',(0.162744630396,25.134078695715));
#4494 = CARTESIAN_POINT('',(0.162745380596,25.19530887197));
#4495 = CARTESIAN_POINT('',(0.162746681224,25.256539678583));
#4496 = CARTESIAN_POINT('',(0.162748507584,25.31777003538));
#4497 = CARTESIAN_POINT('',(0.162750764593,25.379001555287));
#4498 = CARTESIAN_POINT('',(0.162753297654,25.440235766188));
#4499 = CARTESIAN_POINT('',(0.162755918911,25.501471240098));
#4500 = CARTESIAN_POINT('',(0.162762644925,25.664252908523));
#4501 = CARTESIAN_POINT('',(0.162766589468,25.765855918156));
#4502 = CARTESIAN_POINT('',(0.162769466178,25.86743147664));
#4503 = CARTESIAN_POINT('',(0.162770438665,25.968984568537));
#4504 = CARTESIAN_POINT('',(0.162769193444,26.070537901122));
#4505 = CARTESIAN_POINT('',(0.162766105728,26.172113820177));
#4506 = CARTESIAN_POINT('',(0.162762043298,26.273716408888));
#4507 = CARTESIAN_POINT('',(0.162757823722,26.375266593402));
#4508 = ( GEOMETRIC_REPRESENTATION_CONTEXT(2) 
PARAMETRIC_REPRESENTATION_CONTEXT() REPRESENTATION_CONTEXT('2D SPACE',''
  ) );
#4509 = PCURVE('',#2113,#4510);
#4510 = DEFINITIONAL_REPRESENTATION('',(#4511),#4584);
#4511 = B_SPLINE_CURVE_WITH_KNOTS('',8,(#4512,#4513,#4514,#4515,#4516,
    #4517,#4518,#4519,#4520,#4521,#4522,#4523,#4524,#4525,#4526,#4527,
    #4528,#4529,#4530,#4531,#4532,#4533,#4534,#4535,#4536,#4537,#4538,
    #4539,#4540,#4541,#4542,#4543,#4544,#4545,#4546,#4547,#4548,#4549,
    #4550,#4551,#4552,#4553,#4554,#4555,#4556,#4557,#4558,#4559,#4560,
    #4561,#4562,#4563,#4564,#4565,#4566,#4567,#4568,#4569,#4570,#4571,
    #4572,#4573,#4574,#4575,#4576,#4577,#4578,#4579,#4580,#4581,#4582,
    #4583),.UNSPECIFIED.,.F.,.F.,(9,7,7,7,7,7,7,7,7,7,9),(0.,
    0.106109558184,0.21899969356,0.321662116753,0.379429687721,
    0.408452488479,0.531099202096,0.637400889827,0.802497016636,
    0.876786629338,1.),.UNSPECIFIED.);
#4512 = CARTESIAN_POINT('',(0.,6.413156452802));
#4513 = CARTESIAN_POINT('',(8.331031555593E-02,6.439675383244));
#4514 = CARTESIAN_POINT('',(0.166649610507,6.466203437001));
#4515 = CARTESIAN_POINT('',(0.249978595785,6.492727966655));
#4516 = CARTESIAN_POINT('',(0.333292000468,6.519247195705));
#4517 = CARTESIAN_POINT('',(0.416602004353,6.545765045406));
#4518 = CARTESIAN_POINT('',(0.499922517244,6.572286141483));
#4519 = CARTESIAN_POINT('',(0.583254304973,6.598811000701));
#4520 = CARTESIAN_POINT('',(0.755211692186,6.653546491367));
#4521 = CARTESIAN_POINT('',(0.843877136376,6.681769854476));
#4522 = CARTESIAN_POINT('',(0.932526351204,6.709988667487));
#4523 = CARTESIAN_POINT('',(1.021163998736,6.738204554996));
#4524 = CARTESIAN_POINT('',(1.109805048639,6.766422103508));
#4525 = CARTESIAN_POINT('',(1.198462907335,6.794645005491));
#4526 = CARTESIAN_POINT('',(1.28713677951,6.822872234518));
#4527 = CARTESIAN_POINT('',(1.456380921963,6.876744885704));
#4528 = CARTESIAN_POINT('',(1.537003949417,6.902407284789));
#4529 = CARTESIAN_POINT('',(1.617619069052,6.928065960341));
#4530 = CARTESIAN_POINT('',(1.698226032061,6.953720616306));
#4531 = CARTESIAN_POINT('',(1.778835951864,6.97937527462));
#4532 = CARTESIAN_POINT('',(1.85945855858,7.005034280134));
#4533 = CARTESIAN_POINT('',(1.94008917747,7.030697589987));
#4534 = CARTESIAN_POINT('',(2.066052119303,7.070792823966));
#4535 = CARTESIAN_POINT('',(2.111406203215,7.085230148909));
#4536 = CARTESIAN_POINT('',(2.156760114181,7.099668241116));
#4537 = CARTESIAN_POINT('',(2.202115290874,7.114107451441));
#4538 = CARTESIAN_POINT('',(2.247472179558,7.128547562742));
#4539 = CARTESIAN_POINT('',(2.292830234088,7.142987789885));
#4540 = CARTESIAN_POINT('',(2.338187915909,7.157426779746));
#4541 = CARTESIAN_POINT('',(2.406329227535,7.179115266167));
#4542 = CARTESIAN_POINT('',(2.429115754042,7.186367558166));
#4543 = CARTESIAN_POINT('',(2.451902512093,7.193619721546));
#4544 = CARTESIAN_POINT('',(2.47468968849,7.200871944994));
#4545 = CARTESIAN_POINT('',(2.497477418325,7.208124371542));
#4546 = CARTESIAN_POINT('',(2.520265784978,7.215377098564));
#4547 = CARTESIAN_POINT('',(2.54305482012,7.222630177777));
#4548 = CARTESIAN_POINT('',(2.662150846438,7.26053573166));
#4549 = CARTESIAN_POINT('',(2.758502469541,7.291205089954));
#4550 = CARTESIAN_POINT('',(2.854828860635,7.321871135043));
#4551 = CARTESIAN_POINT('',(2.951135187055,7.352531742586));
#4552 = CARTESIAN_POINT('',(3.047442667582,7.383191191413));
#4553 = CARTESIAN_POINT('',(3.143771947524,7.413855745117));
#4554 = CARTESIAN_POINT('',(3.240126305303,7.444526759855));
#4555 = CARTESIAN_POINT('',(3.419902216174,7.501750414402));
#4556 = CARTESIAN_POINT('',(3.503401450141,7.528327997237));
#4557 = CARTESIAN_POINT('',(3.586893104512,7.554902891229));
#4558 = CARTESIAN_POINT('',(3.670372867552,7.581474214899));
#4559 = CARTESIAN_POINT('',(3.753852592511,7.608046033318));
#4560 = CARTESIAN_POINT('',(3.837344628058,7.634622268664));
#4561 = CARTESIAN_POINT('',(3.920846118526,7.661201785973));
#4562 = CARTESIAN_POINT('',(4.13397083971,7.729042166448));
#4563 = CARTESIAN_POINT('',(4.263825991252,7.770376974978));
#4564 = CARTESIAN_POINT('',(4.393557942346,7.811672056191));
#4565 = CARTESIAN_POINT('',(4.523218022539,7.852942806578));
#4566 = CARTESIAN_POINT('',(4.652880685983,7.894213337896));
#4567 = CARTESIAN_POINT('',(4.782616411404,7.935507598195));
#4568 = CARTESIAN_POINT('',(4.912485632314,7.976845474482));
#4569 = CARTESIAN_POINT('',(5.100472073698,8.036683978047));
#4570 = CARTESIAN_POINT('',(5.158817354441,8.055256267691));
#4571 = CARTESIAN_POINT('',(5.217163153702,8.073828962129));
#4572 = CARTESIAN_POINT('',(5.275508492297,8.092401724146));
#4573 = CARTESIAN_POINT('',(5.33385495694,8.110975006067));
#4574 = CARTESIAN_POINT('',(5.392204044019,8.129549211331));
#4575 = CARTESIAN_POINT('',(5.450554418271,8.148123833908));
#4576 = CARTESIAN_POINT('',(5.605666897473,8.197500479643));
#4577 = CARTESIAN_POINT('',(5.702483301398,8.228319673477));
#4578 = CARTESIAN_POINT('',(5.799273837861,8.2591301266));
#4579 = CARTESIAN_POINT('',(5.896043172704,8.289933026333));
#4580 = CARTESIAN_POINT('',(5.992812723692,8.320735138472));
#4581 = CARTESIAN_POINT('',(6.089603569483,8.35154338642));
#4582 = CARTESIAN_POINT('',(6.186419530092,8.382359345417));
#4583 = CARTESIAN_POINT('',(6.28318530718,8.41315934848));
#4584 = ( GEOMETRIC_REPRESENTATION_CONTEXT(2) 
PARAMETRIC_REPRESENTATION_CONTEXT() REPRESENTATION_CONTEXT('2D SPACE',''
  ) );
#4585 = ORIENTED_EDGE('',*,*,#4586,.F.);
#4586 = EDGE_CURVE('',#4587,#4357,#4589,.T.);
#4587 = VERTEX_POINT('',#4588);
#4588 = CARTESIAN_POINT('',(3.2,2.907853538852E-15,19.586844532816));
#4589 = SURFACE_CURVE('',#4590,(#4656,#4725),.PCURVE_S1.);
#4590 = B_SPLINE_CURVE_WITH_KNOTS('',8,(#4591,#4592,#4593,#4594,#4595,
    #4596,#4597,#4598,#4599,#4600,#4601,#4602,#4603,#4604,#4605,#4606,
    #4607,#4608,#4609,#4610,#4611,#4612,#4613,#4614,#4615,#4616,#4617,
    #4618,#4619,#4620,#4621,#4622,#4623,#4624,#4625,#4626,#4627,#4628,
    #4629,#4630,#4631,#4632,#4633,#4634,#4635,#4636,#4637,#4638,#4639,
    #4640,#4641,#4642,#4643,#4644,#4645,#4646,#4647,#4648,#4649,#4650,
    #4651,#4652,#4653,#4654,#4655),.UNSPECIFIED.,.F.,.F.,(9,7,7,7,7,7,7,
    7,7,9),(0.,0.121771356204,0.250127500372,0.312846651489,
    0.41215995596,0.509343406547,0.597772171241,0.727186956572,
    0.866691958472,1.),.UNSPECIFIED.);
#4591 = CARTESIAN_POINT('',(3.2,7.918119578475E-16,19.586844532816));
#4592 = CARTESIAN_POINT('',(3.2,-0.297690376808,19.557232248151));
#4593 = CARTESIAN_POINT('',(3.16834969791,-0.595520714656,
    19.527605407437));
#4594 = CARTESIAN_POINT('',(3.104999866464,-0.889362934832,
    19.497984080388));
#4595 = CARTESIAN_POINT('',(3.010595280863,-1.175281980534,
    19.468367747439));
#4596 = CARTESIAN_POINT('',(2.886317345945,-1.449537578737,
    19.438751561634));
#4597 = CARTESIAN_POINT('',(2.733831873253,-1.708580640411,
    19.409130846196));
#4598 = CARTESIAN_POINT('',(2.555327455672,-1.949083934083,
    19.379505263102));
#4599 = CARTESIAN_POINT('',(2.141025519846,-2.398849814606,
    19.318681687981));
#4600 = CARTESIAN_POINT('',(1.902440125383,-2.605949420615,
    19.287454236765));
#4601 = CARTESIAN_POINT('',(1.641117005876,-2.785733231758,
    19.256236928756));
#4602 = CARTESIAN_POINT('',(1.360767534397,-2.935359732407,
    19.225027490424));
#4603 = CARTESIAN_POINT('',(1.065414082237,-3.052615457455,
    19.193815821252));
#4604 = CARTESIAN_POINT('',(0.759344790392,-3.135863462783,
    19.162591261341));
#4605 = CARTESIAN_POINT('',(0.447123303761,-3.184109198105,
    19.13135257441));
#4606 = CARTESIAN_POINT('',(-1.96031665171E-02,-3.203611533792,
    19.084882131996));
#4607 = CARTESIAN_POINT('',(-0.173154957165,-3.201623698045,
    19.069631263397));
#4608 = CARTESIAN_POINT('',(-0.326518069569,-3.191224076952,
    19.054381544989));
#4609 = CARTESIAN_POINT('',(-0.479156459075,-3.172431198797,
    19.039131831212));
#4610 = CARTESIAN_POINT('',(-0.630538752378,-3.145304562224,
    19.023881415165));
#4611 = CARTESIAN_POINT('',(-0.78013824753,-3.109944636238,
    19.008630028609));
#4612 = CARTESIAN_POINT('',(-0.927432913934,-3.066492860209,
    18.993377841964));
#4613 = CARTESIAN_POINT('',(-1.300671869265,-2.933803181579,
    18.953973925299));
#4614 = CARTESIAN_POINT('',(-1.525374414499,-2.831575423185,
    18.929505113914));
#4615 = CARTESIAN_POINT('',(-1.742497186665,-2.708678081949,
    18.904844791176));
#4616 = CARTESIAN_POINT('',(-1.949024749948,-2.566063065729,
    18.880073774785));
#4617 = CARTESIAN_POINT('',(-2.142362040341,-2.405173399143,
    18.855251234215));
#4618 = CARTESIAN_POINT('',(-2.320296469832,-2.227833253376,
    18.830426094151));
#4619 = CARTESIAN_POINT('',(-2.481005282976,-2.036214579179,
    18.80564503744));
#4620 = CARTESIAN_POINT('',(-2.762169699963,-1.633818719002,
    18.756815430479));
#4621 = CARTESIAN_POINT('',(-2.885788590209,-1.420142988471,
    18.732350277868));
#4622 = CARTESIAN_POINT('',(-2.991237560293,-1.194037346794,
    18.707695293664));
#4623 = CARTESIAN_POINT('',(-3.0766137163,-0.95802797001,18.682929526758
    ));
#4624 = CARTESIAN_POINT('',(-3.140642066143,-0.714796320373,
    18.658110962456));
#4625 = CARTESIAN_POINT('',(-3.182580375386,-0.467111509145,
    18.633288245831));
#4626 = CARTESIAN_POINT('',(-3.202205298606,-0.217798938404,
    18.608508275806));
#4627 = CARTESIAN_POINT('',(-3.197719502871,0.2560358929,18.561372663276
    ));
#4628 = CARTESIAN_POINT('',(-3.177381392462,0.481626481293,
    18.538914376701));
#4629 = CARTESIAN_POINT('',(-3.138853554472,0.705318071814,
    18.516457300164));
#4630 = CARTESIAN_POINT('',(-3.082354136756,0.925406934905,
    18.494001275151));
#4631 = CARTESIAN_POINT('',(-3.008283749292,1.140230710685,
    18.471544555466));
#4632 = CARTESIAN_POINT('',(-2.917218711736,1.34817301412,
    18.449085836072));
#4633 = CARTESIAN_POINT('',(-2.809921959569,1.547674291397,
    18.426626437709));
#4634 = CARTESIAN_POINT('',(-2.508020156978,2.014689881447,
    18.371311705797));
#4635 = CARTESIAN_POINT('',(-2.295813904943,2.271154003624,
    18.338429193178));
#4636 = CARTESIAN_POINT('',(-2.053776474949,2.501807670418,
    18.305558291219));
#4637 = CARTESIAN_POINT('',(-1.785665271383,2.702680949275,
    18.272696402775));
#4638 = CARTESIAN_POINT('',(-1.495726850984,2.870509926463,
    18.239834057813));
#4639 = CARTESIAN_POINT('',(-1.188629136568,3.002673670948,
    18.206961948757));
#4640 = CARTESIAN_POINT('',(-0.869491361314,3.097277301062,
    18.174077673272));
#4641 = CARTESIAN_POINT('',(-0.192990725212,3.213966260317,
    18.105787517393));
#4642 = CARTESIAN_POINT('',(0.165963471053,3.229918464718,
    18.070329324013));
#4643 = CARTESIAN_POINT('',(0.525840691384,3.19992395904,18.034888699878
    ));
#4644 = CARTESIAN_POINT('',(0.879795512989,3.124226436992,
    17.999461195958));
#4645 = CARTESIAN_POINT('',(1.221235381526,3.004096810103,
    17.964035140938));
#4646 = CARTESIAN_POINT('',(1.543875902502,2.841893062319,
    17.928598117216));
#4647 = CARTESIAN_POINT('',(1.841755014398,2.640978048666,
    17.893144250488));
#4648 = CARTESIAN_POINT('',(2.365432184815,2.181866146299,
    17.823871887552));
#4649 = CARTESIAN_POINT('',(2.594244848134,1.926259170156,
    17.789997810943));
#4650 = CARTESIAN_POINT('',(2.791206422136,1.643430729662,
    17.756137197497));
#4651 = CARTESIAN_POINT('',(2.952675540165,1.338107174628,
    17.722285998408));
#4652 = CARTESIAN_POINT('',(3.075814174099,1.01541326588,17.688433953077
    ));
#4653 = CARTESIAN_POINT('',(3.15864020633,0.680861031188,17.65457128441)
  );
#4654 = CARTESIAN_POINT('',(3.2,0.340304607761,17.620694825706));
#4655 = CARTESIAN_POINT('',(3.2,5.468824773147E-16,17.586843547198));
#4656 = PCURVE('',#598,#4657);
#4657 = DEFINITIONAL_REPRESENTATION('',(#4658),#4724);
#4658 = B_SPLINE_CURVE_WITH_KNOTS('',8,(#4659,#4660,#4661,#4662,#4663,
    #4664,#4665,#4666,#4667,#4668,#4669,#4670,#4671,#4672,#4673,#4674,
    #4675,#4676,#4677,#4678,#4679,#4680,#4681,#4682,#4683,#4684,#4685,
    #4686,#4687,#4688,#4689,#4690,#4691,#4692,#4693,#4694,#4695,#4696,
    #4697,#4698,#4699,#4700,#4701,#4702,#4703,#4704,#4705,#4706,#4707,
    #4708,#4709,#4710,#4711,#4712,#4713,#4714,#4715,#4716,#4717,#4718,
    #4719,#4720,#4721,#4722,#4723),.UNSPECIFIED.,.F.,.F.,(9,7,7,7,7,7,7,
    7,7,9),(0.,0.121771356204,0.250127500372,0.312846651489,
    0.41215995596,0.509343406547,0.597772171241,0.727186956572,
    0.866691958472,1.),.UNSPECIFIED.);
#4659 = CARTESIAN_POINT('',(0.162750846611,13.187629485667));
#4660 = CARTESIAN_POINT('',(0.162751266209,13.285257936212));
#4661 = CARTESIAN_POINT('',(0.162752862414,13.382932871376));
#4662 = CARTESIAN_POINT('',(0.16275602887,13.480587619532));
#4663 = CARTESIAN_POINT('',(0.162760844601,13.578223792532));
#4664 = CARTESIAN_POINT('',(0.162766096102,13.67585892289));
#4665 = CARTESIAN_POINT('',(0.162769566666,13.773511265538));
#4666 = CARTESIAN_POINT('',(0.162769280791,13.871184462356));
#4667 = CARTESIAN_POINT('',(0.162761291936,14.07172443345));
#4668 = CARTESIAN_POINT('',(0.162753134915,14.174688912853));
#4669 = CARTESIAN_POINT('',(0.162741231622,14.277624744013));
#4670 = CARTESIAN_POINT('',(0.162727457224,14.3805370234));
#4671 = CARTESIAN_POINT('',(0.162718520724,14.483450468048));
#4672 = CARTESIAN_POINT('',(0.162724047208,14.586387908516));
#4673 = CARTESIAN_POINT('',(0.162745550736,14.689351483716));
#4674 = CARTESIAN_POINT('',(0.16275571125,14.842547272211));
#4675 = CARTESIAN_POINT('',(0.162752655306,14.892831897373));
#4676 = CARTESIAN_POINT('',(0.162746397658,14.943116826687));
#4677 = CARTESIAN_POINT('',(0.162739413468,14.993402670266));
#4678 = CARTESIAN_POINT('',(0.162733463704,15.04368950573));
#4679 = CARTESIAN_POINT('',(0.162729595136,15.09397687821));
#4680 = CARTESIAN_POINT('',(0.162728140342,15.144263800343));
#4681 = CARTESIAN_POINT('',(0.162729631925,15.274172992284));
#4682 = CARTESIAN_POINT('',(0.162735343483,15.35483711253));
#4683 = CARTESIAN_POINT('',(0.162744860621,15.436127759343));
#4684 = CARTESIAN_POINT('',(0.162754647695,15.517783007642));
#4685 = CARTESIAN_POINT('',(0.16276213862,15.599611064106));
#4686 = CARTESIAN_POINT('',(0.162766541268,15.681451641965));
#4687 = CARTESIAN_POINT('',(0.162768206881,15.763150382781));
#4688 = CARTESIAN_POINT('',(0.162767478141,15.924138052058));
#4689 = CARTESIAN_POINT('',(0.162765171248,16.004800368408));
#4690 = CARTESIAN_POINT('',(0.162761463584,16.086090334246));
#4691 = CARTESIAN_POINT('',(0.162757496211,16.167745872769));
#4692 = CARTESIAN_POINT('',(0.162754250389,16.249574556317));
#4693 = CARTESIAN_POINT('',(0.162752164114,16.33141544618));
#4694 = CARTESIAN_POINT('',(0.162751128669,16.413114060004));
#4695 = CARTESIAN_POINT('',(0.162750641284,16.56851647618));
#4696 = CARTESIAN_POINT('',(0.162751050429,16.64255886435));
#4697 = CARTESIAN_POINT('',(0.162751901977,16.716596697129));
#4698 = CARTESIAN_POINT('',(0.162752821305,16.790630976415));
#4699 = CARTESIAN_POINT('',(0.162753452024,16.86466791521));
#4700 = CARTESIAN_POINT('',(0.162753574593,16.93871209699));
#4701 = CARTESIAN_POINT('',(0.162753149608,17.0127592178));
#4702 = CARTESIAN_POINT('',(0.162751021624,17.195129539596));
#4703 = CARTESIAN_POINT('',(0.162748817132,17.303542989091));
#4704 = CARTESIAN_POINT('',(0.162745973691,17.411918976766));
#4705 = CARTESIAN_POINT('',(0.16274349951,17.520264775286));
#4706 = CARTESIAN_POINT('',(0.162742598673,17.628610065985));
#4707 = CARTESIAN_POINT('',(0.16274385724,17.736984785283));
#4708 = CARTESIAN_POINT('',(0.162746833767,17.845397418242));
#4709 = CARTESIAN_POINT('',(0.162754995688,18.070533358334));
#4710 = CARTESIAN_POINT('',(0.162760337699,18.187428936214));
#4711 = CARTESIAN_POINT('',(0.162765798467,18.304266437965));
#4712 = CARTESIAN_POINT('',(0.162769839858,18.421062499508));
#4713 = CARTESIAN_POINT('',(0.162770946975,18.537857538243));
#4714 = CARTESIAN_POINT('',(0.162769076164,18.654692549712));
#4715 = CARTESIAN_POINT('',(0.16276522761,18.771585621333));
#4716 = CARTESIAN_POINT('',(0.162756226146,18.999981766695));
#4717 = CARTESIAN_POINT('',(0.162751131838,19.111668008947));
#4718 = CARTESIAN_POINT('',(0.162746408967,19.22330938917));
#4719 = CARTESIAN_POINT('',(0.162743307718,19.334917656444));
#4720 = CARTESIAN_POINT('',(0.162742673478,19.446525557426));
#4721 = CARTESIAN_POINT('',(0.162744022383,19.558165945364));
#4722 = CARTESIAN_POINT('',(0.162746287269,19.669850625887));
#4723 = CARTESIAN_POINT('',(0.162748556476,19.781452284088));
#4724 = ( GEOMETRIC_REPRESENTATION_CONTEXT(2) 
PARAMETRIC_REPRESENTATION_CONTEXT() REPRESENTATION_CONTEXT('2D SPACE',''
  ) );
#4725 = PCURVE('',#1913,#4726);
#4726 = DEFINITIONAL_REPRESENTATION('',(#4727),#4793);
#4727 = B_SPLINE_CURVE_WITH_KNOTS('',8,(#4728,#4729,#4730,#4731,#4732,
    #4733,#4734,#4735,#4736,#4737,#4738,#4739,#4740,#4741,#4742,#4743,
    #4744,#4745,#4746,#4747,#4748,#4749,#4750,#4751,#4752,#4753,#4754,
    #4755,#4756,#4757,#4758,#4759,#4760,#4761,#4762,#4763,#4764,#4765,
    #4766,#4767,#4768,#4769,#4770,#4771,#4772,#4773,#4774,#4775,#4776,
    #4777,#4778,#4779,#4780,#4781,#4782,#4783,#4784,#4785,#4786,#4787,
    #4788,#4789,#4790,#4791,#4792),.UNSPECIFIED.,.F.,.F.,(9,7,7,7,7,7,7,
    7,7,9),(0.,0.121771356204,0.250127500372,0.312846651489,
    0.41215995596,0.509343406547,0.597772171241,0.727186956572,
    0.866691958472,1.),.UNSPECIFIED.);
#4728 = CARTESIAN_POINT('',(0.,4.413155467184));
#4729 = CARTESIAN_POINT('',(9.302824275242E-02,4.442767751849));
#4730 = CARTESIAN_POINT('',(0.1861002476,4.472394592563));
#4731 = CARTESIAN_POINT('',(0.279152696308,4.502015919612));
#4732 = CARTESIAN_POINT('',(0.372187517178,4.531632252561));
#4733 = CARTESIAN_POINT('',(0.465221975926,4.561248438366));
#4734 = CARTESIAN_POINT('',(0.558273793943,4.590869153804));
#4735 = CARTESIAN_POINT('',(0.651346244237,4.620494736898));
#4736 = CARTESIAN_POINT('',(0.842440809676,4.681318312019));
#4737 = CARTESIAN_POINT('',(0.940556088395,4.712545763235));
#4738 = CARTESIAN_POINT('',(1.038643877179,4.743763071244));
#4739 = CARTESIAN_POINT('',(1.136708637728,4.774972509576));
#4740 = CARTESIAN_POINT('',(1.234772797639,4.806184178748));
#4741 = CARTESIAN_POINT('',(1.332859035544,4.837408738659));
#4742 = CARTESIAN_POINT('',(1.430972659446,4.86864742559));
#4743 = CARTESIAN_POINT('',(1.576951955908,4.915117868004));
#4744 = CARTESIAN_POINT('',(1.624867883115,4.930368736603));
#4745 = CARTESIAN_POINT('',(1.672784031904,4.945618455011));
#4746 = CARTESIAN_POINT('',(1.720700929045,4.960868168788));
#4747 = CARTESIAN_POINT('',(1.768618633956,4.976118584835));
#4748 = CARTESIAN_POINT('',(1.816536738694,4.991369971391));
#4749 = CARTESIAN_POINT('',(1.864454367961,5.006622158036));
#4750 = CARTESIAN_POINT('',(1.988242978018,5.046026074701));
#4751 = CARTESIAN_POINT('',(2.06510684379,5.070494886086));
#4752 = CARTESIAN_POINT('',(2.142568234023,5.095155208824));
#4753 = CARTESIAN_POINT('',(2.220377683121,5.119926225215));
#4754 = CARTESIAN_POINT('',(2.298352089824,5.144748765785));
#4755 = CARTESIAN_POINT('',(2.376338255288,5.169573905849));
#4756 = CARTESIAN_POINT('',(2.454188887696,5.19435496256));
#4757 = CARTESIAN_POINT('',(2.607592924801,5.243184569521));
#4758 = CARTESIAN_POINT('',(2.684455043543,5.267649722132));
#4759 = CARTESIAN_POINT('',(2.761914702016,5.292304706336));
#4760 = CARTESIAN_POINT('',(2.839722223796,5.317070473242));
#4761 = CARTESIAN_POINT('',(2.917694497674,5.341889037544));
#4762 = CARTESIAN_POINT('',(2.995678473348,5.366711754169));
#4763 = CARTESIAN_POINT('',(3.073527152591,5.391491724194));
#4764 = CARTESIAN_POINT('',(3.2216071727,5.438627336724));
#4765 = CARTESIAN_POINT('',(3.292161078659,5.461085623299));
#4766 = CARTESIAN_POINT('',(3.362711046822,5.483542699836));
#4767 = CARTESIAN_POINT('',(3.433258041676,5.505998724849));
#4768 = CARTESIAN_POINT('',(3.503807918027,5.528455444534));
#4769 = CARTESIAN_POINT('',(3.574364921139,5.550914163928));
#4770 = CARTESIAN_POINT('',(3.644924805979,5.573373562291));
#4771 = CARTESIAN_POINT('',(3.818706350934,5.628688294203));
#4772 = CARTESIAN_POINT('',(3.922013969783,5.661570806822));
#4773 = CARTESIAN_POINT('',(4.025285456881,5.694441708781));
#4774 = CARTESIAN_POINT('',(4.128527442248,5.727303597225));
#4775 = CARTESIAN_POINT('',(4.231768250676,5.760165942187));
#4776 = CARTESIAN_POINT('',(4.335036702262,5.793038051243));
#4777 = CARTESIAN_POINT('',(4.438341199331,5.825922326728));
#4778 = CARTESIAN_POINT('',(4.652869530033,5.894212482607));
#4779 = CARTESIAN_POINT('',(4.764257537314,5.929670675987));
#4780 = CARTESIAN_POINT('',(4.875590591637,5.965111300122));
#4781 = CARTESIAN_POINT('',(4.986884661624,6.000538804042));
#4782 = CARTESIAN_POINT('',(5.098178042093,6.035964859062));
#4783 = CARTESIAN_POINT('',(5.209509381806,6.071401882784));
#4784 = CARTESIAN_POINT('',(5.320895705327,6.106855749512));
#4785 = CARTESIAN_POINT('',(5.538531599859,6.176128112448));
#4786 = CARTESIAN_POINT('',(5.64495573989,6.210002189057));
#4787 = CARTESIAN_POINT('',(5.751336814533,6.243862802503));
#4788 = CARTESIAN_POINT('',(5.857686190796,6.277714001592));
#4789 = CARTESIAN_POINT('',(5.964035468271,6.311566046923));
#4790 = CARTESIAN_POINT('',(6.070416339589,6.34542871559));
#4791 = CARTESIAN_POINT('',(6.176840117254,6.379305174294));
#4792 = CARTESIAN_POINT('',(6.28318530718,6.413156452802));
#4793 = ( GEOMETRIC_REPRESENTATION_CONTEXT(2) 
PARAMETRIC_REPRESENTATION_CONTEXT() REPRESENTATION_CONTEXT('2D SPACE',''
  ) );
#4794 = ORIENTED_EDGE('',*,*,#4795,.F.);
#4795 = EDGE_CURVE('',#3265,#4587,#4796,.T.);
#4796 = SURFACE_CURVE('',#4797,(#4863,#4932),.PCURVE_S1.);
#4797 = B_SPLINE_CURVE_WITH_KNOTS('',8,(#4798,#4799,#4800,#4801,#4802,
    #4803,#4804,#4805,#4806,#4807,#4808,#4809,#4810,#4811,#4812,#4813,
    #4814,#4815,#4816,#4817,#4818,#4819,#4820,#4821,#4822,#4823,#4824,
    #4825,#4826,#4827,#4828,#4829,#4830,#4831,#4832,#4833,#4834,#4835,
    #4836,#4837,#4838,#4839,#4840,#4841,#4842,#4843,#4844,#4845,#4846,
    #4847,#4848,#4849,#4850,#4851,#4852,#4853,#4854,#4855,#4856,#4857,
    #4858,#4859,#4860,#4861,#4862),.UNSPECIFIED.,.F.,.F.,(9,7,7,7,7,7,7,
    7,7,9),(0.,9.05612094597E-02,0.183448624324,0.276406440599,
    0.392064696362,0.507450290052,0.598081558438,0.722096942616,
    0.843742565435,1.),.UNSPECIFIED.);
#4798 = CARTESIAN_POINT('',(3.2,2.369008140394E-15,21.58683794452));
#4799 = CARTESIAN_POINT('',(3.2,-0.227544359617,21.56420550592));
#4800 = CARTESIAN_POINT('',(3.181508312897,-0.455126482871,
    21.54157021186));
#4801 = CARTESIAN_POINT('',(3.144514813393,-0.68094033343,
    21.518936830797));
#4802 = CARTESIAN_POINT('',(3.089230624981,-0.903230331876,
    21.496305440455));
#4803 = CARTESIAN_POINT('',(3.016057613476,-1.120289614787,
    21.473673463167));
#4804 = CARTESIAN_POINT('',(2.925576896619,-1.33046383539,
    21.451038114413));
#4805 = CARTESIAN_POINT('',(2.818556369781,-1.532160505796,
    21.428399264541));
#4806 = CARTESIAN_POINT('',(2.57024949048,-1.920491454953,
    21.382544707813));
#4807 = CARTESIAN_POINT('',(2.428112875268,-2.106669255522,
    21.359323168983));
#4808 = CARTESIAN_POINT('',(2.270608821,-2.280751448531,21.336094760487)
  );
#4809 = CARTESIAN_POINT('',(2.098950817348,-2.441273057866,
    21.312886586653));
#4810 = CARTESIAN_POINT('',(1.914503650672,-2.586923426782,
    21.289682681251));
#4811 = CARTESIAN_POINT('',(1.71876837547,-2.716546592402,
    21.266462672508));
#4812 = CARTESIAN_POINT('',(1.513380961592,-2.829159548332,
    21.243245339196));
#4813 = CARTESIAN_POINT('',(1.08672250757,-3.018871058713,
    21.196796609776));
#4814 = CARTESIAN_POINT('',(0.865345782917,-3.095984398609,
    21.17355638978));
#4815 = CARTESIAN_POINT('',(0.637790588265,-3.154507076446,
    21.150316254924));
#4816 = CARTESIAN_POINT('',(0.405891836517,-3.193880155314,
    21.127078196909));
#4817 = CARTESIAN_POINT('',(0.171517589072,-3.213762656769,
    21.103841110542));
#4818 = CARTESIAN_POINT('',(-6.344076457115E-02,-3.214019254338,
    21.08060315152));
#4819 = CARTESIAN_POINT('',(-0.297074598016,-3.194731078927,
    21.057364397969));
#4820 = CARTESIAN_POINT('',(-0.81410678606,-3.108326082676,
    21.005221313349));
#4821 = CARTESIAN_POINT('',(-1.095894822875,-3.030651152413,
    20.976302244609));
#4822 = CARTESIAN_POINT('',(-1.369044180618,-2.923796382282,
    20.947389433877));
#4823 = CARTESIAN_POINT('',(-1.630043398117,-2.788940112693,
    20.918481431906));
#4824 = CARTESIAN_POINT('',(-1.875630352698,-2.627713611071,
    20.889572758972));
#4825 = CARTESIAN_POINT('',(-2.102782737889,-2.442158409419,
    20.860658374164));
#4826 = CARTESIAN_POINT('',(-2.308750652212,-2.234755638482,
    20.831737835755));
#4827 = CARTESIAN_POINT('',(-2.673146097922,-1.782794017766,
    20.773987552369));
#4828 = CARTESIAN_POINT('',(-2.83182884667,-1.538144958045,
    20.745134877648));
#4829 = CARTESIAN_POINT('',(-2.9647951185,-1.277494719388,
    20.716288138297));
#4830 = CARTESIAN_POINT('',(-3.070214607651,-1.004034404719,
    20.687446999304));
#4831 = CARTESIAN_POINT('',(-3.146740522261,-0.721126547767,
    20.658606484364));
#4832 = CARTESIAN_POINT('',(-3.193474125318,-0.43227896398,
    20.629761304705));
#4833 = CARTESIAN_POINT('',(-3.210007189675,-0.141144407685,
    20.600910286219));
#4834 = CARTESIAN_POINT('',(-3.185985285007,0.375983789862,
    20.549416810617));
#4835 = CARTESIAN_POINT('',(-3.156911619192,0.602665284919,
    20.526759143824));
#4836 = CARTESIAN_POINT('',(-3.109404782626,0.826709443543,
    20.504103121931));
#4837 = CARTESIAN_POINT('',(-3.043761940669,1.046362289919,
    20.481449659365));
#4838 = CARTESIAN_POINT('',(-2.960469938444,1.259935312883,
    20.458796895006));
#4839 = CARTESIAN_POINT('',(-2.860188959819,1.465807575993,
    20.43614247401));
#4840 = CARTESIAN_POINT('',(-2.743754590739,1.662433462617,
    20.41348558211));
#4841 = CARTESIAN_POINT('',(-2.432183090683,2.102763417459,
    20.359826210097));
#4842 = CARTESIAN_POINT('',(-2.22375669294,2.337266376753,
    20.328807227906));
#4843 = CARTESIAN_POINT('',(-1.989614962723,2.547952217978,
    20.29779666428));
#4844 = CARTESIAN_POINT('',(-1.733001193854,2.731590391176,
    20.266793592147));
#4845 = CARTESIAN_POINT('',(-1.457538669553,2.88551651458,
    20.235791405029));
#4846 = CARTESIAN_POINT('',(-1.167181503568,3.007588984979,
    20.204783204747));
#4847 = CARTESIAN_POINT('',(-0.866232545711,3.096250854524,
    20.173767306993));
#4848 = CARTESIAN_POINT('',(-0.258385313437,3.204167396366,
    20.112360494097));
#4849 = CARTESIAN_POINT('',(4.858372426236E-02,3.224768258995,
    20.081939205647));
#4850 = CARTESIAN_POINT('',(0.357134774855,3.211699112705,
    20.051525711987));
#4851 = CARTESIAN_POINT('',(0.662953110206,3.164925651254,
    20.021118285733));
#4852 = CARTESIAN_POINT('',(0.961835651983,3.085033640933,19.9907101916)
  );
#4853 = CARTESIAN_POINT('',(1.249695015155,2.973172213265,
    19.960295081452));
#4854 = CARTESIAN_POINT('',(1.522587931903,2.831107398603,
    19.929872254867));
#4855 = CARTESIAN_POINT('',(2.1033877052,2.443346656144,19.860405588093)
  );
#4856 = CARTESIAN_POINT('',(2.399809181568,2.179235976942,
    19.821294781347));
#4857 = CARTESIAN_POINT('',(2.657767649297,1.874293649472,
    19.782213868221));
#4858 = CARTESIAN_POINT('',(2.871007638072,1.535277400223,
    19.743151909547));
#4859 = CARTESIAN_POINT('',(3.034556655078,1.169689240518,
    19.704091245178));
#4860 = CARTESIAN_POINT('',(3.144936090905,0.785828573152,19.66501240061
    ));
#4861 = CARTESIAN_POINT('',(3.2,0.392655304569,19.625903305151));
#4862 = CARTESIAN_POINT('',(3.2,7.918119578475E-16,19.586844532816));
#4863 = PCURVE('',#598,#4864);
#4864 = DEFINITIONAL_REPRESENTATION('',(#4865),#4931);
#4865 = B_SPLINE_CURVE_WITH_KNOTS('',8,(#4866,#4867,#4868,#4869,#4870,
    #4871,#4872,#4873,#4874,#4875,#4876,#4877,#4878,#4879,#4880,#4881,
    #4882,#4883,#4884,#4885,#4886,#4887,#4888,#4889,#4890,#4891,#4892,
    #4893,#4894,#4895,#4896,#4897,#4898,#4899,#4900,#4901,#4902,#4903,
    #4904,#4905,#4906,#4907,#4908,#4909,#4910,#4911,#4912,#4913,#4914,
    #4915,#4916,#4917,#4918,#4919,#4920,#4921,#4922,#4923,#4924,#4925,
    #4926,#4927,#4928,#4929,#4930),.UNSPECIFIED.,.F.,.F.,(9,7,7,7,7,7,7,
    7,7,9),(0.,9.05612094597E-02,0.183448624324,0.276406440599,
    0.392064696362,0.507450290052,0.598081558438,0.722096942616,
    0.843742565435,1.),.UNSPECIFIED.);
#4866 = CARTESIAN_POINT('',(0.162763370686,6.593818564544));
#4867 = CARTESIAN_POINT('',(0.162759344489,6.668440790505));
#4868 = CARTESIAN_POINT('',(0.162753251042,6.743075075476));
#4869 = CARTESIAN_POINT('',(0.162745470554,6.817705211859));
#4870 = CARTESIAN_POINT('',(0.16273681393,6.892329905932));
#4871 = CARTESIAN_POINT('',(0.162729304576,6.966955067289));
#4872 = CARTESIAN_POINT('',(0.162725726379,7.041586314568));
#4873 = CARTESIAN_POINT('',(0.16272793788,7.116221697445));
#4874 = CARTESIAN_POINT('',(0.16274012187,7.267384378487));
#4875 = CARTESIAN_POINT('',(0.162746643657,7.343935318962));
#4876 = CARTESIAN_POINT('',(0.162775968841,7.420479733572));
#4877 = CARTESIAN_POINT('',(0.162757122631,7.497019066374));
#4878 = CARTESIAN_POINT('',(0.162726509912,7.573559380556));
#4879 = CARTESIAN_POINT('',(0.162732448644,7.650106022411));
#4880 = CARTESIAN_POINT('',(0.162727073808,7.726658318014));
#4881 = CARTESIAN_POINT('',(0.162731436641,7.879789938208));
#4882 = CARTESIAN_POINT('',(0.162737744109,7.956402742901));
#4883 = CARTESIAN_POINT('',(0.162746590984,8.033012018018));
#4884 = CARTESIAN_POINT('',(0.162755396076,8.109614499444));
#4885 = CARTESIAN_POINT('',(0.162762175399,8.186216369183));
#4886 = CARTESIAN_POINT('',(0.162766240108,8.262824589035));
#4887 = CARTESIAN_POINT('',(0.162767999774,8.33943837742));
#4888 = CARTESIAN_POINT('',(0.162767710837,8.511349716045));
#4889 = CARTESIAN_POINT('',(0.162764679252,8.606697112651));
#4890 = CARTESIAN_POINT('',(0.162759801381,8.702026239298));
#4891 = CARTESIAN_POINT('',(0.162755122572,8.797339257232));
#4892 = CARTESIAN_POINT('',(0.162751993736,8.892652504247));
#4893 = CARTESIAN_POINT('',(0.162750637638,8.98798231476));
#4894 = CARTESIAN_POINT('',(0.162750516483,9.083330833161));
#4895 = CARTESIAN_POINT('',(0.16275152469,9.273726932439));
#4896 = CARTESIAN_POINT('',(0.162752645429,9.368850121616));
#4897 = CARTESIAN_POINT('',(0.162753772526,9.463953734285));
#4898 = CARTESIAN_POINT('',(0.162754088734,9.559039920536));
#4899 = CARTESIAN_POINT('',(0.162753232353,9.654125549535));
#4900 = CARTESIAN_POINT('',(0.162751440129,9.749227754995));
#4901 = CARTESIAN_POINT('',(0.162749326472,9.844349621768));
#4902 = CARTESIAN_POINT('',(0.162745983884,10.014123165836));
#4903 = CARTESIAN_POINT('',(0.162744663528,10.08882510501));
#4904 = CARTESIAN_POINT('',(0.162743768341,10.163521077143));
#4905 = CARTESIAN_POINT('',(0.162743580068,10.23820770699));
#4906 = CARTESIAN_POINT('',(0.162744266846,10.31289091538));
#4907 = CARTESIAN_POINT('',(0.162745826453,10.387578468865));
#4908 = CARTESIAN_POINT('',(0.162748093083,10.462273264131));
#4909 = CARTESIAN_POINT('',(0.162754522199,10.639175068255));
#4910 = CARTESIAN_POINT('',(0.162759076176,10.741435982082));
#4911 = CARTESIAN_POINT('',(0.162763816414,10.843668902367));
#4912 = CARTESIAN_POINT('',(0.162767726369,10.945878186146));
#4913 = CARTESIAN_POINT('',(0.162769849556,11.048086838084));
#4914 = CARTESIAN_POINT('',(0.162769779956,11.150318120303));
#4915 = CARTESIAN_POINT('',(0.162767860422,11.252577147166));
#4916 = CARTESIAN_POINT('',(0.162761659526,11.455037712224));
#4917 = CARTESIAN_POINT('',(0.162757424041,11.555339329736));
#4918 = CARTESIAN_POINT('',(0.162752626655,11.655615967432));
#4919 = CARTESIAN_POINT('',(0.162748212603,11.755872111009));
#4920 = CARTESIAN_POINT('',(0.162745107338,11.856128782076));
#4921 = CARTESIAN_POINT('',(0.162743748767,11.956406349601));
#4922 = CARTESIAN_POINT('',(0.162743884049,12.05670744629));
#4923 = CARTESIAN_POINT('',(0.162746436297,12.285729411888));
#4924 = CARTESIAN_POINT('',(0.162749494899,12.414670242494));
#4925 = CARTESIAN_POINT('',(0.162753055737,12.543511874017));
#4926 = CARTESIAN_POINT('',(0.162755288769,12.672292713242));
#4927 = CARTESIAN_POINT('',(0.162754296767,12.801073411324));
#4928 = CARTESIAN_POINT('',(0.162751768822,12.929916012936));
#4929 = CARTESIAN_POINT('',(0.16275029316,13.058857002678));
#4930 = CARTESIAN_POINT('',(0.162750846611,13.187629485667));
#4931 = ( GEOMETRIC_REPRESENTATION_CONTEXT(2) 
PARAMETRIC_REPRESENTATION_CONTEXT() REPRESENTATION_CONTEXT('2D SPACE',''
  ) );
#4932 = PCURVE('',#1706,#4933);
#4933 = DEFINITIONAL_REPRESENTATION('',(#4934),#5000);
#4934 = B_SPLINE_CURVE_WITH_KNOTS('',8,(#4935,#4936,#4937,#4938,#4939,
    #4940,#4941,#4942,#4943,#4944,#4945,#4946,#4947,#4948,#4949,#4950,
    #4951,#4952,#4953,#4954,#4955,#4956,#4957,#4958,#4959,#4960,#4961,
    #4962,#4963,#4964,#4965,#4966,#4967,#4968,#4969,#4970,#4971,#4972,
    #4973,#4974,#4975,#4976,#4977,#4978,#4979,#4980,#4981,#4982,#4983,
    #4984,#4985,#4986,#4987,#4988,#4989,#4990,#4991,#4992,#4993,#4994,
    #4995,#4996,#4997,#4998,#4999),.UNSPECIFIED.,.F.,.F.,(9,7,7,7,7,7,7,
    7,7,9),(0.,9.05612094597E-02,0.183448624324,0.276406440599,
    0.392064696362,0.507450290052,0.598081558438,0.722096942616,
    0.843742565435,1.),.UNSPECIFIED.);
#4935 = CARTESIAN_POINT('',(0.,2.41316205548));
#4936 = CARTESIAN_POINT('',(7.110761238025E-02,2.43579449408));
#4937 = CARTESIAN_POINT('',(0.142226825621,2.45842978814));
#4938 = CARTESIAN_POINT('',(0.213342047857,2.481063169203));
#4939 = CARTESIAN_POINT('',(0.284451711324,2.503694559545));
#4940 = CARTESIAN_POINT('',(0.355561268155,2.526326536833));
#4941 = CARTESIAN_POINT('',(0.426676191301,2.548961885587));
#4942 = CARTESIAN_POINT('',(0.497794980566,2.571600735459));
#4943 = CARTESIAN_POINT('',(0.641835865733,2.617455292187));
#4944 = CARTESIAN_POINT('',(0.714780726298,2.640676831017));
#4945 = CARTESIAN_POINT('',(0.787719261404,2.663905239513));
#4946 = CARTESIAN_POINT('',(0.860653447679,2.687113413347));
#4947 = CARTESIAN_POINT('',(0.933588345707,2.710317318749));
#4948 = CARTESIAN_POINT('',(1.006528365496,2.733537327492));
#4949 = CARTESIAN_POINT('',(1.079473720886,2.756754660804));
#4950 = CARTESIAN_POINT('',(1.225390774311,2.803203390224));
#4951 = CARTESIAN_POINT('',(1.298394309394,2.82644361022));
#4952 = CARTESIAN_POINT('',(1.371394991785,2.849683745076));
#4953 = CARTESIAN_POINT('',(1.44438965747,2.872921803091));
#4954 = CARTESIAN_POINT('',(1.517383947344,2.896158889458));
#4955 = CARTESIAN_POINT('',(1.590384184045,2.91939684848));
#4956 = CARTESIAN_POINT('',(1.66338937981,2.942635602031));
#4957 = CARTESIAN_POINT('',(1.82720261511,2.994778686651));
#4958 = CARTESIAN_POINT('',(1.918057925635,3.023697755391));
#4959 = CARTESIAN_POINT('',(2.008895042796,3.052610566123));
#4960 = CARTESIAN_POINT('',(2.099716186899,3.081518568094));
#4961 = CARTESIAN_POINT('',(2.190537400769,3.110427241028));
#4962 = CARTESIAN_POINT('',(2.281374735255,3.139341625836));
#4963 = CARTESIAN_POINT('',(2.372230459708,3.168262164245));
#4964 = CARTESIAN_POINT('',(2.553656383882,3.226012447631));
#4965 = CARTESIAN_POINT('',(2.644298625399,3.254865122352));
#4966 = CARTESIAN_POINT('',(2.734922875385,3.283711861703));
#4967 = CARTESIAN_POINT('',(2.825531029314,3.312553000696));
#4968 = CARTESIAN_POINT('',(2.916138830883,3.341393515636));
#4969 = CARTESIAN_POINT('',(3.006762269264,3.370238695295));
#4970 = CARTESIAN_POINT('',(3.097404094209,3.399089713781));
#4971 = CARTESIAN_POINT('',(3.259180917901,3.450583189383));
#4972 = CARTESIAN_POINT('',(3.330363970764,3.473240856176));
#4973 = CARTESIAN_POINT('',(3.401541048696,3.495896878069));
#4974 = CARTESIAN_POINT('',(3.472708959379,3.518550340635));
#4975 = CARTESIAN_POINT('',(3.543873413516,3.541203104994));
#4976 = CARTESIAN_POINT('',(3.615041906142,3.56385752599));
#4977 = CARTESIAN_POINT('',(3.68621729197,3.58651441789));
#4978 = CARTESIAN_POINT('',(3.854784110596,3.640173789903));
#4979 = CARTESIAN_POINT('',(3.952226958685,3.671192772094));
#4980 = CARTESIAN_POINT('',(4.049643403711,3.70220333572));
#4981 = CARTESIAN_POINT('',(4.147037690292,3.733206407853));
#4982 = CARTESIAN_POINT('',(4.2444316385,3.764208594971));
#4983 = CARTESIAN_POINT('',(4.341847196683,3.795216795253));
#4984 = CARTESIAN_POINT('',(4.439289047529,3.826232693007));
#4985 = CARTESIAN_POINT('',(4.63221173631,3.887639505903));
#4986 = CARTESIAN_POINT('',(4.727787946578,3.918060794353));
#4987 = CARTESIAN_POINT('',(4.823340059494,3.948474288013));
#4988 = CARTESIAN_POINT('',(4.918872355819,3.978881714267));
#4989 = CARTESIAN_POINT('',(5.014405049384,4.0092898084));
#4990 = CARTESIAN_POINT('',(5.109957824169,4.039704918548));
#4991 = CARTESIAN_POINT('',(5.205533408699,4.070127745133));
#4992 = CARTESIAN_POINT('',(5.423766451885,4.139594411907));
#4993 = CARTESIAN_POINT('',(5.546633810346,4.178705218653));
#4994 = CARTESIAN_POINT('',(5.66940755951,4.217786131779));
#4995 = CARTESIAN_POINT('',(5.792124091502,4.256848090453));
#4996 = CARTESIAN_POINT('',(5.914840328073,4.295908754822));
#4997 = CARTESIAN_POINT('',(6.037614249672,4.33498759939));
#4998 = CARTESIAN_POINT('',(6.160480524502,4.374096694849));
#4999 = CARTESIAN_POINT('',(6.28318530718,4.413155467184));
#5000 = ( GEOMETRIC_REPRESENTATION_CONTEXT(2) 
PARAMETRIC_REPRESENTATION_CONTEXT() REPRESENTATION_CONTEXT('2D SPACE',''
  ) );
#5001 = ADVANCED_FACE('',(#5002),#1182,.T.);
#5002 = FACE_BOUND('',#5003,.T.);
#5003 = EDGE_LOOP('',(#5004,#5005,#5026,#5027));
#5004 = ORIENTED_EDGE('',*,*,#3526,.F.);
#5005 = ORIENTED_EDGE('',*,*,#5006,.F.);
#5006 = EDGE_CURVE('',#2630,#3527,#5007,.T.);
#5007 = SURFACE_CURVE('',#5008,(#5012,#5019),.PCURVE_S1.);
#5008 = LINE('',#5009,#5010);
#5009 = CARTESIAN_POINT('',(3.2,3.448309210555E-15,24.));
#5010 = VECTOR('',#5011,1.);
#5011 = DIRECTION('',(0.,-1.224646799147E-16,-1.));
#5012 = PCURVE('',#1182,#5013);
#5013 = DEFINITIONAL_REPRESENTATION('',(#5014),#5018);
#5014 = LINE('',#5015,#5016);
#5015 = CARTESIAN_POINT('',(0.,-0.));
#5016 = VECTOR('',#5017,1.);
#5017 = DIRECTION('',(0.,1.));
#5018 = ( GEOMETRIC_REPRESENTATION_CONTEXT(2) 
PARAMETRIC_REPRESENTATION_CONTEXT() REPRESENTATION_CONTEXT('2D SPACE',''
  ) );
#5019 = PCURVE('',#2769,#5020);
#5020 = DEFINITIONAL_REPRESENTATION('',(#5021),#5025);
#5021 = LINE('',#5022,#5023);
#5022 = CARTESIAN_POINT('',(6.28318530718,-0.));
#5023 = VECTOR('',#5024,1.);
#5024 = DIRECTION('',(0.,1.));
#5025 = ( GEOMETRIC_REPRESENTATION_CONTEXT(2) 
PARAMETRIC_REPRESENTATION_CONTEXT() REPRESENTATION_CONTEXT('2D SPACE',''
  ) );
#5026 = ORIENTED_EDGE('',*,*,#2843,.T.);
#5027 = ORIENTED_EDGE('',*,*,#1166,.T.);
#5028 = ADVANCED_FACE('',(#5029),#2769,.T.);
#5029 = FACE_BOUND('',#5030,.T.);
#5030 = EDGE_LOOP('',(#5031,#5032,#5053,#5054));
#5031 = ORIENTED_EDGE('',*,*,#3735,.F.);
#5032 = ORIENTED_EDGE('',*,*,#5033,.F.);
#5033 = EDGE_CURVE('',#2395,#3736,#5034,.T.);
#5034 = SURFACE_CURVE('',#5035,(#5039,#5046),.PCURVE_S1.);
#5035 = LINE('',#5036,#5037);
#5036 = CARTESIAN_POINT('',(3.2,3.448309210555E-15,24.));
#5037 = VECTOR('',#5038,1.);
#5038 = DIRECTION('',(0.,-1.224646799147E-16,-1.));
#5039 = PCURVE('',#2769,#5040);
#5040 = DEFINITIONAL_REPRESENTATION('',(#5041),#5045);
#5041 = LINE('',#5042,#5043);
#5042 = CARTESIAN_POINT('',(0.,-0.));
#5043 = VECTOR('',#5044,1.);
#5044 = DIRECTION('',(0.,1.));
#5045 = ( GEOMETRIC_REPRESENTATION_CONTEXT(2) 
PARAMETRIC_REPRESENTATION_CONTEXT() REPRESENTATION_CONTEXT('2D SPACE',''
  ) );
#5046 = PCURVE('',#2548,#5047);
#5047 = DEFINITIONAL_REPRESENTATION('',(#5048),#5052);
#5048 = LINE('',#5049,#5050);
#5049 = CARTESIAN_POINT('',(6.28318530718,-0.));
#5050 = VECTOR('',#5051,1.);
#5051 = DIRECTION('',(0.,1.));
#5052 = ( GEOMETRIC_REPRESENTATION_CONTEXT(2) 
PARAMETRIC_REPRESENTATION_CONTEXT() REPRESENTATION_CONTEXT('2D SPACE',''
  ) );
#5053 = ORIENTED_EDGE('',*,*,#2629,.T.);
#5054 = ORIENTED_EDGE('',*,*,#5006,.T.);
#5055 = ADVANCED_FACE('',(#5056),#2548,.T.);
#5056 = FACE_BOUND('',#5057,.T.);
#5057 = EDGE_LOOP('',(#5058,#5059,#5080,#5081));
#5058 = ORIENTED_EDGE('',*,*,#3917,.F.);
#5059 = ORIENTED_EDGE('',*,*,#5060,.F.);
#5060 = EDGE_CURVE('',#2181,#3918,#5061,.T.);
#5061 = SURFACE_CURVE('',#5062,(#5066,#5073),.PCURVE_S1.);
#5062 = LINE('',#5063,#5064);
#5063 = CARTESIAN_POINT('',(3.2,3.448309210555E-15,24.));
#5064 = VECTOR('',#5065,1.);
#5065 = DIRECTION('',(0.,-1.224646799147E-16,-1.));
#5066 = PCURVE('',#2548,#5067);
#5067 = DEFINITIONAL_REPRESENTATION('',(#5068),#5072);
#5068 = LINE('',#5069,#5070);
#5069 = CARTESIAN_POINT('',(0.,-0.));
#5070 = VECTOR('',#5071,1.);
#5071 = DIRECTION('',(0.,1.));
#5072 = ( GEOMETRIC_REPRESENTATION_CONTEXT(2) 
PARAMETRIC_REPRESENTATION_CONTEXT() REPRESENTATION_CONTEXT('2D SPACE',''
  ) );
#5073 = PCURVE('',#2320,#5074);
#5074 = DEFINITIONAL_REPRESENTATION('',(#5075),#5079);
#5075 = LINE('',#5076,#5077);
#5076 = CARTESIAN_POINT('',(6.28318530718,-0.));
#5077 = VECTOR('',#5078,1.);
#5078 = DIRECTION('',(0.,1.));
#5079 = ( GEOMETRIC_REPRESENTATION_CONTEXT(2) 
PARAMETRIC_REPRESENTATION_CONTEXT() REPRESENTATION_CONTEXT('2D SPACE',''
  ) );
#5080 = ORIENTED_EDGE('',*,*,#2394,.T.);
#5081 = ORIENTED_EDGE('',*,*,#5033,.T.);
#5082 = ADVANCED_FACE('',(#5083),#2320,.T.);
#5083 = FACE_BOUND('',#5084,.T.);
#5084 = EDGE_LOOP('',(#5085,#5086,#5107,#5108));
#5085 = ORIENTED_EDGE('',*,*,#4147,.F.);
#5086 = ORIENTED_EDGE('',*,*,#5087,.F.);
#5087 = EDGE_CURVE('',#1988,#4148,#5088,.T.);
#5088 = SURFACE_CURVE('',#5089,(#5093,#5100),.PCURVE_S1.);
#5089 = LINE('',#5090,#5091);
#5090 = CARTESIAN_POINT('',(3.2,3.448309210555E-15,24.));
#5091 = VECTOR('',#5092,1.);
#5092 = DIRECTION('',(0.,-1.224646799147E-16,-1.));
#5093 = PCURVE('',#2320,#5094);
#5094 = DEFINITIONAL_REPRESENTATION('',(#5095),#5099);
#5095 = LINE('',#5096,#5097);
#5096 = CARTESIAN_POINT('',(0.,-0.));
#5097 = VECTOR('',#5098,1.);
#5098 = DIRECTION('',(0.,1.));
#5099 = ( GEOMETRIC_REPRESENTATION_CONTEXT(2) 
PARAMETRIC_REPRESENTATION_CONTEXT() REPRESENTATION_CONTEXT('2D SPACE',''
  ) );
#5100 = PCURVE('',#2113,#5101);
#5101 = DEFINITIONAL_REPRESENTATION('',(#5102),#5106);
#5102 = LINE('',#5103,#5104);
#5103 = CARTESIAN_POINT('',(6.28318530718,-0.));
#5104 = VECTOR('',#5105,1.);
#5105 = DIRECTION('',(0.,1.));
#5106 = ( GEOMETRIC_REPRESENTATION_CONTEXT(2) 
PARAMETRIC_REPRESENTATION_CONTEXT() REPRESENTATION_CONTEXT('2D SPACE',''
  ) );
#5107 = ORIENTED_EDGE('',*,*,#2180,.T.);
#5108 = ORIENTED_EDGE('',*,*,#5060,.T.);
#5109 = ADVANCED_FACE('',(#5110),#2113,.T.);
#5110 = FACE_BOUND('',#5111,.T.);
#5111 = EDGE_LOOP('',(#5112,#5113,#5134,#5135));
#5112 = ORIENTED_EDGE('',*,*,#4356,.F.);
#5113 = ORIENTED_EDGE('',*,*,#5114,.F.);
#5114 = EDGE_CURVE('',#1774,#4357,#5115,.T.);
#5115 = SURFACE_CURVE('',#5116,(#5120,#5127),.PCURVE_S1.);
#5116 = LINE('',#5117,#5118);
#5117 = CARTESIAN_POINT('',(3.2,3.448309210555E-15,24.));
#5118 = VECTOR('',#5119,1.);
#5119 = DIRECTION('',(0.,-1.224646799147E-16,-1.));
#5120 = PCURVE('',#2113,#5121);
#5121 = DEFINITIONAL_REPRESENTATION('',(#5122),#5126);
#5122 = LINE('',#5123,#5124);
#5123 = CARTESIAN_POINT('',(0.,-0.));
#5124 = VECTOR('',#5125,1.);
#5125 = DIRECTION('',(0.,1.));
#5126 = ( GEOMETRIC_REPRESENTATION_CONTEXT(2) 
PARAMETRIC_REPRESENTATION_CONTEXT() REPRESENTATION_CONTEXT('2D SPACE',''
  ) );
#5127 = PCURVE('',#1913,#5128);
#5128 = DEFINITIONAL_REPRESENTATION('',(#5129),#5133);
#5129 = LINE('',#5130,#5131);
#5130 = CARTESIAN_POINT('',(6.28318530718,-0.));
#5131 = VECTOR('',#5132,1.);
#5132 = DIRECTION('',(0.,1.));
#5133 = ( GEOMETRIC_REPRESENTATION_CONTEXT(2) 
PARAMETRIC_REPRESENTATION_CONTEXT() REPRESENTATION_CONTEXT('2D SPACE',''
  ) );
#5134 = ORIENTED_EDGE('',*,*,#1987,.T.);
#5135 = ORIENTED_EDGE('',*,*,#5087,.T.);
#5136 = ADVANCED_FACE('',(#5137),#1913,.T.);
#5137 = FACE_BOUND('',#5138,.T.);
#5138 = EDGE_LOOP('',(#5139,#5140,#5161,#5162));
#5139 = ORIENTED_EDGE('',*,*,#4586,.F.);
#5140 = ORIENTED_EDGE('',*,*,#5141,.F.);
#5141 = EDGE_CURVE('',#1581,#4587,#5142,.T.);
#5142 = SURFACE_CURVE('',#5143,(#5147,#5154),.PCURVE_S1.);
#5143 = LINE('',#5144,#5145);
#5144 = CARTESIAN_POINT('',(3.2,3.448309210555E-15,24.));
#5145 = VECTOR('',#5146,1.);
#5146 = DIRECTION('',(0.,-1.224646799147E-16,-1.));
#5147 = PCURVE('',#1913,#5148);
#5148 = DEFINITIONAL_REPRESENTATION('',(#5149),#5153);
#5149 = LINE('',#5150,#5151);
#5150 = CARTESIAN_POINT('',(0.,-0.));
#5151 = VECTOR('',#5152,1.);
#5152 = DIRECTION('',(0.,1.));
#5153 = ( GEOMETRIC_REPRESENTATION_CONTEXT(2) 
PARAMETRIC_REPRESENTATION_CONTEXT() REPRESENTATION_CONTEXT('2D SPACE',''
  ) );
#5154 = PCURVE('',#1706,#5155);
#5155 = DEFINITIONAL_REPRESENTATION('',(#5156),#5160);
#5156 = LINE('',#5157,#5158);
#5157 = CARTESIAN_POINT('',(6.28318530718,-0.));
#5158 = VECTOR('',#5159,1.);
#5159 = DIRECTION('',(0.,1.));
#5160 = ( GEOMETRIC_REPRESENTATION_CONTEXT(2) 
PARAMETRIC_REPRESENTATION_CONTEXT() REPRESENTATION_CONTEXT('2D SPACE',''
  ) );
#5161 = ORIENTED_EDGE('',*,*,#1773,.T.);
#5162 = ORIENTED_EDGE('',*,*,#5114,.T.);
#5163 = ADVANCED_FACE('',(#5164),#1706,.T.);
#5164 = FACE_BOUND('',#5165,.T.);
#5165 = EDGE_LOOP('',(#5166,#5167,#5190,#5212,#5213));
#5166 = ORIENTED_EDGE('',*,*,#4795,.F.);
#5167 = ORIENTED_EDGE('',*,*,#5168,.F.);
#5168 = EDGE_CURVE('',#5169,#3265,#5171,.T.);
#5169 = VERTEX_POINT('',#5170);
#5170 = CARTESIAN_POINT('',(3.2,3.203379850725E-15,22.));
#5171 = SURFACE_CURVE('',#5172,(#5176,#5183),.PCURVE_S1.);
#5172 = LINE('',#5173,#5174);
#5173 = CARTESIAN_POINT('',(3.2,3.448309210555E-15,24.));
#5174 = VECTOR('',#5175,1.);
#5175 = DIRECTION('',(0.,-1.224646799147E-16,-1.));
#5176 = PCURVE('',#1706,#5177);
#5177 = DEFINITIONAL_REPRESENTATION('',(#5178),#5182);
#5178 = LINE('',#5179,#5180);
#5179 = CARTESIAN_POINT('',(0.,-0.));
#5180 = VECTOR('',#5181,1.);
#5181 = DIRECTION('',(0.,1.));
#5182 = ( GEOMETRIC_REPRESENTATION_CONTEXT(2) 
PARAMETRIC_REPRESENTATION_CONTEXT() REPRESENTATION_CONTEXT('2D SPACE',''
  ) );
#5183 = PCURVE('',#3390,#5184);
#5184 = DEFINITIONAL_REPRESENTATION('',(#5185),#5189);
#5185 = LINE('',#5186,#5187);
#5186 = CARTESIAN_POINT('',(6.28318530718,-0.));
#5187 = VECTOR('',#5188,1.);
#5188 = DIRECTION('',(0.,1.));
#5189 = ( GEOMETRIC_REPRESENTATION_CONTEXT(2) 
PARAMETRIC_REPRESENTATION_CONTEXT() REPRESENTATION_CONTEXT('2D SPACE',''
  ) );
#5190 = ORIENTED_EDGE('',*,*,#5191,.T.);
#5191 = EDGE_CURVE('',#5169,#1508,#5192,.T.);
#5192 = SURFACE_CURVE('',#5193,(#5198,#5205),.PCURVE_S1.);
#5193 = CIRCLE('',#5194,3.2);
#5194 = AXIS2_PLACEMENT_3D('',#5195,#5196,#5197);
#5195 = CARTESIAN_POINT('',(0.,2.419605899271E-15,22.));
#5196 = DIRECTION('',(0.,-1.224646799147E-16,-1.));
#5197 = DIRECTION('',(1.,0.,0.));
#5198 = PCURVE('',#1706,#5199);
#5199 = DEFINITIONAL_REPRESENTATION('',(#5200),#5204);
#5200 = LINE('',#5201,#5202);
#5201 = CARTESIAN_POINT('',(0.,2.));
#5202 = VECTOR('',#5203,1.);
#5203 = DIRECTION('',(1.,0.));
#5204 = ( GEOMETRIC_REPRESENTATION_CONTEXT(2) 
PARAMETRIC_REPRESENTATION_CONTEXT() REPRESENTATION_CONTEXT('2D SPACE',''
  ) );
#5205 = PCURVE('',#1553,#5206);
#5206 = DEFINITIONAL_REPRESENTATION('',(#5207),#5211);
#5207 = CIRCLE('',#5208,3.2);
#5208 = AXIS2_PLACEMENT_2D('',#5209,#5210);
#5209 = CARTESIAN_POINT('',(0.,0.));
#5210 = DIRECTION('',(1.,0.));
#5211 = ( GEOMETRIC_REPRESENTATION_CONTEXT(2) 
PARAMETRIC_REPRESENTATION_CONTEXT() REPRESENTATION_CONTEXT('2D SPACE',''
  ) );
#5212 = ORIENTED_EDGE('',*,*,#1580,.T.);
#5213 = ORIENTED_EDGE('',*,*,#5141,.T.);
#5214 = ADVANCED_FACE('',(#5215,#5243),#1553,.F.);
#5215 = FACE_BOUND('',#5216,.F.);
#5216 = EDGE_LOOP('',(#5217,#5218,#5219,#5220,#5221));
#5217 = ORIENTED_EDGE('',*,*,#5191,.T.);
#5218 = ORIENTED_EDGE('',*,*,#1507,.T.);
#5219 = ORIENTED_EDGE('',*,*,#3179,.T.);
#5220 = ORIENTED_EDGE('',*,*,#3457,.T.);
#5221 = ORIENTED_EDGE('',*,*,#5222,.T.);
#5222 = EDGE_CURVE('',#3263,#5169,#5223,.T.);
#5223 = SURFACE_CURVE('',#5224,(#5229,#5236),.PCURVE_S1.);
#5224 = CIRCLE('',#5225,3.2);
#5225 = AXIS2_PLACEMENT_3D('',#5226,#5227,#5228);
#5226 = CARTESIAN_POINT('',(0.,2.419605899271E-15,22.));
#5227 = DIRECTION('',(0.,-1.224646799147E-16,-1.));
#5228 = DIRECTION('',(1.,0.,0.));
#5229 = PCURVE('',#1553,#5230);
#5230 = DEFINITIONAL_REPRESENTATION('',(#5231),#5235);
#5231 = CIRCLE('',#5232,3.2);
#5232 = AXIS2_PLACEMENT_2D('',#5233,#5234);
#5233 = CARTESIAN_POINT('',(0.,0.));
#5234 = DIRECTION('',(1.,0.));
#5235 = ( GEOMETRIC_REPRESENTATION_CONTEXT(2) 
PARAMETRIC_REPRESENTATION_CONTEXT() REPRESENTATION_CONTEXT('2D SPACE',''
  ) );
#5236 = PCURVE('',#3390,#5237);
#5237 = DEFINITIONAL_REPRESENTATION('',(#5238),#5242);
#5238 = LINE('',#5239,#5240);
#5239 = CARTESIAN_POINT('',(0.,2.));
#5240 = VECTOR('',#5241,1.);
#5241 = DIRECTION('',(1.,0.));
#5242 = ( GEOMETRIC_REPRESENTATION_CONTEXT(2) 
PARAMETRIC_REPRESENTATION_CONTEXT() REPRESENTATION_CONTEXT('2D SPACE',''
  ) );
#5243 = FACE_BOUND('',#5244,.F.);
#5244 = EDGE_LOOP('',(#5245));
#5245 = ORIENTED_EDGE('',*,*,#5246,.F.);
#5246 = EDGE_CURVE('',#5247,#5247,#5249,.T.);
#5247 = VERTEX_POINT('',#5248);
#5248 = CARTESIAN_POINT('',(2.,2.90946461893E-15,22.));
#5249 = SURFACE_CURVE('',#5250,(#5255,#5262),.PCURVE_S1.);
#5250 = CIRCLE('',#5251,2.);
#5251 = AXIS2_PLACEMENT_3D('',#5252,#5253,#5254);
#5252 = CARTESIAN_POINT('',(0.,2.419605899271E-15,22.));
#5253 = DIRECTION('',(0.,-1.224646799147E-16,-1.));
#5254 = DIRECTION('',(1.,0.,0.));
#5255 = PCURVE('',#1553,#5256);
#5256 = DEFINITIONAL_REPRESENTATION('',(#5257),#5261);
#5257 = CIRCLE('',#5258,2.);
#5258 = AXIS2_PLACEMENT_2D('',#5259,#5260);
#5259 = CARTESIAN_POINT('',(0.,0.));
#5260 = DIRECTION('',(1.,0.));
#5261 = ( GEOMETRIC_REPRESENTATION_CONTEXT(2) 
PARAMETRIC_REPRESENTATION_CONTEXT() REPRESENTATION_CONTEXT('2D SPACE',''
  ) );
#5262 = PCURVE('',#5263,#5268);
#5263 = CYLINDRICAL_SURFACE('',#5264,2.);
#5264 = AXIS2_PLACEMENT_3D('',#5265,#5266,#5267);
#5265 = CARTESIAN_POINT('',(0.,2.6645352591E-15,24.));
#5266 = DIRECTION('',(0.,-1.224646799147E-16,-1.));
#5267 = DIRECTION('',(1.,0.,0.));
#5268 = DEFINITIONAL_REPRESENTATION('',(#5269),#5273);
#5269 = LINE('',#5270,#5271);
#5270 = CARTESIAN_POINT('',(0.,2.));
#5271 = VECTOR('',#5272,1.);
#5272 = DIRECTION('',(1.,0.));
#5273 = ( GEOMETRIC_REPRESENTATION_CONTEXT(2) 
PARAMETRIC_REPRESENTATION_CONTEXT() REPRESENTATION_CONTEXT('2D SPACE',''
  ) );
#5274 = ADVANCED_FACE('',(#5275),#3390,.T.);
#5275 = FACE_BOUND('',#5276,.T.);
#5276 = EDGE_LOOP('',(#5277,#5278,#5279));
#5277 = ORIENTED_EDGE('',*,*,#3262,.F.);
#5278 = ORIENTED_EDGE('',*,*,#5222,.T.);
#5279 = ORIENTED_EDGE('',*,*,#5168,.T.);
#5280 = ADVANCED_FACE('',(#5281),#5263,.T.);
#5281 = FACE_BOUND('',#5282,.T.);
#5282 = EDGE_LOOP('',(#5283,#5284,#5307,#5334));
#5283 = ORIENTED_EDGE('',*,*,#5246,.F.);
#5284 = ORIENTED_EDGE('',*,*,#5285,.F.);
#5285 = EDGE_CURVE('',#5286,#5247,#5288,.T.);
#5286 = VERTEX_POINT('',#5287);
#5287 = CARTESIAN_POINT('',(2.,3.154393978759E-15,24.));
#5288 = SEAM_CURVE('',#5289,(#5293,#5300),.PCURVE_S1.);
#5289 = LINE('',#5290,#5291);
#5290 = CARTESIAN_POINT('',(2.,3.154393978759E-15,24.));
#5291 = VECTOR('',#5292,1.);
#5292 = DIRECTION('',(0.,-1.224646799147E-16,-1.));
#5293 = PCURVE('',#5263,#5294);
#5294 = DEFINITIONAL_REPRESENTATION('',(#5295),#5299);
#5295 = LINE('',#5296,#5297);
#5296 = CARTESIAN_POINT('',(6.28318530718,-0.));
#5297 = VECTOR('',#5298,1.);
#5298 = DIRECTION('',(0.,1.));
#5299 = ( GEOMETRIC_REPRESENTATION_CONTEXT(2) 
PARAMETRIC_REPRESENTATION_CONTEXT() REPRESENTATION_CONTEXT('2D SPACE',''
  ) );
#5300 = PCURVE('',#5263,#5301);
#5301 = DEFINITIONAL_REPRESENTATION('',(#5302),#5306);
#5302 = LINE('',#5303,#5304);
#5303 = CARTESIAN_POINT('',(0.,-0.));
#5304 = VECTOR('',#5305,1.);
#5305 = DIRECTION('',(0.,1.));
#5306 = ( GEOMETRIC_REPRESENTATION_CONTEXT(2) 
PARAMETRIC_REPRESENTATION_CONTEXT() REPRESENTATION_CONTEXT('2D SPACE',''
  ) );
#5307 = ORIENTED_EDGE('',*,*,#5308,.T.);
#5308 = EDGE_CURVE('',#5286,#5286,#5309,.T.);
#5309 = SURFACE_CURVE('',#5310,(#5315,#5322),.PCURVE_S1.);
#5310 = CIRCLE('',#5311,2.);
#5311 = AXIS2_PLACEMENT_3D('',#5312,#5313,#5314);
#5312 = CARTESIAN_POINT('',(0.,2.6645352591E-15,24.));
#5313 = DIRECTION('',(0.,-1.224646799147E-16,-1.));
#5314 = DIRECTION('',(1.,0.,0.));
#5315 = PCURVE('',#5263,#5316);
#5316 = DEFINITIONAL_REPRESENTATION('',(#5317),#5321);
#5317 = LINE('',#5318,#5319);
#5318 = CARTESIAN_POINT('',(0.,0.));
#5319 = VECTOR('',#5320,1.);
#5320 = DIRECTION('',(1.,0.));
#5321 = ( GEOMETRIC_REPRESENTATION_CONTEXT(2) 
PARAMETRIC_REPRESENTATION_CONTEXT() REPRESENTATION_CONTEXT('2D SPACE',''
  ) );
#5322 = PCURVE('',#5323,#5328);
#5323 = PLANE('',#5324);
#5324 = AXIS2_PLACEMENT_3D('',#5325,#5326,#5327);
#5325 = CARTESIAN_POINT('',(0.,2.6645352591E-15,24.));
#5326 = DIRECTION('',(0.,-1.224646799147E-16,-1.));
#5327 = DIRECTION('',(1.,0.,0.));
#5328 = DEFINITIONAL_REPRESENTATION('',(#5329),#5333);
#5329 = CIRCLE('',#5330,2.);
#5330 = AXIS2_PLACEMENT_2D('',#5331,#5332);
#5331 = CARTESIAN_POINT('',(0.,0.));
#5332 = DIRECTION('',(1.,0.));
#5333 = ( GEOMETRIC_REPRESENTATION_CONTEXT(2) 
PARAMETRIC_REPRESENTATION_CONTEXT() REPRESENTATION_CONTEXT('2D SPACE',''
  ) );
#5334 = ORIENTED_EDGE('',*,*,#5285,.T.);
#5335 = ADVANCED_FACE('',(#5336),#5323,.F.);
#5336 = FACE_BOUND('',#5337,.T.);
#5337 = EDGE_LOOP('',(#5338));
#5338 = ORIENTED_EDGE('',*,*,#5308,.F.);
#5339 = ( GEOMETRIC_REPRESENTATION_CONTEXT(3) 
GLOBAL_UNCERTAINTY_ASSIGNED_CONTEXT((#5343)) 
GLOBAL_UNIT_ASSIGNED_CONTEXT((#5340,#5341,#5342)) REPRESENTATION_CONTEXT
('Context #1','3D Context with UNIT and UNCERTAINTY') );
#5340 = ( LENGTH_UNIT() NAMED_UNIT(*) SI_UNIT(.MILLI.,.METRE.) );
#5341 = ( NAMED_UNIT(*) PLANE_ANGLE_UNIT() SI_UNIT($,.RADIAN.) );
#5342 = ( NAMED_UNIT(*) SI_UNIT($,.STERADIAN.) SOLID_ANGLE_UNIT() );
#5343 = UNCERTAINTY_MEASURE_WITH_UNIT(LENGTH_MEASURE(5.E-06),#5340,
  'distance_accuracy_value','confusion accuracy');
#5344 = PRODUCT_RELATED_PRODUCT_CATEGORY('part',$,(#7));
ENDSEC;
END-ISO-10303-21;
