ISO-10303-21;
HEADER;
FILE_DESCRIPTION(('Open CASCADE Model'),'2;1');
FILE_NAME('Open CASCADE Shape Model','2026-09-30T15:40:34',('Author'),(
    'Open CASCADE'),'Open CASCADE STEP processor 7.8','Open CASCADE 7.8'
  ,'Unknown');
FILE_SCHEMA(('AUTOMOTIVE_DESIGN { 1 0 10303 214 1 1 1 1 }'));
ENDSEC;
DATA;
#1 = APPLICATION_PROTOCOL_DEFINITION('international standard',
  'automotive_design',2000,#2);
#2 = APPLICATION_CONTEXT(
  'core data for automotive mechanical design processes');
#3 = SHAPE_DEFINITION_REPRESENTATION(#4,#10);
#4 = PRODUCT_DEFINITION_SHAPE('','',#5);
#5 = PRODUCT_DEFINITION('design','',#6,#9);
#6 = PRODUCT_DEFINITION_FORMATION('','',#7);
#7 = PRODUCT('Open CASCADE STEP translator 7.8 2',
  'Open CASCADE STEP translator 7.8 2','',(#8));
#8 = PRODUCT_CONTEXT('',#2,'mechanical');
#9 = PRODUCT_DEFINITION_CONTEXT('part definition',#2,'design');
#10 = ADVANCED_BREP_SHAPE_REPRESENTATION('',(#11,#15),#3395);
#11 = AXIS2_PLACEMENT_3D('',#12,#13,#14);
#12 = CARTESIAN_POINT('',(0.,0.,0.));
#13 = DIRECTION('',(0.,0.,1.));
#14 = DIRECTION('',(1.,0.,-0.));
#15 = MANIFOLD_SOLID_BREP('',#16);
#16 = CLOSED_SHELL('',(#17,#137,#213,#289,#398,#502,#529,#556,#563,#1404
    ,#1798,#2520,#2547,#2760,#3297,#3306,#3332,#3359,#3387));
#17 = ADVANCED_FACE('',(#18),#32,.F.);
#18 = FACE_BOUND('',#19,.F.);
#19 = EDGE_LOOP('',(#20,#55,#83,#111));
#20 = ORIENTED_EDGE('',*,*,#21,.T.);
#21 = EDGE_CURVE('',#22,#24,#26,.T.);
#22 = VERTEX_POINT('',#23);
#23 = CARTESIAN_POINT('',(12.,0.,0.));
#24 = VERTEX_POINT('',#25);
#25 = CARTESIAN_POINT('',(12.,0.,12.));
#26 = SURFACE_CURVE('',#27,(#31,#43),.PCURVE_S1.);
#27 = LINE('',#28,#29);
#28 = CARTESIAN_POINT('',(12.,0.,0.));
#29 = VECTOR('',#30,1.);
#30 = DIRECTION('',(0.,0.,1.));
#31 = PCURVE('',#32,#37);
#32 = PLANE('',#33);
#33 = AXIS2_PLACEMENT_3D('',#34,#35,#36);
#34 = CARTESIAN_POINT('',(12.,0.,0.));
#35 = DIRECTION('',(-0.866025403784,-0.5,0.));
#36 = DIRECTION('',(-0.5,0.866025403784,0.));
#37 = DEFINITIONAL_REPRESENTATION('',(#38),#42);
#38 = LINE('',#39,#40);
#39 = CARTESIAN_POINT('',(0.,0.));
#40 = VECTOR('',#41,1.);
#41 = DIRECTION('',(0.,-1.));
#42 = ( GEOMETRIC_REPRESENTATION_CONTEXT(2) 
PARAMETRIC_REPRESENTATION_CONTEXT() REPRESENTATION_CONTEXT('2D SPACE',''
  ) );
#43 = PCURVE('',#44,#49);
#44 = PLANE('',#45);
#45 = AXIS2_PLACEMENT_3D('',#46,#47,#48);
#46 = CARTESIAN_POINT('',(6.,-10.39230484541,0.));
#47 = DIRECTION('',(-0.866025403784,0.5,0.));
#48 = DIRECTION('',(0.5,0.866025403784,0.));
#49 = DEFINITIONAL_REPRESENTATION('',(#50),#54);
#50 = LINE('',#51,#52);
#51 = CARTESIAN_POINT('',(12.,0.));
#52 = VECTOR('',#53,1.);
#53 = DIRECTION('',(0.,-1.));
#54 = ( GEOMETRIC_REPRESENTATION_CONTEXT(2) 
PARAMETRIC_REPRESENTATION_CONTEXT() REPRESENTATION_CONTEXT('2D SPACE',''
  ) );
#55 = ORIENTED_EDGE('',*,*,#56,.T.);
#56 = EDGE_CURVE('',#24,#57,#59,.T.);
#57 = VERTEX_POINT('',#58);
#58 = CARTESIAN_POINT('',(6.,10.392304845413,12.));
#59 = SURFACE_CURVE('',#60,(#64,#71),.PCURVE_S1.);
#60 = LINE('',#61,#62);
#61 = CARTESIAN_POINT('',(12.,0.,12.));
#62 = VECTOR('',#63,1.);
#63 = DIRECTION('',(-0.5,0.866025403784,0.));
#64 = PCURVE('',#32,#65);
#65 = DEFINITIONAL_REPRESENTATION('',(#66),#70);
#66 = LINE('',#67,#68);
#67 = CARTESIAN_POINT('',(0.,-12.));
#68 = VECTOR('',#69,1.);
#69 = DIRECTION('',(1.,0.));
#70 = ( GEOMETRIC_REPRESENTATION_CONTEXT(2) 
PARAMETRIC_REPRESENTATION_CONTEXT() REPRESENTATION_CONTEXT('2D SPACE',''
  ) );
#71 = PCURVE('',#72,#77);
#72 = PLANE('',#73);
#73 = AXIS2_PLACEMENT_3D('',#74,#75,#76);
#74 = CARTESIAN_POINT('',(-5.921189464668E-16,6.238123521648E-16,12.));
#75 = DIRECTION('',(0.,0.,1.));
#76 = DIRECTION('',(1.,0.,-0.));
#77 = DEFINITIONAL_REPRESENTATION('',(#78),#82);
#78 = LINE('',#79,#80);
#79 = CARTESIAN_POINT('',(12.,-6.238123521648E-16));
#80 = VECTOR('',#81,1.);
#81 = DIRECTION('',(-0.5,0.866025403784));
#82 = ( GEOMETRIC_REPRESENTATION_CONTEXT(2) 
PARAMETRIC_REPRESENTATION_CONTEXT() REPRESENTATION_CONTEXT('2D SPACE',''
  ) );
#83 = ORIENTED_EDGE('',*,*,#84,.F.);
#84 = EDGE_CURVE('',#85,#57,#87,.T.);
#85 = VERTEX_POINT('',#86);
#86 = CARTESIAN_POINT('',(6.,10.392304845413,0.));
#87 = SURFACE_CURVE('',#88,(#92,#99),.PCURVE_S1.);
#88 = LINE('',#89,#90);
#89 = CARTESIAN_POINT('',(6.,10.392304845413,0.));
#90 = VECTOR('',#91,1.);
#91 = DIRECTION('',(0.,0.,1.));
#92 = PCURVE('',#32,#93);
#93 = DEFINITIONAL_REPRESENTATION('',(#94),#98);
#94 = LINE('',#95,#96);
#95 = CARTESIAN_POINT('',(12.,0.));
#96 = VECTOR('',#97,1.);
#97 = DIRECTION('',(0.,-1.));
#98 = ( GEOMETRIC_REPRESENTATION_CONTEXT(2) 
PARAMETRIC_REPRESENTATION_CONTEXT() REPRESENTATION_CONTEXT('2D SPACE',''
  ) );
#99 = PCURVE('',#100,#105);
#100 = PLANE('',#101);
#101 = AXIS2_PLACEMENT_3D('',#102,#103,#104);
#102 = CARTESIAN_POINT('',(6.,10.392304845413,0.));
#103 = DIRECTION('',(0.,-1.,0.));
#104 = DIRECTION('',(-1.,0.,0.));
#105 = DEFINITIONAL_REPRESENTATION('',(#106),#110);
#106 = LINE('',#107,#108);
#107 = CARTESIAN_POINT('',(0.,-0.));
#108 = VECTOR('',#109,1.);
#109 = DIRECTION('',(0.,-1.));
#110 = ( GEOMETRIC_REPRESENTATION_CONTEXT(2) 
PARAMETRIC_REPRESENTATION_CONTEXT() REPRESENTATION_CONTEXT('2D SPACE',''
  ) );
#111 = ORIENTED_EDGE('',*,*,#112,.F.);
#112 = EDGE_CURVE('',#22,#85,#113,.T.);
#113 = SURFACE_CURVE('',#114,(#118,#125),.PCURVE_S1.);
#114 = LINE('',#115,#116);
#115 = CARTESIAN_POINT('',(12.,0.,0.));
#116 = VECTOR('',#117,1.);
#117 = DIRECTION('',(-0.5,0.866025403784,0.));
#118 = PCURVE('',#32,#119);
#119 = DEFINITIONAL_REPRESENTATION('',(#120),#124);
#120 = LINE('',#121,#122);
#121 = CARTESIAN_POINT('',(0.,0.));
#122 = VECTOR('',#123,1.);
#123 = DIRECTION('',(1.,0.));
#124 = ( GEOMETRIC_REPRESENTATION_CONTEXT(2) 
PARAMETRIC_REPRESENTATION_CONTEXT() REPRESENTATION_CONTEXT('2D SPACE',''
  ) );
#125 = PCURVE('',#126,#131);
#126 = PLANE('',#127);
#127 = AXIS2_PLACEMENT_3D('',#128,#129,#130);
#128 = CARTESIAN_POINT('',(-5.921189464668E-16,6.238123521648E-16,0.));
#129 = DIRECTION('',(0.,0.,1.));
#130 = DIRECTION('',(1.,0.,-0.));
#131 = DEFINITIONAL_REPRESENTATION('',(#132),#136);
#132 = LINE('',#133,#134);
#133 = CARTESIAN_POINT('',(12.,-6.238123521648E-16));
#134 = VECTOR('',#135,1.);
#135 = DIRECTION('',(-0.5,0.866025403784));
#136 = ( GEOMETRIC_REPRESENTATION_CONTEXT(2) 
PARAMETRIC_REPRESENTATION_CONTEXT() REPRESENTATION_CONTEXT('2D SPACE',''
  ) );
#137 = ADVANCED_FACE('',(#138),#44,.F.);
#138 = FACE_BOUND('',#139,.F.);
#139 = EDGE_LOOP('',(#140,#170,#191,#192));
#140 = ORIENTED_EDGE('',*,*,#141,.T.);
#141 = EDGE_CURVE('',#142,#144,#146,.T.);
#142 = VERTEX_POINT('',#143);
#143 = CARTESIAN_POINT('',(6.,-10.39230484541,0.));
#144 = VERTEX_POINT('',#145);
#145 = CARTESIAN_POINT('',(6.,-10.39230484541,12.));
#146 = SURFACE_CURVE('',#147,(#151,#158),.PCURVE_S1.);
#147 = LINE('',#148,#149);
#148 = CARTESIAN_POINT('',(6.,-10.39230484541,0.));
#149 = VECTOR('',#150,1.);
#150 = DIRECTION('',(0.,0.,1.));
#151 = PCURVE('',#44,#152);
#152 = DEFINITIONAL_REPRESENTATION('',(#153),#157);
#153 = LINE('',#154,#155);
#154 = CARTESIAN_POINT('',(0.,0.));
#155 = VECTOR('',#156,1.);
#156 = DIRECTION('',(0.,-1.));
#157 = ( GEOMETRIC_REPRESENTATION_CONTEXT(2) 
PARAMETRIC_REPRESENTATION_CONTEXT() REPRESENTATION_CONTEXT('2D SPACE',''
  ) );
#158 = PCURVE('',#159,#164);
#159 = PLANE('',#160);
#160 = AXIS2_PLACEMENT_3D('',#161,#162,#163);
#161 = CARTESIAN_POINT('',(-6.,-10.39230484541,0.));
#162 = DIRECTION('',(5.921189464668E-16,1.,-0.));
#163 = DIRECTION('',(1.,-5.921189464668E-16,0.));
#164 = DEFINITIONAL_REPRESENTATION('',(#165),#169);
#165 = LINE('',#166,#167);
#166 = CARTESIAN_POINT('',(12.,0.));
#167 = VECTOR('',#168,1.);
#168 = DIRECTION('',(0.,-1.));
#169 = ( GEOMETRIC_REPRESENTATION_CONTEXT(2) 
PARAMETRIC_REPRESENTATION_CONTEXT() REPRESENTATION_CONTEXT('2D SPACE',''
  ) );
#170 = ORIENTED_EDGE('',*,*,#171,.T.);
#171 = EDGE_CURVE('',#144,#24,#172,.T.);
#172 = SURFACE_CURVE('',#173,(#177,#184),.PCURVE_S1.);
#173 = LINE('',#174,#175);
#174 = CARTESIAN_POINT('',(6.,-10.39230484541,12.));
#175 = VECTOR('',#176,1.);
#176 = DIRECTION('',(0.5,0.866025403784,0.));
#177 = PCURVE('',#44,#178);
#178 = DEFINITIONAL_REPRESENTATION('',(#179),#183);
#179 = LINE('',#180,#181);
#180 = CARTESIAN_POINT('',(0.,-12.));
#181 = VECTOR('',#182,1.);
#182 = DIRECTION('',(1.,0.));
#183 = ( GEOMETRIC_REPRESENTATION_CONTEXT(2) 
PARAMETRIC_REPRESENTATION_CONTEXT() REPRESENTATION_CONTEXT('2D SPACE',''
  ) );
#184 = PCURVE('',#72,#185);
#185 = DEFINITIONAL_REPRESENTATION('',(#186),#190);
#186 = LINE('',#187,#188);
#187 = CARTESIAN_POINT('',(6.,-10.39230484541));
#188 = VECTOR('',#189,1.);
#189 = DIRECTION('',(0.5,0.866025403784));
#190 = ( GEOMETRIC_REPRESENTATION_CONTEXT(2) 
PARAMETRIC_REPRESENTATION_CONTEXT() REPRESENTATION_CONTEXT('2D SPACE',''
  ) );
#191 = ORIENTED_EDGE('',*,*,#21,.F.);
#192 = ORIENTED_EDGE('',*,*,#193,.F.);
#193 = EDGE_CURVE('',#142,#22,#194,.T.);
#194 = SURFACE_CURVE('',#195,(#199,#206),.PCURVE_S1.);
#195 = LINE('',#196,#197);
#196 = CARTESIAN_POINT('',(6.,-10.39230484541,0.));
#197 = VECTOR('',#198,1.);
#198 = DIRECTION('',(0.5,0.866025403784,0.));
#199 = PCURVE('',#44,#200);
#200 = DEFINITIONAL_REPRESENTATION('',(#201),#205);
#201 = LINE('',#202,#203);
#202 = CARTESIAN_POINT('',(0.,0.));
#203 = VECTOR('',#204,1.);
#204 = DIRECTION('',(1.,0.));
#205 = ( GEOMETRIC_REPRESENTATION_CONTEXT(2) 
PARAMETRIC_REPRESENTATION_CONTEXT() REPRESENTATION_CONTEXT('2D SPACE',''
  ) );
#206 = PCURVE('',#126,#207);
#207 = DEFINITIONAL_REPRESENTATION('',(#208),#212);
#208 = LINE('',#209,#210);
#209 = CARTESIAN_POINT('',(6.,-10.39230484541));
#210 = VECTOR('',#211,1.);
#211 = DIRECTION('',(0.5,0.866025403784));
#212 = ( GEOMETRIC_REPRESENTATION_CONTEXT(2) 
PARAMETRIC_REPRESENTATION_CONTEXT() REPRESENTATION_CONTEXT('2D SPACE',''
  ) );
#213 = ADVANCED_FACE('',(#214),#100,.F.);
#214 = FACE_BOUND('',#215,.F.);
#215 = EDGE_LOOP('',(#216,#217,#240,#268));
#216 = ORIENTED_EDGE('',*,*,#84,.T.);
#217 = ORIENTED_EDGE('',*,*,#218,.T.);
#218 = EDGE_CURVE('',#57,#219,#221,.T.);
#219 = VERTEX_POINT('',#220);
#220 = CARTESIAN_POINT('',(-6.,10.392304845413,12.));
#221 = SURFACE_CURVE('',#222,(#226,#233),.PCURVE_S1.);
#222 = LINE('',#223,#224);
#223 = CARTESIAN_POINT('',(6.,10.392304845413,12.));
#224 = VECTOR('',#225,1.);
#225 = DIRECTION('',(-1.,0.,0.));
#226 = PCURVE('',#100,#227);
#227 = DEFINITIONAL_REPRESENTATION('',(#228),#232);
#228 = LINE('',#229,#230);
#229 = CARTESIAN_POINT('',(0.,-12.));
#230 = VECTOR('',#231,1.);
#231 = DIRECTION('',(1.,0.));
#232 = ( GEOMETRIC_REPRESENTATION_CONTEXT(2) 
PARAMETRIC_REPRESENTATION_CONTEXT() REPRESENTATION_CONTEXT('2D SPACE',''
  ) );
#233 = PCURVE('',#72,#234);
#234 = DEFINITIONAL_REPRESENTATION('',(#235),#239);
#235 = LINE('',#236,#237);
#236 = CARTESIAN_POINT('',(6.,10.392304845413));
#237 = VECTOR('',#238,1.);
#238 = DIRECTION('',(-1.,0.));
#239 = ( GEOMETRIC_REPRESENTATION_CONTEXT(2) 
PARAMETRIC_REPRESENTATION_CONTEXT() REPRESENTATION_CONTEXT('2D SPACE',''
  ) );
#240 = ORIENTED_EDGE('',*,*,#241,.F.);
#241 = EDGE_CURVE('',#242,#219,#244,.T.);
#242 = VERTEX_POINT('',#243);
#243 = CARTESIAN_POINT('',(-6.,10.392304845413,0.));
#244 = SURFACE_CURVE('',#245,(#249,#256),.PCURVE_S1.);
#245 = LINE('',#246,#247);
#246 = CARTESIAN_POINT('',(-6.,10.392304845413,0.));
#247 = VECTOR('',#248,1.);
#248 = DIRECTION('',(0.,0.,1.));
#249 = PCURVE('',#100,#250);
#250 = DEFINITIONAL_REPRESENTATION('',(#251),#255);
#251 = LINE('',#252,#253);
#252 = CARTESIAN_POINT('',(12.,0.));
#253 = VECTOR('',#254,1.);
#254 = DIRECTION('',(0.,-1.));
#255 = ( GEOMETRIC_REPRESENTATION_CONTEXT(2) 
PARAMETRIC_REPRESENTATION_CONTEXT() REPRESENTATION_CONTEXT('2D SPACE',''
  ) );
#256 = PCURVE('',#257,#262);
#257 = PLANE('',#258);
#258 = AXIS2_PLACEMENT_3D('',#259,#260,#261);
#259 = CARTESIAN_POINT('',(-6.,10.392304845413,0.));
#260 = DIRECTION('',(0.866025403784,-0.5,0.));
#261 = DIRECTION('',(-0.5,-0.866025403784,0.));
#262 = DEFINITIONAL_REPRESENTATION('',(#263),#267);
#263 = LINE('',#264,#265);
#264 = CARTESIAN_POINT('',(0.,0.));
#265 = VECTOR('',#266,1.);
#266 = DIRECTION('',(0.,-1.));
#267 = ( GEOMETRIC_REPRESENTATION_CONTEXT(2) 
PARAMETRIC_REPRESENTATION_CONTEXT() REPRESENTATION_CONTEXT('2D SPACE',''
  ) );
#268 = ORIENTED_EDGE('',*,*,#269,.F.);
#269 = EDGE_CURVE('',#85,#242,#270,.T.);
#270 = SURFACE_CURVE('',#271,(#275,#282),.PCURVE_S1.);
#271 = LINE('',#272,#273);
#272 = CARTESIAN_POINT('',(6.,10.392304845413,0.));
#273 = VECTOR('',#274,1.);
#274 = DIRECTION('',(-1.,0.,0.));
#275 = PCURVE('',#100,#276);
#276 = DEFINITIONAL_REPRESENTATION('',(#277),#281);
#277 = LINE('',#278,#279);
#278 = CARTESIAN_POINT('',(0.,-0.));
#279 = VECTOR('',#280,1.);
#280 = DIRECTION('',(1.,0.));
#281 = ( GEOMETRIC_REPRESENTATION_CONTEXT(2) 
PARAMETRIC_REPRESENTATION_CONTEXT() REPRESENTATION_CONTEXT('2D SPACE',''
  ) );
#282 = PCURVE('',#126,#283);
#283 = DEFINITIONAL_REPRESENTATION('',(#284),#288);
#284 = LINE('',#285,#286);
#285 = CARTESIAN_POINT('',(6.,10.392304845413));
#286 = VECTOR('',#287,1.);
#287 = DIRECTION('',(-1.,0.));
#288 = ( GEOMETRIC_REPRESENTATION_CONTEXT(2) 
PARAMETRIC_REPRESENTATION_CONTEXT() REPRESENTATION_CONTEXT('2D SPACE',''
  ) );
#289 = ADVANCED_FACE('',(#290,#367),#126,.F.);
#290 = FACE_BOUND('',#291,.F.);
#291 = EDGE_LOOP('',(#292,#293,#294,#317,#345,#366));
#292 = ORIENTED_EDGE('',*,*,#112,.T.);
#293 = ORIENTED_EDGE('',*,*,#269,.T.);
#294 = ORIENTED_EDGE('',*,*,#295,.T.);
#295 = EDGE_CURVE('',#242,#296,#298,.T.);
#296 = VERTEX_POINT('',#297);
#297 = CARTESIAN_POINT('',(-12.,1.469576158977E-15,0.));
#298 = SURFACE_CURVE('',#299,(#303,#310),.PCURVE_S1.);
#299 = LINE('',#300,#301);
#300 = CARTESIAN_POINT('',(-6.,10.392304845413,0.));
#301 = VECTOR('',#302,1.);
#302 = DIRECTION('',(-0.5,-0.866025403784,0.));
#303 = PCURVE('',#126,#304);
#304 = DEFINITIONAL_REPRESENTATION('',(#305),#309);
#305 = LINE('',#306,#307);
#306 = CARTESIAN_POINT('',(-6.,10.392304845413));
#307 = VECTOR('',#308,1.);
#308 = DIRECTION('',(-0.5,-0.866025403784));
#309 = ( GEOMETRIC_REPRESENTATION_CONTEXT(2) 
PARAMETRIC_REPRESENTATION_CONTEXT() REPRESENTATION_CONTEXT('2D SPACE',''
  ) );
#310 = PCURVE('',#257,#311);
#311 = DEFINITIONAL_REPRESENTATION('',(#312),#316);
#312 = LINE('',#313,#314);
#313 = CARTESIAN_POINT('',(0.,0.));
#314 = VECTOR('',#315,1.);
#315 = DIRECTION('',(1.,0.));
#316 = ( GEOMETRIC_REPRESENTATION_CONTEXT(2) 
PARAMETRIC_REPRESENTATION_CONTEXT() REPRESENTATION_CONTEXT('2D SPACE',''
  ) );
#317 = ORIENTED_EDGE('',*,*,#318,.T.);
#318 = EDGE_CURVE('',#296,#319,#321,.T.);
#319 = VERTEX_POINT('',#320);
#320 = CARTESIAN_POINT('',(-6.,-10.39230484541,0.));
#321 = SURFACE_CURVE('',#322,(#326,#333),.PCURVE_S1.);
#322 = LINE('',#323,#324);
#323 = CARTESIAN_POINT('',(-12.,1.469576158977E-15,0.));
#324 = VECTOR('',#325,1.);
#325 = DIRECTION('',(0.5,-0.866025403784,0.));
#326 = PCURVE('',#126,#327);
#327 = DEFINITIONAL_REPRESENTATION('',(#328),#332);
#328 = LINE('',#329,#330);
#329 = CARTESIAN_POINT('',(-12.,8.45763806812E-16));
#330 = VECTOR('',#331,1.);
#331 = DIRECTION('',(0.5,-0.866025403784));
#332 = ( GEOMETRIC_REPRESENTATION_CONTEXT(2) 
PARAMETRIC_REPRESENTATION_CONTEXT() REPRESENTATION_CONTEXT('2D SPACE',''
  ) );
#333 = PCURVE('',#334,#339);
#334 = PLANE('',#335);
#335 = AXIS2_PLACEMENT_3D('',#336,#337,#338);
#336 = CARTESIAN_POINT('',(-12.,1.469576158977E-15,0.));
#337 = DIRECTION('',(0.866025403784,0.5,-0.));
#338 = DIRECTION('',(0.5,-0.866025403784,0.));
#339 = DEFINITIONAL_REPRESENTATION('',(#340),#344);
#340 = LINE('',#341,#342);
#341 = CARTESIAN_POINT('',(0.,0.));
#342 = VECTOR('',#343,1.);
#343 = DIRECTION('',(1.,0.));
#344 = ( GEOMETRIC_REPRESENTATION_CONTEXT(2) 
PARAMETRIC_REPRESENTATION_CONTEXT() REPRESENTATION_CONTEXT('2D SPACE',''
  ) );
#345 = ORIENTED_EDGE('',*,*,#346,.T.);
#346 = EDGE_CURVE('',#319,#142,#347,.T.);
#347 = SURFACE_CURVE('',#348,(#352,#359),.PCURVE_S1.);
#348 = LINE('',#349,#350);
#349 = CARTESIAN_POINT('',(-6.,-10.39230484541,0.));
#350 = VECTOR('',#351,1.);
#351 = DIRECTION('',(1.,-5.921189464668E-16,0.));
#352 = PCURVE('',#126,#353);
#353 = DEFINITIONAL_REPRESENTATION('',(#354),#358);
#354 = LINE('',#355,#356);
#355 = CARTESIAN_POINT('',(-6.,-10.39230484541));
#356 = VECTOR('',#357,1.);
#357 = DIRECTION('',(1.,-5.921189464668E-16));
#358 = ( GEOMETRIC_REPRESENTATION_CONTEXT(2) 
PARAMETRIC_REPRESENTATION_CONTEXT() REPRESENTATION_CONTEXT('2D SPACE',''
  ) );
#359 = PCURVE('',#159,#360);
#360 = DEFINITIONAL_REPRESENTATION('',(#361),#365);
#361 = LINE('',#362,#363);
#362 = CARTESIAN_POINT('',(0.,0.));
#363 = VECTOR('',#364,1.);
#364 = DIRECTION('',(1.,0.));
#365 = ( GEOMETRIC_REPRESENTATION_CONTEXT(2) 
PARAMETRIC_REPRESENTATION_CONTEXT() REPRESENTATION_CONTEXT('2D SPACE',''
  ) );
#366 = ORIENTED_EDGE('',*,*,#193,.T.);
#367 = FACE_BOUND('',#368,.F.);
#368 = EDGE_LOOP('',(#369));
#369 = ORIENTED_EDGE('',*,*,#370,.F.);
#370 = EDGE_CURVE('',#371,#371,#373,.T.);
#371 = VERTEX_POINT('',#372);
#372 = CARTESIAN_POINT('',(7.3,-1.787984326755E-15,0.));
#373 = SURFACE_CURVE('',#374,(#379,#386),.PCURVE_S1.);
#374 = CIRCLE('',#375,7.3);
#375 = AXIS2_PLACEMENT_3D('',#376,#377,#378);
#376 = CARTESIAN_POINT('',(0.,0.,0.));
#377 = DIRECTION('',(0.,0.,1.));
#378 = DIRECTION('',(1.,0.,-0.));
#379 = PCURVE('',#126,#380);
#380 = DEFINITIONAL_REPRESENTATION('',(#381),#385);
#381 = CIRCLE('',#382,7.3);
#382 = AXIS2_PLACEMENT_2D('',#383,#384);
#383 = CARTESIAN_POINT('',(5.921189464668E-16,-6.238123521648E-16));
#384 = DIRECTION('',(1.,0.));
#385 = ( GEOMETRIC_REPRESENTATION_CONTEXT(2) 
PARAMETRIC_REPRESENTATION_CONTEXT() REPRESENTATION_CONTEXT('2D SPACE',''
  ) );
#386 = PCURVE('',#387,#392);
#387 = CONICAL_SURFACE('',#388,7.3,1.012197011451);
#388 = AXIS2_PLACEMENT_3D('',#389,#390,#391);
#389 = CARTESIAN_POINT('',(0.,0.,0.));
#390 = DIRECTION('',(-0.,-0.,-1.));
#391 = DIRECTION('',(1.,0.,-0.));
#392 = DEFINITIONAL_REPRESENTATION('',(#393),#397);
#393 = LINE('',#394,#395);
#394 = CARTESIAN_POINT('',(-0.,-0.));
#395 = VECTOR('',#396,1.);
#396 = DIRECTION('',(-1.,-0.));
#397 = ( GEOMETRIC_REPRESENTATION_CONTEXT(2) 
PARAMETRIC_REPRESENTATION_CONTEXT() REPRESENTATION_CONTEXT('2D SPACE',''
  ) );
#398 = ADVANCED_FACE('',(#399,#471),#72,.T.);
#399 = FACE_BOUND('',#400,.T.);
#400 = EDGE_LOOP('',(#401,#402,#403,#426,#449,#470));
#401 = ORIENTED_EDGE('',*,*,#56,.T.);
#402 = ORIENTED_EDGE('',*,*,#218,.T.);
#403 = ORIENTED_EDGE('',*,*,#404,.T.);
#404 = EDGE_CURVE('',#219,#405,#407,.T.);
#405 = VERTEX_POINT('',#406);
#406 = CARTESIAN_POINT('',(-12.,1.469576158977E-15,12.));
#407 = SURFACE_CURVE('',#408,(#412,#419),.PCURVE_S1.);
#408 = LINE('',#409,#410);
#409 = CARTESIAN_POINT('',(-6.,10.392304845413,12.));
#410 = VECTOR('',#411,1.);
#411 = DIRECTION('',(-0.5,-0.866025403784,0.));
#412 = PCURVE('',#72,#413);
#413 = DEFINITIONAL_REPRESENTATION('',(#414),#418);
#414 = LINE('',#415,#416);
#415 = CARTESIAN_POINT('',(-6.,10.392304845413));
#416 = VECTOR('',#417,1.);
#417 = DIRECTION('',(-0.5,-0.866025403784));
#418 = ( GEOMETRIC_REPRESENTATION_CONTEXT(2) 
PARAMETRIC_REPRESENTATION_CONTEXT() REPRESENTATION_CONTEXT('2D SPACE',''
  ) );
#419 = PCURVE('',#257,#420);
#420 = DEFINITIONAL_REPRESENTATION('',(#421),#425);
#421 = LINE('',#422,#423);
#422 = CARTESIAN_POINT('',(0.,-12.));
#423 = VECTOR('',#424,1.);
#424 = DIRECTION('',(1.,0.));
#425 = ( GEOMETRIC_REPRESENTATION_CONTEXT(2) 
PARAMETRIC_REPRESENTATION_CONTEXT() REPRESENTATION_CONTEXT('2D SPACE',''
  ) );
#426 = ORIENTED_EDGE('',*,*,#427,.T.);
#427 = EDGE_CURVE('',#405,#428,#430,.T.);
#428 = VERTEX_POINT('',#429);
#429 = CARTESIAN_POINT('',(-6.,-10.39230484541,12.));
#430 = SURFACE_CURVE('',#431,(#435,#442),.PCURVE_S1.);
#431 = LINE('',#432,#433);
#432 = CARTESIAN_POINT('',(-12.,1.469576158977E-15,12.));
#433 = VECTOR('',#434,1.);
#434 = DIRECTION('',(0.5,-0.866025403784,0.));
#435 = PCURVE('',#72,#436);
#436 = DEFINITIONAL_REPRESENTATION('',(#437),#441);
#437 = LINE('',#438,#439);
#438 = CARTESIAN_POINT('',(-12.,8.45763806812E-16));
#439 = VECTOR('',#440,1.);
#440 = DIRECTION('',(0.5,-0.866025403784));
#441 = ( GEOMETRIC_REPRESENTATION_CONTEXT(2) 
PARAMETRIC_REPRESENTATION_CONTEXT() REPRESENTATION_CONTEXT('2D SPACE',''
  ) );
#442 = PCURVE('',#334,#443);
#443 = DEFINITIONAL_REPRESENTATION('',(#444),#448);
#444 = LINE('',#445,#446);
#445 = CARTESIAN_POINT('',(0.,-12.));
#446 = VECTOR('',#447,1.);
#447 = DIRECTION('',(1.,0.));
#448 = ( GEOMETRIC_REPRESENTATION_CONTEXT(2) 
PARAMETRIC_REPRESENTATION_CONTEXT() REPRESENTATION_CONTEXT('2D SPACE',''
  ) );
#449 = ORIENTED_EDGE('',*,*,#450,.T.);
#450 = EDGE_CURVE('',#428,#144,#451,.T.);
#451 = SURFACE_CURVE('',#452,(#456,#463),.PCURVE_S1.);
#452 = LINE('',#453,#454);
#453 = CARTESIAN_POINT('',(-6.,-10.39230484541,12.));
#454 = VECTOR('',#455,1.);
#455 = DIRECTION('',(1.,-5.921189464668E-16,0.));
#456 = PCURVE('',#72,#457);
#457 = DEFINITIONAL_REPRESENTATION('',(#458),#462);
#458 = LINE('',#459,#460);
#459 = CARTESIAN_POINT('',(-6.,-10.39230484541));
#460 = VECTOR('',#461,1.);
#461 = DIRECTION('',(1.,-5.921189464668E-16));
#462 = ( GEOMETRIC_REPRESENTATION_CONTEXT(2) 
PARAMETRIC_REPRESENTATION_CONTEXT() REPRESENTATION_CONTEXT('2D SPACE',''
  ) );
#463 = PCURVE('',#159,#464);
#464 = DEFINITIONAL_REPRESENTATION('',(#465),#469);
#465 = LINE('',#466,#467);
#466 = CARTESIAN_POINT('',(0.,-12.));
#467 = VECTOR('',#468,1.);
#468 = DIRECTION('',(1.,0.));
#469 = ( GEOMETRIC_REPRESENTATION_CONTEXT(2) 
PARAMETRIC_REPRESENTATION_CONTEXT() REPRESENTATION_CONTEXT('2D SPACE',''
  ) );
#470 = ORIENTED_EDGE('',*,*,#171,.T.);
#471 = FACE_BOUND('',#472,.T.);
#472 = EDGE_LOOP('',(#473));
#473 = ORIENTED_EDGE('',*,*,#474,.F.);
#474 = EDGE_CURVE('',#475,#475,#477,.T.);
#475 = VERTEX_POINT('',#476);
#476 = CARTESIAN_POINT('',(7.3,-1.787984326755E-15,12.));
#477 = SURFACE_CURVE('',#478,(#483,#490),.PCURVE_S1.);
#478 = CIRCLE('',#479,7.3);
#479 = AXIS2_PLACEMENT_3D('',#480,#481,#482);
#480 = CARTESIAN_POINT('',(0.,0.,12.));
#481 = DIRECTION('',(0.,0.,1.));
#482 = DIRECTION('',(1.,0.,-0.));
#483 = PCURVE('',#72,#484);
#484 = DEFINITIONAL_REPRESENTATION('',(#485),#489);
#485 = CIRCLE('',#486,7.3);
#486 = AXIS2_PLACEMENT_2D('',#487,#488);
#487 = CARTESIAN_POINT('',(5.921189464668E-16,-6.238123521648E-16));
#488 = DIRECTION('',(1.,0.));
#489 = ( GEOMETRIC_REPRESENTATION_CONTEXT(2) 
PARAMETRIC_REPRESENTATION_CONTEXT() REPRESENTATION_CONTEXT('2D SPACE',''
  ) );
#490 = PCURVE('',#491,#496);
#491 = CONICAL_SURFACE('',#492,4.9,1.012197011451);
#492 = AXIS2_PLACEMENT_3D('',#493,#494,#495);
#493 = CARTESIAN_POINT('',(0.,0.,10.5));
#494 = DIRECTION('',(0.,0.,1.));
#495 = DIRECTION('',(1.,0.,-0.));
#496 = DEFINITIONAL_REPRESENTATION('',(#497),#501);
#497 = LINE('',#498,#499);
#498 = CARTESIAN_POINT('',(0.,1.5));
#499 = VECTOR('',#500,1.);
#500 = DIRECTION('',(1.,0.));
#501 = ( GEOMETRIC_REPRESENTATION_CONTEXT(2) 
PARAMETRIC_REPRESENTATION_CONTEXT() REPRESENTATION_CONTEXT('2D SPACE',''
  ) );
#502 = ADVANCED_FACE('',(#503),#159,.F.);
#503 = FACE_BOUND('',#504,.F.);
#504 = EDGE_LOOP('',(#505,#526,#527,#528));
#505 = ORIENTED_EDGE('',*,*,#506,.T.);
#506 = EDGE_CURVE('',#319,#428,#507,.T.);
#507 = SURFACE_CURVE('',#508,(#512,#519),.PCURVE_S1.);
#508 = LINE('',#509,#510);
#509 = CARTESIAN_POINT('',(-6.,-10.39230484541,0.));
#510 = VECTOR('',#511,1.);
#511 = DIRECTION('',(0.,0.,1.));
#512 = PCURVE('',#159,#513);
#513 = DEFINITIONAL_REPRESENTATION('',(#514),#518);
#514 = LINE('',#515,#516);
#515 = CARTESIAN_POINT('',(0.,0.));
#516 = VECTOR('',#517,1.);
#517 = DIRECTION('',(0.,-1.));
#518 = ( GEOMETRIC_REPRESENTATION_CONTEXT(2) 
PARAMETRIC_REPRESENTATION_CONTEXT() REPRESENTATION_CONTEXT('2D SPACE',''
  ) );
#519 = PCURVE('',#334,#520);
#520 = DEFINITIONAL_REPRESENTATION('',(#521),#525);
#521 = LINE('',#522,#523);
#522 = CARTESIAN_POINT('',(12.,0.));
#523 = VECTOR('',#524,1.);
#524 = DIRECTION('',(0.,-1.));
#525 = ( GEOMETRIC_REPRESENTATION_CONTEXT(2) 
PARAMETRIC_REPRESENTATION_CONTEXT() REPRESENTATION_CONTEXT('2D SPACE',''
  ) );
#526 = ORIENTED_EDGE('',*,*,#450,.T.);
#527 = ORIENTED_EDGE('',*,*,#141,.F.);
#528 = ORIENTED_EDGE('',*,*,#346,.F.);
#529 = ADVANCED_FACE('',(#530),#257,.F.);
#530 = FACE_BOUND('',#531,.F.);
#531 = EDGE_LOOP('',(#532,#533,#534,#555));
#532 = ORIENTED_EDGE('',*,*,#241,.T.);
#533 = ORIENTED_EDGE('',*,*,#404,.T.);
#534 = ORIENTED_EDGE('',*,*,#535,.F.);
#535 = EDGE_CURVE('',#296,#405,#536,.T.);
#536 = SURFACE_CURVE('',#537,(#541,#548),.PCURVE_S1.);
#537 = LINE('',#538,#539);
#538 = CARTESIAN_POINT('',(-12.,1.469576158977E-15,0.));
#539 = VECTOR('',#540,1.);
#540 = DIRECTION('',(0.,0.,1.));
#541 = PCURVE('',#257,#542);
#542 = DEFINITIONAL_REPRESENTATION('',(#543),#547);
#543 = LINE('',#544,#545);
#544 = CARTESIAN_POINT('',(12.,0.));
#545 = VECTOR('',#546,1.);
#546 = DIRECTION('',(0.,-1.));
#547 = ( GEOMETRIC_REPRESENTATION_CONTEXT(2) 
PARAMETRIC_REPRESENTATION_CONTEXT() REPRESENTATION_CONTEXT('2D SPACE',''
  ) );
#548 = PCURVE('',#334,#549);
#549 = DEFINITIONAL_REPRESENTATION('',(#550),#554);
#550 = LINE('',#551,#552);
#551 = CARTESIAN_POINT('',(0.,0.));
#552 = VECTOR('',#553,1.);
#553 = DIRECTION('',(0.,-1.));
#554 = ( GEOMETRIC_REPRESENTATION_CONTEXT(2) 
PARAMETRIC_REPRESENTATION_CONTEXT() REPRESENTATION_CONTEXT('2D SPACE',''
  ) );
#555 = ORIENTED_EDGE('',*,*,#295,.F.);
#556 = ADVANCED_FACE('',(#557),#334,.F.);
#557 = FACE_BOUND('',#558,.F.);
#558 = EDGE_LOOP('',(#559,#560,#561,#562));
#559 = ORIENTED_EDGE('',*,*,#535,.T.);
#560 = ORIENTED_EDGE('',*,*,#427,.T.);
#561 = ORIENTED_EDGE('',*,*,#506,.F.);
#562 = ORIENTED_EDGE('',*,*,#318,.F.);
#563 = ADVANCED_FACE('',(#564),#387,.F.);
#564 = FACE_BOUND('',#565,.F.);
#565 = EDGE_LOOP('',(#566,#746,#774,#803,#1080,#1354,#1375,#1376,#1377)
  );
#566 = ORIENTED_EDGE('',*,*,#567,.F.);
#567 = EDGE_CURVE('',#568,#570,#572,.T.);
#568 = VERTEX_POINT('',#569);
#569 = CARTESIAN_POINT('',(5.990909798884,-1.467349701837E-15,
    0.818181375697));
#570 = VERTEX_POINT('',#571);
#571 = CARTESIAN_POINT('',(6.38890092984,-0.37679792876,0.56249844871));
#572 = SURFACE_CURVE('',#573,(#579,#588),.PCURVE_S1.);
#573 = B_SPLINE_CURVE_WITH_KNOTS('',4,(#574,#575,#576,#577,#578),
  .UNSPECIFIED.,.F.,.F.,(5,5),(0.,1.),.PIECEWISE_BEZIER_KNOTS.);
#574 = CARTESIAN_POINT('',(5.990909798884,-1.554312234475E-15,
    0.818181375697));
#575 = CARTESIAN_POINT('',(6.093728809649,-8.869466121626E-02,
    0.753919493969));
#576 = CARTESIAN_POINT('',(6.194436107252,-0.181141238272,0.689883177729
    ));
#577 = CARTESIAN_POINT('',(6.292873886446,-0.277219350685,0.626075403428
    ));
#578 = CARTESIAN_POINT('',(6.38890092984,-0.376797928759,0.56249844871)
  );
#579 = PCURVE('',#387,#580);
#580 = DEFINITIONAL_REPRESENTATION('',(#581),#587);
#581 = B_SPLINE_CURVE_WITH_KNOTS('',4,(#582,#583,#584,#585,#586),
  .UNSPECIFIED.,.F.,.F.,(5,5),(0.,1.),.PIECEWISE_BEZIER_KNOTS.);
#582 = CARTESIAN_POINT('',(-6.28318530718,-0.818181375697));
#583 = CARTESIAN_POINT('',(-6.268380433764,-0.753919493969));
#584 = CARTESIAN_POINT('',(-6.253626868772,-0.689883177729));
#585 = CARTESIAN_POINT('',(-6.238925377745,-0.626075403428));
#586 = CARTESIAN_POINT('',(-6.224276588351,-0.56249844871));
#587 = ( GEOMETRIC_REPRESENTATION_CONTEXT(2) 
PARAMETRIC_REPRESENTATION_CONTEXT() REPRESENTATION_CONTEXT('2D SPACE',''
  ) );
#588 = PCURVE('',#589,#738);
#589 = B_SPLINE_SURFACE_WITH_KNOTS('',1,10,(
    (#590,#591,#592,#593,#594,#595,#596,#597,#598,#599,#600,#601,#602
      ,#603,#604,#605,#606,#607,#608,#609,#610,#611,#612,#613,#614,#615
      ,#616,#617,#618,#619,#620,#621,#622,#623,#624,#625,#626,#627,#628
      ,#629,#630,#631,#632,#633,#634,#635,#636,#637,#638,#639,#640,#641
      ,#642,#643,#644,#645,#646,#647,#648,#649,#650,#651,#652,#653,#654
      ,#655,#656,#657,#658,#659,#660,#661,#662,#663)
    ,(#664,#665,#666,#667,#668,#669,#670,#671,#672,#673,#674,#675,#676
      ,#677,#678,#679,#680,#681,#682,#683,#684,#685,#686,#687,#688,#689
      ,#690,#691,#692,#693,#694,#695,#696,#697,#698,#699,#700,#701,#702
      ,#703,#704,#705,#706,#707,#708,#709,#710,#711,#712,#713,#714,#715
      ,#716,#717,#718,#719,#720,#721,#722,#723,#724,#725,#726,#727,#728
      ,#729,#730,#731,#732,#733,#734,#735,#736,#737
  )),.UNSPECIFIED.,.F.,.F.,.F.,(2,2),(11,9,9,9,9,9,9,9,11),(0.,1.87),(0.
    ,7.448383556474,14.896767112949,22.345150669423,29.793534225897,
    37.241917782372,44.690301338846,52.13868489532,59.587068451795),
  .UNSPECIFIED.);
#590 = CARTESIAN_POINT('',(6.4,5.399900983239E-15,-3.4));
#591 = CARTESIAN_POINT('',(6.400000281196,4.021243896496,-3.000000703991
    ));
#592 = CARTESIAN_POINT('',(3.593249883895,8.045691060249,-2.59999874229)
  );
#593 = CARTESIAN_POINT('',(-2.026804917802,9.83934359583,-2.200002349049
    ));
#594 = CARTESIAN_POINT('',(-8.444451365274,7.326530540923,
    -1.799998189388));
#595 = CARTESIAN_POINT('',(-11.84398020466,3.782354774125E-06,
    -1.400000594216));
#596 = CARTESIAN_POINT('',(-8.444449320131,-7.326536547059,
    -1.000001264343));
#597 = CARTESIAN_POINT('',(-2.026807051441,-9.839340890078,
    -0.599998630709));
#598 = CARTESIAN_POINT('',(3.593251091716,-8.045691651766,
    -0.200001064065));
#599 = CARTESIAN_POINT('',(6.399999968412,-4.021243820538,0.200000119364
    ));
#600 = CARTESIAN_POINT('',(6.400000158704,4.021243859221,0.999999582907)
  );
#601 = CARTESIAN_POINT('',(3.593250071058,8.045691117202,1.400000819334)
  );
#602 = CARTESIAN_POINT('',(-2.026805149759,9.83934352525,1.799998194246)
  );
#603 = CARTESIAN_POINT('',(-8.444451130118,7.326530612469,2.200001259826
    ));
#604 = CARTESIAN_POINT('',(-11.84398039914,3.723189543655E-06,
    2.599999861312));
#605 = CARTESIAN_POINT('',(-8.444449190937,-7.326536507763,
    2.999998433066));
#606 = CARTESIAN_POINT('',(-2.026807117833,-9.839340910269,
    3.400001524786));
#607 = CARTESIAN_POINT('',(3.593251115764,-8.045691644455,3.799998879616
    ));
#608 = CARTESIAN_POINT('',(6.399999964147,-4.021243821834,4.200000129351
    ));
#609 = CARTESIAN_POINT('',(6.400000160799,4.021243859856,4.999999578002)
  );
#610 = CARTESIAN_POINT('',(3.593250067852,8.045691116237,5.400000826841)
  );
#611 = CARTESIAN_POINT('',(-2.026805145779,9.839343526431,5.799998184937
    ));
#612 = CARTESIAN_POINT('',(-8.444451134157,7.326530611294,6.200001269252
    ));
#613 = CARTESIAN_POINT('',(-11.84398039581,3.724137679802E-06,
    6.599999853547));
#614 = CARTESIAN_POINT('',(-8.444449193144,-7.326536508376,
    6.999998438186));
#615 = CARTESIAN_POINT('',(-2.026807116708,-9.839340909961,
    7.400001522186));
#616 = CARTESIAN_POINT('',(3.593251115362,-8.045691644564,7.799998880541
    ));
#617 = CARTESIAN_POINT('',(6.399999964215,-4.021243821815,8.200000129195
    ));
#618 = CARTESIAN_POINT('',(6.40000016077,4.021243859847,8.999999578068)
  );
#619 = CARTESIAN_POINT('',(3.59325006788,8.045691116257,9.40000082678));
#620 = CARTESIAN_POINT('',(-2.026805145793,9.839343526391,9.799998184969
    ));
#621 = CARTESIAN_POINT('',(-8.444451134154,7.32653061136,10.200001269237
    ));
#622 = CARTESIAN_POINT('',(-11.84398039581,3.724055530193E-06,
    10.599999853581));
#623 = CARTESIAN_POINT('',(-8.444449193126,-7.326536508301,
    10.999998438121));
#624 = CARTESIAN_POINT('',(-2.02680711673,-9.839340910009,
    11.400001522253));
#625 = CARTESIAN_POINT('',(3.593251115377,-8.045691644543,
    11.799998880499));
#626 = CARTESIAN_POINT('',(6.399999964209,-4.021243821819,
    12.200000129211));
#627 = CARTESIAN_POINT('',(6.400000160781,4.021243859851,12.999999578044
    ));
#628 = CARTESIAN_POINT('',(3.593250067836,8.045691116252,13.400000826866
    ));
#629 = CARTESIAN_POINT('',(-2.026805145707,9.839343526389,
    13.799998184818));
#630 = CARTESIAN_POINT('',(-8.44445113426,7.326530611381,14.200001269398
    ));
#631 = CARTESIAN_POINT('',(-11.84398039573,3.724019819337E-06,
    14.599999853486));
#632 = CARTESIAN_POINT('',(-8.444449193162,-7.326536508266,
    14.99999843813));
#633 = CARTESIAN_POINT('',(-2.026807116727,-9.839340910032,
    15.400001522288));
#634 = CARTESIAN_POINT('',(3.593251115383,-8.045691644536,
    15.799998880472));
#635 = CARTESIAN_POINT('',(6.399999964207,-4.02124382182,16.200000129217
    ));
#636 = CARTESIAN_POINT('',(6.400000160779,4.021243859849,16.999999578044
    ));
#637 = CARTESIAN_POINT('',(3.59325006785,8.045691116262,17.400000826852)
  );
#638 = CARTESIAN_POINT('',(-2.026805145749,9.839343526357,
    17.799998184874));
#639 = CARTESIAN_POINT('',(-8.444451134172,7.326530611449,
    18.200001269251));
#640 = CARTESIAN_POINT('',(-11.84398039586,3.723915568198E-06,
    18.59999985375));
#641 = CARTESIAN_POINT('',(-8.444449193012,-7.326536508152,
    18.999998437789));
#642 = CARTESIAN_POINT('',(-2.02680711686,-9.839340910119,
    19.400001522611));
#643 = CARTESIAN_POINT('',(3.593251115475,-8.045691644487,
    19.799998880241));
#644 = CARTESIAN_POINT('',(6.399999964157,-4.021243821839,
    20.200000129344));
#645 = CARTESIAN_POINT('',(6.400000160873,4.021243859881,20.99999957781)
  );
#646 = CARTESIAN_POINT('',(3.593250067368,8.04569111612,21.400000828043)
  );
#647 = CARTESIAN_POINT('',(-2.026805144524,9.839343526706,
    21.799998181826));
#648 = CARTESIAN_POINT('',(-8.444451136367,7.326530610812,
    22.200001274799));
#649 = CARTESIAN_POINT('',(-11.84398039279,3.724855713046E-06,
    22.599999845813));
#650 = CARTESIAN_POINT('',(-8.444449196555,-7.326536509303,
    22.99999844711));
#651 = CARTESIAN_POINT('',(-2.026807113431,-9.839340908954,
    23.400001513484));
#652 = CARTESIAN_POINT('',(3.593251112699,-8.045691645452,
    23.799998887665));
#653 = CARTESIAN_POINT('',(6.399999966,-4.021243821197,24.200000124414)
  );
#654 = CARTESIAN_POINT('',(6.400000157085,4.021243858568,24.99999958793)
  );
#655 = CARTESIAN_POINT('',(3.593250088673,8.045691123454,25.400000771144
    ));
#656 = CARTESIAN_POINT('',(-2.026805203106,9.839343506569,
    25.799998338346));
#657 = CARTESIAN_POINT('',(-8.444451022845,7.326530649877,26.20000097125
    ));
#658 = CARTESIAN_POINT('',(-11.84398056309,3.666093691448E-06,
    26.6000003016));
#659 = CARTESIAN_POINT('',(-8.444448991114,-7.326536438184,
    26.999997896841));
#660 = CARTESIAN_POINT('',(-2.026807315882,-9.83934097924,
    27.400002056021));
#661 = CARTESIAN_POINT('',(3.593251276059,-8.045691588623,
    27.799998449778));
#662 = CARTESIAN_POINT('',(6.399999859029,-4.021243858447,
    28.200000411167));
#663 = CARTESIAN_POINT('',(6.400000117083,3.803018994213E-08,
    28.599999707292));
#664 = CARTESIAN_POINT('',(4.75,-1.25720935672E-15,-2.52));
#665 = CARTESIAN_POINT('',(4.750000694645,2.984512585337,-2.119999929601
    ));
#666 = CARTESIAN_POINT('',(2.666863335206,5.971427802508,-1.72000012577)
  );
#667 = CARTESIAN_POINT('',(-1.504263430199,7.30260996043,-1.319999765096
    ));
#668 = CARTESIAN_POINT('',(-6.267376922337,5.437680912185,-0.92000018106
    ));
#669 = CARTESIAN_POINT('',(-8.790442842049,9.270750997355E-06,
    -0.519999940579));
#670 = CARTESIAN_POINT('',(-6.267372006288,-5.437695318671,
    -0.119999873566));
#671 = CARTESIAN_POINT('',(-1.504268816867,-7.302603484472,
    0.279999863071));
#672 = CARTESIAN_POINT('',(2.666866165789,-5.971429154182,0.680000106406
    ));
#673 = CARTESIAN_POINT('',(4.749999880612,-2.984512592933,1.079999988064
    ));
#674 = CARTESIAN_POINT('',(4.750000412346,2.984512589064,1.880000041709)
  );
#675 = CARTESIAN_POINT('',(2.666863766553,5.971427796813,2.279999918066)
  );
#676 = CARTESIAN_POINT('',(-1.504263964782,7.302609967484,2.680000180578
    ));
#677 = CARTESIAN_POINT('',(-6.267376380383,5.437680905042,3.079999874014
    ));
#678 = CARTESIAN_POINT('',(-8.790443290275,9.276652463291E-06,
    3.480000013872));
#679 = CARTESIAN_POINT('',(-6.267371708543,-5.437695322587,
    3.880000156691));
#680 = CARTESIAN_POINT('',(-1.504268969875,-7.302603482462,
    4.279999847522));
#681 = CARTESIAN_POINT('',(2.666866221208,-5.97142915491,4.680000112038)
  );
#682 = CARTESIAN_POINT('',(4.749999870783,-2.984512592803,5.079999987065
    ));
#683 = CARTESIAN_POINT('',(4.750000417173,2.984512589,5.8800000422));
#684 = CARTESIAN_POINT('',(2.666863759166,5.971427796917,6.279999917314)
  );
#685 = CARTESIAN_POINT('',(-1.504263955621,7.302609967339,6.680000181508
    ));
#686 = CARTESIAN_POINT('',(-6.267376389656,5.437680905211,7.079999873077
    ));
#687 = CARTESIAN_POINT('',(-8.790443282643,9.276491279322E-06,
    7.480000014636));
#688 = CARTESIAN_POINT('',(-6.26737171357,-5.437695322468,7.880000156195
    ));
#689 = CARTESIAN_POINT('',(-1.504268967324,-7.302603482526,
    8.279999847769));
#690 = CARTESIAN_POINT('',(2.666866220301,-5.971429154888,8.680000111952
    ));
#691 = CARTESIAN_POINT('',(4.749999870937,-2.984512592806,9.079999987078
    ));
#692 = CARTESIAN_POINT('',(4.750000417109,2.984512589001,9.880000042196)
  );
#693 = CARTESIAN_POINT('',(2.666863759221,5.971427796925,10.279999917311
    ));
#694 = CARTESIAN_POINT('',(-1.504263955643,7.302609967309,
    10.680000181524));
#695 = CARTESIAN_POINT('',(-6.267376389652,5.43768090527,11.079999873055
    ));
#696 = CARTESIAN_POINT('',(-8.790443282668,9.276417655526E-06,
    11.480000014652));
#697 = CARTESIAN_POINT('',(-6.267371713508,-5.437695322405,
    11.880000156193));
#698 = CARTESIAN_POINT('',(-1.504268967393,-7.302603482562,
    12.279999847763));
#699 = CARTESIAN_POINT('',(2.666866220346,-5.971429154875,
    12.680000111959));
#700 = CARTESIAN_POINT('',(4.749999870919,-2.984512592808,
    13.079999987075));
#701 = CARTESIAN_POINT('',(4.750000417135,2.984512589001,13.8800000422)
  );
#702 = CARTESIAN_POINT('',(2.666863759124,5.971427796941,14.279999917292
    ));
#703 = CARTESIAN_POINT('',(-1.504263955461,7.302609967257,
    14.680000181564));
#704 = CARTESIAN_POINT('',(-6.26737638986,5.437680905358,15.079999873003
    ));
#705 = CARTESIAN_POINT('',(-8.790443282525,9.276323017433E-06,
    15.480000014693));
#706 = CARTESIAN_POINT('',(-6.267371713549,-5.437695322341,
    15.880000156174));
#707 = CARTESIAN_POINT('',(-1.504268967412,-7.302603482588,
    16.279999847766));
#708 = CARTESIAN_POINT('',(2.666866220368,-5.971429154871,16.68000011196
    ));
#709 = CARTESIAN_POINT('',(4.749999870914,-2.984512592808,
    17.079999987075));
#710 = CARTESIAN_POINT('',(4.750000417133,2.984512589001,17.880000042199
    ));
#711 = CARTESIAN_POINT('',(2.666863759151,5.971427796941,18.279999917301
    ));
#712 = CARTESIAN_POINT('',(-1.504263955557,7.302609967249,
    18.680000181534));
#713 = CARTESIAN_POINT('',(-6.267376389639,5.437680905392,
    19.079999873065));
#714 = CARTESIAN_POINT('',(-8.790443282885,9.276256539266E-06,
    19.480000014603));
#715 = CARTESIAN_POINT('',(-6.267371713122,-5.437695322263,
    19.880000156269));
#716 = CARTESIAN_POINT('',(-1.50426896779,-7.302603482643,
    20.279999847692));
#717 = CARTESIAN_POINT('',(2.666866220621,-5.97142915485,20.680000112003
    ));
#718 = CARTESIAN_POINT('',(4.749999870782,-2.984512592808,
    21.079999987056));
#719 = CARTESIAN_POINT('',(4.750000417373,2.984512588995,21.880000042231
    ));
#720 = CARTESIAN_POINT('',(2.66686375793,5.971427797007,22.279999917145)
  );
#721 = CARTESIAN_POINT('',(-1.504263952447,7.302609967052,
    22.680000181918));
#722 = CARTESIAN_POINT('',(-6.267376395258,5.437680905727,
    23.079999872405));
#723 = CARTESIAN_POINT('',(-8.79044327492,9.2758766869E-06,
    23.48000001549));
#724 = CARTESIAN_POINT('',(-6.267371722408,-5.43769532196,
    23.880000155283));
#725 = CARTESIAN_POINT('',(-1.504268958733,-7.302603482825,
    24.279999848626));
#726 = CARTESIAN_POINT('',(2.666866213265,-5.971429154752,
    24.680000111252));
#727 = CARTESIAN_POINT('',(4.749999875666,-2.984512592867,
    25.079999987555));
#728 = CARTESIAN_POINT('',(4.750000407348,2.984512589129,25.880000041206
    ));
#729 = CARTESIAN_POINT('',(2.666863814293,5.971427796151,26.279999922901
    ));
#730 = CARTESIAN_POINT('',(-1.504264107452,7.302609969498,
    26.680000166133));
#731 = CARTESIAN_POINT('',(-6.267376094762,5.437680901017,
    27.079999902907));
#732 = CARTESIAN_POINT('',(-8.790443725955,9.282706713933E-06,
    27.479999969834));
#733 = CARTESIAN_POINT('',(-6.267371178007,-5.437695329821,
    27.880000210291));
#734 = CARTESIAN_POINT('',(-1.504269495439,-7.302603475421,
    28.279999794431));
#735 = CARTESIAN_POINT('',(2.666866646456,-5.971429160535,
    28.680000155002));
#736 = CARTESIAN_POINT('',(4.749999591971,-2.98451258914,29.079999958889
    ));
#737 = CARTESIAN_POINT('',(4.750000288805,-3.801308226734E-09,
    29.480000029271));
#738 = DEFINITIONAL_REPRESENTATION('',(#739),#745);
#739 = B_SPLINE_CURVE_WITH_KNOTS('',4,(#740,#741,#742,#743,#744),
  .UNSPECIFIED.,.F.,.F.,(5,5),(0.,1.),.PIECEWISE_BEZIER_KNOTS.);
#740 = CARTESIAN_POINT('',(0.463635656664,7.448383553694));
#741 = CARTESIAN_POINT('',(0.347107434701,7.430833177441));
#742 = CARTESIAN_POINT('',(0.230988671334,7.413344024189));
#743 = CARTESIAN_POINT('',(0.115284826651,7.395916852739));
#744 = CARTESIAN_POINT('',(0.,7.378552312154));
#745 = ( GEOMETRIC_REPRESENTATION_CONTEXT(2) 
PARAMETRIC_REPRESENTATION_CONTEXT() REPRESENTATION_CONTEXT('2D SPACE',''
  ) );
#746 = ORIENTED_EDGE('',*,*,#747,.T.);
#747 = EDGE_CURVE('',#568,#748,#750,.T.);
#748 = VERTEX_POINT('',#749);
#749 = CARTESIAN_POINT('',(4.9,-1.200153863164E-15,1.5));
#750 = SURFACE_CURVE('',#751,(#755,#762),.PCURVE_S1.);
#751 = LINE('',#752,#753);
#752 = CARTESIAN_POINT('',(7.3,-1.787984326755E-15,0.));
#753 = VECTOR('',#754,1.);
#754 = DIRECTION('',(-0.847998304005,2.076996817364E-16,0.529998940003)
  );
#755 = PCURVE('',#387,#756);
#756 = DEFINITIONAL_REPRESENTATION('',(#757),#761);
#757 = LINE('',#758,#759);
#758 = CARTESIAN_POINT('',(-6.28318530718,0.));
#759 = VECTOR('',#760,1.);
#760 = DIRECTION('',(-0.,-1.));
#761 = ( GEOMETRIC_REPRESENTATION_CONTEXT(2) 
PARAMETRIC_REPRESENTATION_CONTEXT() REPRESENTATION_CONTEXT('2D SPACE',''
  ) );
#762 = PCURVE('',#763,#768);
#763 = CONICAL_SURFACE('',#764,7.3,1.012197011451);
#764 = AXIS2_PLACEMENT_3D('',#765,#766,#767);
#765 = CARTESIAN_POINT('',(0.,0.,0.));
#766 = DIRECTION('',(-0.,-0.,-1.));
#767 = DIRECTION('',(1.,0.,-0.));
#768 = DEFINITIONAL_REPRESENTATION('',(#769),#773);
#769 = LINE('',#770,#771);
#770 = CARTESIAN_POINT('',(0.,-0.));
#771 = VECTOR('',#772,1.);
#772 = DIRECTION('',(-0.,-1.));
#773 = ( GEOMETRIC_REPRESENTATION_CONTEXT(2) 
PARAMETRIC_REPRESENTATION_CONTEXT() REPRESENTATION_CONTEXT('2D SPACE',''
  ) );
#774 = ORIENTED_EDGE('',*,*,#775,.F.);
#775 = EDGE_CURVE('',#776,#748,#778,.T.);
#776 = VERTEX_POINT('',#777);
#777 = CARTESIAN_POINT('',(-0.766351062846,-4.839701027495,1.5));
#778 = SURFACE_CURVE('',#779,(#784,#791),.PCURVE_S1.);
#779 = CIRCLE('',#780,4.9);
#780 = AXIS2_PLACEMENT_3D('',#781,#782,#783);
#781 = CARTESIAN_POINT('',(0.,0.,1.5));
#782 = DIRECTION('',(0.,0.,1.));
#783 = DIRECTION('',(1.,0.,-0.));
#784 = PCURVE('',#387,#785);
#785 = DEFINITIONAL_REPRESENTATION('',(#786),#790);
#786 = LINE('',#787,#788);
#787 = CARTESIAN_POINT('',(-0.,-1.5));
#788 = VECTOR('',#789,1.);
#789 = DIRECTION('',(-1.,-0.));
#790 = ( GEOMETRIC_REPRESENTATION_CONTEXT(2) 
PARAMETRIC_REPRESENTATION_CONTEXT() REPRESENTATION_CONTEXT('2D SPACE',''
  ) );
#791 = PCURVE('',#792,#797);
#792 = CYLINDRICAL_SURFACE('',#793,4.9);
#793 = AXIS2_PLACEMENT_3D('',#794,#795,#796);
#794 = CARTESIAN_POINT('',(0.,0.,-4.));
#795 = DIRECTION('',(-0.,-0.,-1.));
#796 = DIRECTION('',(1.,0.,0.));
#797 = DEFINITIONAL_REPRESENTATION('',(#798),#802);
#798 = LINE('',#799,#800);
#799 = CARTESIAN_POINT('',(-0.,-5.5));
#800 = VECTOR('',#801,1.);
#801 = DIRECTION('',(-1.,0.));
#802 = ( GEOMETRIC_REPRESENTATION_CONTEXT(2) 
PARAMETRIC_REPRESENTATION_CONTEXT() REPRESENTATION_CONTEXT('2D SPACE',''
  ) );
#803 = ORIENTED_EDGE('',*,*,#804,.F.);
#804 = EDGE_CURVE('',#805,#776,#807,.T.);
#805 = VERTEX_POINT('',#806);
#806 = CARTESIAN_POINT('',(-1.615608346332,6.192779498503,0.562465417834
    ));
#807 = SURFACE_CURVE('',#808,(#847,#889),.PCURVE_S1.);
#808 = B_SPLINE_CURVE_WITH_KNOTS('',7,(#809,#810,#811,#812,#813,#814,
    #815,#816,#817,#818,#819,#820,#821,#822,#823,#824,#825,#826,#827,
    #828,#829,#830,#831,#832,#833,#834,#835,#836,#837,#838,#839,#840,
    #841,#842,#843,#844,#845,#846),.UNSPECIFIED.,.F.,.F.,(8,6,6,6,6,6,8)
  ,(0.,0.164182721055,0.313577952434,0.451134040246,0.577556054429,
    0.804165475589,1.),.UNSPECIFIED.);
#809 = CARTESIAN_POINT('',(-1.615608346332,6.192779498503,0.562465417834
    ));
#810 = CARTESIAN_POINT('',(-1.961729078707,6.070007140958,0.582104563934
    ));
#811 = CARTESIAN_POINT('',(-2.299473431314,5.924023260216,0.601848923623
    ));
#812 = CARTESIAN_POINT('',(-2.626883846757,5.755375721379,0.62169849664)
  );
#813 = CARTESIAN_POINT('',(-2.942068008955,5.564814620852,0.641655089397
    ));
#814 = CARTESIAN_POINT('',(-3.243194065394,5.353280090264,0.661721383502
    ));
#815 = CARTESIAN_POINT('',(-3.528499390543,5.121910860846,0.681899708296
    ));
#816 = CARTESIAN_POINT('',(-4.040005159227,4.644738477125,0.720653788676
    ));
#817 = CARTESIAN_POINT('',(-4.269234554548,4.402093712683,0.739211687637
    ));
#818 = CARTESIAN_POINT('',(-4.48273666726,4.145165820326,0.757864476735)
  );
#819 = CARTESIAN_POINT('',(-4.679349820809,3.875102726028,0.77661386542)
  );
#820 = CARTESIAN_POINT('',(-4.858009842563,3.593167968035,0.795462307209
    ));
#821 = CARTESIAN_POINT('',(-5.01775846653,3.300744116468,0.814412057673)
  );
#822 = CARTESIAN_POINT('',(-5.286677123129,2.721831668938,0.851006117763
    ));
#823 = CARTESIAN_POINT('',(-5.398860582053,2.436691082959,0.868636007843
    ));
#824 = CARTESIAN_POINT('',(-5.493663073919,2.145105462016,0.886354267028
    ));
#825 = CARTESIAN_POINT('',(-5.570541578917,1.848316411105,0.904162611394
    ));
#826 = CARTESIAN_POINT('',(-5.629058392392,1.547622928945,0.922063282987
    ));
#827 = CARTESIAN_POINT('',(-5.668888165869,1.244381523531,0.940058303906
    ));
#828 = CARTESIAN_POINT('',(-5.709088895905,0.660272700796,0.974774574826
    ));
#829 = CARTESIAN_POINT('',(-5.712393826293,0.37956630311,0.991481896952)
  );
#830 = CARTESIAN_POINT('',(-5.699597064959,9.899031014168E-02,
    1.008271181098));
#831 = CARTESIAN_POINT('',(-5.670640733902,-0.180340267255,
    1.025143875843));
#832 = CARTESIAN_POINT('',(-5.62556011654,-0.457296699815,1.042101794682
    ));
#833 = CARTESIAN_POINT('',(-5.56448869392,-0.730738308291,1.059146568773
    ));
#834 = CARTESIAN_POINT('',(-5.349977160591,-1.481293933426,
    1.106988585722));
#835 = CARTESIAN_POINT('',(-5.161634260153,-1.948282808093,1.13799240173
    ));
#836 = CARTESIAN_POINT('',(-4.924044655324,-2.393617009516,
    1.169281008154));
#837 = CARTESIAN_POINT('',(-4.639760548433,-2.810824304814,
    1.200865583844));
#838 = CARTESIAN_POINT('',(-4.312310596141,-3.19378744968,1.232760656778
    ));
#839 = CARTESIAN_POINT('',(-3.946241164473,-3.536766560554,1.26498522521
    ));
#840 = CARTESIAN_POINT('',(-3.202808396211,-4.092240045037,
    1.325666503779));
#841 = CARTESIAN_POINT('',(-2.833576243388,-4.31624513659,1.354053048265
    ));
#842 = CARTESIAN_POINT('',(-2.443537357264,-4.503438608016,
    1.382692939202));
#843 = CARTESIAN_POINT('',(-2.036936279187,-4.651155604139,
    1.411594751412));
#844 = CARTESIAN_POINT('',(-1.618424191495,-4.757284696261,
    1.440773263375));
#845 = CARTESIAN_POINT('',(-1.193058447903,-4.820340128506,
    1.470241492389));
#846 = CARTESIAN_POINT('',(-0.766351087978,-4.839701024852,1.5));
#847 = PCURVE('',#387,#848);
#848 = DEFINITIONAL_REPRESENTATION('',(#849),#888);
#849 = B_SPLINE_CURVE_WITH_KNOTS('',7,(#850,#851,#852,#853,#854,#855,
    #856,#857,#858,#859,#860,#861,#862,#863,#864,#865,#866,#867,#868,
    #869,#870,#871,#872,#873,#874,#875,#876,#877,#878,#879,#880,#881,
    #882,#883,#884,#885,#886,#887),.UNSPECIFIED.,.F.,.F.,(8,6,6,6,6,6,8)
  ,(0.,0.164182721055,0.313577952434,0.451134040246,0.577556054429,
    0.804165475589,1.),.UNSPECIFIED.);
#850 = CARTESIAN_POINT('',(-1.82599393474,-0.562465417834));
#851 = CARTESIAN_POINT('',(-1.883165832426,-0.582104563934));
#852 = CARTESIAN_POINT('',(-1.940641783011,-0.601848923623));
#853 = CARTESIAN_POINT('',(-1.998422200109,-0.62169849664));
#854 = CARTESIAN_POINT('',(-2.056513052841,-0.641655089397));
#855 = CARTESIAN_POINT('',(-2.114922950606,-0.661721383502));
#856 = CARTESIAN_POINT('',(-2.173659390037,-0.681899708296));
#857 = CARTESIAN_POINT('',(-2.286469135237,-0.720653788676));
#858 = CARTESIAN_POINT('',(-2.34049030746,-0.739211687637));
#859 = CARTESIAN_POINT('',(-2.39478880602,-0.757864476735));
#860 = CARTESIAN_POINT('',(-2.449369814058,-0.77661386542));
#861 = CARTESIAN_POINT('',(-2.504240462104,-0.795462307209));
#862 = CARTESIAN_POINT('',(-2.559407104429,-0.814412057673));
#863 = CARTESIAN_POINT('',(-2.665941427669,-0.851006117763));
#864 = CARTESIAN_POINT('',(-2.717267015187,-0.868636007843));
#865 = CARTESIAN_POINT('',(-2.768850260561,-0.886354267028));
#866 = CARTESIAN_POINT('',(-2.820695838433,-0.904162611394));
#867 = CARTESIAN_POINT('',(-2.872809952288,-0.922063282987));
#868 = CARTESIAN_POINT('',(-2.925198230884,-0.940058303906));
#869 = CARTESIAN_POINT('',(-3.026265264176,-0.974774574826));
#870 = CARTESIAN_POINT('',(-3.074903571054,-0.991481896952));
#871 = CARTESIAN_POINT('',(-3.123779839626,-1.008271181098));
#872 = CARTESIAN_POINT('',(-3.172898263928,-1.025143875843));
#873 = CARTESIAN_POINT('',(-3.222264211835,-1.042101794682));
#874 = CARTESIAN_POINT('',(-3.271882623045,-1.059146568773));
#875 = CARTESIAN_POINT('',(-3.411153384099,-1.106988585722));
#876 = CARTESIAN_POINT('',(-3.501406792534,-1.13799240173));
#877 = CARTESIAN_POINT('',(-3.59249024917,-1.169281008154));
#878 = CARTESIAN_POINT('',(-3.684438303032,-1.200865583844));
#879 = CARTESIAN_POINT('',(-3.777295019066,-1.232760656778));
#880 = CARTESIAN_POINT('',(-3.871115230307,-1.26498522521));
#881 = CARTESIAN_POINT('',(-4.047790064114,-1.325666503779));
#882 = CARTESIAN_POINT('',(-4.13043980208,-1.354053048263));
#883 = CARTESIAN_POINT('',(-4.21382773849,-1.382692939205));
#884 = CARTESIAN_POINT('',(-4.297976719581,-1.411594751413));
#885 = CARTESIAN_POINT('',(-4.382927525035,-1.44077326337));
#886 = CARTESIAN_POINT('',(-4.468716625512,-1.470241492392));
#887 = CARTESIAN_POINT('',(-4.555346083701,-1.5));
#888 = ( GEOMETRIC_REPRESENTATION_CONTEXT(2) 
PARAMETRIC_REPRESENTATION_CONTEXT() REPRESENTATION_CONTEXT('2D SPACE',''
  ) );
#889 = PCURVE('',#890,#1039);
#890 = B_SPLINE_SURFACE_WITH_KNOTS('',1,10,(
    (#891,#892,#893,#894,#895,#896,#897,#898,#899,#900,#901,#902,#903
      ,#904,#905,#906,#907,#908,#909,#910,#911,#912,#913,#914,#915,#916
      ,#917,#918,#919,#920,#921,#922,#923,#924,#925,#926,#927,#928,#929
      ,#930,#931,#932,#933,#934,#935,#936,#937,#938,#939,#940,#941,#942
      ,#943,#944,#945,#946,#947,#948,#949,#950,#951,#952,#953,#954,#955
      ,#956,#957,#958,#959,#960,#961,#962,#963,#964)
    ,(#965,#966,#967,#968,#969,#970,#971,#972,#973,#974,#975,#976,#977
      ,#978,#979,#980,#981,#982,#983,#984,#985,#986,#987,#988,#989,#990
      ,#991,#992,#993,#994,#995,#996,#997,#998,#999,#1000,#1001,#1002
      ,#1003,#1004,#1005,#1006,#1007,#1008,#1009,#1010,#1011,#1012,#1013
      ,#1014,#1015,#1016,#1017,#1018,#1019,#1020,#1021,#1022,#1023,#1024
      ,#1025,#1026,#1027,#1028,#1029,#1030,#1031,#1032,#1033,#1034,#1035
      ,#1036,#1037,#1038
    )),.UNSPECIFIED.,.F.,.F.,.F.,(2,2),(11,9,9,9,9,9,9,9,11),(0.,1.87),(
    0.,7.448383556474,14.896767112949,22.345150669423,29.793534225897,
    37.241917782372,44.690301338846,52.13868489532,59.587068451795),
  .UNSPECIFIED.);
#891 = CARTESIAN_POINT('',(4.75,3.469306817632E-15,-5.48));
#892 = CARTESIAN_POINT('',(4.749999305436,2.98451240386,-5.079999929601)
  );
#893 = CARTESIAN_POINT('',(2.666866489309,5.971428795274,-4.68000012577)
  );
#894 = CARTESIAN_POINT('',(-1.50426939844,7.302603032699,-4.279999765097
    ));
#895 = CARTESIAN_POINT('',(-6.267370792378,5.437695003959,
    -3.880000181058));
#896 = CARTESIAN_POINT('',(-8.790443191294,-9.275353769207E-06,
    -3.479999940581));
#897 = CARTESIAN_POINT('',(-6.267375718442,-5.437680565628,
    -3.079999873564));
#898 = CARTESIAN_POINT('',(-1.50426402142,-7.302609524104,-2.68000013693
    ));
#899 = CARTESIAN_POINT('',(2.666863647144,-5.971427435231,
    -2.279999893593));
#900 = CARTESIAN_POINT('',(4.750000116156,-2.984512411456,
    -1.880000011936));
#901 = CARTESIAN_POINT('',(4.749999589282,2.984512407588,-1.079999958291
    ));
#902 = CARTESIAN_POINT('',(2.666866055597,5.971428789576,-0.680000081934
    ));
#903 = CARTESIAN_POINT('',(-1.504268860925,7.302603039765,
    -0.279999819424));
#904 = CARTESIAN_POINT('',(-6.267371337304,5.437694996789,0.119999874017
    ));
#905 = CARTESIAN_POINT('',(-8.790442740613,-9.269420311665E-06,
    0.520000013868));
#906 = CARTESIAN_POINT('',(-6.267376017813,-5.437680569571,
    0.920000156695));
#907 = CARTESIAN_POINT('',(-1.504263867579,-7.302609522079,1.31999984752
    ));
#908 = CARTESIAN_POINT('',(2.666863591424,-5.971427435964,1.720000112039
    ));
#909 = CARTESIAN_POINT('',(4.750000126037,-2.984512411326,2.119999987065
    ));
#910 = CARTESIAN_POINT('',(4.749999584429,2.984512407524,2.9200000422));
#911 = CARTESIAN_POINT('',(2.666866063027,5.971428789667,3.319999917314)
  );
#912 = CARTESIAN_POINT('',(-1.504268870139,7.302603039669,3.720000181508
    ));
#913 = CARTESIAN_POINT('',(-6.26737132798,5.437694996859,4.119999873078)
  );
#914 = CARTESIAN_POINT('',(-8.790442748278,-9.269449928603E-06,
    4.520000014635));
#915 = CARTESIAN_POINT('',(-6.267376012774,-5.437680569569,
    4.920000156197));
#916 = CARTESIAN_POINT('',(-1.50426387013,-7.302609522074,5.319999847768
    ));
#917 = CARTESIAN_POINT('',(2.666863592328,-5.971427435964,5.720000111953
    ));
#918 = CARTESIAN_POINT('',(4.750000125886,-2.984512411328,6.119999987078
    ));
#919 = CARTESIAN_POINT('',(4.74999958449,2.984512407527,6.920000042196)
  );
#920 = CARTESIAN_POINT('',(2.666866062981,5.971428789651,7.319999917312)
  );
#921 = CARTESIAN_POINT('',(-1.504268870137,7.30260303971,7.720000181522)
  );
#922 = CARTESIAN_POINT('',(-6.267371327959,5.437694996797,8.119999873057
    ));
#923 = CARTESIAN_POINT('',(-8.790442748272,-9.269388029047E-06,
    8.520000014649));
#924 = CARTESIAN_POINT('',(-6.267376012829,-5.437680569609,
    8.920000156196));
#925 = CARTESIAN_POINT('',(-1.50426387006,-7.302609522058,9.319999847761
    ));
#926 = CARTESIAN_POINT('',(2.666863592281,-5.971427435968,9.72000011196)
  );
#927 = CARTESIAN_POINT('',(4.750000125905,-2.984512411328,
    10.119999987075));
#928 = CARTESIAN_POINT('',(4.749999584463,2.984512407528,10.9200000422)
  );
#929 = CARTESIAN_POINT('',(2.666866063083,5.97142878963,11.319999917292)
  );
#930 = CARTESIAN_POINT('',(-1.504268870328,7.302603039775,
    11.720000181562));
#931 = CARTESIAN_POINT('',(-6.26737132774,5.437694996688,12.119999873008
    ));
#932 = CARTESIAN_POINT('',(-8.790442748421,-9.269273903918E-06,
    12.520000014687));
#933 = CARTESIAN_POINT('',(-6.26737601279,-5.437680569687,12.92000015618
    ));
#934 = CARTESIAN_POINT('',(-1.504263870035,-7.302609522025,
    13.319999847762));
#935 = CARTESIAN_POINT('',(2.666863592255,-5.971427435975,
    13.720000111962));
#936 = CARTESIAN_POINT('',(4.75000012591,-2.984512411327,14.119999987075
    ));
#937 = CARTESIAN_POINT('',(4.749999584464,2.984512407527,14.920000042199
    ));
#938 = CARTESIAN_POINT('',(2.66686606306,5.971428789634,15.319999917302)
  );
#939 = CARTESIAN_POINT('',(-1.50426887024,7.302603039776,15.720000181531
    ));
#940 = CARTESIAN_POINT('',(-6.267371327953,5.437694996658,16.11999987307
    ));
#941 = CARTESIAN_POINT('',(-8.790442748064,-9.269199391447E-06,
    16.520000014596));
#942 = CARTESIAN_POINT('',(-6.26737601322,-5.437680569782,
    16.920000156275));
#943 = CARTESIAN_POINT('',(-1.504263869653,-7.302609521953,
    17.319999847687));
#944 = CARTESIAN_POINT('',(2.666863591999,-5.971427436006,
    17.720000112005));
#945 = CARTESIAN_POINT('',(4.750000126043,-2.984512411323,
    18.119999987056));
#946 = CARTESIAN_POINT('',(4.749999584224,2.984512407527,18.920000042231
    ));
#947 = CARTESIAN_POINT('',(2.666866064281,5.971428789596,19.319999917145
    ));
#948 = CARTESIAN_POINT('',(-1.504268873352,7.302603039901,
    19.720000181918));
#949 = CARTESIAN_POINT('',(-6.267371322332,5.437694996454,
    20.119999872405));
#950 = CARTESIAN_POINT('',(-8.790442756027,-9.269014378133E-06,
    20.520000015489));
#951 = CARTESIAN_POINT('',(-6.267376003948,-5.43768056985,
    20.920000155284));
#952 = CARTESIAN_POINT('',(-1.504263878683,-7.302609522003,
    21.319999848626));
#953 = CARTESIAN_POINT('',(2.666863599325,-5.971427435914,
    21.720000111252));
#954 = CARTESIAN_POINT('',(4.750000121182,-2.98451241139,22.119999987556
    ));
#955 = CARTESIAN_POINT('',(4.749999594199,2.984512407653,22.920000041205
    ));
#956 = CARTESIAN_POINT('',(2.666866008198,5.97142878899,23.319999922902)
  );
#957 = CARTESIAN_POINT('',(-1.504268719132,7.302603041489,23.72000016613
    ));
#958 = CARTESIAN_POINT('',(-6.267371621268,5.437694993322,
    24.119999902912));
#959 = CARTESIAN_POINT('',(-8.790442307389,-9.264037395033E-06,
    24.519999969829));
#960 = CARTESIAN_POINT('',(-6.267376545408,-5.437680576272,
    24.920000210295));
#961 = CARTESIAN_POINT('',(-1.504263344902,-7.302609515311,
    25.319999794429));
#962 = CARTESIAN_POINT('',(2.666863168501,-5.971427441511,
    25.720000155003));
#963 = CARTESIAN_POINT('',(4.750000403329,-2.984512407666,
    26.119999958889));
#964 = CARTESIAN_POINT('',(4.749999711194,-3.804666655761E-09,
    26.520000029271));
#965 = CARTESIAN_POINT('',(6.4,1.893005680638E-15,-4.6));
#966 = CARTESIAN_POINT('',(6.399999718003,4.021243822924,-4.200000703992
    ));
#967 = CARTESIAN_POINT('',(3.593251162585,8.045691462722,-3.79999874229)
  );
#968 = CARTESIAN_POINT('',(-2.026807337359,9.839340787289,-3.40000234905
    ));
#969 = CARTESIAN_POINT('',(-8.444448880156,7.326536253805,
    -2.999998189386));
#970 = CARTESIAN_POINT('',(-11.84398034624,-3.736336894949E-06,
    -2.600000594218));
#971 = CARTESIAN_POINT('',(-8.444450825059,-7.326530566095,
    -2.200001264341));
#972 = CARTESIAN_POINT('',(-2.026805107341,-9.839343338578,
    -1.799998630711));
#973 = CARTESIAN_POINT('',(3.593250070644,-8.045690954894,
    -1.400001064064));
#974 = CARTESIAN_POINT('',(6.400000063903,-4.021243746966,
    -0.999999880636));
#975 = CARTESIAN_POINT('',(6.39999982503,4.021243785649,-0.200000417093)
  );
#976 = CARTESIAN_POINT('',(3.593250999049,8.045691519674,0.200000819334)
  );
#977 = CARTESIAN_POINT('',(-2.026807134682,9.839340716715,0.599998194246
    ));
#978 = CARTESIAN_POINT('',(-8.444449085627,7.32653632534,1.000001259825)
  );
#979 = CARTESIAN_POINT('',(-11.84398017631,-3.795489493947E-06,
    1.399999861312));
#980 = CARTESIAN_POINT('',(-8.444450937938,-7.326530526809,
    1.799998433066));
#981 = CARTESIAN_POINT('',(-2.026805049335,-9.839343358762,
    2.200001524786));
#982 = CARTESIAN_POINT('',(3.593250049635,-8.045690947584,2.599998879616
    ));
#983 = CARTESIAN_POINT('',(6.400000067628,-4.021243748262,3.000000129351
    ));
#984 = CARTESIAN_POINT('',(6.3999998232,4.021243786285,3.799999578002));
#985 = CARTESIAN_POINT('',(3.59325100185,8.045691518704,4.200000826841)
  );
#986 = CARTESIAN_POINT('',(-2.026807138152,9.839340717916,4.599998184936
    ));
#987 = CARTESIAN_POINT('',(-8.444449082125,7.326536324125,5.000001269253
    ));
#988 = CARTESIAN_POINT('',(-11.84398017917,-3.794487378087E-06,
    5.399999853546));
#989 = CARTESIAN_POINT('',(-8.444450936063,-7.326530527471,
    5.799998438187));
#990 = CARTESIAN_POINT('',(-2.026805050278,-9.839343358427,
    6.200001522185));
#991 = CARTESIAN_POINT('',(3.593250049968,-8.045690947703,6.599998880542
    ));
#992 = CARTESIAN_POINT('',(6.400000067573,-4.021243748242,7.000000129195
    ));
#993 = CARTESIAN_POINT('',(6.399999823222,4.021243786276,7.799999578068)
  );
#994 = CARTESIAN_POINT('',(3.593251001836,8.045691518714,8.20000082678)
  );
#995 = CARTESIAN_POINT('',(-2.026807138156,9.839340717906,8.59999818497)
  );
#996 = CARTESIAN_POINT('',(-8.444449082115,7.326536324142,9.000001269236
    ));
#997 = CARTESIAN_POINT('',(-11.84398017917,-3.794514430191E-06,
    9.399999853581));
#998 = CARTESIAN_POINT('',(-8.444450936093,-7.326530527438,
    9.799998438121));
#999 = CARTESIAN_POINT('',(-2.026805050244,-9.839343358453,
    10.200001522254));
#1000 = CARTESIAN_POINT('',(3.593250049946,-8.045690947689,
    10.599998880498));
#1001 = CARTESIAN_POINT('',(6.400000067581,-4.021243748246,
    11.000000129211));
#1002 = CARTESIAN_POINT('',(6.399999823211,4.021243786281,
    11.799999578043));
#1003 = CARTESIAN_POINT('',(3.593251001874,8.045691518693,
    12.200000826866));
#1004 = CARTESIAN_POINT('',(-2.026807138221,9.83934071795,
    12.599998184816));
#1005 = CARTESIAN_POINT('',(-8.444449082049,7.326536324081,
    13.000001269401));
#1006 = CARTESIAN_POINT('',(-11.8439801792,-3.794464602505E-06,
    13.399999853482));
#1007 = CARTESIAN_POINT('',(-8.444450936098,-7.326530527461,
    13.799998438133));
#1008 = CARTESIAN_POINT('',(-2.026805050223,-9.839343358451,
    14.200001522286));
#1009 = CARTESIAN_POINT('',(3.593250049932,-8.045690947686,
    14.599998880473));
#1010 = CARTESIAN_POINT('',(6.400000067584,-4.021243748247,
    15.000000129217));
#1011 = CARTESIAN_POINT('',(6.399999823211,4.021243786279,
    15.799999578044));
#1012 = CARTESIAN_POINT('',(3.593251001867,8.045691518705,
    16.200000826851));
#1013 = CARTESIAN_POINT('',(-2.026807138188,9.839340717922,
    16.599998184876));
#1014 = CARTESIAN_POINT('',(-8.444449082139,7.326536324125,
    17.000001269248));
#1015 = CARTESIAN_POINT('',(-11.84398017904,-3.794512506258E-06,
    17.399999853754));
#1016 = CARTESIAN_POINT('',(-8.444450936296,-7.326530527417,
    17.799998437785));
#1017 = CARTESIAN_POINT('',(-2.026805050048,-9.839343358488,
    18.200001522613));
#1018 = CARTESIAN_POINT('',(3.593250049817,-8.045690947658,
    18.59999888024));
#1019 = CARTESIAN_POINT('',(6.400000067641,-4.021243748264,
    19.000000129344));
#1020 = CARTESIAN_POINT('',(6.39999982311,4.021243786313,19.79999957781)
  );
#1021 = CARTESIAN_POINT('',(3.593251002375,8.045691518521,
    20.200000828042));
#1022 = CARTESIAN_POINT('',(-2.026807139485,9.839340718402,
    20.599998181828));
#1023 = CARTESIAN_POINT('',(-8.444449079777,7.326536323269,
    21.000001274797));
#1024 = CARTESIAN_POINT('',(-11.84398018242,-3.793343293178E-06,
    21.399999845815));
#1025 = CARTESIAN_POINT('',(-8.444450932316,-7.326530528718,
    21.799998447109));
#1026 = CARTESIAN_POINT('',(-2.02680505395,-9.839343357269,
    22.200001513484));
#1027 = CARTESIAN_POINT('',(3.593250052993,-8.045690948626,
    22.599998887665));
#1028 = CARTESIAN_POINT('',(6.400000065534,-4.021243747625,
    23.000000124414));
#1029 = CARTESIAN_POINT('',(6.39999982743,4.021243784997,23.79999958793)
  );
#1030 = CARTESIAN_POINT('',(3.593250978094,8.045691525956,
    24.200000771144));
#1031 = CARTESIAN_POINT('',(-2.026807072706,9.839340697916,
    24.599998338347));
#1032 = CARTESIAN_POINT('',(-8.444449209267,7.326536362975,
    25.000000971249));
#1033 = CARTESIAN_POINT('',(-11.84397998799,-3.852858208118E-06,
    25.4000003016));
#1034 = CARTESIAN_POINT('',(-8.444451167088,-7.326530457014,
    25.799997896841));
#1035 = CARTESIAN_POINT('',(-2.02680482242,-9.839343427845,
    26.20000205602));
#1036 = CARTESIAN_POINT('',(3.593249866076,-8.045690891721,
    26.599998449778));
#1037 = CARTESIAN_POINT('',(6.400000187958,-4.021243784877,
    27.000000411167));
#1038 = CARTESIAN_POINT('',(6.399999882917,3.802882317863E-08,
    27.399999707292));
#1039 = DEFINITIONAL_REPRESENTATION('',(#1040),#1079);
#1040 = B_SPLINE_CURVE_WITH_KNOTS('',7,(#1041,#1042,#1043,#1044,#1045,
    #1046,#1047,#1048,#1049,#1050,#1051,#1052,#1053,#1054,#1055,#1056,
    #1057,#1058,#1059,#1060,#1061,#1062,#1063,#1064,#1065,#1066,#1067,
    #1068,#1069,#1070,#1071,#1072,#1073,#1074,#1075,#1076,#1077,#1078),
  .UNSPECIFIED.,.F.,.F.,(8,6,6,6,6,6,8),(0.,0.164182721055,
    0.313577952434,0.451134040246,0.577556054429,0.804165475589,1.),
  .UNSPECIFIED.);
#1041 = CARTESIAN_POINT('',(1.87,9.613005918331));
#1042 = CARTESIAN_POINT('',(1.834389767511,9.680780433848));
#1043 = CARTESIAN_POINT('',(1.798592007282,9.748915193473));
#1044 = CARTESIAN_POINT('',(1.7626062674,9.817410592884));
#1045 = CARTESIAN_POINT('',(1.726428384372,9.886273644364));
#1046 = CARTESIAN_POINT('',(1.690052407692,9.95551455582));
#1047 = CARTESIAN_POINT('',(1.653473064474,10.025142285387));
#1048 = CARTESIAN_POINT('',(1.583217525425,10.158869636962));
#1049 = CARTESIAN_POINT('',(1.549573878617,10.222907486108));
#1050 = CARTESIAN_POINT('',(1.515756763066,10.287274037328));
#1051 = CARTESIAN_POINT('',(1.481762668025,10.351975550241));
#1052 = CARTESIAN_POINT('',(1.447587019983,10.417020601231));
#1053 = CARTESIAN_POINT('',(1.413225892587,10.482416830968));
#1054 = CARTESIAN_POINT('',(1.346868004076,10.608706587626));
#1055 = CARTESIAN_POINT('',(1.314897608604,10.669550160225));
#1056 = CARTESIAN_POINT('',(1.28276602372,10.730699531941));
#1057 = CARTESIAN_POINT('',(1.250470541787,10.792160270879));
#1058 = CARTESIAN_POINT('',(1.218007550518,10.853939717259));
#1059 = CARTESIAN_POINT('',(1.185373794355,10.916044489141));
#1060 = CARTESIAN_POINT('',(1.122417427161,11.035856938446));
#1061 = CARTESIAN_POINT('',(1.092119979437,11.093516630716));
#1062 = CARTESIAN_POINT('',(1.061674629398,11.151458547989));
#1063 = CARTESIAN_POINT('',(1.031078878688,11.20968757687));
#1064 = CARTESIAN_POINT('',(1.000329428318,11.268209985061));
#1065 = CARTESIAN_POINT('',(0.969423167848,11.327031535515));
#1066 = CARTESIAN_POINT('',(0.882675323645,11.49213338367));
#1067 = CARTESIAN_POINT('',(0.826460124289,11.599125732033));
#1068 = CARTESIAN_POINT('',(0.769728469918,11.707100946181));
#1069 = CARTESIAN_POINT('',(0.712457670826,11.816099724764));
#1070 = CARTESIAN_POINT('',(0.654618737975,11.926174522986));
#1071 = CARTESIAN_POINT('',(0.596177140097,12.03739097677));
#1072 = CARTESIAN_POINT('',(0.486121202572,12.246825179653));
#1073 = CARTESIAN_POINT('',(0.434634943728,12.344800038873));
#1074 = CARTESIAN_POINT('',(0.382687952569,12.44365038434));
#1075 = CARTESIAN_POINT('',(0.330267116941,12.543403673245));
#1076 = CARTESIAN_POINT('',(0.277348590004,12.64410832106));
#1077 = CARTESIAN_POINT('',(0.22391101146,12.745807284728));
#1078 = CARTESIAN_POINT('',(0.169953246104,12.848502604435));
#1079 = ( GEOMETRIC_REPRESENTATION_CONTEXT(2) 
PARAMETRIC_REPRESENTATION_CONTEXT() REPRESENTATION_CONTEXT('2D SPACE',''
  ) );
#1080 = ORIENTED_EDGE('',*,*,#1081,.F.);
#1081 = EDGE_CURVE('',#1082,#805,#1084,.T.);
#1082 = VERTEX_POINT('',#1083);
#1083 = CARTESIAN_POINT('',(6.400000059837,-1.567547917564E-15,
    0.562499962602));
#1084 = SURFACE_CURVE('',#1085,(#1123,#1164),.PCURVE_S1.);
#1085 = B_SPLINE_CURVE_WITH_KNOTS('',6,(#1086,#1087,#1088,#1089,#1090,
    #1091,#1092,#1093,#1094,#1095,#1096,#1097,#1098,#1099,#1100,#1101,
    #1102,#1103,#1104,#1105,#1106,#1107,#1108,#1109,#1110,#1111,#1112,
    #1113,#1114,#1115,#1116,#1117,#1118,#1119,#1120,#1121,#1122),
  .UNSPECIFIED.,.F.,.F.,(7,5,5,5,5,5,5,7),(0.,8.542016548307E-02,
    0.113289606128,0.143223304621,0.322848539251,0.604693270009,
    0.885419267532,1.),.UNSPECIFIED.);
#1086 = CARTESIAN_POINT('',(6.400000059837,-2.163022839937E-15,
    0.562499962602));
#1087 = CARTESIAN_POINT('',(6.400000062387,0.166371021764,0.562499961018
    ));
#1088 = CARTESIAN_POINT('',(6.394811346223,0.332742463193,0.562499231091
    ));
#1089 = CARTESIAN_POINT('',(6.384433895228,0.498911416003,0.562497785501
    ));
#1090 = CARTESIAN_POINT('',(6.368878056994,0.664675793917,0.562495722763
    ));
#1091 = CARTESIAN_POINT('',(6.348164542824,0.82983433267,0.562493227231)
  );
#1092 = CARTESIAN_POINT('',(6.313893753894,1.047808652836,0.562489701842
    ));
#1093 = CARTESIAN_POINT('',(6.304917366286,1.101344912624,0.5624888152)
  );
#1094 = CARTESIAN_POINT('',(6.295396345142,1.154788422986,0.562487916747
    ));
#1095 = CARTESIAN_POINT('',(6.285331888313,1.208132258691,0.5624870139)
  );
#1096 = CARTESIAN_POINT('',(6.274725311259,1.261369515661,0.562486113907
    ));
#1097 = CARTESIAN_POINT('',(6.251605117635,1.371551925521,0.562484267868
    ));
#1098 = CARTESIAN_POINT('',(6.239008438212,1.428479650277,0.562483323277
    ));
#1099 = CARTESIAN_POINT('',(6.225789784657,1.485267956387,0.562482398825
    ));
#1100 = CARTESIAN_POINT('',(6.211951088244,1.541908351507,0.562481502654
    ));
#1101 = CARTESIAN_POINT('',(6.19749443565,1.598392379807,0.56248064231)
  );
#1102 = CARTESIAN_POINT('',(6.091976265689,1.99267043078,0.562474918648)
  );
#1103 = CARTESIAN_POINT('',(5.979356571148,2.324704745753,0.562471547454
    ));
#1104 = CARTESIAN_POINT('',(5.845050547647,2.648974818542,0.562471223031
    ));
#1105 = CARTESIAN_POINT('',(5.689746288638,2.963728480725,0.562474383495
    ));
#1106 = CARTESIAN_POINT('',(5.514308380069,3.26729335034,0.562480169397)
  );
#1107 = CARTESIAN_POINT('',(5.014598239751,4.014369507313,0.562499043207
    ));
#1108 = CARTESIAN_POINT('',(4.662381286873,4.43930494906,0.562514407266)
  );
#1109 = CARTESIAN_POINT('',(4.267277477136,4.826676124018,0.562529403429
    ));
#1110 = CARTESIAN_POINT('',(3.834379066726,5.17129409877,0.562537883899)
  );
#1111 = CARTESIAN_POINT('',(3.369465641666,5.468750860658,0.56253919238)
  );
#1112 = CARTESIAN_POINT('',(2.390910460144,5.961700605521,0.562530417121
    ));
#1113 = CARTESIAN_POINT('',(1.87731458011,6.157671633251,0.56252039246)
  );
#1114 = CARTESIAN_POINT('',(1.34499828465,6.300281009124,0.562506145501)
  );
#1115 = CARTESIAN_POINT('',(0.800859096916,6.387522346898,0.562491737986
    ));
#1116 = CARTESIAN_POINT('',(0.252011942772,6.418398906802,0.562480255701
    ));
#1117 = CARTESIAN_POINT('',(-0.517104619838,6.38302635065,0.562469754074
    ));
#1118 = CARTESIAN_POINT('',(-0.739607206779,6.36344417056,0.562467382508
    ));
#1119 = CARTESIAN_POINT('',(-0.961191522361,6.334555178035,
    0.562465758993));
#1120 = CARTESIAN_POINT('',(-1.181372357733,6.296415696556,
    0.562464911497));
#1121 = CARTESIAN_POINT('',(-1.399669622823,6.249115837171,
    0.562464820269));
#1122 = CARTESIAN_POINT('',(-1.615608346332,6.192779498503,
    0.562465417834));
#1123 = PCURVE('',#387,#1124);
#1124 = DEFINITIONAL_REPRESENTATION('',(#1125),#1163);
#1125 = B_SPLINE_CURVE_WITH_KNOTS('',6,(#1126,#1127,#1128,#1129,#1130,
    #1131,#1132,#1133,#1134,#1135,#1136,#1137,#1138,#1139,#1140,#1141,
    #1142,#1143,#1144,#1145,#1146,#1147,#1148,#1149,#1150,#1151,#1152,
    #1153,#1154,#1155,#1156,#1157,#1158,#1159,#1160,#1161,#1162),
  .UNSPECIFIED.,.F.,.F.,(7,5,5,5,5,5,5,7),(0.,8.542016548307E-02,
    0.113289606128,0.143223304621,0.322848539251,0.604693270009,
    0.885419267532,1.),.UNSPECIFIED.);
#1126 = CARTESIAN_POINT('',(0.,-0.562499962602));
#1127 = CARTESIAN_POINT('',(-2.59954719076E-02,-0.562499961011));
#1128 = CARTESIAN_POINT('',(-5.199098530848E-02,-0.562499231089));
#1129 = CARTESIAN_POINT('',(-7.798650690861E-02,-0.562497785504));
#1130 = CARTESIAN_POINT('',(-0.103982012634,-0.562495722766));
#1131 = CARTESIAN_POINT('',(-0.129977487629,-0.562493227231));
#1132 = CARTESIAN_POINT('',(-0.164454276417,-0.562489701842));
#1133 = CARTESIAN_POINT('',(-0.172935623692,-0.5624888152));
#1134 = CARTESIAN_POINT('',(-0.181416967939,-0.562487916747));
#1135 = CARTESIAN_POINT('',(-0.189898309067,-0.5624870139));
#1136 = CARTESIAN_POINT('',(-0.198379647047,-0.562486113907));
#1137 = CARTESIAN_POINT('',(-0.215970519609,-0.562484267868));
#1138 = CARTESIAN_POINT('',(-0.225080053824,-0.562483323277));
#1139 = CARTESIAN_POINT('',(-0.234189584574,-0.562482398825));
#1140 = CARTESIAN_POINT('',(-0.243299111936,-0.562481502654));
#1141 = CARTESIAN_POINT('',(-0.252408636045,-0.56248064231));
#1142 = CARTESIAN_POINT('',(-0.316182296083,-0.562474918648));
#1143 = CARTESIAN_POINT('',(-0.370847819654,-0.562471547454));
#1144 = CARTESIAN_POINT('',(-0.425511525044,-0.562471223031));
#1145 = CARTESIAN_POINT('',(-0.480175289518,-0.562474383495));
#1146 = CARTESIAN_POINT('',(-0.534840901404,-0.562480169397));
#1147 = CARTESIAN_POINT('',(-0.675277230154,-0.562499043207));
#1148 = CARTESIAN_POINT('',(-0.761062963617,-0.562514407266));
#1149 = CARTESIAN_POINT('',(-0.846833497458,-0.562529403429));
#1150 = CARTESIAN_POINT('',(-0.932604468017,-0.562537883899));
#1151 = CARTESIAN_POINT('',(-1.018391000635,-0.56253919238));
#1152 = CARTESIAN_POINT('',(-1.189596413815,-0.562530417121));
#1153 = CARTESIAN_POINT('',(-1.275042069441,-0.56252039246));
#1154 = CARTESIAN_POINT('',(-1.360471897301,-0.562506145501));
#1155 = CARTESIAN_POINT('',(-1.445901151058,-0.562491737986));
#1156 = CARTESIAN_POINT('',(-1.53134572061,-0.562480255701));
#1157 = CARTESIAN_POINT('',(-1.651646393918,-0.562469754074));
#1158 = CARTESIAN_POINT('',(-1.686515902759,-0.562467382508));
#1159 = CARTESIAN_POINT('',(-1.721385427519,-0.562465758993));
#1160 = CARTESIAN_POINT('',(-1.756254952334,-0.562464911497));
#1161 = CARTESIAN_POINT('',(-1.791124460553,-0.562464820269));
#1162 = CARTESIAN_POINT('',(-1.82599393474,-0.562465417834));
#1163 = ( GEOMETRIC_REPRESENTATION_CONTEXT(2) 
PARAMETRIC_REPRESENTATION_CONTEXT() REPRESENTATION_CONTEXT('2D SPACE',''
  ) );
#1164 = PCURVE('',#1165,#1314);
#1165 = B_SPLINE_SURFACE_WITH_KNOTS('',1,10,(
    (#1166,#1167,#1168,#1169,#1170,#1171,#1172,#1173,#1174,#1175,#1176
      ,#1177,#1178,#1179,#1180,#1181,#1182,#1183,#1184,#1185,#1186,#1187
      ,#1188,#1189,#1190,#1191,#1192,#1193,#1194,#1195,#1196,#1197,#1198
      ,#1199,#1200,#1201,#1202,#1203,#1204,#1205,#1206,#1207,#1208,#1209
      ,#1210,#1211,#1212,#1213,#1214,#1215,#1216,#1217,#1218,#1219,#1220
      ,#1221,#1222,#1223,#1224,#1225,#1226,#1227,#1228,#1229,#1230,#1231
      ,#1232,#1233,#1234,#1235,#1236,#1237,#1238,#1239)
    ,(#1240,#1241,#1242,#1243,#1244,#1245,#1246,#1247,#1248,#1249,#1250
      ,#1251,#1252,#1253,#1254,#1255,#1256,#1257,#1258,#1259,#1260,#1261
      ,#1262,#1263,#1264,#1265,#1266,#1267,#1268,#1269,#1270,#1271,#1272
      ,#1273,#1274,#1275,#1276,#1277,#1278,#1279,#1280,#1281,#1282,#1283
      ,#1284,#1285,#1286,#1287,#1288,#1289,#1290,#1291,#1292,#1293,#1294
      ,#1295,#1296,#1297,#1298,#1299,#1300,#1301,#1302,#1303,#1304,#1305
      ,#1306,#1307,#1308,#1309,#1310,#1311,#1312,#1313
  )),.UNSPECIFIED.,.F.,.F.,.F.,(2,2),(11,9,9,9,9,9,9,9,11),(0.,1.2),(0.,
    7.448383556474,14.896767112949,22.345150669423,29.793534225897,
    37.241917782372,44.690301338846,52.13868489532,59.587068451795),
  .UNSPECIFIED.);
#1166 = CARTESIAN_POINT('',(6.4,-5.218990132919E-15,-4.6));
#1167 = CARTESIAN_POINT('',(6.399999718003,4.021243822924,
    -4.200000703992));
#1168 = CARTESIAN_POINT('',(3.593251162585,8.045691462722,-3.79999874229
    ));
#1169 = CARTESIAN_POINT('',(-2.026807337359,9.839340787289,
    -3.40000234905));
#1170 = CARTESIAN_POINT('',(-8.444448880155,7.326536253805,
    -2.999998189386));
#1171 = CARTESIAN_POINT('',(-11.84398034624,-3.736336955762E-06,
    -2.600000594218));
#1172 = CARTESIAN_POINT('',(-8.444450825058,-7.326530566095,
    -2.200001264341));
#1173 = CARTESIAN_POINT('',(-2.026805107341,-9.839343338578,
    -1.799998630711));
#1174 = CARTESIAN_POINT('',(3.593250070644,-8.045690954894,
    -1.400001064064));
#1175 = CARTESIAN_POINT('',(6.400000063903,-4.021243746966,
    -0.999999880636));
#1176 = CARTESIAN_POINT('',(6.39999982503,4.021243785649,-0.200000417093
    ));
#1177 = CARTESIAN_POINT('',(3.593250999049,8.045691519674,0.200000819334
    ));
#1178 = CARTESIAN_POINT('',(-2.026807134682,9.839340716716,
    0.599998194246));
#1179 = CARTESIAN_POINT('',(-8.444449085627,7.32653632534,1.000001259826
    ));
#1180 = CARTESIAN_POINT('',(-11.84398017631,-3.795489317485E-06,
    1.399999861312));
#1181 = CARTESIAN_POINT('',(-8.444450937938,-7.32653052681,
    1.799998433066));
#1182 = CARTESIAN_POINT('',(-2.026805049335,-9.839343358762,
    2.200001524786));
#1183 = CARTESIAN_POINT('',(3.593250049635,-8.045690947584,
    2.599998879616));
#1184 = CARTESIAN_POINT('',(6.400000067628,-4.021243748262,
    3.000000129351));
#1185 = CARTESIAN_POINT('',(6.3999998232,4.021243786285,3.799999578002)
  );
#1186 = CARTESIAN_POINT('',(3.59325100185,8.045691518704,4.200000826841)
  );
#1187 = CARTESIAN_POINT('',(-2.026807138152,9.839340717916,
    4.599998184935));
#1188 = CARTESIAN_POINT('',(-8.444449082125,7.326536324126,
    5.000001269254));
#1189 = CARTESIAN_POINT('',(-11.84398017917,-3.794488052621E-06,
    5.399999853544));
#1190 = CARTESIAN_POINT('',(-8.444450936064,-7.32653052747,
    5.799998438188));
#1191 = CARTESIAN_POINT('',(-2.026805050278,-9.839343358427,
    6.200001522184));
#1192 = CARTESIAN_POINT('',(3.593250049968,-8.045690947703,
    6.599998880542));
#1193 = CARTESIAN_POINT('',(6.400000067573,-4.021243748242,
    7.000000129195));
#1194 = CARTESIAN_POINT('',(6.399999823222,4.021243786276,7.799999578068
    ));
#1195 = CARTESIAN_POINT('',(3.593251001836,8.045691518713,8.20000082678)
  );
#1196 = CARTESIAN_POINT('',(-2.026807138156,9.839340717906,
    8.599998184968));
#1197 = CARTESIAN_POINT('',(-8.444449082115,7.326536324141,
    9.000001269238));
#1198 = CARTESIAN_POINT('',(-11.84398017917,-3.794513438734E-06,
    9.399999853579));
#1199 = CARTESIAN_POINT('',(-8.444450936093,-7.326530527439,
    9.799998438123));
#1200 = CARTESIAN_POINT('',(-2.026805050244,-9.839343358453,
    10.200001522252));
#1201 = CARTESIAN_POINT('',(3.593250049946,-8.045690947689,
    10.599998880499));
#1202 = CARTESIAN_POINT('',(6.400000067581,-4.021243748246,
    11.000000129211));
#1203 = CARTESIAN_POINT('',(6.399999823211,4.021243786281,
    11.799999578044));
#1204 = CARTESIAN_POINT('',(3.593251001874,8.045691518693,
    12.200000826865));
#1205 = CARTESIAN_POINT('',(-2.026807138221,9.83934071795,
    12.599998184819));
#1206 = CARTESIAN_POINT('',(-8.444449082048,7.326536324082,
    13.000001269396));
#1207 = CARTESIAN_POINT('',(-11.8439801792,-3.794465199681E-06,
    13.399999853488));
#1208 = CARTESIAN_POINT('',(-8.444450936097,-7.32653052746,
    13.799998438128));
#1209 = CARTESIAN_POINT('',(-2.026805050223,-9.839343358452,
    14.200001522288));
#1210 = CARTESIAN_POINT('',(3.593250049932,-8.045690947686,
    14.599998880472));
#1211 = CARTESIAN_POINT('',(6.400000067584,-4.021243748247,
    15.000000129217));
#1212 = CARTESIAN_POINT('',(6.399999823211,4.021243786279,
    15.799999578044));
#1213 = CARTESIAN_POINT('',(3.593251001867,8.045691518705,
    16.200000826851));
#1214 = CARTESIAN_POINT('',(-2.026807138188,9.839340717922,
    16.599998184877));
#1215 = CARTESIAN_POINT('',(-8.444449082138,7.326536324124,
    17.000001269247));
#1216 = CARTESIAN_POINT('',(-11.84398017904,-3.794512122269E-06,
    17.399999853755));
#1217 = CARTESIAN_POINT('',(-8.444450936295,-7.326530527417,
    17.799998437785));
#1218 = CARTESIAN_POINT('',(-2.026805050048,-9.839343358488,
    18.200001522614));
#1219 = CARTESIAN_POINT('',(3.593250049817,-8.045690947658,
    18.59999888024));
#1220 = CARTESIAN_POINT('',(6.400000067641,-4.021243748264,
    19.000000129344));
#1221 = CARTESIAN_POINT('',(6.39999982311,4.021243786313,19.79999957781)
  );
#1222 = CARTESIAN_POINT('',(3.593251002375,8.045691518521,
    20.200000828042));
#1223 = CARTESIAN_POINT('',(-2.026807139485,9.839340718401,
    20.599998181828));
#1224 = CARTESIAN_POINT('',(-8.444449079778,7.32653632327,
    21.000001274797));
#1225 = CARTESIAN_POINT('',(-11.84398018242,-3.793344611081E-06,
    21.399999845815));
#1226 = CARTESIAN_POINT('',(-8.444450932317,-7.326530528717,
    21.799998447109));
#1227 = CARTESIAN_POINT('',(-2.02680505395,-9.83934335727,
    22.200001513484));
#1228 = CARTESIAN_POINT('',(3.593250052993,-8.045690948625,
    22.599998887665));
#1229 = CARTESIAN_POINT('',(6.400000065534,-4.021243747625,
    23.000000124414));
#1230 = CARTESIAN_POINT('',(6.39999982743,4.021243784997,23.79999958793)
  );
#1231 = CARTESIAN_POINT('',(3.593250978094,8.045691525956,
    24.200000771144));
#1232 = CARTESIAN_POINT('',(-2.026807072707,9.839340697917,
    24.599998338347));
#1233 = CARTESIAN_POINT('',(-8.444449209266,7.326536362975,
    25.000000971248));
#1234 = CARTESIAN_POINT('',(-11.84397998799,-3.852858022413E-06,
    25.400000301601));
#1235 = CARTESIAN_POINT('',(-8.444451167087,-7.326530457014,
    25.799997896841));
#1236 = CARTESIAN_POINT('',(-2.026804822421,-9.839343427845,
    26.200002056021));
#1237 = CARTESIAN_POINT('',(3.593249866077,-8.045690891721,
    26.599998449778));
#1238 = CARTESIAN_POINT('',(6.400000187958,-4.021243784877,
    27.000000411167));
#1239 = CARTESIAN_POINT('',(6.399999882917,3.802882316466E-08,
    27.399999707292));
#1240 = CARTESIAN_POINT('',(6.4,5.357699493973E-15,-3.4));
#1241 = CARTESIAN_POINT('',(6.400000281196,4.021243896496,
    -3.000000703991));
#1242 = CARTESIAN_POINT('',(3.593249883895,8.045691060249,-2.59999874229
    ));
#1243 = CARTESIAN_POINT('',(-2.026804917802,9.839343595829,
    -2.200002349049));
#1244 = CARTESIAN_POINT('',(-8.444451365274,7.326530540924,
    -1.799998189388));
#1245 = CARTESIAN_POINT('',(-11.84398020466,3.782353908632E-06,
    -1.400000594216));
#1246 = CARTESIAN_POINT('',(-8.444449320131,-7.326536547058,
    -1.000001264343));
#1247 = CARTESIAN_POINT('',(-2.026807051441,-9.839340890078,
    -0.599998630709));
#1248 = CARTESIAN_POINT('',(3.593251091716,-8.045691651766,
    -0.200001064065));
#1249 = CARTESIAN_POINT('',(6.399999968412,-4.021243820538,
    0.200000119364));
#1250 = CARTESIAN_POINT('',(6.400000158704,4.021243859221,0.999999582907
    ));
#1251 = CARTESIAN_POINT('',(3.593250071058,8.045691117202,1.400000819334
    ));
#1252 = CARTESIAN_POINT('',(-2.026805149759,9.83934352525,1.799998194246
    ));
#1253 = CARTESIAN_POINT('',(-8.444451130119,7.326530612469,
    2.200001259826));
#1254 = CARTESIAN_POINT('',(-11.84398039914,3.723189389314E-06,
    2.599999861312));
#1255 = CARTESIAN_POINT('',(-8.444449190937,-7.326536507763,
    2.999998433066));
#1256 = CARTESIAN_POINT('',(-2.026807117833,-9.839340910269,
    3.400001524786));
#1257 = CARTESIAN_POINT('',(3.593251115763,-8.045691644455,
    3.799998879616));
#1258 = CARTESIAN_POINT('',(6.399999964147,-4.021243821834,
    4.200000129351));
#1259 = CARTESIAN_POINT('',(6.400000160799,4.021243859856,4.999999578002
    ));
#1260 = CARTESIAN_POINT('',(3.593250067852,8.045691116237,5.400000826841
    ));
#1261 = CARTESIAN_POINT('',(-2.026805145779,9.839343526431,
    5.799998184937));
#1262 = CARTESIAN_POINT('',(-8.444451134156,7.326530611294,
    6.200001269252));
#1263 = CARTESIAN_POINT('',(-11.84398039581,3.724137658938E-06,
    6.599999853547));
#1264 = CARTESIAN_POINT('',(-8.444449193143,-7.326536508376,
    6.999998438186));
#1265 = CARTESIAN_POINT('',(-2.026807116708,-9.839340909961,
    7.400001522186));
#1266 = CARTESIAN_POINT('',(3.593251115362,-8.045691644564,
    7.799998880541));
#1267 = CARTESIAN_POINT('',(6.399999964215,-4.021243821815,
    8.200000129195));
#1268 = CARTESIAN_POINT('',(6.40000016077,4.021243859847,8.999999578068)
  );
#1269 = CARTESIAN_POINT('',(3.593250067879,8.045691116257,9.40000082678)
  );
#1270 = CARTESIAN_POINT('',(-2.026805145793,9.839343526391,
    9.799998184969));
#1271 = CARTESIAN_POINT('',(-8.444451134154,7.32653061136,
    10.200001269237));
#1272 = CARTESIAN_POINT('',(-11.84398039581,3.724055839955E-06,
    10.599999853581));
#1273 = CARTESIAN_POINT('',(-8.444449193126,-7.326536508302,
    10.999998438121));
#1274 = CARTESIAN_POINT('',(-2.02680711673,-9.839340910009,
    11.400001522253));
#1275 = CARTESIAN_POINT('',(3.593251115377,-8.045691644543,
    11.799998880499));
#1276 = CARTESIAN_POINT('',(6.399999964209,-4.021243821819,
    12.200000129211));
#1277 = CARTESIAN_POINT('',(6.400000160781,4.021243859851,
    12.999999578044));
#1278 = CARTESIAN_POINT('',(3.593250067836,8.045691116252,
    13.400000826866));
#1279 = CARTESIAN_POINT('',(-2.026805145707,9.839343526389,
    13.799998184818));
#1280 = CARTESIAN_POINT('',(-8.444451134259,7.326530611381,
    14.200001269398));
#1281 = CARTESIAN_POINT('',(-11.84398039573,3.724020099512E-06,
    14.599999853486));
#1282 = CARTESIAN_POINT('',(-8.444449193162,-7.326536508266,
    14.99999843813));
#1283 = CARTESIAN_POINT('',(-2.026807116727,-9.839340910031,
    15.400001522288));
#1284 = CARTESIAN_POINT('',(3.593251115383,-8.045691644536,
    15.799998880472));
#1285 = CARTESIAN_POINT('',(6.399999964207,-4.02124382182,
    16.200000129217));
#1286 = CARTESIAN_POINT('',(6.400000160779,4.021243859849,
    16.999999578044));
#1287 = CARTESIAN_POINT('',(3.59325006785,8.045691116262,17.400000826852
    ));
#1288 = CARTESIAN_POINT('',(-2.02680514575,9.839343526357,
    17.799998184874));
#1289 = CARTESIAN_POINT('',(-8.444451134172,7.326530611449,
    18.200001269251));
#1290 = CARTESIAN_POINT('',(-11.84398039586,3.723915822071E-06,
    18.59999985375));
#1291 = CARTESIAN_POINT('',(-8.444449193011,-7.326536508152,
    18.999998437789));
#1292 = CARTESIAN_POINT('',(-2.026807116861,-9.839340910119,
    19.400001522611));
#1293 = CARTESIAN_POINT('',(3.593251115475,-8.045691644487,
    19.799998880241));
#1294 = CARTESIAN_POINT('',(6.399999964156,-4.021243821839,
    20.200000129344));
#1295 = CARTESIAN_POINT('',(6.400000160873,4.021243859881,20.99999957781
    ));
#1296 = CARTESIAN_POINT('',(3.593250067367,8.04569111612,21.400000828043
    ));
#1297 = CARTESIAN_POINT('',(-2.026805144523,9.839343526706,
    21.799998181826));
#1298 = CARTESIAN_POINT('',(-8.444451136368,7.326530610812,
    22.200001274799));
#1299 = CARTESIAN_POINT('',(-11.84398039279,3.724855925502E-06,
    22.599999845813));
#1300 = CARTESIAN_POINT('',(-8.444449196557,-7.326536509303,
    22.99999844711));
#1301 = CARTESIAN_POINT('',(-2.02680711343,-9.839340908954,
    23.400001513484));
#1302 = CARTESIAN_POINT('',(3.593251112698,-8.045691645452,
    23.799998887665));
#1303 = CARTESIAN_POINT('',(6.399999966,-4.021243821197,24.200000124414)
  );
#1304 = CARTESIAN_POINT('',(6.400000157085,4.021243858568,24.99999958793
    ));
#1305 = CARTESIAN_POINT('',(3.593250088672,8.045691123454,
    25.400000771144));
#1306 = CARTESIAN_POINT('',(-2.026805203105,9.83934350657,
    25.799998338346));
#1307 = CARTESIAN_POINT('',(-8.444451022847,7.326530649876,
    26.20000097125));
#1308 = CARTESIAN_POINT('',(-11.84398056308,3.66609433007E-06,
    26.6000003016));
#1309 = CARTESIAN_POINT('',(-8.444448991116,-7.326536438184,
    26.999997896841));
#1310 = CARTESIAN_POINT('',(-2.02680731588,-9.83934097924,
    27.400002056021));
#1311 = CARTESIAN_POINT('',(3.593251276058,-8.045691588623,
    27.799998449778));
#1312 = CARTESIAN_POINT('',(6.399999859029,-4.021243858447,
    28.200000411167));
#1313 = CARTESIAN_POINT('',(6.400000117083,3.803018990776E-08,
    28.599999707292));
#1314 = DEFINITIONAL_REPRESENTATION('',(#1315),#1353);
#1315 = B_SPLINE_CURVE_WITH_KNOTS('',6,(#1316,#1317,#1318,#1319,#1320,
    #1321,#1322,#1323,#1324,#1325,#1326,#1327,#1328,#1329,#1330,#1331,
    #1332,#1333,#1334,#1335,#1336,#1337,#1338,#1339,#1340,#1341,#1342,
    #1343,#1344,#1345,#1346,#1347,#1348,#1349,#1350,#1351,#1352),
  .UNSPECIFIED.,.F.,.F.,(7,5,5,5,5,5,5,7),(0.,8.542016548307E-02,
    0.113289606128,0.143223304621,0.322848539251,0.604693270009,
    0.885419267532,1.),.UNSPECIFIED.);
#1316 = CARTESIAN_POINT('',(1.16250011322,7.448383552668));
#1317 = CARTESIAN_POINT('',(1.145950912739,7.479199768566));
#1318 = CARTESIAN_POINT('',(1.129401539518,7.51001494519));
#1319 = CARTESIAN_POINT('',(1.112851762228,7.540829537189));
#1320 = CARTESIAN_POINT('',(1.096301495888,7.571643886788));
#1321 = CARTESIAN_POINT('',(1.079750801864,7.602458223789));
#1322 = CARTESIAN_POINT('',(1.057799936792,7.643326278216));
#1323 = CARTESIAN_POINT('',(1.052399959111,7.653379904041));
#1324 = CARTESIAN_POINT('',(1.046999959811,7.663433547905));
#1325 = CARTESIAN_POINT('',(1.041599944125,7.673487213893));
#1326 = CARTESIAN_POINT('',(1.036199917536,7.683540905304));
#1327 = CARTESIAN_POINT('',(1.024999879803,7.704393011597));
#1328 = CARTESIAN_POINT('',(1.019199867694,7.715191430961));
#1329 = CARTESIAN_POINT('',(1.013399856541,7.725989885861));
#1330 = CARTESIAN_POINT('',(1.007599853237,7.736788378643));
#1331 = CARTESIAN_POINT('',(1.001799864483,7.747586910894));
#1332 = CARTESIAN_POINT('',(0.961195625659,7.823185231705));
#1333 = CARTESIAN_POINT('',(0.926391155119,7.887988204609));
#1334 = CARTESIAN_POINT('',(0.891589959868,7.952790750551));
#1335 = CARTESIAN_POINT('',(0.856791675441,8.017594365859));
#1336 = CARTESIAN_POINT('',(0.821994636134,8.082400552822));
#1337 = CARTESIAN_POINT('',(0.732604904574,8.248887926254));
#1338 = CARTESIAN_POINT('',(0.678004972478,8.350586835054));
#1339 = CARTESIAN_POINT('',(0.623415383519,8.452265804981));
#1340 = CARTESIAN_POINT('',(0.568820175346,8.553943110143));
#1341 = CARTESIAN_POINT('',(0.514208470054,8.655637782447));
#1342 = CARTESIAN_POINT('',(0.405208139506,8.858590519896));
#1343 = CARTESIAN_POINT('',(0.350802522519,8.95988033528));
#1344 = CARTESIAN_POINT('',(0.296402558382,9.061151762046));
#1345 = CARTESIAN_POINT('',(0.242002299664,9.162423437053));
#1346 = CARTESIAN_POINT('',(0.187594888886,9.263713875196));
#1347 = CARTESIAN_POINT('',(0.110998115108,9.406324859944));
#1348 = CARTESIAN_POINT('',(8.879696412744E-02,9.447661116187));
#1349 = CARTESIAN_POINT('',(6.659654748626E-02,9.488997397672));
#1350 = CARTESIAN_POINT('',(4.439691887672E-02,9.530333656514));
#1351 = CARTESIAN_POINT('',(2.219808388682E-02,9.571669845547));
#1352 = CARTESIAN_POINT('',(0.,9.613005918331));
#1353 = ( GEOMETRIC_REPRESENTATION_CONTEXT(2) 
PARAMETRIC_REPRESENTATION_CONTEXT() REPRESENTATION_CONTEXT('2D SPACE',''
  ) );
#1354 = ORIENTED_EDGE('',*,*,#1355,.F.);
#1355 = EDGE_CURVE('',#371,#1082,#1356,.T.);
#1356 = SEAM_CURVE('',#1357,(#1361,#1368),.PCURVE_S1.);
#1357 = LINE('',#1358,#1359);
#1358 = CARTESIAN_POINT('',(7.3,-1.787984326755E-15,0.));
#1359 = VECTOR('',#1360,1.);
#1360 = DIRECTION('',(-0.847998304005,2.076996817364E-16,0.529998940003)
  );
#1361 = PCURVE('',#387,#1362);
#1362 = DEFINITIONAL_REPRESENTATION('',(#1363),#1367);
#1363 = LINE('',#1364,#1365);
#1364 = CARTESIAN_POINT('',(0.,-0.));
#1365 = VECTOR('',#1366,1.);
#1366 = DIRECTION('',(-0.,-1.));
#1367 = ( GEOMETRIC_REPRESENTATION_CONTEXT(2) 
PARAMETRIC_REPRESENTATION_CONTEXT() REPRESENTATION_CONTEXT('2D SPACE',''
  ) );
#1368 = PCURVE('',#387,#1369);
#1369 = DEFINITIONAL_REPRESENTATION('',(#1370),#1374);
#1370 = LINE('',#1371,#1372);
#1371 = CARTESIAN_POINT('',(-6.28318530718,0.));
#1372 = VECTOR('',#1373,1.);
#1373 = DIRECTION('',(-0.,-1.));
#1374 = ( GEOMETRIC_REPRESENTATION_CONTEXT(2) 
PARAMETRIC_REPRESENTATION_CONTEXT() REPRESENTATION_CONTEXT('2D SPACE',''
  ) );
#1375 = ORIENTED_EDGE('',*,*,#370,.T.);
#1376 = ORIENTED_EDGE('',*,*,#1355,.T.);
#1377 = ORIENTED_EDGE('',*,*,#1378,.F.);
#1378 = EDGE_CURVE('',#570,#1082,#1379,.T.);
#1379 = SURFACE_CURVE('',#1380,(#1386,#1395),.PCURVE_S1.);
#1380 = B_SPLINE_CURVE_WITH_KNOTS('',4,(#1381,#1382,#1383,#1384,#1385),
  .UNSPECIFIED.,.F.,.F.,(5,5),(0.,1.),.PIECEWISE_BEZIER_KNOTS.);
#1381 = CARTESIAN_POINT('',(6.38890092984,-0.37679792876,0.56249844871)
  );
#1382 = CARTESIAN_POINT('',(6.394448914497,-0.282707278368,
    0.562499194593));
#1383 = CARTESIAN_POINT('',(6.398149673363,-0.188507763106,
    0.562499711491));
#1384 = CARTESIAN_POINT('',(6.400000058391,-9.425382271843E-02,
    0.5624999635));
#1385 = CARTESIAN_POINT('',(6.400000059837,-2.164934898019E-15,
    0.562499962602));
#1386 = PCURVE('',#387,#1387);
#1387 = DEFINITIONAL_REPRESENTATION('',(#1388),#1394);
#1388 = B_SPLINE_CURVE_WITH_KNOTS('',4,(#1389,#1390,#1391,#1392,#1393),
  .UNSPECIFIED.,.F.,.F.,(5,5),(0.,1.),.PIECEWISE_BEZIER_KNOTS.);
#1389 = CARTESIAN_POINT('',(-6.224276588351,-0.56249844871));
#1390 = CARTESIAN_POINT('',(-6.239003781833,-0.562499194593));
#1391 = CARTESIAN_POINT('',(-6.253730969897,-0.562499711487));
#1392 = CARTESIAN_POINT('',(-6.268458147518,-0.562499963504));
#1393 = CARTESIAN_POINT('',(-6.28318530718,-0.562499962602));
#1394 = ( GEOMETRIC_REPRESENTATION_CONTEXT(2) 
PARAMETRIC_REPRESENTATION_CONTEXT() REPRESENTATION_CONTEXT('2D SPACE',''
  ) );
#1395 = PCURVE('',#1165,#1396);
#1396 = DEFINITIONAL_REPRESENTATION('',(#1397),#1403);
#1397 = B_SPLINE_CURVE_WITH_KNOTS('',4,(#1398,#1399,#1400,#1401,#1402),
  .UNSPECIFIED.,.F.,.F.,(5,5),(0.,1.),.PIECEWISE_BEZIER_KNOTS.);
#1398 = CARTESIAN_POINT('',(1.2,7.378552312153));
#1399 = CARTESIAN_POINT('',(1.190625569993,7.39600979566));
#1400 = CARTESIAN_POINT('',(1.18125083008,7.413467431879));
#1401 = CARTESIAN_POINT('',(1.17187569673,7.43092530712));
#1402 = CARTESIAN_POINT('',(1.16250011322,7.448383552668));
#1403 = ( GEOMETRIC_REPRESENTATION_CONTEXT(2) 
PARAMETRIC_REPRESENTATION_CONTEXT() REPRESENTATION_CONTEXT('2D SPACE',''
  ) );
#1404 = ADVANCED_FACE('',(#1405),#491,.F.);
#1405 = FACE_BOUND('',#1406,.F.);
#1406 = EDGE_LOOP('',(#1407,#1438,#1467,#1495,#1524,#1652,#1775,#1796,
    #1797));
#1407 = ORIENTED_EDGE('',*,*,#1408,.T.);
#1408 = EDGE_CURVE('',#1409,#1411,#1413,.T.);
#1409 = VERTEX_POINT('',#1410);
#1410 = CARTESIAN_POINT('',(6.399999949055,-1.567547890431E-15,
    11.43749996816));
#1411 = VERTEX_POINT('',#1412);
#1412 = CARTESIAN_POINT('',(6.388900678238,0.376800185603,
    11.437501477356));
#1413 = SURFACE_CURVE('',#1414,(#1420,#1429),.PCURVE_S1.);
#1414 = B_SPLINE_CURVE_WITH_KNOTS('',4,(#1415,#1416,#1417,#1418,#1419),
  .UNSPECIFIED.,.F.,.F.,(5,5),(0.,1.),.PIECEWISE_BEZIER_KNOTS.);
#1415 = CARTESIAN_POINT('',(6.399999949055,-2.68284798307E-15,
    11.43749996816));
#1416 = CARTESIAN_POINT('',(6.3999999457,9.425438797216E-02,
    11.437499966068));
#1417 = CARTESIAN_POINT('',(6.398149536553,0.188508893574,
    11.437500216898));
#1418 = CARTESIAN_POINT('',(6.394448731359,0.282708973024,
    11.437500732628));
#1419 = CARTESIAN_POINT('',(6.388900678238,0.376800185602,
    11.437501477356));
#1420 = PCURVE('',#491,#1421);
#1421 = DEFINITIONAL_REPRESENTATION('',(#1422),#1428);
#1422 = B_SPLINE_CURVE_WITH_KNOTS('',4,(#1423,#1424,#1425,#1426,#1427),
  .UNSPECIFIED.,.F.,.F.,(5,5),(0.,1.),.PIECEWISE_BEZIER_KNOTS.);
#1423 = CARTESIAN_POINT('',(0.,0.93749996816));
#1424 = CARTESIAN_POINT('',(1.472724823788E-02,0.937499966064));
#1425 = CARTESIAN_POINT('',(2.94545144394E-02,0.937500216901));
#1426 = CARTESIAN_POINT('',(4.418179108997E-02,0.937500732628));
#1427 = CARTESIAN_POINT('',(5.890907316301E-02,0.937501477356));
#1428 = ( GEOMETRIC_REPRESENTATION_CONTEXT(2) 
PARAMETRIC_REPRESENTATION_CONTEXT() REPRESENTATION_CONTEXT('2D SPACE',''
  ) );
#1429 = PCURVE('',#1165,#1430);
#1430 = DEFINITIONAL_REPRESENTATION('',(#1431),#1437);
#1431 = B_SPLINE_CURVE_WITH_KNOTS('',4,(#1432,#1433,#1434,#1435,#1436),
  .UNSPECIFIED.,.F.,.F.,(5,5),(0.,1.),.PIECEWISE_BEZIER_KNOTS.);
#1432 = CARTESIAN_POINT('',(3.750011659495E-02,29.793534222598));
#1433 = CARTESIAN_POINT('',(2.812447567782E-02,29.810992573142));
#1434 = CARTESIAN_POINT('',(1.874928488597E-02,29.828450553381));
#1435 = CARTESIAN_POINT('',(9.374487502995E-03,29.8459082946));
#1436 = CARTESIAN_POINT('',(0.,29.863365883114));
#1437 = ( GEOMETRIC_REPRESENTATION_CONTEXT(2) 
PARAMETRIC_REPRESENTATION_CONTEXT() REPRESENTATION_CONTEXT('2D SPACE',''
  ) );
#1438 = ORIENTED_EDGE('',*,*,#1439,.T.);
#1439 = EDGE_CURVE('',#1411,#1440,#1442,.T.);
#1440 = VERTEX_POINT('',#1441);
#1441 = CARTESIAN_POINT('',(5.990908361403,-1.467349349756E-15,
    11.181817725877));
#1442 = SURFACE_CURVE('',#1443,(#1449,#1458),.PCURVE_S1.);
#1443 = B_SPLINE_CURVE_WITH_KNOTS('',4,(#1444,#1445,#1446,#1447,#1448),
  .UNSPECIFIED.,.F.,.F.,(5,5),(0.,1.),.PIECEWISE_BEZIER_KNOTS.);
#1444 = CARTESIAN_POINT('',(6.388900678238,0.376800185603,
    11.437501477356));
#1445 = CARTESIAN_POINT('',(6.292873379744,0.277220997281,
    11.373924320259));
#1446 = CARTESIAN_POINT('',(6.194435316611,0.181142303795,
    11.310116341113));
#1447 = CARTESIAN_POINT('',(6.093727707969,8.869517709794E-02,
    11.246079817481));
#1448 = CARTESIAN_POINT('',(5.990908361403,-4.610448586062E-15,
    11.181817725877));
#1449 = PCURVE('',#491,#1450);
#1450 = DEFINITIONAL_REPRESENTATION('',(#1451),#1457);
#1451 = B_SPLINE_CURVE_WITH_KNOTS('',4,(#1452,#1453,#1454,#1455,#1456),
  .UNSPECIFIED.,.F.,.F.,(5,5),(0.,1.),.PIECEWISE_BEZIER_KNOTS.);
#1452 = CARTESIAN_POINT('',(5.890907316309E-02,0.937501477356));
#1453 = CARTESIAN_POINT('',(4.426019629075E-02,0.873924320259));
#1454 = CARTESIAN_POINT('',(2.955861704E-02,0.810116341113));
#1455 = CARTESIAN_POINT('',(1.480496307861E-02,0.746079817481));
#1456 = CARTESIAN_POINT('',(0.,0.681817725877));
#1457 = ( GEOMETRIC_REPRESENTATION_CONTEXT(2) 
PARAMETRIC_REPRESENTATION_CONTEXT() REPRESENTATION_CONTEXT('2D SPACE',''
  ) );
#1458 = PCURVE('',#890,#1459);
#1459 = DEFINITIONAL_REPRESENTATION('',(#1460),#1466);
#1460 = B_SPLINE_CURVE_WITH_KNOTS('',4,(#1461,#1462,#1463,#1464,#1465),
  .UNSPECIFIED.,.F.,.F.,(5,5),(0.,1.),.PIECEWISE_BEZIER_KNOTS.);
#1461 = CARTESIAN_POINT('',(1.87,29.863365883114));
#1462 = CARTESIAN_POINT('',(1.754714818484,29.846001239209));
#1463 = CARTESIAN_POINT('',(1.639010614477,29.828573963572));
#1464 = CARTESIAN_POINT('',(1.522891487175,29.811084705268));
#1465 = CARTESIAN_POINT('',(1.406362896757,29.793534223158));
#1466 = ( GEOMETRIC_REPRESENTATION_CONTEXT(2) 
PARAMETRIC_REPRESENTATION_CONTEXT() REPRESENTATION_CONTEXT('2D SPACE',''
  ) );
#1467 = ORIENTED_EDGE('',*,*,#1468,.F.);
#1468 = EDGE_CURVE('',#1469,#1440,#1471,.T.);
#1469 = VERTEX_POINT('',#1470);
#1470 = CARTESIAN_POINT('',(4.9,-1.200153863164E-15,10.5));
#1471 = SURFACE_CURVE('',#1472,(#1476,#1483),.PCURVE_S1.);
#1472 = LINE('',#1473,#1474);
#1473 = CARTESIAN_POINT('',(4.9,-1.200153863164E-15,10.5));
#1474 = VECTOR('',#1475,1.);
#1475 = DIRECTION('',(0.847998304005,-2.076996817364E-16,0.529998940003)
  );
#1476 = PCURVE('',#491,#1477);
#1477 = DEFINITIONAL_REPRESENTATION('',(#1478),#1482);
#1478 = LINE('',#1479,#1480);
#1479 = CARTESIAN_POINT('',(0.,-0.));
#1480 = VECTOR('',#1481,1.);
#1481 = DIRECTION('',(0.,1.));
#1482 = ( GEOMETRIC_REPRESENTATION_CONTEXT(2) 
PARAMETRIC_REPRESENTATION_CONTEXT() REPRESENTATION_CONTEXT('2D SPACE',''
  ) );
#1483 = PCURVE('',#1484,#1489);
#1484 = CONICAL_SURFACE('',#1485,4.9,1.012197011451);
#1485 = AXIS2_PLACEMENT_3D('',#1486,#1487,#1488);
#1486 = CARTESIAN_POINT('',(0.,0.,10.5));
#1487 = DIRECTION('',(0.,0.,1.));
#1488 = DIRECTION('',(1.,0.,-0.));
#1489 = DEFINITIONAL_REPRESENTATION('',(#1490),#1494);
#1490 = LINE('',#1491,#1492);
#1491 = CARTESIAN_POINT('',(6.28318530718,-0.));
#1492 = VECTOR('',#1493,1.);
#1493 = DIRECTION('',(0.,1.));
#1494 = ( GEOMETRIC_REPRESENTATION_CONTEXT(2) 
PARAMETRIC_REPRESENTATION_CONTEXT() REPRESENTATION_CONTEXT('2D SPACE',''
  ) );
#1495 = ORIENTED_EDGE('',*,*,#1496,.T.);
#1496 = EDGE_CURVE('',#1469,#1497,#1499,.T.);
#1497 = VERTEX_POINT('',#1498);
#1498 = CARTESIAN_POINT('',(-0.766349956133,4.839701206829,
    10.499999999999));
#1499 = SURFACE_CURVE('',#1500,(#1505,#1512),.PCURVE_S1.);
#1500 = CIRCLE('',#1501,4.9);
#1501 = AXIS2_PLACEMENT_3D('',#1502,#1503,#1504);
#1502 = CARTESIAN_POINT('',(0.,0.,10.5));
#1503 = DIRECTION('',(0.,0.,1.));
#1504 = DIRECTION('',(1.,0.,-0.));
#1505 = PCURVE('',#491,#1506);
#1506 = DEFINITIONAL_REPRESENTATION('',(#1507),#1511);
#1507 = LINE('',#1508,#1509);
#1508 = CARTESIAN_POINT('',(0.,0.));
#1509 = VECTOR('',#1510,1.);
#1510 = DIRECTION('',(1.,0.));
#1511 = ( GEOMETRIC_REPRESENTATION_CONTEXT(2) 
PARAMETRIC_REPRESENTATION_CONTEXT() REPRESENTATION_CONTEXT('2D SPACE',''
  ) );
#1512 = PCURVE('',#1513,#1518);
#1513 = CYLINDRICAL_SURFACE('',#1514,4.9);
#1514 = AXIS2_PLACEMENT_3D('',#1515,#1516,#1517);
#1515 = CARTESIAN_POINT('',(0.,0.,-4.));
#1516 = DIRECTION('',(-0.,-0.,-1.));
#1517 = DIRECTION('',(1.,0.,0.));
#1518 = DEFINITIONAL_REPRESENTATION('',(#1519),#1523);
#1519 = LINE('',#1520,#1521);
#1520 = CARTESIAN_POINT('',(-0.,-14.5));
#1521 = VECTOR('',#1522,1.);
#1522 = DIRECTION('',(-1.,0.));
#1523 = ( GEOMETRIC_REPRESENTATION_CONTEXT(2) 
PARAMETRIC_REPRESENTATION_CONTEXT() REPRESENTATION_CONTEXT('2D SPACE',''
  ) );
#1524 = ORIENTED_EDGE('',*,*,#1525,.T.);
#1525 = EDGE_CURVE('',#1497,#1526,#1528,.T.);
#1526 = VERTEX_POINT('',#1527);
#1527 = CARTESIAN_POINT('',(-1.615604779547,-6.192780550055,
    11.437534655359));
#1528 = SURFACE_CURVE('',#1529,(#1568,#1610),.PCURVE_S1.);
#1529 = B_SPLINE_CURVE_WITH_KNOTS('',7,(#1530,#1531,#1532,#1533,#1534,
    #1535,#1536,#1537,#1538,#1539,#1540,#1541,#1542,#1543,#1544,#1545,
    #1546,#1547,#1548,#1549,#1550,#1551,#1552,#1553,#1554,#1555,#1556,
    #1557,#1558,#1559,#1560,#1561,#1562,#1563,#1564,#1565,#1566,#1567),
  .UNSPECIFIED.,.F.,.F.,(8,6,6,6,6,6,8),(0.,0.195839854024,
    0.422447821426,0.548869091797,0.686424253238,0.835818344796,1.),
  .UNSPECIFIED.);
#1530 = CARTESIAN_POINT('',(-0.766349980191,4.839701200266,10.5));
#1531 = CARTESIAN_POINT('',(-1.193069088641,4.820339858272,
    10.529759320219));
#1532 = CARTESIAN_POINT('',(-1.618446520308,4.757281574887,
    10.559228346348));
#1533 = CARTESIAN_POINT('',(-2.036969772808,4.651147274802,
    10.588407639386));
#1534 = CARTESIAN_POINT('',(-2.443581086374,4.50342286136,
    10.617310218011));
#1535 = CARTESIAN_POINT('',(-2.833628919161,4.316219972786,
    10.645950862191));
#1536 = CARTESIAN_POINT('',(-3.20286841681,4.092203726477,
    10.674338147265));
#1537 = CARTESIAN_POINT('',(-3.946299609087,3.536713170404,
    10.735019899631));
#1538 = CARTESIAN_POINT('',(-4.312361708587,3.193730675707,
    10.767244220193));
#1539 = CARTESIAN_POINT('',(-4.639804265807,2.810765260166,
    10.799139050904));
#1540 = CARTESIAN_POINT('',(-4.924081090626,2.393556750764,
    10.830723389345));
#1541 = CARTESIAN_POINT('',(-5.161663679935,1.948222312342,10.8620117631
    ));
#1542 = CARTESIAN_POINT('',(-5.349999963468,1.481234075871,
    10.893015350702));
#1543 = CARTESIAN_POINT('',(-5.564502011143,0.730680465842,
    10.940857028309));
#1544 = CARTESIAN_POINT('',(-5.625570201265,0.457239716826,
    10.957901687967));
#1545 = CARTESIAN_POINT('',(-5.670647741491,0.180284354257,
    10.974859493617));
#1546 = CARTESIAN_POINT('',(-5.699601165085,-9.904496211682E-02,
    10.991732076306));
#1547 = CARTESIAN_POINT('',(-5.712395200214,-0.379619523442,
    11.008521249542));
#1548 = CARTESIAN_POINT('',(-5.709087734002,-0.660324340072,
    11.025228461998));
#1549 = CARTESIAN_POINT('',(-5.668882138966,-1.244429334926,
    11.059944490764));
#1550 = CARTESIAN_POINT('',(-5.629050104471,-1.547668471436,
    11.077939379619));
#1551 = CARTESIAN_POINT('',(-5.570531303938,-1.848359565688,
    11.095839920583));
#1552 = CARTESIAN_POINT('',(-5.493651089889,-2.145146140313,
    11.113648135726));
#1553 = CARTESIAN_POINT('',(-5.398847167554,-2.436729226422,
    11.131366267054));
#1554 = CARTESIAN_POINT('',(-5.286662554125,-2.721867247998,
    11.14899603059));
#1555 = CARTESIAN_POINT('',(-5.017742177328,-3.30077407347,
    11.18558981236));
#1556 = CARTESIAN_POINT('',(-4.857993071624,-3.593194882342,
    11.204539411449));
#1557 = CARTESIAN_POINT('',(-4.679332912133,-3.875126651462,
    11.223387703498));
#1558 = CARTESIAN_POINT('',(-4.482719950152,-4.145186847264,
    11.242136944073));
#1559 = CARTESIAN_POINT('',(-4.269218339971,-4.402111965041,
    11.260789586615));
#1560 = CARTESIAN_POINT('',(-4.039989736486,-4.644754109413,
    11.27934734047));
#1561 = CARTESIAN_POINT('',(-3.528485878748,-5.121921659201,
    11.318101142581));
#1562 = CARTESIAN_POINT('',(-3.243181688547,-5.35328866978,
    11.338279334118));
#1563 = CARTESIAN_POINT('',(-2.942057018899,-5.564821189398,
    11.358345496597));
#1564 = CARTESIAN_POINT('',(-2.626874464762,-5.755380513081,
    11.37830195908));
#1565 = CARTESIAN_POINT('',(-2.299465845935,-5.924026530163,
    11.39815140314));
#1566 = CARTESIAN_POINT('',(-1.96172344392,-6.070009160204,
    11.417895635399));
#1567 = CARTESIAN_POINT('',(-1.615604779547,-6.192780550055,
    11.437534655359));
#1568 = PCURVE('',#491,#1569);
#1569 = DEFINITIONAL_REPRESENTATION('',(#1570),#1609);
#1570 = B_SPLINE_CURVE_WITH_KNOTS('',7,(#1571,#1572,#1573,#1574,#1575,
    #1576,#1577,#1578,#1579,#1580,#1581,#1582,#1583,#1584,#1585,#1586,
    #1587,#1588,#1589,#1590,#1591,#1592,#1593,#1594,#1595,#1596,#1597,
    #1598,#1599,#1600,#1601,#1602,#1603,#1604,#1605,#1606,#1607,#1608),
  .UNSPECIFIED.,.F.,.F.,(8,6,6,6,6,6,8),(0.,0.195839854024,
    0.422447821426,0.548869091797,0.686424253238,0.835818344796,1.),
  .UNSPECIFIED.);
#1571 = CARTESIAN_POINT('',(1.727838994583,0.));
#1572 = CARTESIAN_POINT('',(1.814470837373,2.975932019186E-02));
#1573 = CARTESIAN_POINT('',(1.90026227724,5.922834638715E-02));
#1574 = CARTESIAN_POINT('',(1.985215375712,8.840763938E-02));
#1575 = CARTESIAN_POINT('',(2.069366607036,0.117310217985));
#1576 = CARTESIAN_POINT('',(2.152756754946,0.145950862207));
#1577 = CARTESIAN_POINT('',(2.235408667257,0.174338147265));
#1578 = CARTESIAN_POINT('',(2.412084918609,0.235019899631));
#1579 = CARTESIAN_POINT('',(2.505904428192,0.267244220193));
#1580 = CARTESIAN_POINT('',(2.598760458769,0.299139050904));
#1581 = CARTESIAN_POINT('',(2.690707841612,0.330723389345));
#1582 = CARTESIAN_POINT('',(2.781790640594,0.3620117631));
#1583 = CARTESIAN_POINT('',(2.872043403781,0.393015350702));
#1584 = CARTESIAN_POINT('',(3.011313207501,0.440857028309));
#1585 = CARTESIAN_POINT('',(3.060931296477,0.457901687956));
#1586 = CARTESIAN_POINT('',(3.110296925726,0.474859493589));
#1587 = CARTESIAN_POINT('',(3.159415034785,0.491732076346));
#1588 = CARTESIAN_POINT('',(3.208290991409,0.508521249657));
#1589 = CARTESIAN_POINT('',(3.256928989592,0.525228462033));
#1590 = CARTESIAN_POINT('',(3.357995340174,0.559944490799));
#1591 = CARTESIAN_POINT('',(3.410383245737,0.577939379615));
#1592 = CARTESIAN_POINT('',(3.462496990703,0.595839920571));
#1593 = CARTESIAN_POINT('',(3.514342203695,0.613648135712));
#1594 = CARTESIAN_POINT('',(3.565925088041,0.631366267019));
#1595 = CARTESIAN_POINT('',(3.617250318274,0.648996030535));
#1596 = CARTESIAN_POINT('',(3.723783854378,0.685589812304));
#1597 = CARTESIAN_POINT('',(3.77895006792,0.704539411364));
#1598 = CARTESIAN_POINT('',(3.833820291988,0.723387703446));
#1599 = CARTESIAN_POINT('',(3.888400880686,0.742136944024));
#1600 = CARTESIAN_POINT('',(3.942698964347,0.760789586544));
#1601 = CARTESIAN_POINT('',(3.996719725986,0.779347340446));
#1602 = CARTESIAN_POINT('',(4.109528685699,0.818101142557));
#1603 = CARTESIAN_POINT('',(4.168264750203,0.838279334186));
#1604 = CARTESIAN_POINT('',(4.226674277356,0.858345496551));
#1605 = CARTESIAN_POINT('',(4.284764763645,0.878301959073));
#1606 = CARTESIAN_POINT('',(4.342544818267,0.898151403279));
#1607 = CARTESIAN_POINT('',(4.400020410209,0.917895635399));
#1608 = CARTESIAN_POINT('',(4.457191953173,0.937534655359));
#1609 = ( GEOMETRIC_REPRESENTATION_CONTEXT(2) 
PARAMETRIC_REPRESENTATION_CONTEXT() REPRESENTATION_CONTEXT('2D SPACE',''
  ) );
#1610 = PCURVE('',#589,#1611);
#1611 = DEFINITIONAL_REPRESENTATION('',(#1612),#1651);
#1612 = B_SPLINE_CURVE_WITH_KNOTS('',7,(#1613,#1614,#1615,#1616,#1617,
    #1618,#1619,#1620,#1621,#1622,#1623,#1624,#1625,#1626,#1627,#1628,
    #1629,#1630,#1631,#1632,#1633,#1634,#1635,#1636,#1637,#1638,#1639,
    #1640,#1641,#1642,#1643,#1644,#1645,#1646,#1647,#1648,#1649,#1650),
  .UNSPECIFIED.,.F.,.F.,(8,6,6,6,6,6,8),(0.,0.195839854024,
    0.422447821426,0.548869091797,0.686424253238,0.835818344796,1.),
  .UNSPECIFIED.);
#1613 = CARTESIAN_POINT('',(1.700047063385,24.393414906896));
#1614 = CARTESIAN_POINT('',(1.646087818954,24.496113053142));
#1615 = CARTESIAN_POINT('',(1.592648789893,24.597814788691));
#1616 = CARTESIAN_POINT('',(1.539728839945,24.69852215543));
#1617 = CARTESIAN_POINT('',(1.487306608239,24.79827811181));
#1618 = CARTESIAN_POINT('',(1.43535824583,24.897131077649));
#1619 = CARTESIAN_POINT('',(1.383870638324,24.995108514435));
#1620 = CARTESIAN_POINT('',(1.273813830867,25.204544397165));
#1621 = CARTESIAN_POINT('',(1.21537267709,25.315760018974));
#1622 = CARTESIAN_POINT('',(1.157534178123,25.425834004495));
#1623 = CARTESIAN_POINT('',(1.100263803704,25.53483198753));
#1624 = CARTESIAN_POINT('',(1.043532565475,25.642806421959));
#1625 = CARTESIAN_POINT('',(0.987317774384,25.749798005278));
#1626 = CARTESIAN_POINT('',(0.900570536232,25.91489871829));
#1627 = CARTESIAN_POINT('',(0.869664479949,25.973719886644));
#1628 = CARTESIAN_POINT('',(0.838915231527,26.032241916961));
#1629 = CARTESIAN_POINT('',(0.808319680511,26.090470572005));
#1630 = CARTESIAN_POINT('',(0.777874528106,26.148412119335));
#1631 = CARTESIAN_POINT('',(0.747577276198,26.206071445513));
#1632 = CARTESIAN_POINT('',(0.684621341421,26.325883085173));
#1633 = CARTESIAN_POINT('',(0.651987821407,26.38798741467));
#1634 = CARTESIAN_POINT('',(0.61952506367,26.449766423576));
#1635 = CARTESIAN_POINT('',(0.587229812767,26.511226729796));
#1636 = CARTESIAN_POINT('',(0.555098456534,26.57237567337));
#1637 = CARTESIAN_POINT('',(0.523128287373,26.633218822271));
#1638 = CARTESIAN_POINT('',(0.456770896906,26.759507645522));
#1639 = CARTESIAN_POINT('',(0.422410040642,26.824903366815));
#1640 = CARTESIAN_POINT('',(0.388234660619,26.889947915072));
#1641 = CARTESIAN_POINT('',(0.354240830705,26.954648930762));
#1642 = CARTESIAN_POINT('',(0.320423977501,27.019014990033));
#1643 = CARTESIAN_POINT('',(0.286780590213,27.083052352353));
#1644 = CARTESIAN_POINT('',(0.216525548405,27.216778772568));
#1645 = CARTESIAN_POINT('',(0.17994644273,27.286406057574));
#1646 = CARTESIAN_POINT('',(0.143570701141,27.355646529586));
#1647 = CARTESIAN_POINT('',(0.107393050371,27.424509146561));
#1648 = CARTESIAN_POINT('',(7.140754011289E-02,27.493004116166));
#1649 = CARTESIAN_POINT('',(3.561000750121E-02,27.561138450528));
#1650 = CARTESIAN_POINT('',(0.,27.628912545426));
#1651 = ( GEOMETRIC_REPRESENTATION_CONTEXT(2) 
PARAMETRIC_REPRESENTATION_CONTEXT() REPRESENTATION_CONTEXT('2D SPACE',''
  ) );
#1652 = ORIENTED_EDGE('',*,*,#1653,.T.);
#1653 = EDGE_CURVE('',#1526,#1409,#1654,.T.);
#1654 = SURFACE_CURVE('',#1655,(#1693,#1734),.PCURVE_S1.);
#1655 = B_SPLINE_CURVE_WITH_KNOTS('',6,(#1656,#1657,#1658,#1659,#1660,
    #1661,#1662,#1663,#1664,#1665,#1666,#1667,#1668,#1669,#1670,#1671,
    #1672,#1673,#1674,#1675,#1676,#1677,#1678,#1679,#1680,#1681,#1682,
    #1683,#1684,#1685,#1686,#1687,#1688,#1689,#1690,#1691,#1692),
  .UNSPECIFIED.,.F.,.F.,(7,5,5,5,5,5,5,7),(0.,0.290026360765,
    0.371565802377,0.403564860714,0.436598057884,0.69677392695,
    0.955869306248,1.),.UNSPECIFIED.);
#1656 = CARTESIAN_POINT('',(-1.615604779548,-6.192780550054,
    11.437534655359));
#1657 = CARTESIAN_POINT('',(-1.069024338302,-6.335377786358,
    11.437536161028));
#1658 = CARTESIAN_POINT('',(-0.507240786192,-6.420103503229,
    11.437533243475));
#1659 = CARTESIAN_POINT('',(6.186760512695E-02,-6.444861292934,
    11.437524892489));
#1660 = CARTESIAN_POINT('',(0.630392837857,-6.409148292155,
    11.437511622045));
#1661 = CARTESIAN_POINT('',(1.190439707736,-6.313626357904,
    11.43749717826));
#1662 = CARTESIAN_POINT('',(1.88704409226,-6.117508058851,
    11.437481406411));
#1663 = CARTESIAN_POINT('',(2.038631379761,-6.069918444428,
    11.437478112677));
#1664 = CARTESIAN_POINT('',(2.188767611976,-6.017824953301,
    11.437475063403));
#1665 = CARTESIAN_POINT('',(2.337286009142,-5.961283711938,
    11.437472327677));
#1666 = CARTESIAN_POINT('',(2.484022785413,-5.900359040677,
    11.43746996658));
#1667 = CARTESIAN_POINT('',(2.685639751406,-5.809522624103,
    11.437467274459));
#1668 = CARTESIAN_POINT('',(2.742163238526,-5.783257873552,
    11.437466581412));
#1669 = CARTESIAN_POINT('',(2.798377912105,-5.756333576379,
    11.43746595708));
#1670 = CARTESIAN_POINT('',(2.854274164494,-5.728754292565,
    11.437465404127));
#1671 = CARTESIAN_POINT('',(2.909842478509,-5.700524767773,
    11.437464924844));
#1672 = CARTESIAN_POINT('',(3.022089318533,-5.6418419281,11.437464104421
    ));
#1673 = CARTESIAN_POINT('',(3.07874568986,-5.611346227421,
    11.437463768229));
#1674 = CARTESIAN_POINT('',(3.135032170701,-5.580168256601,
    11.437463514691));
#1675 = CARTESIAN_POINT('',(3.190938505227,-5.548313645273,
    11.437463345411));
#1676 = CARTESIAN_POINT('',(3.246454552499,-5.515788227414,
    11.437463261479));
#1677 = CARTESIAN_POINT('',(3.735672499119,-5.221185697271,
    11.437463279196));
#1678 = CARTESIAN_POINT('',(4.144992028276,-4.918504302799,
    11.437468625106));
#1679 = CARTESIAN_POINT('',(4.524509599976,-4.577553303334,
    11.437479571278));
#1680 = CARTESIAN_POINT('',(4.869891182089,-4.202062601206,
    11.437494314822));
#1681 = CARTESIAN_POINT('',(5.17734742743,-3.796315838923,11.43750774451
    ));
#1682 = CARTESIAN_POINT('',(5.709175696498,-2.936069102826,
    11.437526149536));
#1683 = CARTESIAN_POINT('',(5.933948967746,-2.481678971076,
    11.43753109301));
#1684 = CARTESIAN_POINT('',(6.115074339822,-2.00703165586,
    11.437529347245));
#1685 = CARTESIAN_POINT('',(6.250426765991,-1.517363054226,
    11.437518577199));
#1686 = CARTESIAN_POINT('',(6.338626813074,-1.018149551111,
    11.437508045047));
#1687 = CARTESIAN_POINT('',(6.386154727808,-0.429480918506,
    11.437501871074));
#1688 = CARTESIAN_POINT('',(6.391691340315,-0.343696234779,
    11.437501121922));
#1689 = CARTESIAN_POINT('',(6.395845275179,-0.257827921644,
    11.437500547043));
#1690 = CARTESIAN_POINT('',(6.398615058954,-0.1719038423,11.437500161407
    ));
#1691 = CARTESIAN_POINT('',(6.399999952115,-8.595189239039E-02,
    11.437499970067));
#1692 = CARTESIAN_POINT('',(6.399999949055,-2.6645352591E-15,
    11.43749996816));
#1693 = PCURVE('',#491,#1694);
#1694 = DEFINITIONAL_REPRESENTATION('',(#1695),#1733);
#1695 = B_SPLINE_CURVE_WITH_KNOTS('',6,(#1696,#1697,#1698,#1699,#1700,
    #1701,#1702,#1703,#1704,#1705,#1706,#1707,#1708,#1709,#1710,#1711,
    #1712,#1713,#1714,#1715,#1716,#1717,#1718,#1719,#1720,#1721,#1722,
    #1723,#1724,#1725,#1726,#1727,#1728,#1729,#1730,#1731,#1732),
  .UNSPECIFIED.,.F.,.F.,(7,5,5,5,5,5,5,7),(0.,0.290026360765,
    0.371565802377,0.403564860714,0.436598057884,0.69677392695,
    0.955869306248,1.),.UNSPECIFIED.);
#1696 = CARTESIAN_POINT('',(4.457191953172,0.937534655359));
#1697 = CARTESIAN_POINT('',(4.54545296048,0.937536161028));
#1698 = CARTESIAN_POINT('',(4.63372954702,0.937533243587));
#1699 = CARTESIAN_POINT('',(4.721987748794,0.937524892403));
#1700 = CARTESIAN_POINT('',(4.810246263982,0.93751162207));
#1701 = CARTESIAN_POINT('',(4.898523516252,0.93749717826));
#1702 = CARTESIAN_POINT('',(5.011599733476,0.937481406411));
#1703 = CARTESIAN_POINT('',(5.0364141416,0.937478112677));
#1704 = CARTESIAN_POINT('',(5.061228581746,0.937475063403));
#1705 = CARTESIAN_POINT('',(5.086043047558,0.937472327677));
#1706 = CARTESIAN_POINT('',(5.110857531582,0.93746996658));
#1707 = CARTESIAN_POINT('',(5.145410139916,0.937467274459));
#1708 = CARTESIAN_POINT('',(5.155148257624,0.937466581412));
#1709 = CARTESIAN_POINT('',(5.164886378128,0.93746595708));
#1710 = CARTESIAN_POINT('',(5.174624501148,0.937465404127));
#1711 = CARTESIAN_POINT('',(5.184362626388,0.937464924844));
#1712 = CARTESIAN_POINT('',(5.204153595418,0.937464104421));
#1713 = CARTESIAN_POINT('',(5.214206439531,0.937463768229));
#1714 = CARTESIAN_POINT('',(5.22425928552,0.937463514691));
#1715 = CARTESIAN_POINT('',(5.234312133021,0.937463345411));
#1716 = CARTESIAN_POINT('',(5.244364981657,0.937463261479));
#1717 = CARTESIAN_POINT('',(5.333596022909,0.937463279196));
#1718 = CARTESIAN_POINT('',(5.412783343912,0.937468625106));
#1719 = CARTESIAN_POINT('',(5.491960059887,0.937479571278));
#1720 = CARTESIAN_POINT('',(5.571136310562,0.937494314822));
#1721 = CARTESIAN_POINT('',(5.650322765673,0.93750774451));
#1722 = CARTESIAN_POINT('',(5.808348385758,0.937526149536));
#1723 = CARTESIAN_POINT('',(5.887205691612,0.93753109301));
#1724 = CARTESIAN_POINT('',(5.966052086279,0.937529347245));
#1725 = CARTESIAN_POINT('',(6.044898741535,0.937518577199));
#1726 = CARTESIAN_POINT('',(6.123756632794,0.937508045047));
#1727 = CARTESIAN_POINT('',(6.216035345428,0.937501871074));
#1728 = CARTESIAN_POINT('',(6.229465340369,0.93750112192));
#1729 = CARTESIAN_POINT('',(6.242895336886,0.937500547042));
#1730 = CARTESIAN_POINT('',(6.25632533247,0.937500161409));
#1731 = CARTESIAN_POINT('',(6.269755323887,0.93749997007));
#1732 = CARTESIAN_POINT('',(6.28318530718,0.93749996816));
#1733 = ( GEOMETRIC_REPRESENTATION_CONTEXT(2) 
PARAMETRIC_REPRESENTATION_CONTEXT() REPRESENTATION_CONTEXT('2D SPACE',''
  ) );
#1734 = PCURVE('',#1165,#1735);
#1735 = DEFINITIONAL_REPRESENTATION('',(#1736),#1774);
#1736 = B_SPLINE_CURVE_WITH_KNOTS('',6,(#1737,#1738,#1739,#1740,#1741,
    #1742,#1743,#1744,#1745,#1746,#1747,#1748,#1749,#1750,#1751,#1752,
    #1753,#1754,#1755,#1756,#1757,#1758,#1759,#1760,#1761,#1762,#1763,
    #1764,#1765,#1766,#1767,#1768,#1769,#1770,#1771,#1772,#1773),
  .UNSPECIFIED.,.F.,.F.,(7,5,5,5,5,5,5,7),(0.,0.290026360765,
    0.371565802377,0.403564860714,0.436598057884,0.69677392695,
    0.955869306248,1.),.UNSPECIFIED.);
#1737 = CARTESIAN_POINT('',(1.2,27.628912545426));
#1738 = CARTESIAN_POINT('',(1.143812588814,27.733541694767));
#1739 = CARTESIAN_POINT('',(1.087610581126,27.838189789166));
#1740 = CARTESIAN_POINT('',(1.031414775966,27.942816218201));
#1741 = CARTESIAN_POINT('',(0.975214162496,28.047442442398));
#1742 = CARTESIAN_POINT('',(0.919000919649,28.152090000521));
#1743 = CARTESIAN_POINT('',(0.846999249394,28.286134653703));
#1744 = CARTESIAN_POINT('',(0.831198778443,28.31555051419));
#1745 = CARTESIAN_POINT('',(0.815398548497,28.344966381135));
#1746 = CARTESIAN_POINT('',(0.799598626586,28.374382258336));
#1747 = CARTESIAN_POINT('',(0.783799070809,28.403798151321));
#1748 = CARTESIAN_POINT('',(0.761799769909,28.444757948382));
#1749 = CARTESIAN_POINT('',(0.755599672285,28.45630183479));
#1750 = CARTESIAN_POINT('',(0.749399640097,28.467845727294));
#1751 = CARTESIAN_POINT('',(0.743199675614,28.479389626622));
#1752 = CARTESIAN_POINT('',(0.736999780731,28.490933533512));
#1753 = CARTESIAN_POINT('',(0.724399768604,28.514394437741));
#1754 = CARTESIAN_POINT('',(0.717999655893,28.526311435851));
#1755 = CARTESIAN_POINT('',(0.711599620502,28.538228443872));
#1756 = CARTESIAN_POINT('',(0.705199663599,28.550145462609));
#1757 = CARTESIAN_POINT('',(0.69879978585,28.562062492852));
#1758 = CARTESIAN_POINT('',(0.641993933482,28.667840474053));
#1759 = CARTESIAN_POINT('',(0.591587014178,28.761712947535));
#1760 = CARTESIAN_POINT('',(0.541191763644,28.855574117722));
#1761 = CARTESIAN_POINT('',(0.49079957929,28.94943664508));
#1762 = CARTESIAN_POINT('',(0.44039890818,29.043312523911));
#1763 = CARTESIAN_POINT('',(0.339810539557,29.230651955108));
#1764 = CARTESIAN_POINT('',(0.289611253154,29.324137027783));
#1765 = CARTESIAN_POINT('',(0.239413201397,29.417607344123));
#1766 = CARTESIAN_POINT('',(0.189208029857,29.511074117416));
#1767 = CARTESIAN_POINT('',(0.138999082829,29.604548376839));
#1768 = CARTESIAN_POINT('',(8.024971626003E-02,29.713933869606));
#1769 = CARTESIAN_POINT('',(7.16996035341E-02,29.729853610191));
#1770 = CARTESIAN_POINT('',(6.314960503699E-02,29.745773463878));
#1771 = CARTESIAN_POINT('',(5.459971046237E-02,29.761693477974));
#1772 = CARTESIAN_POINT('',(4.604989445185E-02,29.777613708981));
#1773 = CARTESIAN_POINT('',(3.750011659495E-02,29.793534222598));
#1774 = ( GEOMETRIC_REPRESENTATION_CONTEXT(2) 
PARAMETRIC_REPRESENTATION_CONTEXT() REPRESENTATION_CONTEXT('2D SPACE',''
  ) );
#1775 = ORIENTED_EDGE('',*,*,#1776,.T.);
#1776 = EDGE_CURVE('',#1409,#475,#1777,.T.);
#1777 = SEAM_CURVE('',#1778,(#1782,#1789),.PCURVE_S1.);
#1778 = LINE('',#1779,#1780);
#1779 = CARTESIAN_POINT('',(4.9,-1.200153863164E-15,10.5));
#1780 = VECTOR('',#1781,1.);
#1781 = DIRECTION('',(0.847998304005,-2.076996817364E-16,0.529998940003)
  );
#1782 = PCURVE('',#491,#1783);
#1783 = DEFINITIONAL_REPRESENTATION('',(#1784),#1788);
#1784 = LINE('',#1785,#1786);
#1785 = CARTESIAN_POINT('',(6.28318530718,-0.));
#1786 = VECTOR('',#1787,1.);
#1787 = DIRECTION('',(0.,1.));
#1788 = ( GEOMETRIC_REPRESENTATION_CONTEXT(2) 
PARAMETRIC_REPRESENTATION_CONTEXT() REPRESENTATION_CONTEXT('2D SPACE',''
  ) );
#1789 = PCURVE('',#491,#1790);
#1790 = DEFINITIONAL_REPRESENTATION('',(#1791),#1795);
#1791 = LINE('',#1792,#1793);
#1792 = CARTESIAN_POINT('',(0.,-0.));
#1793 = VECTOR('',#1794,1.);
#1794 = DIRECTION('',(0.,1.));
#1795 = ( GEOMETRIC_REPRESENTATION_CONTEXT(2) 
PARAMETRIC_REPRESENTATION_CONTEXT() REPRESENTATION_CONTEXT('2D SPACE',''
  ) );
#1796 = ORIENTED_EDGE('',*,*,#474,.F.);
#1797 = ORIENTED_EDGE('',*,*,#1776,.F.);
#1798 = ADVANCED_FACE('',(#1799),#589,.T.);
#1799 = FACE_BOUND('',#1800,.T.);
#1800 = EDGE_LOOP('',(#1801,#1893,#1894,#1926,#2140,#2333,#2519));
#1801 = ORIENTED_EDGE('',*,*,#1802,.F.);
#1802 = EDGE_CURVE('',#570,#1526,#1803,.T.);
#1803 = SURFACE_CURVE('',#1804,(#1879,#1886),.PCURVE_S1.);
#1804 = B_SPLINE_CURVE_WITH_KNOTS('',10,(#1805,#1806,#1807,#1808,#1809,
    #1810,#1811,#1812,#1813,#1814,#1815,#1816,#1817,#1818,#1819,#1820,
    #1821,#1822,#1823,#1824,#1825,#1826,#1827,#1828,#1829,#1830,#1831,
    #1832,#1833,#1834,#1835,#1836,#1837,#1838,#1839,#1840,#1841,#1842,
    #1843,#1844,#1845,#1846,#1847,#1848,#1849,#1850,#1851,#1852,#1853,
    #1854,#1855,#1856,#1857,#1858,#1859,#1860,#1861,#1862,#1863,#1864,
    #1865,#1866,#1867,#1868,#1869,#1870,#1871,#1872,#1873,#1874,#1875,
    #1876,#1877,#1878),.UNSPECIFIED.,.F.,.F.,(11,9,9,9,9,9,9,9,11),(0.,
    7.448383556474,14.896767112949,22.345150669423,29.793534225897,
    37.241917782372,44.690301338846,52.13868489532,59.587068451795),
  .UNSPECIFIED.);
#1805 = CARTESIAN_POINT('',(6.4,5.357699493973E-15,-3.4));
#1806 = CARTESIAN_POINT('',(6.400000281196,4.021243896496,
    -3.000000703991));
#1807 = CARTESIAN_POINT('',(3.593249883895,8.045691060249,-2.59999874229
    ));
#1808 = CARTESIAN_POINT('',(-2.026804917802,9.839343595829,
    -2.200002349049));
#1809 = CARTESIAN_POINT('',(-8.444451365274,7.326530540924,
    -1.799998189388));
#1810 = CARTESIAN_POINT('',(-11.84398020466,3.782353908632E-06,
    -1.400000594216));
#1811 = CARTESIAN_POINT('',(-8.444449320131,-7.326536547058,
    -1.000001264343));
#1812 = CARTESIAN_POINT('',(-2.026807051441,-9.839340890078,
    -0.599998630709));
#1813 = CARTESIAN_POINT('',(3.593251091716,-8.045691651766,
    -0.200001064065));
#1814 = CARTESIAN_POINT('',(6.399999968412,-4.021243820538,
    0.200000119364));
#1815 = CARTESIAN_POINT('',(6.400000158704,4.021243859221,0.999999582907
    ));
#1816 = CARTESIAN_POINT('',(3.593250071058,8.045691117202,1.400000819334
    ));
#1817 = CARTESIAN_POINT('',(-2.026805149759,9.83934352525,1.799998194246
    ));
#1818 = CARTESIAN_POINT('',(-8.444451130119,7.326530612469,
    2.200001259826));
#1819 = CARTESIAN_POINT('',(-11.84398039914,3.723189389314E-06,
    2.599999861312));
#1820 = CARTESIAN_POINT('',(-8.444449190937,-7.326536507763,
    2.999998433066));
#1821 = CARTESIAN_POINT('',(-2.026807117833,-9.839340910269,
    3.400001524786));
#1822 = CARTESIAN_POINT('',(3.593251115763,-8.045691644455,
    3.799998879616));
#1823 = CARTESIAN_POINT('',(6.399999964147,-4.021243821834,
    4.200000129351));
#1824 = CARTESIAN_POINT('',(6.400000160799,4.021243859856,4.999999578002
    ));
#1825 = CARTESIAN_POINT('',(3.593250067852,8.045691116237,5.400000826841
    ));
#1826 = CARTESIAN_POINT('',(-2.026805145779,9.839343526431,
    5.799998184937));
#1827 = CARTESIAN_POINT('',(-8.444451134156,7.326530611294,
    6.200001269252));
#1828 = CARTESIAN_POINT('',(-11.84398039581,3.724137658938E-06,
    6.599999853547));
#1829 = CARTESIAN_POINT('',(-8.444449193143,-7.326536508376,
    6.999998438186));
#1830 = CARTESIAN_POINT('',(-2.026807116708,-9.839340909961,
    7.400001522186));
#1831 = CARTESIAN_POINT('',(3.593251115362,-8.045691644564,
    7.799998880541));
#1832 = CARTESIAN_POINT('',(6.399999964215,-4.021243821815,
    8.200000129195));
#1833 = CARTESIAN_POINT('',(6.40000016077,4.021243859847,8.999999578068)
  );
#1834 = CARTESIAN_POINT('',(3.593250067879,8.045691116257,9.40000082678)
  );
#1835 = CARTESIAN_POINT('',(-2.026805145793,9.839343526391,
    9.799998184969));
#1836 = CARTESIAN_POINT('',(-8.444451134154,7.32653061136,
    10.200001269237));
#1837 = CARTESIAN_POINT('',(-11.84398039581,3.724055839955E-06,
    10.599999853581));
#1838 = CARTESIAN_POINT('',(-8.444449193126,-7.326536508302,
    10.999998438121));
#1839 = CARTESIAN_POINT('',(-2.02680711673,-9.839340910009,
    11.400001522253));
#1840 = CARTESIAN_POINT('',(3.593251115377,-8.045691644543,
    11.799998880499));
#1841 = CARTESIAN_POINT('',(6.399999964209,-4.021243821819,
    12.200000129211));
#1842 = CARTESIAN_POINT('',(6.400000160781,4.021243859851,
    12.999999578044));
#1843 = CARTESIAN_POINT('',(3.593250067836,8.045691116252,
    13.400000826866));
#1844 = CARTESIAN_POINT('',(-2.026805145707,9.839343526389,
    13.799998184818));
#1845 = CARTESIAN_POINT('',(-8.444451134259,7.326530611381,
    14.200001269398));
#1846 = CARTESIAN_POINT('',(-11.84398039573,3.724020099512E-06,
    14.599999853486));
#1847 = CARTESIAN_POINT('',(-8.444449193162,-7.326536508266,
    14.99999843813));
#1848 = CARTESIAN_POINT('',(-2.026807116727,-9.839340910031,
    15.400001522288));
#1849 = CARTESIAN_POINT('',(3.593251115383,-8.045691644536,
    15.799998880472));
#1850 = CARTESIAN_POINT('',(6.399999964207,-4.02124382182,
    16.200000129217));
#1851 = CARTESIAN_POINT('',(6.400000160779,4.021243859849,
    16.999999578044));
#1852 = CARTESIAN_POINT('',(3.59325006785,8.045691116262,17.400000826852
    ));
#1853 = CARTESIAN_POINT('',(-2.02680514575,9.839343526357,
    17.799998184874));
#1854 = CARTESIAN_POINT('',(-8.444451134172,7.326530611449,
    18.200001269251));
#1855 = CARTESIAN_POINT('',(-11.84398039586,3.723915822071E-06,
    18.59999985375));
#1856 = CARTESIAN_POINT('',(-8.444449193011,-7.326536508152,
    18.999998437789));
#1857 = CARTESIAN_POINT('',(-2.026807116861,-9.839340910119,
    19.400001522611));
#1858 = CARTESIAN_POINT('',(3.593251115475,-8.045691644487,
    19.799998880241));
#1859 = CARTESIAN_POINT('',(6.399999964156,-4.021243821839,
    20.200000129344));
#1860 = CARTESIAN_POINT('',(6.400000160873,4.021243859881,20.99999957781
    ));
#1861 = CARTESIAN_POINT('',(3.593250067367,8.04569111612,21.400000828043
    ));
#1862 = CARTESIAN_POINT('',(-2.026805144523,9.839343526706,
    21.799998181826));
#1863 = CARTESIAN_POINT('',(-8.444451136368,7.326530610812,
    22.200001274799));
#1864 = CARTESIAN_POINT('',(-11.84398039279,3.724855925502E-06,
    22.599999845813));
#1865 = CARTESIAN_POINT('',(-8.444449196557,-7.326536509303,
    22.99999844711));
#1866 = CARTESIAN_POINT('',(-2.02680711343,-9.839340908954,
    23.400001513484));
#1867 = CARTESIAN_POINT('',(3.593251112698,-8.045691645452,
    23.799998887665));
#1868 = CARTESIAN_POINT('',(6.399999966,-4.021243821197,24.200000124414)
  );
#1869 = CARTESIAN_POINT('',(6.400000157085,4.021243858568,24.99999958793
    ));
#1870 = CARTESIAN_POINT('',(3.593250088672,8.045691123454,
    25.400000771144));
#1871 = CARTESIAN_POINT('',(-2.026805203105,9.83934350657,
    25.799998338346));
#1872 = CARTESIAN_POINT('',(-8.444451022847,7.326530649876,
    26.20000097125));
#1873 = CARTESIAN_POINT('',(-11.84398056308,3.66609433007E-06,
    26.6000003016));
#1874 = CARTESIAN_POINT('',(-8.444448991116,-7.326536438184,
    26.999997896841));
#1875 = CARTESIAN_POINT('',(-2.02680731588,-9.83934097924,
    27.400002056021));
#1876 = CARTESIAN_POINT('',(3.593251276058,-8.045691588623,
    27.799998449778));
#1877 = CARTESIAN_POINT('',(6.399999859029,-4.021243858447,
    28.200000411167));
#1878 = CARTESIAN_POINT('',(6.400000117083,3.803018990776E-08,
    28.599999707292));
#1879 = PCURVE('',#589,#1880);
#1880 = DEFINITIONAL_REPRESENTATION('',(#1881),#1885);
#1881 = LINE('',#1882,#1883);
#1882 = CARTESIAN_POINT('',(0.,0.));
#1883 = VECTOR('',#1884,1.);
#1884 = DIRECTION('',(0.,1.));
#1885 = ( GEOMETRIC_REPRESENTATION_CONTEXT(2) 
PARAMETRIC_REPRESENTATION_CONTEXT() REPRESENTATION_CONTEXT('2D SPACE',''
  ) );
#1886 = PCURVE('',#1165,#1887);
#1887 = DEFINITIONAL_REPRESENTATION('',(#1888),#1892);
#1888 = LINE('',#1889,#1890);
#1889 = CARTESIAN_POINT('',(1.2,0.));
#1890 = VECTOR('',#1891,1.);
#1891 = DIRECTION('',(0.,1.));
#1892 = ( GEOMETRIC_REPRESENTATION_CONTEXT(2) 
PARAMETRIC_REPRESENTATION_CONTEXT() REPRESENTATION_CONTEXT('2D SPACE',''
  ) );
#1893 = ORIENTED_EDGE('',*,*,#567,.F.);
#1894 = ORIENTED_EDGE('',*,*,#1895,.F.);
#1895 = EDGE_CURVE('',#1896,#568,#1898,.T.);
#1896 = VERTEX_POINT('',#1897);
#1897 = CARTESIAN_POINT('',(4.839674911663,0.766516015156,1.5));
#1898 = SURFACE_CURVE('',#1899,(#1906,#1916),.PCURVE_S1.);
#1899 = B_SPLINE_CURVE_WITH_KNOTS('',5,(#1900,#1901,#1902,#1903,#1904,
    #1905),.UNSPECIFIED.,.F.,.F.,(6,6),(0.,1.),
  .PIECEWISE_BEZIER_KNOTS.);
#1900 = CARTESIAN_POINT('',(4.839674906991,0.766516010688,1.5));
#1901 = CARTESIAN_POINT('',(5.082315394685,0.647100781807,1.361891913921
    ));
#1902 = CARTESIAN_POINT('',(5.320106571982,0.510080684507,1.224623360496
    ));
#1903 = CARTESIAN_POINT('',(5.551631887207,0.356039433881,1.088231965063
    ));
#1904 = CARTESIAN_POINT('',(5.775610230917,0.185723652648,0.952743605677
    ));
#1905 = CARTESIAN_POINT('',(5.990909798884,-1.577763691836E-15,
    0.818181375697));
#1906 = PCURVE('',#589,#1907);
#1907 = DEFINITIONAL_REPRESENTATION('',(#1908),#1915);
#1908 = B_SPLINE_CURVE_WITH_KNOTS('',5,(#1909,#1910,#1911,#1912,#1913,
    #1914),.UNSPECIFIED.,.F.,.F.,(6,6),(0.,1.),
  .PIECEWISE_BEZIER_KNOTS.);
#1909 = CARTESIAN_POINT('',(1.700013287348,7.634581501772));
#1910 = CARTESIAN_POINT('',(1.449573381105,7.596866638328));
#1911 = CARTESIAN_POINT('',(1.200655720511,7.559381150392));
#1912 = CARTESIAN_POINT('',(0.953329211407,7.522134714194));
#1913 = CARTESIAN_POINT('',(0.707641854137,7.485133454288));
#1914 = CARTESIAN_POINT('',(0.463635656664,7.448383553694));
#1915 = ( GEOMETRIC_REPRESENTATION_CONTEXT(2) 
PARAMETRIC_REPRESENTATION_CONTEXT() REPRESENTATION_CONTEXT('2D SPACE',''
  ) );
#1916 = PCURVE('',#763,#1917);
#1917 = DEFINITIONAL_REPRESENTATION('',(#1918),#1925);
#1918 = B_SPLINE_CURVE_WITH_KNOTS('',5,(#1919,#1920,#1921,#1922,#1923,
    #1924),.UNSPECIFIED.,.F.,.F.,(6,6),(0.,1.),
  .PIECEWISE_BEZIER_KNOTS.);
#1919 = CARTESIAN_POINT('',(-0.157076973821,-1.5));
#1920 = CARTESIAN_POINT('',(-0.125260284717,-1.361891913921));
#1921 = CARTESIAN_POINT('',(-9.363689106337E-02,-1.224623360495));
#1922 = CARTESIAN_POINT('',(-6.22152179135E-02,-1.088231965063));
#1923 = CARTESIAN_POINT('',(-3.100090952502E-02,-0.952743605677));
#1924 = CARTESIAN_POINT('',(0.,-0.818181375697));
#1925 = ( GEOMETRIC_REPRESENTATION_CONTEXT(2) 
PARAMETRIC_REPRESENTATION_CONTEXT() REPRESENTATION_CONTEXT('2D SPACE',''
  ) );
#1926 = ORIENTED_EDGE('',*,*,#1927,.T.);
#1927 = EDGE_CURVE('',#1896,#1928,#1930,.T.);
#1928 = VERTEX_POINT('',#1929);
#1929 = CARTESIAN_POINT('',(4.9,0.,5.400000072837));
#1930 = SURFACE_CURVE('',#1931,(#1997,#2066),.PCURVE_S1.);
#1931 = B_SPLINE_CURVE_WITH_KNOTS('',8,(#1932,#1933,#1934,#1935,#1936,
    #1937,#1938,#1939,#1940,#1941,#1942,#1943,#1944,#1945,#1946,#1947,
    #1948,#1949,#1950,#1951,#1952,#1953,#1954,#1955,#1956,#1957,#1958,
    #1959,#1960,#1961,#1962,#1963,#1964,#1965,#1966,#1967,#1968,#1969,
    #1970,#1971,#1972,#1973,#1974,#1975,#1976,#1977,#1978,#1979,#1980,
    #1981,#1982,#1983,#1984,#1985,#1986,#1987,#1988,#1989,#1990,#1991,
    #1992,#1993,#1994,#1995,#1996),.UNSPECIFIED.,.F.,.F.,(9,7,7,7,7,7,7,
    7,7,9),(0.,0.103199151363,0.194788724141,0.298763274754,
    0.415659439466,0.590123272741,0.676683778333,0.787750260437,
    0.896250958357,1.),.UNSPECIFIED.);
#1932 = CARTESIAN_POINT('',(4.9,-1.7763568394E-15,1.400000074102));
#1933 = CARTESIAN_POINT('',(4.9,0.397047712037,1.45158548401));
#1934 = CARTESIAN_POINT('',(4.863230741124,0.794213304635,1.503184929813
    ));
#1935 = CARTESIAN_POINT('',(4.789655928946,1.187352522949,1.554784199637
    ));
#1936 = CARTESIAN_POINT('',(4.679836104036,1.572485669548,1.606377450454
    ));
#1937 = CARTESIAN_POINT('',(4.534811391067,1.945786881525,1.657966718549
    ));
#1938 = CARTESIAN_POINT('',(4.35606413599,2.30358028698,1.709558238054)
  );
#1939 = CARTESIAN_POINT('',(4.145550133815,2.64236059177,1.761153700585)
  );
#1940 = CARTESIAN_POINT('',(3.692996743725,3.239746009002,1.858512790347
    ));
#1941 = CARTESIAN_POINT('',(3.457073261026,3.50320827461,1.904299743725)
  );
#1942 = CARTESIAN_POINT('',(3.199740522818,3.746932374752,1.950083655958
    ));
#1943 = CARTESIAN_POINT('',(2.922955397452,3.968902461385,1.995864035291
    ));
#1944 = CARTESIAN_POINT('',(2.628865983308,4.167357205128,2.041645660479
    ));
#1945 = CARTESIAN_POINT('',(2.319791369789,4.340777879863,2.087433126873
    ));
#1946 = CARTESIAN_POINT('',(1.998222976236,4.487904234794,2.133225969478
    ));
#1947 = CARTESIAN_POINT('',(1.290662512041,4.743861733039,2.23099438096)
  );
#1948 = CARTESIAN_POINT('',(0.901679297961,4.84488159872,2.282990136045)
  );
#1949 = CARTESIAN_POINT('',(0.503864065138,4.909369197574,2.334980646864
    ));
#1950 = CARTESIAN_POINT('',(0.101229200287,4.936483427141,2.386963024276
    ));
#1951 = CARTESIAN_POINT('',(-0.30218257773,4.925899263307,2.438943742202
    ));
#1952 = CARTESIAN_POINT('',(-0.702314419473,4.877772521747,
    2.490929550109));
#1953 = CARTESIAN_POINT('',(-1.095111932105,4.792780753423,2.54291802716
    ));
#1954 = CARTESIAN_POINT('',(-1.905371012957,4.536719421738,
    2.653316158087));
#1955 = CARTESIAN_POINT('',(-2.320187042276,4.356152373895,
    2.711768933043));
#1956 = CARTESIAN_POINT('',(-2.715166887383,4.132302724479,
    2.770206592355));
#1957 = CARTESIAN_POINT('',(-3.08507845358,3.867808602761,2.828632296152
    ));
#1958 = CARTESIAN_POINT('',(-3.425194240725,3.565962914216,
    2.887058835313));
#1959 = CARTESIAN_POINT('',(-3.73125648724,3.23064283237,2.945498663093)
  );
#1960 = CARTESIAN_POINT('',(-3.999534140739,2.866356834428,
    3.003954305325));
#1961 = CARTESIAN_POINT('',(-4.566519692687,1.89933078199,3.149594595637
    ));
#1962 = CARTESIAN_POINT('',(-4.816111081082,1.265868487301,
    3.236996695297));
#1963 = CARTESIAN_POINT('',(-4.96417672457,0.596236914461,3.324282845452
    ));
#1964 = CARTESIAN_POINT('',(-5.005861451786,-9.050921755009E-02,
    3.411510834682));
#1965 = CARTESIAN_POINT('',(-4.939378839631,-0.775299627995,
    3.49873263395));
#1966 = CARTESIAN_POINT('',(-4.767203082974,-1.439144128299,
    3.586008544409));
#1967 = CARTESIAN_POINT('',(-4.494872011505,-2.063172489232,
    3.673404387559));
#1968 = CARTESIAN_POINT('',(-3.955935803926,-2.910581289086,
    3.803880819181));
#1969 = CARTESIAN_POINT('',(-3.755350968423,-3.177771124148,
    3.847158345175));
#1970 = CARTESIAN_POINT('',(-3.534187637716,-3.429081392651,
    3.890435588003));
#1971 = CARTESIAN_POINT('',(-3.293935911749,-3.662670324688,
    3.933711159174));
#1972 = CARTESIAN_POINT('',(-3.036258384938,-3.87688226654,
    3.976987639136));
#1973 = CARTESIAN_POINT('',(-2.762975631605,-4.07024127203,
    4.020267647617));
#1974 = CARTESIAN_POINT('',(-2.476069670872,-4.241463346575,
    4.063550034566));
#1975 = CARTESIAN_POINT('',(-1.794871825432,-4.579418127567,
    4.162354177571));
#1976 = CARTESIAN_POINT('',(-1.392971680524,-4.731256268219,
    4.217901018316));
#1977 = CARTESIAN_POINT('',(-0.976626655138,-4.842653764259,
    4.273435675095));
#1978 = CARTESIAN_POINT('',(-0.550614456599,-4.912086951675,
    4.328958436955));
#1979 = CARTESIAN_POINT('',(-0.119800957847,-4.938699027906,
    4.384477732752));
#1980 = CARTESIAN_POINT('',(0.31087858819,-4.922247163244,4.440003087565
    ));
#1981 = CARTESIAN_POINT('',(0.736426133051,-4.8631588137,4.495537500477)
  );
#1982 = CARTESIAN_POINT('',(1.557602080348,-4.664565574861,
    4.605285069585));
#1983 = CARTESIAN_POINT('',(1.953969816108,-4.526883436601,4.65953591747
    ));
#1984 = CARTESIAN_POINT('',(2.336211552242,-4.350747510888,
    4.713779451442));
#1985 = CARTESIAN_POINT('',(2.699995073997,-4.137915445759,
    4.768018518347));
#1986 = CARTESIAN_POINT('',(3.041315402047,-3.890664788998,
    4.822262685302));
#1987 = CARTESIAN_POINT('',(3.356478322962,-3.611745507341,
    4.876519801493));
#1988 = CARTESIAN_POINT('',(3.642136007239,-3.304412336247,
    4.930788640194));
#1989 = CARTESIAN_POINT('',(4.137570598672,-2.655159746267,
    5.036916270004));
#1990 = CARTESIAN_POINT('',(4.350255059978,-2.315171185812,
    5.088804888771));
#1991 = CARTESIAN_POINT('',(4.530881462066,-1.955870241422,
    5.140682740534));
#1992 = CARTESIAN_POINT('',(4.677454278613,-1.580812952733,5.19254841547
    ));
#1993 = CARTESIAN_POINT('',(4.788458967951,-1.193730391681,5.24440636423
    ));
#1994 = CARTESIAN_POINT('',(4.862831739752,-0.7985094417,5.296265636137)
  );
#1995 = CARTESIAN_POINT('',(4.9,-0.399196179683,5.348135528301));
#1996 = CARTESIAN_POINT('',(4.9,0.,5.400000072837));
#1997 = PCURVE('',#589,#1998);
#1998 = DEFINITIONAL_REPRESENTATION('',(#1999),#2065);
#1999 = B_SPLINE_CURVE_WITH_KNOTS('',8,(#2000,#2001,#2002,#2003,#2004,
    #2005,#2006,#2007,#2008,#2009,#2010,#2011,#2012,#2013,#2014,#2015,
    #2016,#2017,#2018,#2019,#2020,#2021,#2022,#2023,#2024,#2025,#2026,
    #2027,#2028,#2029,#2030,#2031,#2032,#2033,#2034,#2035,#2036,#2037,
    #2038,#2039,#2040,#2041,#2042,#2043,#2044,#2045,#2046,#2047,#2048,
    #2049,#2050,#2051,#2052,#2053,#2054,#2055,#2056,#2057,#2058,#2059,
    #2060,#2061,#2062,#2063,#2064),.UNSPECIFIED.,.F.,.F.,(9,7,7,7,7,7,7,
    7,7,9),(0.,0.103199151363,0.194788724141,0.298763274754,
    0.415659439466,0.590123272741,0.676683778333,0.787750260437,
    0.896250958357,1.),.UNSPECIFIED.);
#2000 = CARTESIAN_POINT('',(1.700000157466,7.448383556474));
#2001 = CARTESIAN_POINT('',(1.700000194056,7.544440504139));
#2002 = CARTESIAN_POINT('',(1.7000092032,7.640515725513));
#2003 = CARTESIAN_POINT('',(1.700029127315,7.736581054616));
#2004 = CARTESIAN_POINT('',(1.700043892177,7.832639696707));
#2005 = CARTESIAN_POINT('',(1.700046119345,7.928701909127));
#2006 = CARTESIAN_POINT('',(1.700037937569,8.024777435042));
#2007 = CARTESIAN_POINT('',(1.700022859532,8.120866346309));
#2008 = CARTESIAN_POINT('',(1.699990452481,8.302186704793));
#2009 = CARTESIAN_POINT('',(1.699973511553,8.387461247459));
#2010 = CARTESIAN_POINT('',(1.699958100966,8.472728786214));
#2011 = CARTESIAN_POINT('',(1.699947510975,8.557985522177));
#2012 = CARTESIAN_POINT('',(1.699943657273,8.64323867516));
#2013 = CARTESIAN_POINT('',(1.699946549222,8.728496793946));
#2014 = CARTESIAN_POINT('',(1.699954657625,8.813760352677));
#2015 = CARTESIAN_POINT('',(1.699979264861,8.99579294694));
#2016 = CARTESIAN_POINT('',(1.69999672423,9.09259872943));
#2017 = CARTESIAN_POINT('',(1.700015838358,9.18939329656));
#2018 = CARTESIAN_POINT('',(1.700032862777,9.286174549677));
#2019 = CARTESIAN_POINT('',(1.700044853152,9.382957123909));
#2020 = CARTESIAN_POINT('',(1.700050580278,9.479754664535));
#2021 = CARTESIAN_POINT('',(1.700050537325,9.576562231572));
#2022 = CARTESIAN_POINT('',(1.700040982284,9.782142510234));
#2023 = CARTESIAN_POINT('',(1.700030298957,9.890996543779));
#2024 = CARTESIAN_POINT('',(1.700015826149,9.999825751194));
#2025 = CARTESIAN_POINT('',(1.700000979551,10.10863302384));
#2026 = CARTESIAN_POINT('',(1.69998904339,10.217439301653));
#2027 = CARTESIAN_POINT('',(1.699981729648,10.326266273612));
#2028 = CARTESIAN_POINT('',(1.699978718165,10.435118923612));
#2029 = CARTESIAN_POINT('',(1.699979143972,10.706314736366));
#2030 = CARTESIAN_POINT('',(1.699986474588,10.869059403167));
#2031 = CARTESIAN_POINT('',(1.699997086366,11.031585285652));
#2032 = CARTESIAN_POINT('',(1.700002384889,11.194007522821));
#2033 = CARTESIAN_POINT('',(1.699994915971,11.356429421547));
#2034 = CARTESIAN_POINT('',(1.699983823903,11.518955255395));
#2035 = CARTESIAN_POINT('',(1.699977534218,11.68170020718));
#2036 = CARTESIAN_POINT('',(1.699979742826,11.924657898771));
#2037 = CARTESIAN_POINT('',(1.699982386736,12.005242485208));
#2038 = CARTESIAN_POINT('',(1.69998731074,12.085824546361));
#2039 = CARTESIAN_POINT('',(1.699994554658,12.166401461833));
#2040 = CARTESIAN_POINT('',(1.700003660931,12.246978437617));
#2041 = CARTESIAN_POINT('',(1.700013690559,12.327561174721));
#2042 = CARTESIAN_POINT('',(1.700023423587,12.408148600666));
#2043 = CARTESIAN_POINT('',(1.700042420264,12.592114742765));
#2044 = CARTESIAN_POINT('',(1.700050769364,12.695540970415));
#2045 = CARTESIAN_POINT('',(1.700054435524,12.798948613924));
#2046 = CARTESIAN_POINT('',(1.700051182189,12.90234017137));
#2047 = CARTESIAN_POINT('',(1.700040233589,13.005732017885));
#2048 = CARTESIAN_POINT('',(1.700023243842,13.109140440609));
#2049 = CARTESIAN_POINT('',(1.700004058137,13.212567654659));
#2050 = CARTESIAN_POINT('',(1.699969209787,13.416958688867));
#2051 = CARTESIAN_POINT('',(1.699953473933,13.517992758719));
#2052 = CARTESIAN_POINT('',(1.699942737395,13.61900882856));
#2053 = CARTESIAN_POINT('',(1.69994063605,13.720009013441));
#2054 = CARTESIAN_POINT('',(1.699949168192,13.821009377186));
#2055 = CARTESIAN_POINT('',(1.699966499067,13.922026143491));
#2056 = CARTESIAN_POINT('',(1.699986849448,14.0230620923));
#2057 = CARTESIAN_POINT('',(1.700022333954,14.220650821107));
#2058 = CARTESIAN_POINT('',(1.700037703986,14.317258936346));
#2059 = CARTESIAN_POINT('',(1.700046200152,14.413853025824));
#2060 = CARTESIAN_POINT('',(1.700044197133,14.510433641116));
#2061 = CARTESIAN_POINT('',(1.70002939165,14.607011088078));
#2062 = CARTESIAN_POINT('',(1.700009217631,14.703595703209));
#2063 = CARTESIAN_POINT('',(1.700000116968,14.800190390911));
#2064 = CARTESIAN_POINT('',(1.700000154778,14.896767112949));
#2065 = ( GEOMETRIC_REPRESENTATION_CONTEXT(2) 
PARAMETRIC_REPRESENTATION_CONTEXT() REPRESENTATION_CONTEXT('2D SPACE',''
  ) );
#2066 = PCURVE('',#2067,#2072);
#2067 = CYLINDRICAL_SURFACE('',#2068,4.9);
#2068 = AXIS2_PLACEMENT_3D('',#2069,#2070,#2071);
#2069 = CARTESIAN_POINT('',(0.,0.,-4.));
#2070 = DIRECTION('',(-0.,-0.,-1.));
#2071 = DIRECTION('',(1.,0.,0.));
#2072 = DEFINITIONAL_REPRESENTATION('',(#2073),#2139);
#2073 = B_SPLINE_CURVE_WITH_KNOTS('',8,(#2074,#2075,#2076,#2077,#2078,
    #2079,#2080,#2081,#2082,#2083,#2084,#2085,#2086,#2087,#2088,#2089,
    #2090,#2091,#2092,#2093,#2094,#2095,#2096,#2097,#2098,#2099,#2100,
    #2101,#2102,#2103,#2104,#2105,#2106,#2107,#2108,#2109,#2110,#2111,
    #2112,#2113,#2114,#2115,#2116,#2117,#2118,#2119,#2120,#2121,#2122,
    #2123,#2124,#2125,#2126,#2127,#2128,#2129,#2130,#2131,#2132,#2133,
    #2134,#2135,#2136,#2137,#2138),.UNSPECIFIED.,.F.,.F.,(9,7,7,7,7,7,7,
    7,7,9),(0.,0.103199151363,0.194788724141,0.298763274754,
    0.415659439466,0.590123272741,0.676683778333,0.787750260437,
    0.896250958357,1.),.UNSPECIFIED.);
#2074 = CARTESIAN_POINT('',(0.,-5.400000074102));
#2075 = CARTESIAN_POINT('',(-8.103014531369E-02,-5.45158548401));
#2076 = CARTESIAN_POINT('',(-0.162084353433,-5.503184929813));
#2077 = CARTESIAN_POINT('',(-0.243127561927,-5.554784199637));
#2078 = CARTESIAN_POINT('',(-0.324160269197,-5.606377450454));
#2079 = CARTESIAN_POINT('',(-0.405192533467,-5.657966718549));
#2080 = CARTESIAN_POINT('',(-0.486234525907,-5.709558238054));
#2081 = CARTESIAN_POINT('',(-0.567287613779,-5.761153700585));
#2082 = CARTESIAN_POINT('',(-0.720236403449,-5.858512790347));
#2083 = CARTESIAN_POINT('',(-0.792168319211,-5.904299743725));
#2084 = CARTESIAN_POINT('',(-0.86409535443,-5.950083655958));
#2085 = CARTESIAN_POINT('',(-0.936014384988,-5.995864035291));
#2086 = CARTESIAN_POINT('',(-1.007931256252,-6.041645660479));
#2087 = CARTESIAN_POINT('',(-1.079852778156,-6.087433126873));
#2088 = CARTESIAN_POINT('',(-1.151778964152,-6.133225969478));
#2089 = CARTESIAN_POINT('',(-1.30533680495,-6.23099438096));
#2090 = CARTESIAN_POINT('',(-1.386999422366,-6.282990136045));
#2091 = CARTESIAN_POINT('',(-1.468652063931,-6.334980646864));
#2092 = CARTESIAN_POINT('',(-1.550292888505,-6.386963024276));
#2093 = CARTESIAN_POINT('',(-1.6319344229,-6.438943742202));
#2094 = CARTESIAN_POINT('',(-1.713588516731,-6.490929550109));
#2095 = CARTESIAN_POINT('',(-1.795251345393,-6.54291802716));
#2096 = CARTESIAN_POINT('',(-1.968671168287,-6.653316158087));
#2097 = CARTESIAN_POINT('',(-2.060496878844,-6.711768933043));
#2098 = CARTESIAN_POINT('',(-2.152302397911,-6.770206592355));
#2099 = CARTESIAN_POINT('',(-2.244090185004,-6.828632296152));
#2100 = CARTESIAN_POINT('',(-2.335877539876,-6.887058835313));
#2101 = CARTESIAN_POINT('',(-2.427682205172,-6.945498663093));
#2102 = CARTESIAN_POINT('',(-2.519507938066,-7.003954305325));
#2103 = CARTESIAN_POINT('',(-2.748280808685,-7.149594595637));
#2104 = CARTESIAN_POINT('',(-2.885565639346,-7.236996695297));
#2105 = CARTESIAN_POINT('',(-3.022663358869,-7.324282845451));
#2106 = CARTESIAN_POINT('',(-3.159671345233,-7.411510834683));
#2107 = CARTESIAN_POINT('',(-3.296679313849,-7.498732633949));
#2108 = CARTESIAN_POINT('',(-3.433777559366,-7.586008544409));
#2109 = CARTESIAN_POINT('',(-3.571063202403,-7.673404387559));
#2110 = CARTESIAN_POINT('',(-3.776015824381,-7.803880819181));
#2111 = CARTESIAN_POINT('',(-3.84399523527,-7.847158345175));
#2112 = CARTESIAN_POINT('',(-3.911972813958,-7.890435588003));
#2113 = CARTESIAN_POINT('',(-3.979946171669,-7.933711159174));
#2114 = CARTESIAN_POINT('',(-4.047919504538,-7.976987639136));
#2115 = CARTESIAN_POINT('',(-4.115897454327,-8.020267647617));
#2116 = CARTESIAN_POINT('',(-4.183879013569,-8.063550034566));
#2117 = CARTESIAN_POINT('',(-4.339067488227,-8.162354177571));
#2118 = CARTESIAN_POINT('',(-4.4263142503,-8.217901018316));
#2119 = CARTESIAN_POINT('',(-4.513544720058,-8.273435675095));
#2120 = CARTESIAN_POINT('',(-4.600761175622,-8.328958436955));
#2121 = CARTESIAN_POINT('',(-4.687977874761,-8.384477732752));
#2122 = CARTESIAN_POINT('',(-4.775209012636,-8.440003087565));
#2123 = CARTESIAN_POINT('',(-4.862456623949,-8.495537500477));
#2124 = CARTESIAN_POINT('',(-5.034874712104,-8.605285069585));
#2125 = CARTESIAN_POINT('',(-5.120104432525,-8.65953591747));
#2126 = CARTESIAN_POINT('',(-5.205319237392,-8.713779451442));
#2127 = CARTESIAN_POINT('',(-5.29052052196,-8.768018518347));
#2128 = CARTESIAN_POINT('',(-5.375721030223,-8.822262685302));
#2129 = CARTESIAN_POINT('',(-5.460933756157,-8.876519801493));
#2130 = CARTESIAN_POINT('',(-5.54616109827,-8.930788640194));
#2131 = CARTESIAN_POINT('',(-5.712832752227,-9.036916270004));
#2132 = CARTESIAN_POINT('',(-5.794323790576,-9.088804888771));
#2133 = CARTESIAN_POINT('',(-5.875803158495,-9.140682740534));
#2134 = CARTESIAN_POINT('',(-5.957272639429,-9.19254841547));
#2135 = CARTESIAN_POINT('',(-6.038742919992,-9.24440636423));
#2136 = CARTESIAN_POINT('',(-6.12022418677,-9.296265636137));
#2137 = CARTESIAN_POINT('',(-6.201716699081,-9.348135528301));
#2138 = CARTESIAN_POINT('',(-6.28318530718,-9.400000072837));
#2139 = ( GEOMETRIC_REPRESENTATION_CONTEXT(2) 
PARAMETRIC_REPRESENTATION_CONTEXT() REPRESENTATION_CONTEXT('2D SPACE',''
  ) );
#2140 = ORIENTED_EDGE('',*,*,#2141,.T.);
#2141 = EDGE_CURVE('',#1928,#2142,#2144,.T.);
#2142 = VERTEX_POINT('',#2143);
#2143 = CARTESIAN_POINT('',(4.9,0.,9.40000007286));
#2144 = SURFACE_CURVE('',#2145,(#2204,#2266),.PCURVE_S1.);
#2145 = B_SPLINE_CURVE_WITH_KNOTS('',8,(#2146,#2147,#2148,#2149,#2150,
    #2151,#2152,#2153,#2154,#2155,#2156,#2157,#2158,#2159,#2160,#2161,
    #2162,#2163,#2164,#2165,#2166,#2167,#2168,#2169,#2170,#2171,#2172,
    #2173,#2174,#2175,#2176,#2177,#2178,#2179,#2180,#2181,#2182,#2183,
    #2184,#2185,#2186,#2187,#2188,#2189,#2190,#2191,#2192,#2193,#2194,
    #2195,#2196,#2197,#2198,#2199,#2200,#2201,#2202,#2203),
  .UNSPECIFIED.,.F.,.F.,(9,7,7,7,7,7,7,7,9),(0.,0.12906233519,
    0.28943741771,0.442910473323,0.542145073593,0.625796919884,
    0.73275397716,0.850211366688,1.),.UNSPECIFIED.);
#2146 = CARTESIAN_POINT('',(4.9,0.,5.400000072837));
#2147 = CARTESIAN_POINT('',(4.9,0.49649371693,5.464505751507));
#2148 = CARTESIAN_POINT('',(4.842505812606,0.993337703511,5.529054859992
    ));
#2149 = CARTESIAN_POINT('',(4.727376230617,1.482230529279,5.593594477869
    ));
#2150 = CARTESIAN_POINT('',(4.556070650911,1.955415467372,5.658110570579
    ));
#2151 = CARTESIAN_POINT('',(4.331091751806,2.40555890694,5.722617147934)
  );
#2152 = CARTESIAN_POINT('',(4.056034632973,2.825800635024,5.787135212122
    ));
#2153 = CARTESIAN_POINT('',(3.735508353876,3.209753822905,5.851676426964
    ));
#2154 = CARTESIAN_POINT('',(2.928357485925,3.976859031364,5.996331675845
    ));
#2155 = CARTESIAN_POINT('',(2.419270656994,4.338195224748,6.076609157786
    ));
#2156 = CARTESIAN_POINT('',(1.859930866186,4.624151682389,6.156820465576
    ));
#2157 = CARTESIAN_POINT('',(1.263604513183,4.827273275365,6.237003128969
    ));
#2158 = CARTESIAN_POINT('',(0.644222110171,4.942387717439,6.31719042275)
  );
#2159 = CARTESIAN_POINT('',(1.647466781723E-02,4.967153831344,
    6.397416331431));
#2160 = CARTESIAN_POINT('',(-0.604386725728,4.901569288957,
    6.477709524367));
#2161 = CARTESIAN_POINT('',(-1.774871959153,4.605261579644,
    6.634577337257));
#2162 = CARTESIAN_POINT('',(-2.32806257496,4.381349381765,6.711383975272
    ));
#2163 = CARTESIAN_POINT('',(-2.84810196436,4.081564051812,6.788128431431
    ));
#2164 = CARTESIAN_POINT('',(-3.323150952789,3.712082460793,
    6.864835142576));
#2165 = CARTESIAN_POINT('',(-3.742737464532,3.280656775786,
    6.941545959711));
#2166 = CARTESIAN_POINT('',(-4.098020874504,2.796849010924,
    7.018296741346));
#2167 = CARTESIAN_POINT('',(-4.381555739857,2.27169262079,7.095113438159
    ));
#2168 = CARTESIAN_POINT('',(-4.722577943948,1.361252610191,
    7.221430371972));
#2169 = CARTESIAN_POINT('',(-4.824691771638,0.991720386251,7.27104637569
    ));
#2170 = CARTESIAN_POINT('',(-4.893689358394,0.613604517608,
    7.320657529678));
#2171 = CARTESIAN_POINT('',(-4.928775481098,0.230384294492,
    7.370261368008));
#2172 = CARTESIAN_POINT('',(-4.929587471391,-0.154431664032,
    7.419863556047));
#2173 = CARTESIAN_POINT('',(-4.896164388303,-0.537320028635,
    7.469470463034));
#2174 = CARTESIAN_POINT('',(-4.828973222618,-0.914754139009,
    7.519081751127));
#2175 = CARTESIAN_POINT('',(-4.644711018157,-1.59381139349,
    7.610495357214));
#2176 = CARTESIAN_POINT('',(-4.537100024515,-1.89814069607,
    7.652314917709));
#2177 = CARTESIAN_POINT('',(-4.406719852522,-2.19407845421,
    7.694132009828));
#2178 = CARTESIAN_POINT('',(-4.254357635785,-2.479632857013,
    7.735945080866));
#2179 = CARTESIAN_POINT('',(-4.080992139607,-2.752928370398,
    7.777756883542));
#2180 = CARTESIAN_POINT('',(-3.887777067841,-3.012202135771,
    7.819571028643));
#2181 = CARTESIAN_POINT('',(-3.676042478064,-3.255810277018,
    7.861388884755));
#2182 = CARTESIAN_POINT('',(-3.154862991866,-3.771761898596,
    7.956675146878));
#2183 = CARTESIAN_POINT('',(-2.834534338479,-4.033297454265,
    8.010160994993));
#2184 = CARTESIAN_POINT('',(-2.4895789506,-4.263577207838,8.063639401419
    ));
#2185 = CARTESIAN_POINT('',(-2.123597471414,-4.459948188897,
    8.117110867084));
#2186 = CARTESIAN_POINT('',(-1.740450745716,-4.620274177848,
    8.170581797002));
#2187 = CARTESIAN_POINT('',(-1.344232559929,-4.742901445,8.224058258249)
  );
#2188 = CARTESIAN_POINT('',(-0.939279703213,-4.826705626848,
    8.277539834874));
#2189 = CARTESIAN_POINT('',(-8.094718326778E-02,-4.92012817383,
    8.3897092709));
#2190 = CARTESIAN_POINT('',(0.37365687895,-4.92169602414,8.448441565581)
  );
#2191 = CARTESIAN_POINT('',(0.8274962563,-4.875197632965,8.507157186067)
  );
#2192 = CARTESIAN_POINT('',(1.274640309662,-4.780950406555,
    8.565859490374));
#2193 = CARTESIAN_POINT('',(1.709357271508,-4.640086723249,
    8.624562650251));
#2194 = CARTESIAN_POINT('',(2.126110531844,-4.454477086835,8.683281088)
  );
#2195 = CARTESIAN_POINT('',(2.519595270767,-4.226800952003,
    8.742018397282));
#2196 = CARTESIAN_POINT('',(3.350683579946,-3.621466275967,
    8.875609798461));
#2197 = CARTESIAN_POINT('',(3.771456076513,-3.219164826715,8.95058426195
    ));
#2198 = CARTESIAN_POINT('',(4.136288341545,-2.7613836879,9.025514506622)
  );
#2199 = CARTESIAN_POINT('',(4.437051357917,-2.257471076598,
    9.100411904181));
#2200 = CARTESIAN_POINT('',(4.667298607292,-1.717683697462,
    9.175297982536));
#2201 = CARTESIAN_POINT('',(4.822539760975,-1.153267196541,
    9.250185512852));
#2202 = CARTESIAN_POINT('',(4.9,-0.576289245178,9.325127163901));
#2203 = CARTESIAN_POINT('',(4.9,-3.552713678801E-15,9.40000007286));
#2204 = PCURVE('',#589,#2205);
#2205 = DEFINITIONAL_REPRESENTATION('',(#2206),#2265);
#2206 = B_SPLINE_CURVE_WITH_KNOTS('',8,(#2207,#2208,#2209,#2210,#2211,
    #2212,#2213,#2214,#2215,#2216,#2217,#2218,#2219,#2220,#2221,#2222,
    #2223,#2224,#2225,#2226,#2227,#2228,#2229,#2230,#2231,#2232,#2233,
    #2234,#2235,#2236,#2237,#2238,#2239,#2240,#2241,#2242,#2243,#2244,
    #2245,#2246,#2247,#2248,#2249,#2250,#2251,#2252,#2253,#2254,#2255,
    #2256,#2257,#2258,#2259,#2260,#2261,#2262,#2263,#2264),
  .UNSPECIFIED.,.F.,.F.,(9,7,7,7,7,7,7,7,9),(0.,0.12906233519,
    0.28943741771,0.442910473323,0.542145073593,0.625796919884,
    0.73275397716,0.850211366688,1.),.UNSPECIFIED.);
#2207 = CARTESIAN_POINT('',(1.700000154778,14.896767112949));
#2208 = CARTESIAN_POINT('',(1.700000201803,15.016882830819));
#2209 = CARTESIAN_POINT('',(1.700014215255,15.137067180659));
#2210 = CARTESIAN_POINT('',(1.700046505407,15.257217842555));
#2211 = CARTESIAN_POINT('',(1.700054944756,15.377345598338));
#2212 = CARTESIAN_POINT('',(1.700041185257,15.497475088035));
#2213 = CARTESIAN_POINT('',(1.70001579986,15.617636154863));
#2214 = CARTESIAN_POINT('',(1.699990352439,15.737840384781));
#2215 = CARTESIAN_POINT('',(1.699947916319,16.007239515009));
#2216 = CARTESIAN_POINT('',(1.699934454161,16.156735680747));
#2217 = CARTESIAN_POINT('',(1.699943816232,16.306088623442));
#2218 = CARTESIAN_POINT('',(1.699978750344,16.455365819243));
#2219 = CARTESIAN_POINT('',(1.700015964729,16.604649639107));
#2220 = CARTESIAN_POINT('',(1.700040899192,16.754016124277));
#2221 = CARTESIAN_POINT('',(1.700050557574,16.903521285316));
#2222 = CARTESIAN_POINT('',(1.700045956132,17.195628226989));
#2223 = CARTESIAN_POINT('',(1.700032706991,17.338661161858));
#2224 = CARTESIAN_POINT('',(1.700011238275,17.481585510802));
#2225 = CARTESIAN_POINT('',(1.699989747942,17.624439593857));
#2226 = CARTESIAN_POINT('',(1.699977654426,17.767293088404));
#2227 = CARTESIAN_POINT('',(1.699975064222,17.910212673122));
#2228 = CARTESIAN_POINT('',(1.699978209781,18.053249972079));
#2229 = CARTESIAN_POINT('',(1.699986245818,18.288457173435));
#2230 = CARTESIAN_POINT('',(1.699990127588,18.380843528473));
#2231 = CARTESIAN_POINT('',(1.699993681539,18.473221140111));
#2232 = CARTESIAN_POINT('',(1.699995765834,18.565586417124));
#2233 = CARTESIAN_POINT('',(1.699995744316,18.657950466418));
#2234 = CARTESIAN_POINT('',(1.699993735757,18.750325044051));
#2235 = CARTESIAN_POINT('',(1.699990518819,18.842708838604));
#2236 = CARTESIAN_POINT('',(1.699984204586,19.012935271748));
#2237 = CARTESIAN_POINT('',(1.699981170031,19.090809962551));
#2238 = CARTESIAN_POINT('',(1.699978569138,19.168679676993));
#2239 = CARTESIAN_POINT('',(1.699977143322,19.2465408741));
#2240 = CARTESIAN_POINT('',(1.699977532236,19.324398119181));
#2241 = CARTESIAN_POINT('',(1.699980091567,19.402257824189));
#2242 = CARTESIAN_POINT('',(1.699984791682,19.480122563527));
#2243 = CARTESIAN_POINT('',(1.699999387161,19.65754193078));
#2244 = CARTESIAN_POINT('',(1.700010375148,19.757128080123));
#2245 = CARTESIAN_POINT('',(1.70002326939,19.856698701911));
#2246 = CARTESIAN_POINT('',(1.700036242755,19.956256330003));
#2247 = CARTESIAN_POINT('',(1.700046565498,20.055815283172));
#2248 = CARTESIAN_POINT('',(1.700051746524,20.155389041793));
#2249 = CARTESIAN_POINT('',(1.70005072721,20.254977758973));
#2250 = CARTESIAN_POINT('',(1.70003676318,20.463860241091));
#2251 = CARTESIAN_POINT('',(1.700022636474,20.573237784532));
#2252 = CARTESIAN_POINT('',(1.700002492389,20.682589551937));
#2253 = CARTESIAN_POINT('',(1.699979139269,20.791919335354));
#2254 = CARTESIAN_POINT('',(1.699958448968,20.901248378549));
#2255 = CARTESIAN_POINT('',(1.699946343363,21.010598348003));
#2256 = CARTESIAN_POINT('',(1.699945193492,21.119973857766));
#2257 = CARTESIAN_POINT('',(1.699963212992,21.368718066585));
#2258 = CARTESIAN_POINT('',(1.699988053089,21.508305939941));
#2259 = CARTESIAN_POINT('',(1.700024351542,21.647801432885));
#2260 = CARTESIAN_POINT('',(1.70005622028,21.787239643028));
#2261 = CARTESIAN_POINT('',(1.700063444399,21.926678371337));
#2262 = CARTESIAN_POINT('',(1.700019024516,22.06616505796));
#2263 = CARTESIAN_POINT('',(1.700000100265,22.205730181257));
#2264 = CARTESIAN_POINT('',(1.700000154826,22.345150669423));
#2265 = ( GEOMETRIC_REPRESENTATION_CONTEXT(2) 
PARAMETRIC_REPRESENTATION_CONTEXT() REPRESENTATION_CONTEXT('2D SPACE',''
  ) );
#2266 = PCURVE('',#2267,#2272);
#2267 = CYLINDRICAL_SURFACE('',#2268,4.9);
#2268 = AXIS2_PLACEMENT_3D('',#2269,#2270,#2271);
#2269 = CARTESIAN_POINT('',(0.,0.,-4.));
#2270 = DIRECTION('',(-0.,-0.,-1.));
#2271 = DIRECTION('',(1.,0.,0.));
#2272 = DEFINITIONAL_REPRESENTATION('',(#2273),#2332);
#2273 = B_SPLINE_CURVE_WITH_KNOTS('',8,(#2274,#2275,#2276,#2277,#2278,
    #2279,#2280,#2281,#2282,#2283,#2284,#2285,#2286,#2287,#2288,#2289,
    #2290,#2291,#2292,#2293,#2294,#2295,#2296,#2297,#2298,#2299,#2300,
    #2301,#2302,#2303,#2304,#2305,#2306,#2307,#2308,#2309,#2310,#2311,
    #2312,#2313,#2314,#2315,#2316,#2317,#2318,#2319,#2320,#2321,#2322,
    #2323,#2324,#2325,#2326,#2327,#2328,#2329,#2330,#2331),
  .UNSPECIFIED.,.F.,.F.,(9,7,7,7,7,7,7,7,9),(0.,0.12906233519,
    0.28943741771,0.442910473323,0.542145073593,0.625796919884,
    0.73275397716,0.850211366688,1.),.UNSPECIFIED.);
#2274 = CARTESIAN_POINT('',(0.,-9.400000072837));
#2275 = CARTESIAN_POINT('',(-0.101325248353,-9.464505751507));
#2276 = CARTESIAN_POINT('',(-0.202721909866,-9.529054859992));
#2277 = CARTESIAN_POINT('',(-0.304081618884,-9.59359447787));
#2278 = CARTESIAN_POINT('',(-0.405413426644,-9.658110570577));
#2279 = CARTESIAN_POINT('',(-0.506744144655,-9.722617147935));
#2280 = CARTESIAN_POINT('',(-0.608101863264,-9.787135212121));
#2281 = CARTESIAN_POINT('',(-0.709497810167,-9.851676426964));
#2282 = CARTESIAN_POINT('',(-0.936748268249,-9.996331675845));
#2283 = CARTESIAN_POINT('',(-1.062857895846,-10.07660915778));
#2284 = CARTESIAN_POINT('',(-1.188849651584,-10.15682046557));
#2285 = CARTESIAN_POINT('',(-1.314777351698,-10.23700312896));
#2286 = CARTESIAN_POINT('',(-1.440707831923,-10.31719042275));
#2287 = CARTESIAN_POINT('',(-1.566706775079,-10.39741633143));
#2288 = CARTESIAN_POINT('',(-1.692822621086,-10.47770952436));
#2289 = CARTESIAN_POINT('',(-1.939232405325,-10.63457733725));
#2290 = CARTESIAN_POINT('',(-2.059889979765,-10.71138397527));
#2291 = CARTESIAN_POINT('',(-2.180457322353,-10.78812843143));
#2292 = CARTESIAN_POINT('',(-2.300967003217,-10.86483514257));
#2293 = CARTESIAN_POINT('',(-2.421476619004,-10.94154595971));
#2294 = CARTESIAN_POINT('',(-2.542040816742,-11.01829674134));
#2295 = CARTESIAN_POINT('',(-2.662702555844,-11.09511343815));
#2296 = CARTESIAN_POINT('',(-2.861113271329,-11.22143037197));
#2297 = CARTESIAN_POINT('',(-2.939045773554,-11.27104637569));
#2298 = CARTESIAN_POINT('',(-3.016970264599,-11.32065752967));
#2299 = CARTESIAN_POINT('',(-3.094883908766,-11.370261368));
#2300 = CARTESIAN_POINT('',(-3.172796371669,-11.41986355604));
#2301 = CARTESIAN_POINT('',(-3.250717897929,-11.46947046303));
#2302 = CARTESIAN_POINT('',(-3.328647657035,-11.51908175112));
#2303 = CARTESIAN_POINT('',(-3.47224215569,-11.61049535721));
#2304 = CARTESIAN_POINT('',(-3.537933764574,-11.6523149177));
#2305 = CARTESIAN_POINT('',(-3.603621677772,-11.69413200982));
#2306 = CARTESIAN_POINT('',(-3.669302928919,-11.73594508086));
#2307 = CARTESIAN_POINT('',(-3.734981313035,-11.77775688354));
#2308 = CARTESIAN_POINT('',(-3.800662114699,-11.81957102864));
#2309 = CARTESIAN_POINT('',(-3.86634734285,-11.86138888475));
#2310 = CARTESIAN_POINT('',(-4.016015048176,-11.95667514687));
#2311 = CARTESIAN_POINT('',(-4.100024133736,-12.01016099499));
#2312 = CARTESIAN_POINT('',(-4.184019853385,-12.06363940141));
#2313 = CARTESIAN_POINT('',(-4.268004035249,-12.11711086708));
#2314 = CARTESIAN_POINT('',(-4.351988623317,-12.170581797));
#2315 = CARTESIAN_POINT('',(-4.435985106035,-12.22405825824));
#2316 = CARTESIAN_POINT('',(-4.519993927345,-12.27753983487));
#2317 = CARTESIAN_POINT('',(-4.696198354914,-12.3897092709));
#2318 = CARTESIAN_POINT('',(-4.788464637679,-12.44844156558));
#2319 = CARTESIAN_POINT('',(-4.880709565906,-12.50715718606));
#2320 = CARTESIAN_POINT('',(-4.972936741518,-12.56585949037));
#2321 = CARTESIAN_POINT('',(-5.065164133614,-12.62456265025));
#2322 = CARTESIAN_POINT('',(-5.157409462261,-12.683281088));
#2323 = CARTESIAN_POINT('',(-5.249675635571,-12.74201839728));
#2324 = CARTESIAN_POINT('',(-5.459506674447,-12.87560979846));
#2325 = CARTESIAN_POINT('',(-5.577255686184,-12.95058426195));
#2326 = CARTESIAN_POINT('',(-5.694923593588,-13.02551450662));
#2327 = CARTESIAN_POINT('',(-5.812540478259,-13.10041190418));
#2328 = CARTESIAN_POINT('',(-5.930157184992,-13.17529798253));
#2329 = CARTESIAN_POINT('',(-6.047824954973,-13.25018551285));
#2330 = CARTESIAN_POINT('',(-6.165575257143,-13.3251271639));
#2331 = CARTESIAN_POINT('',(-6.28318530718,-13.40000007286));
#2332 = ( GEOMETRIC_REPRESENTATION_CONTEXT(2) 
PARAMETRIC_REPRESENTATION_CONTEXT() REPRESENTATION_CONTEXT('2D SPACE',''
  ) );
#2333 = ORIENTED_EDGE('',*,*,#2334,.T.);
#2334 = EDGE_CURVE('',#2142,#1497,#2335,.T.);
#2335 = SURFACE_CURVE('',#2336,(#2395,#2457),.PCURVE_S1.);
#2336 = B_SPLINE_CURVE_WITH_KNOTS('',8,(#2337,#2338,#2339,#2340,#2341,
    #2342,#2343,#2344,#2345,#2346,#2347,#2348,#2349,#2350,#2351,#2352,
    #2353,#2354,#2355,#2356,#2357,#2358,#2359,#2360,#2361,#2362,#2363,
    #2364,#2365,#2366,#2367,#2368,#2369,#2370,#2371,#2372,#2373,#2374,
    #2375,#2376,#2377,#2378,#2379,#2380,#2381,#2382,#2383,#2384,#2385,
    #2386,#2387,#2388,#2389,#2390,#2391,#2392,#2393,#2394),
  .UNSPECIFIED.,.F.,.F.,(9,7,7,7,7,7,7,7,9),(0.,8.663061420102E-02,
    0.192119398663,0.34876853466,0.514814294278,0.616969141436,
    0.725091797204,0.872388101079,1.),.UNSPECIFIED.);
#2337 = CARTESIAN_POINT('',(4.9,-3.552713678801E-15,9.40000007286));
#2338 = CARTESIAN_POINT('',(4.9,0.333298003324,9.443302965058));
#2339 = CARTESIAN_POINT('',(4.874090214311,0.666651591305,9.486612138423
    ));
#2340 = CARTESIAN_POINT('',(4.822256393723,0.997637529991,9.529923021737
    ));
#2341 = CARTESIAN_POINT('',(4.744768884178,1.323900562239,9.573232752793
    ));
#2342 = CARTESIAN_POINT('',(4.642143480244,1.643147709708,9.616541187623
    ));
#2343 = CARTESIAN_POINT('',(4.515127233146,1.953150233058,9.659849636406
    ));
#2344 = CARTESIAN_POINT('',(4.364709213339,2.251753250362,9.703157326027
    ));
#2345 = CARTESIAN_POINT('',(3.982041075106,2.884103377125,9.799179227557
    ));
#2346 = CARTESIAN_POINT('',(3.738994746679,3.211533021896,9.851916517422
    ));
#2347 = CARTESIAN_POINT('',(3.465275341469,3.515373859565,9.904644307733
    ));
#2348 = CARTESIAN_POINT('',(3.163607854935,3.792305601854,9.957365415261
    ));
#2349 = CARTESIAN_POINT('',(2.837077417954,4.039425496972,
    10.010088926405));
#2350 = CARTESIAN_POINT('',(2.489093429665,4.254223566995,10.0628227931)
  );
#2351 = CARTESIAN_POINT('',(2.12340573975,4.434619190388,10.115567466468
    ));
#2352 = CARTESIAN_POINT('',(1.18097139949,4.793589223292,10.246605247693
    ));
#2353 = CARTESIAN_POINT('',(0.586805677701,4.92925820634,10.325031671224
    ));
#2354 = CARTESIAN_POINT('',(-2.418877454639E-02,4.980227994905,
    10.403392992917));
#2355 = CARTESIAN_POINT('',(-0.637924730671,4.944757028852,
    10.481709506589));
#2356 = CARTESIAN_POINT('',(-1.240556398847,4.823298854131,
    10.560014952699));
#2357 = CARTESIAN_POINT('',(-1.818582349404,4.618940939378,
    10.638351357996));
#2358 = CARTESIAN_POINT('',(-2.358845192283,4.336941601029,
    10.716751681122));
#2359 = CARTESIAN_POINT('',(-3.368892537493,3.615059871515,
    10.878030618313));
#2360 = CARTESIAN_POINT('',(-3.834182447362,3.165522602982,
    10.96116278837));
#2361 = CARTESIAN_POINT('',(-4.229751810237,2.648117581863,
    11.044209397907));
#2362 = CARTESIAN_POINT('',(-4.544827662335,2.075891120341,
    11.127215634662));
#2363 = CARTESIAN_POINT('',(-4.771032599932,1.463071636275,
    11.210226648622));
#2364 = CARTESIAN_POINT('',(-4.903099012997,0.825304643714,
    11.293284737111));
#2365 = CARTESIAN_POINT('',(-4.938211454388,0.179276993155,
    11.376430350737));
#2366 = CARTESIAN_POINT('',(-4.842032371568,-0.848042892907,
    11.510487364576));
#2367 = CARTESIAN_POINT('',(-4.769520905545,-1.236086671913,
    11.561560958828));
#2368 = CARTESIAN_POINT('',(-4.661473997267,-1.616882314507,
    11.61262810174));
#2369 = CARTESIAN_POINT('',(-4.51878307234,-1.986641393154,
    11.66368751385));
#2370 = CARTESIAN_POINT('',(-4.342788881933,-2.34175707361,
    11.714746898115));
#2371 = CARTESIAN_POINT('',(-4.135243574016,-2.678804665947,
    11.765814087332));
#2372 = CARTESIAN_POINT('',(-3.898334533561,-2.994569063747,
    11.816888187637));
#2373 = CARTESIAN_POINT('',(-3.355808209441,-3.594660040846,
    11.921996282787));
#2374 = CARTESIAN_POINT('',(-3.046822283485,-3.876253074402,
    11.976060199504));
#2375 = CARTESIAN_POINT('',(-2.710978688003,-4.127313556433,
    12.030116443876));
#2376 = CARTESIAN_POINT('',(-2.351844555285,-4.344905783867,
    12.084165855492));
#2377 = CARTESIAN_POINT('',(-1.973286453447,-4.526618210255,
    12.138215301552));
#2378 = CARTESIAN_POINT('',(-1.579438903615,-4.670528971922,
    12.192271180938));
#2379 = CARTESIAN_POINT('',(-1.174716902809,-4.775254862187,
    12.246333102422));
#2380 = CARTESIAN_POINT('',(-0.204115189172,-4.928431739936,
    12.373993305548));
#2381 = CARTESIAN_POINT('',(0.367934326331,-4.94289071746,12.44769246387
    ));
#2382 = CARTESIAN_POINT('',(0.939967288866,-4.88122464077,
    12.521343741375));
#2383 = CARTESIAN_POINT('',(1.500202659177,-4.744158793929,
    12.594961427055));
#2384 = CARTESIAN_POINT('',(2.037356183971,-4.534194548921,
    12.66857865867));
#2385 = CARTESIAN_POINT('',(2.540791011578,-4.255798142157,
    12.742231344096));
#2386 = CARTESIAN_POINT('',(3.000503290197,-3.915113467315,
    12.815938737062));
#2387 = CARTESIAN_POINT('',(3.760496864527,-3.179575537828,
    12.953372715413));
#2388 = CARTESIAN_POINT('',(4.074410103483,-2.797527119013,
    13.017213495353));
#2389 = CARTESIAN_POINT('',(4.343618681423,-2.380336501362,
    13.081032815104));
#2390 = CARTESIAN_POINT('',(4.563701117893,-1.934210989345,
    13.144830307128));
#2391 = CARTESIAN_POINT('',(4.731219877441,-1.46580711467,
    13.208615847046));
#2392 = CARTESIAN_POINT('',(4.84378134279,-0.982222003904,
    13.272402330946));
#2393 = CARTESIAN_POINT('',(4.9,-0.490955480908,13.336213935374));
#2394 = CARTESIAN_POINT('',(4.9,1.06581410364E-14,13.400000072862));
#2395 = PCURVE('',#589,#2396);
#2396 = DEFINITIONAL_REPRESENTATION('',(#2397),#2456);
#2397 = B_SPLINE_CURVE_WITH_KNOTS('',8,(#2398,#2399,#2400,#2401,#2402,
    #2403,#2404,#2405,#2406,#2407,#2408,#2409,#2410,#2411,#2412,#2413,
    #2414,#2415,#2416,#2417,#2418,#2419,#2420,#2421,#2422,#2423,#2424,
    #2425,#2426,#2427,#2428,#2429,#2430,#2431,#2432,#2433,#2434,#2435,
    #2436,#2437,#2438,#2439,#2440,#2441,#2442,#2443,#2444,#2445,#2446,
    #2447,#2448,#2449,#2450,#2451,#2452,#2453,#2454,#2455),
  .UNSPECIFIED.,.F.,.F.,(9,7,7,7,7,7,7,7,9),(0.,8.663061420102E-02,
    0.192119398663,0.34876853466,0.514814294278,0.616969141436,
    0.725091797204,0.872388101079,1.),.UNSPECIFIED.);
#2398 = CARTESIAN_POINT('',(1.700000154826,22.345150669423));
#2399 = CARTESIAN_POINT('',(1.700000186381,22.42578477932));
#2400 = CARTESIAN_POINT('',(1.700006683566,22.506424919648));
#2401 = CARTESIAN_POINT('',(1.700020136244,22.587062149101));
#2402 = CARTESIAN_POINT('',(1.70003384904,22.667697005001));
#2403 = CARTESIAN_POINT('',(1.700041652852,22.748334625134));
#2404 = CARTESIAN_POINT('',(1.700041596078,22.828979159327));
#2405 = CARTESIAN_POINT('',(1.70003561555,22.909627470759));
#2406 = CARTESIAN_POINT('',(1.700012488739,23.088449724439));
#2407 = CARTESIAN_POINT('',(1.699993389551,23.186668351347));
#2408 = CARTESIAN_POINT('',(1.699971527817,23.284871709939));
#2409 = CARTESIAN_POINT('',(1.699953459697,23.38305930028));
#2410 = CARTESIAN_POINT('',(1.699943811594,23.481243988087));
#2411 = CARTESIAN_POINT('',(1.699943648961,23.579439646989));
#2412 = CARTESIAN_POINT('',(1.699951137079,23.677648724749));
#2413 = CARTESIAN_POINT('',(1.699982030789,23.92162656693));
#2414 = CARTESIAN_POINT('',(1.700011393173,24.067638358099));
#2415 = CARTESIAN_POINT('',(1.700042761549,24.213527165588));
#2416 = CARTESIAN_POINT('',(1.700061252483,24.359343820502));
#2417 = CARTESIAN_POINT('',(1.700059451889,24.505157647622));
#2418 = CARTESIAN_POINT('',(1.700045304873,24.651039942651));
#2419 = CARTESIAN_POINT('',(1.70002693943,24.797044955331));
#2420 = CARTESIAN_POINT('',(1.699992684119,25.097391818539));
#2421 = CARTESIAN_POINT('',(1.699976948484,25.252205679489));
#2422 = CARTESIAN_POINT('',(1.699969983745,25.406852532775));
#2423 = CARTESIAN_POINT('',(1.699975796667,25.561413011262));
#2424 = CARTESIAN_POINT('',(1.699987318423,25.715977382814));
#2425 = CARTESIAN_POINT('',(1.699994660421,25.870633074299));
#2426 = CARTESIAN_POINT('',(1.699995945892,26.025457053194));
#2427 = CARTESIAN_POINT('',(1.699991430733,26.275088024119));
#2428 = CARTESIAN_POINT('',(1.699988184371,26.370194798741));
#2429 = CARTESIAN_POINT('',(1.699983814598,26.465290544775));
#2430 = CARTESIAN_POINT('',(1.699979531321,26.560371819518));
#2431 = CARTESIAN_POINT('',(1.699976795012,26.655451686832));
#2432 = CARTESIAN_POINT('',(1.69997682486,26.750543663788));
#2433 = CARTESIAN_POINT('',(1.699980171237,26.845645603641));
#2434 = CARTESIAN_POINT('',(1.699992894832,27.041355806095));
#2435 = CARTESIAN_POINT('',(1.70000263646,27.142019466763));
#2436 = CARTESIAN_POINT('',(1.700015078663,27.242666474328));
#2437 = CARTESIAN_POINT('',(1.700028729509,27.343299699537));
#2438 = CARTESIAN_POINT('',(1.700040918184,27.443934270155));
#2439 = CARTESIAN_POINT('',(1.700048851919,27.544584548764));
#2440 = CARTESIAN_POINT('',(1.700050897141,27.645251238329));
#2441 = CARTESIAN_POINT('',(1.700041847927,27.882974707426));
#2442 = CARTESIAN_POINT('',(1.70002570553,28.020223752436));
#2443 = CARTESIAN_POINT('',(1.699998626242,28.157393222561));
#2444 = CARTESIAN_POINT('',(1.699965937996,28.294505056505));
#2445 = CARTESIAN_POINT('',(1.699940530955,28.431609664564));
#2446 = CARTESIAN_POINT('',(1.699936683054,28.568761399158));
#2447 = CARTESIAN_POINT('',(1.699950985591,28.705999099562));
#2448 = CARTESIAN_POINT('',(1.699992388438,28.961878065163));
#2449 = CARTESIAN_POINT('',(1.700017535955,29.080733682766));
#2450 = CARTESIAN_POINT('',(1.7000419853,29.199549951237));
#2451 = CARTESIAN_POINT('',(1.700054573839,29.318335967777));
#2452 = CARTESIAN_POINT('',(1.700045399644,29.437118798619));
#2453 = CARTESIAN_POINT('',(1.700013818687,29.555923021844));
#2454 = CARTESIAN_POINT('',(1.700000108344,29.674758362234));
#2455 = CARTESIAN_POINT('',(1.70000015483,29.793534225898));
#2456 = ( GEOMETRIC_REPRESENTATION_CONTEXT(2) 
PARAMETRIC_REPRESENTATION_CONTEXT() REPRESENTATION_CONTEXT('2D SPACE',''
  ) );
#2457 = PCURVE('',#1513,#2458);
#2458 = DEFINITIONAL_REPRESENTATION('',(#2459),#2518);
#2459 = B_SPLINE_CURVE_WITH_KNOTS('',8,(#2460,#2461,#2462,#2463,#2464,
    #2465,#2466,#2467,#2468,#2469,#2470,#2471,#2472,#2473,#2474,#2475,
    #2476,#2477,#2478,#2479,#2480,#2481,#2482,#2483,#2484,#2485,#2486,
    #2487,#2488,#2489,#2490,#2491,#2492,#2493,#2494,#2495,#2496,#2497,
    #2498,#2499,#2500,#2501,#2502,#2503,#2504,#2505,#2506,#2507,#2508,
    #2509,#2510,#2511,#2512,#2513,#2514,#2515,#2516,#2517),
  .UNSPECIFIED.,.F.,.F.,(9,7,7,7,7,7,7,7,9),(0.,8.663061420102E-02,
    0.192119398663,0.34876853466,0.514814294278,0.616969141436,
    0.725091797204,0.872388101079,1.),.UNSPECIFIED.);
#2460 = CARTESIAN_POINT('',(0.,-13.40000007286));
#2461 = CARTESIAN_POINT('',(-6.802000067827E-02,-13.44330296505));
#2462 = CARTESIAN_POINT('',(-0.136051177264,-13.48661213842));
#2463 = CARTESIAN_POINT('',(-0.204079322597,-13.52992302173));
#2464 = CARTESIAN_POINT('',(-0.272102686743,-13.57323275279));
#2465 = CARTESIAN_POINT('',(-0.340125684085,-13.61654118762));
#2466 = CARTESIAN_POINT('',(-0.40815268681,-13.6598496364));
#2467 = CARTESIAN_POINT('',(-0.476181904746,-13.70315732602));
#2468 = CARTESIAN_POINT('',(-0.627023164572,-13.79917922755));
#2469 = CARTESIAN_POINT('',(-0.709872769654,-13.85191651742));
#2470 = CARTESIAN_POINT('',(-0.792710395777,-13.90464430773));
#2471 = CARTESIAN_POINT('',(-0.875536419369,-13.95736541526));
#2472 = CARTESIAN_POINT('',(-0.958361488341,-14.0100889264));
#2473 = CARTESIAN_POINT('',(-1.041196605049,-14.0628227931));
#2474 = CARTESIAN_POINT('',(-1.124043307198,-14.11556746646));
#2475 = CARTESIAN_POINT('',(-1.329856569974,-14.24660524769));
#2476 = CARTESIAN_POINT('',(-1.453028002888,-14.32503167122));
#2477 = CARTESIAN_POINT('',(-1.576094243542,-14.40339299291));
#2478 = CARTESIAN_POINT('',(-1.699097881359,-14.48170950658));
#2479 = CARTESIAN_POINT('',(-1.82209950511,-14.5600149527));
#2480 = CARTESIAN_POINT('',(-1.945160486789,-14.63835135799));
#2481 = CARTESIAN_POINT('',(-2.068326457913,-14.71675168112));
#2482 = CARTESIAN_POINT('',(-2.321692705206,-14.87803061831));
#2483 = CARTESIAN_POINT('',(-2.452291252628,-14.96116278837));
#2484 = CARTESIAN_POINT('',(-2.582748931461,-15.0442093979));
#2485 = CARTESIAN_POINT('',(-2.713132145909,-15.12721563466));
#2486 = CARTESIAN_POINT('',(-2.843515507697,-15.21022664862));
#2487 = CARTESIAN_POINT('',(-2.973973749919,-15.29328473711));
#2488 = CARTESIAN_POINT('',(-3.104573419982,-15.37643035073));
#2489 = CARTESIAN_POINT('',(-3.315147353006,-15.51048736457));
#2490 = CARTESIAN_POINT('',(-3.395374067311,-15.56156095882));
#2491 = CARTESIAN_POINT('',(-3.475592021859,-15.61262810174));
#2492 = CARTESIAN_POINT('',(-3.555798544222,-15.66368751385));
#2493 = CARTESIAN_POINT('',(-3.636004724568,-15.71474689811));
#2494 = CARTESIAN_POINT('',(-3.716221843894,-15.76581408733));
#2495 = CARTESIAN_POINT('',(-3.79644782856,-15.81688818763));
#2496 = CARTESIAN_POINT('',(-3.961545201563,-15.92199628278));
#2497 = CARTESIAN_POINT('',(-4.046463344136,-15.9760601995));
#2498 = CARTESIAN_POINT('',(-4.131367324068,-16.03011644387));
#2499 = CARTESIAN_POINT('',(-4.216259201203,-16.08416585549));
#2500 = CARTESIAN_POINT('',(-4.301151507746,-16.13821530155));
#2501 = CARTESIAN_POINT('',(-4.386056384066,-16.19227118093));
#2502 = CARTESIAN_POINT('',(-4.470974692125,-16.24633310242));
#2503 = CARTESIAN_POINT('',(-4.671508220643,-16.37399330554));
#2504 = CARTESIAN_POINT('',(-4.787285523999,-16.44769246386));
#2505 = CARTESIAN_POINT('',(-4.902996253881,-16.52134374137));
#2506 = CARTESIAN_POINT('',(-5.018659712152,-16.59496142705));
#2507 = CARTESIAN_POINT('',(-5.134318902476,-16.66857865867));
#2508 = CARTESIAN_POINT('',(-5.250017391217,-16.74223134409));
#2509 = CARTESIAN_POINT('',(-5.365785841701,-16.81593873706));
#2510 = CARTESIAN_POINT('',(-5.581631116812,-16.95337271541));
#2511 = CARTESIAN_POINT('',(-5.681889346904,-17.01721349535));
#2512 = CARTESIAN_POINT('',(-5.782112683253,-17.0810328151));
#2513 = CARTESIAN_POINT('',(-5.882310275348,-17.14483030712));
#2514 = CARTESIAN_POINT('',(-5.982507880001,-17.20861584704));
#2515 = CARTESIAN_POINT('',(-6.08273191331,-17.27240233094));
#2516 = CARTESIAN_POINT('',(-6.182990311076,-17.33621393537));
#2517 = CARTESIAN_POINT('',(-6.28318530718,-17.40000007286));
#2518 = ( GEOMETRIC_REPRESENTATION_CONTEXT(2) 
PARAMETRIC_REPRESENTATION_CONTEXT() REPRESENTATION_CONTEXT('2D SPACE',''
  ) );
#2519 = ORIENTED_EDGE('',*,*,#1525,.T.);
#2520 = ADVANCED_FACE('',(#2521),#763,.F.);
#2521 = FACE_BOUND('',#2522,.F.);
#2522 = EDGE_LOOP('',(#2523,#2545,#2546));
#2523 = ORIENTED_EDGE('',*,*,#2524,.F.);
#2524 = EDGE_CURVE('',#748,#1896,#2525,.T.);
#2525 = SURFACE_CURVE('',#2526,(#2531,#2538),.PCURVE_S1.);
#2526 = CIRCLE('',#2527,4.9);
#2527 = AXIS2_PLACEMENT_3D('',#2528,#2529,#2530);
#2528 = CARTESIAN_POINT('',(0.,0.,1.5));
#2529 = DIRECTION('',(0.,0.,1.));
#2530 = DIRECTION('',(1.,0.,-0.));
#2531 = PCURVE('',#763,#2532);
#2532 = DEFINITIONAL_REPRESENTATION('',(#2533),#2537);
#2533 = LINE('',#2534,#2535);
#2534 = CARTESIAN_POINT('',(-0.,-1.5));
#2535 = VECTOR('',#2536,1.);
#2536 = DIRECTION('',(-1.,-0.));
#2537 = ( GEOMETRIC_REPRESENTATION_CONTEXT(2) 
PARAMETRIC_REPRESENTATION_CONTEXT() REPRESENTATION_CONTEXT('2D SPACE',''
  ) );
#2538 = PCURVE('',#2067,#2539);
#2539 = DEFINITIONAL_REPRESENTATION('',(#2540),#2544);
#2540 = LINE('',#2541,#2542);
#2541 = CARTESIAN_POINT('',(-0.,-5.5));
#2542 = VECTOR('',#2543,1.);
#2543 = DIRECTION('',(-1.,0.));
#2544 = ( GEOMETRIC_REPRESENTATION_CONTEXT(2) 
PARAMETRIC_REPRESENTATION_CONTEXT() REPRESENTATION_CONTEXT('2D SPACE',''
  ) );
#2545 = ORIENTED_EDGE('',*,*,#747,.F.);
#2546 = ORIENTED_EDGE('',*,*,#1895,.F.);
#2547 = ADVANCED_FACE('',(#2548),#792,.F.);
#2548 = FACE_BOUND('',#2549,.T.);
#2549 = EDGE_LOOP('',(#2550,#2738,#2759));
#2550 = ORIENTED_EDGE('',*,*,#2551,.T.);
#2551 = EDGE_CURVE('',#776,#2552,#2554,.T.);
#2552 = VERTEX_POINT('',#2553);
#2553 = CARTESIAN_POINT('',(4.9,0.,2.600000072837));
#2554 = SURFACE_CURVE('',#2555,(#2614,#2676),.PCURVE_S1.);
#2555 = B_SPLINE_CURVE_WITH_KNOTS('',8,(#2556,#2557,#2558,#2559,#2560,
    #2561,#2562,#2563,#2564,#2565,#2566,#2567,#2568,#2569,#2570,#2571,
    #2572,#2573,#2574,#2575,#2576,#2577,#2578,#2579,#2580,#2581,#2582,
    #2583,#2584,#2585,#2586,#2587,#2588,#2589,#2590,#2591,#2592,#2593,
    #2594,#2595,#2596,#2597,#2598,#2599,#2600,#2601,#2602,#2603,#2604,
    #2605,#2606,#2607,#2608,#2609,#2610,#2611,#2612,#2613),
  .UNSPECIFIED.,.F.,.F.,(9,7,7,7,7,7,7,7,9),(0.,0.168312709689,
    0.326038035807,0.422066226345,0.511201134719,0.614806074696,
    0.719135268244,0.866836460516,1.),.UNSPECIFIED.);
#2556 = CARTESIAN_POINT('',(4.9,0.,-1.399999925899));
#2557 = CARTESIAN_POINT('',(4.9,0.647502704869,-1.315874790801));
#2558 = CARTESIAN_POINT('',(4.802212572275,1.296238531554,-1.23161592953
    ));
#2559 = CARTESIAN_POINT('',(4.605994909637,1.926963683474,-1.14745381676
    ));
#2560 = CARTESIAN_POINT('',(4.315992489818,2.522658722534,
    -1.063294178522));
#2561 = CARTESIAN_POINT('',(3.939263613688,3.067665103603,
    -0.979131110018));
#2562 = CARTESIAN_POINT('',(3.485995740389,3.548147377099,
    -0.894923642507));
#2563 = CARTESIAN_POINT('',(2.96871496658,3.951707024181,-0.810629643813
    ));
#2564 = CARTESIAN_POINT('',(1.875847952616,4.567205408488,
    -0.647676399838));
#2565 = CARTESIAN_POINT('',(1.304240122091,4.790579391902,
    -0.568738182001));
#2566 = CARTESIAN_POINT('',(0.703083547286,4.931537418133,
    -0.489871703501));
#2567 = CARTESIAN_POINT('',(8.635216692698E-02,4.986184927524,
    -0.411043705817));
#2568 = CARTESIAN_POINT('',(-0.531889764371,4.952917493456,
    -0.332207121344));
#2569 = CARTESIAN_POINT('',(-1.137547304196,4.832878840353,
    -0.253325357153));
#2570 = CARTESIAN_POINT('',(-1.716564967872,4.629425992401,
    -0.174368350888));
#2571 = CARTESIAN_POINT('',(-2.583226082745,4.180121847271,
    -4.752683834929E-02));
#2572 = CARTESIAN_POINT('',(-2.896616102038,3.981795974298,
    4.842501319917E-04));
#2573 = CARTESIAN_POINT('',(-3.192472079712,3.756680922796,
    4.84910094242E-02));
#2574 = CARTESIAN_POINT('',(-3.468141675019,3.506617531633,
    9.649160446628E-02));
#2575 = CARTESIAN_POINT('',(-3.721231042804,3.233723622724,
    0.144490885439));
#2576 = CARTESIAN_POINT('',(-3.94959609847,2.940369629126,0.192494083819
    ));
#2577 = CARTESIAN_POINT('',(-4.151366862419,2.629187617997,
    0.240500344674));
#2578 = CARTESIAN_POINT('',(-4.486178483602,2.000446669811,0.33304652153
    ));
#2579 = CARTESIAN_POINT('',(-4.623174026866,1.684835173392,
    0.377604353093));
#2580 = CARTESIAN_POINT('',(-4.734735748166,1.358602911997,
    0.422159793968));
#2581 = CARTESIAN_POINT('',(-4.819926761545,1.024155553085,
    0.466712157135));
#2582 = CARTESIAN_POINT('',(-4.878085377489,0.68396430769,0.511265171624
    ));
#2583 = CARTESIAN_POINT('',(-4.908811434465,0.340555816557,
    0.555822387446));
#2584 = CARTESIAN_POINT('',(-4.911982645185,-3.491646524744E-03,
    0.600382678305));
#2585 = CARTESIAN_POINT('',(-4.859693649907,-0.743128212842,
    0.696721701829));
#2586 = CARTESIAN_POINT('',(-4.794616683004,-1.138226205734,
    0.748524580127));
#2587 = CARTESIAN_POINT('',(-4.692827325556,-1.526648515102,
    0.800322352321));
#2588 = CARTESIAN_POINT('',(-4.555175237764,-1.904417439658,
    0.852111719149));
#2589 = CARTESIAN_POINT('',(-4.382990439875,-2.267742292114,
    0.903899146208));
#2590 = CARTESIAN_POINT('',(-4.178039593125,-2.613020159462,
    0.95569179894));
#2591 = CARTESIAN_POINT('',(-3.942550593091,-2.936863826035,
    1.007488473174));
#2592 = CARTESIAN_POINT('',(-3.414220134576,-3.537542109982,
    1.111414553294));
#2593 = CARTESIAN_POINT('',(-3.120845248776,-3.814195976404,
    1.163571378033));
#2594 = CARTESIAN_POINT('',(-2.80197945418,-4.062884976194,
    1.215720573909));
#2595 = CARTESIAN_POINT('',(-2.460770696953,-4.280912690087,
    1.267861400032));
#2596 = CARTESIAN_POINT('',(-2.100643981449,-4.466029320167,
    1.320002980265));
#2597 = CARTESIAN_POINT('',(-1.725267239354,-4.61640743911,
    1.372154413324));
#2598 = CARTESIAN_POINT('',(-1.338555319798,-4.730683930477,
    1.424314808862));
#2599 = CARTESIAN_POINT('',(-0.387139372345,-4.917622662555,
    1.550290973152));
#2600 = CARTESIAN_POINT('',(0.185594620163,-4.953406536885,1.62420885836
    ));
#2601 = CARTESIAN_POINT('',(0.761121713058,-4.912682326064,
    1.698085820703));
#2602 = CARTESIAN_POINT('',(1.327559799215,-4.795767640956,
    1.771934730711));
#2603 = CARTESIAN_POINT('',(1.873483774026,-4.604756439113,
    1.845780686546));
#2604 = CARTESIAN_POINT('',(2.388027581437,-4.343737811512,
    1.919647500669));
#2605 = CARTESIAN_POINT('',(2.860851443973,-4.018511429409,
    1.993557131422));
#2606 = CARTESIAN_POINT('',(3.663075149397,-3.294593930919,
    2.133931338994));
#2607 = CARTESIAN_POINT('',(4.002695731208,-2.905666850183,
    2.200532260858));
#2608 = CARTESIAN_POINT('',(4.29470172735,-2.477036330352,2.267106037081
    ));
#2609 = CARTESIAN_POINT('',(4.533889679546,-2.015636943289,
    2.333665721333));
#2610 = CARTESIAN_POINT('',(4.716193144954,-1.528949991395,
    2.400234929952));
#2611 = CARTESIAN_POINT('',(4.838784918,-1.025004442569,2.46683122408));
#2612 = CARTESIAN_POINT('',(4.9,-0.512307698972,2.53343980292));
#2613 = CARTESIAN_POINT('',(4.9,6.927791673661E-14,2.600000072837));
#2614 = PCURVE('',#792,#2615);
#2615 = DEFINITIONAL_REPRESENTATION('',(#2616),#2675);
#2616 = B_SPLINE_CURVE_WITH_KNOTS('',8,(#2617,#2618,#2619,#2620,#2621,
    #2622,#2623,#2624,#2625,#2626,#2627,#2628,#2629,#2630,#2631,#2632,
    #2633,#2634,#2635,#2636,#2637,#2638,#2639,#2640,#2641,#2642,#2643,
    #2644,#2645,#2646,#2647,#2648,#2649,#2650,#2651,#2652,#2653,#2654,
    #2655,#2656,#2657,#2658,#2659,#2660,#2661,#2662,#2663,#2664,#2665,
    #2666,#2667,#2668,#2669,#2670,#2671,#2672,#2673,#2674),
  .UNSPECIFIED.,.F.,.F.,(9,7,7,7,7,7,7,7,9),(0.,0.168312709689,
    0.326038035807,0.422066226345,0.511201134719,0.614806074696,
    0.719135268244,0.866836460516,1.),.UNSPECIFIED.);
#2617 = CARTESIAN_POINT('',(0.,-2.600000074101));
#2618 = CARTESIAN_POINT('',(-0.132143409157,-2.684125209199));
#2619 = CARTESIAN_POINT('',(-0.264537689685,-2.768384070471));
#2620 = CARTESIAN_POINT('',(-0.396778091599,-2.852546183239));
#2621 = CARTESIAN_POINT('',(-0.52893773972,-2.936705821479));
#2622 = CARTESIAN_POINT('',(-0.661097925393,-3.020868889981));
#2623 = CARTESIAN_POINT('',(-0.793338051358,-3.105076357493));
#2624 = CARTESIAN_POINT('',(-0.925735305707,-3.189370356187));
#2625 = CARTESIAN_POINT('',(-1.181709046689,-3.352323600162));
#2626 = CARTESIAN_POINT('',(-1.305722021881,-3.431261817999));
#2627 = CARTESIAN_POINT('',(-1.429632222245,-3.510128296499));
#2628 = CARTESIAN_POINT('',(-1.553479393476,-3.588956294182));
#2629 = CARTESIAN_POINT('',(-1.677325573606,-3.667792878657));
#2630 = CARTESIAN_POINT('',(-1.801230844945,-3.746674642847));
#2631 = CARTESIAN_POINT('',(-1.925247550304,-3.825631649112));
#2632 = CARTESIAN_POINT('',(-2.124473008332,-3.952473161651));
#2633 = CARTESIAN_POINT('',(-2.199881668376,-4.000484250132));
#2634 = CARTESIAN_POINT('',(-2.275283985167,-4.048491009424));
#2635 = CARTESIAN_POINT('',(-2.350678103282,-4.096491604466));
#2636 = CARTESIAN_POINT('',(-2.426072191418,-4.144490885439));
#2637 = CARTESIAN_POINT('',(-2.501474406077,-4.192494083819));
#2638 = CARTESIAN_POINT('',(-2.576882858498,-4.240500344674));
#2639 = CARTESIAN_POINT('',(-2.722256323976,-4.33304652153));
#2640 = CARTESIAN_POINT('',(-2.792249365279,-4.377604353093));
#2641 = CARTESIAN_POINT('',(-2.862238809,-4.422159793968));
#2642 = CARTESIAN_POINT('',(-2.932222916788,-4.466712157135));
#2643 = CARTESIAN_POINT('',(-3.002207019746,-4.511265171624));
#2644 = CARTESIAN_POINT('',(-3.072196463389,-4.555822387446));
#2645 = CARTESIAN_POINT('',(-3.142189589521,-4.600382678305));
#2646 = CARTESIAN_POINT('',(-3.293512561291,-4.696721701829));
#2647 = CARTESIAN_POINT('',(-3.374880074654,-4.748524580127));
#2648 = CARTESIAN_POINT('',(-3.456239066336,-4.800322352321));
#2649 = CARTESIAN_POINT('',(-3.537585495615,-4.852111719149));
#2650 = CARTESIAN_POINT('',(-3.618930744604,-4.903899146208));
#2651 = CARTESIAN_POINT('',(-3.700286959221,-4.95569179894));
#2652 = CARTESIAN_POINT('',(-3.781652496348,-5.007488473174));
#2653 = CARTESIAN_POINT('',(-3.944911102613,-5.111414553294));
#2654 = CARTESIAN_POINT('',(-4.026847274463,-5.163571378033));
#2655 = CARTESIAN_POINT('',(-4.108773446125,-5.215720573909));
#2656 = CARTESIAN_POINT('',(-4.190687095527,-5.267861400032));
#2657 = CARTESIAN_POINT('',(-4.272600722109,-5.320002980265));
#2658 = CARTESIAN_POINT('',(-4.354526808671,-5.372154413324));
#2659 = CARTESIAN_POINT('',(-4.436462748046,-5.424314808862));
#2660 = CARTESIAN_POINT('',(-4.634341797113,-5.550290973152));
#2661 = CARTESIAN_POINT('',(-4.750441074478,-5.62420885836));
#2662 = CARTESIAN_POINT('',(-4.866467560194,-5.698085820703));
#2663 = CARTESIAN_POINT('',(-4.982445364294,-5.771934730712));
#2664 = CARTESIAN_POINT('',(-5.098423392457,-5.845780686546));
#2665 = CARTESIAN_POINT('',(-5.214448798268,-5.919647500669));
#2666 = CARTESIAN_POINT('',(-5.330553310731,-5.993557131422));
#2667 = CARTESIAN_POINT('',(-5.551076657256,-6.133931338994));
#2668 = CARTESIAN_POINT('',(-5.655708714607,-6.200532260858));
#2669 = CARTESIAN_POINT('',(-5.760297364622,-6.267106037082));
#2670 = CARTESIAN_POINT('',(-5.86485507618,-6.333665721332));
#2671 = CARTESIAN_POINT('',(-5.969412589884,-6.400234929952));
#2672 = CARTESIAN_POINT('',(-6.074000839389,-6.46683122408));
#2673 = CARTESIAN_POINT('',(-6.178632715553,-6.53343980292));
#2674 = CARTESIAN_POINT('',(-6.28318530718,-6.600000072837));
#2675 = ( GEOMETRIC_REPRESENTATION_CONTEXT(2) 
PARAMETRIC_REPRESENTATION_CONTEXT() REPRESENTATION_CONTEXT('2D SPACE',''
  ) );
#2676 = PCURVE('',#890,#2677);
#2677 = DEFINITIONAL_REPRESENTATION('',(#2678),#2737);
#2678 = B_SPLINE_CURVE_WITH_KNOTS('',8,(#2679,#2680,#2681,#2682,#2683,
    #2684,#2685,#2686,#2687,#2688,#2689,#2690,#2691,#2692,#2693,#2694,
    #2695,#2696,#2697,#2698,#2699,#2700,#2701,#2702,#2703,#2704,#2705,
    #2706,#2707,#2708,#2709,#2710,#2711,#2712,#2713,#2714,#2715,#2716,
    #2717,#2718,#2719,#2720,#2721,#2722,#2723,#2724,#2725,#2726,#2727,
    #2728,#2729,#2730,#2731,#2732,#2733,#2734,#2735,#2736),
  .UNSPECIFIED.,.F.,.F.,(9,7,7,7,7,7,7,7,9),(0.,0.168312709689,
    0.326038035807,0.422066226345,0.511201134719,0.614806074696,
    0.719135268244,0.866836460516,1.),.UNSPECIFIED.);
#2679 = CARTESIAN_POINT('',(0.170000157465,7.448383556474));
#2680 = CARTESIAN_POINT('',(0.170000217136,7.605032572423));
#2681 = CARTESIAN_POINT('',(0.169976253712,7.761951650293));
#2682 = CARTESIAN_POINT('',(0.169919434692,7.918719363879));
#2683 = CARTESIAN_POINT('',(0.169952445425,8.075403753634));
#2684 = CARTESIAN_POINT('',(0.169999605459,8.232082132094));
#2685 = CARTESIAN_POINT('',(0.170038877075,8.38885009824));
#2686 = CARTESIAN_POINT('',(0.170054258454,8.545800128285));
#2687 = CARTESIAN_POINT('',(0.170047231333,8.849240851738));
#2688 = CARTESIAN_POINT('',(0.170027000935,8.996249110166));
#2689 = CARTESIAN_POINT('',(0.169992660799,9.143136147152));
#2690 = CARTESIAN_POINT('',(0.169958616735,9.289951269727));
#2691 = CARTESIAN_POINT('',(0.169942448448,9.436766717538));
#2692 = CARTESIAN_POINT('',(0.169943296217,9.583651383481));
#2693 = CARTESIAN_POINT('',(0.169955077263,9.730666576767));
#2694 = CARTESIAN_POINT('',(0.16998033675,9.966835501445));
#2695 = CARTESIAN_POINT('',(0.169991363038,10.05622708982));
#2696 = CARTESIAN_POINT('',(0.17000231705,10.145610680164));
#2697 = CARTESIAN_POINT('',(0.170011573656,10.234984279485));
#2698 = CARTESIAN_POINT('',(0.170018041635,10.324357875503));
#2699 = CARTESIAN_POINT('',(0.170021436756,10.413741458793));
#2700 = CARTESIAN_POINT('',(0.170022208504,10.503133043514));
#2701 = CARTESIAN_POINT('',(0.170020110504,10.675464737428));
#2702 = CARTESIAN_POINT('',(0.170017503654,10.758437976741));
#2703 = CARTESIAN_POINT('',(0.170013892703,10.841407644238));
#2704 = CARTESIAN_POINT('',(0.170010189004,10.92437166202));
#2705 = CARTESIAN_POINT('',(0.170007255851,11.007336217412));
#2706 = CARTESIAN_POINT('',(0.170005664052,11.090307420686));
#2707 = CARTESIAN_POINT('',(0.170005569693,11.173283037798));
#2708 = CARTESIAN_POINT('',(0.17000804427,11.35267336904));
#2709 = CARTESIAN_POINT('',(0.170011036815,11.449132673456));
#2710 = CARTESIAN_POINT('',(0.170015393715,11.545581274258));
#2711 = CARTESIAN_POINT('',(0.17001993106,11.642014065344));
#2712 = CARTESIAN_POINT('',(0.170023128138,11.738444418842));
#2713 = CARTESIAN_POINT('',(0.170023641273,11.83488685493));
#2714 = CARTESIAN_POINT('',(0.170020782381,11.931339734282));
#2715 = CARTESIAN_POINT('',(0.170009101443,12.124870296621));
#2716 = CARTESIAN_POINT('',(0.170000236142,12.221999074045));
#2717 = CARTESIAN_POINT('',(0.169988622072,12.319116054486));
#2718 = CARTESIAN_POINT('',(0.169975629487,12.416218657612));
#2719 = CARTESIAN_POINT('',(0.169963433499,12.51332196692));
#2720 = CARTESIAN_POINT('',(0.169954459336,12.610440799912));
#2721 = CARTESIAN_POINT('',(0.169950582529,12.707571855189));
#2722 = CARTESIAN_POINT('',(0.169954209737,12.942148374388));
#2723 = CARTESIAN_POINT('',(0.169967165545,13.079779211647));
#2724 = CARTESIAN_POINT('',(0.169992082602,13.217323365203));
#2725 = CARTESIAN_POINT('',(0.170024908843,13.354808351955));
#2726 = CARTESIAN_POINT('',(0.170053819418,13.49229126898));
#2727 = CARTESIAN_POINT('',(0.170063069525,13.629830254213));
#2728 = CARTESIAN_POINT('',(0.170053340214,13.767465599407));
#2729 = CARTESIAN_POINT('',(0.170015624913,14.02888888344));
#2730 = CARTESIAN_POINT('',(0.169989517651,14.152929063531));
#2731 = CARTESIAN_POINT('',(0.169961564774,14.276920313118));
#2732 = CARTESIAN_POINT('',(0.169944419459,14.400875851637));
#2733 = CARTESIAN_POINT('',(0.169950672514,14.524828621933));
#2734 = CARTESIAN_POINT('',(0.169985184134,14.648807065598));
#2735 = CARTESIAN_POINT('',(0.170000106255,14.772825550478));
#2736 = CARTESIAN_POINT('',(0.170000154778,14.896767112949));
#2737 = ( GEOMETRIC_REPRESENTATION_CONTEXT(2) 
PARAMETRIC_REPRESENTATION_CONTEXT() REPRESENTATION_CONTEXT('2D SPACE',''
  ) );
#2738 = ORIENTED_EDGE('',*,*,#2739,.F.);
#2739 = EDGE_CURVE('',#748,#2552,#2740,.T.);
#2740 = SURFACE_CURVE('',#2741,(#2745,#2752),.PCURVE_S1.);
#2741 = LINE('',#2742,#2743);
#2742 = CARTESIAN_POINT('',(4.9,0.,-4.));
#2743 = VECTOR('',#2744,1.);
#2744 = DIRECTION('',(0.,0.,1.));
#2745 = PCURVE('',#792,#2746);
#2746 = DEFINITIONAL_REPRESENTATION('',(#2747),#2751);
#2747 = LINE('',#2748,#2749);
#2748 = CARTESIAN_POINT('',(-6.28318530718,0.));
#2749 = VECTOR('',#2750,1.);
#2750 = DIRECTION('',(-0.,-1.));
#2751 = ( GEOMETRIC_REPRESENTATION_CONTEXT(2) 
PARAMETRIC_REPRESENTATION_CONTEXT() REPRESENTATION_CONTEXT('2D SPACE',''
  ) );
#2752 = PCURVE('',#2067,#2753);
#2753 = DEFINITIONAL_REPRESENTATION('',(#2754),#2758);
#2754 = LINE('',#2755,#2756);
#2755 = CARTESIAN_POINT('',(-0.,0.));
#2756 = VECTOR('',#2757,1.);
#2757 = DIRECTION('',(-0.,-1.));
#2758 = ( GEOMETRIC_REPRESENTATION_CONTEXT(2) 
PARAMETRIC_REPRESENTATION_CONTEXT() REPRESENTATION_CONTEXT('2D SPACE',''
  ) );
#2759 = ORIENTED_EDGE('',*,*,#775,.F.);
#2760 = ADVANCED_FACE('',(#2761),#890,.T.);
#2761 = FACE_BOUND('',#2762,.T.);
#2762 = EDGE_LOOP('',(#2763,#2764,#2856,#2857,#2889,#3098,#3296));
#2763 = ORIENTED_EDGE('',*,*,#804,.F.);
#2764 = ORIENTED_EDGE('',*,*,#2765,.T.);
#2765 = EDGE_CURVE('',#805,#1411,#2766,.T.);
#2766 = SURFACE_CURVE('',#2767,(#2842,#2849),.PCURVE_S1.);
#2767 = B_SPLINE_CURVE_WITH_KNOTS('',10,(#2768,#2769,#2770,#2771,#2772,
    #2773,#2774,#2775,#2776,#2777,#2778,#2779,#2780,#2781,#2782,#2783,
    #2784,#2785,#2786,#2787,#2788,#2789,#2790,#2791,#2792,#2793,#2794,
    #2795,#2796,#2797,#2798,#2799,#2800,#2801,#2802,#2803,#2804,#2805,
    #2806,#2807,#2808,#2809,#2810,#2811,#2812,#2813,#2814,#2815,#2816,
    #2817,#2818,#2819,#2820,#2821,#2822,#2823,#2824,#2825,#2826,#2827,
    #2828,#2829,#2830,#2831,#2832,#2833,#2834,#2835,#2836,#2837,#2838,
    #2839,#2840,#2841),.UNSPECIFIED.,.F.,.F.,(11,9,9,9,9,9,9,9,11),(0.,
    7.448383556474,14.896767112949,22.345150669423,29.793534225897,
    37.241917782372,44.690301338846,52.13868489532,59.587068451795),
  .UNSPECIFIED.);
#2768 = CARTESIAN_POINT('',(6.4,1.893005680638E-15,-4.6));
#2769 = CARTESIAN_POINT('',(6.399999718003,4.021243822924,
    -4.200000703992));
#2770 = CARTESIAN_POINT('',(3.593251162585,8.045691462722,-3.79999874229
    ));
#2771 = CARTESIAN_POINT('',(-2.026807337359,9.839340787289,
    -3.40000234905));
#2772 = CARTESIAN_POINT('',(-8.444448880156,7.326536253805,
    -2.999998189386));
#2773 = CARTESIAN_POINT('',(-11.84398034624,-3.736336894949E-06,
    -2.600000594218));
#2774 = CARTESIAN_POINT('',(-8.444450825059,-7.326530566095,
    -2.200001264341));
#2775 = CARTESIAN_POINT('',(-2.026805107341,-9.839343338578,
    -1.799998630711));
#2776 = CARTESIAN_POINT('',(3.593250070644,-8.045690954894,
    -1.400001064064));
#2777 = CARTESIAN_POINT('',(6.400000063903,-4.021243746966,
    -0.999999880636));
#2778 = CARTESIAN_POINT('',(6.39999982503,4.021243785649,-0.200000417093
    ));
#2779 = CARTESIAN_POINT('',(3.593250999049,8.045691519674,0.200000819334
    ));
#2780 = CARTESIAN_POINT('',(-2.026807134682,9.839340716715,
    0.599998194246));
#2781 = CARTESIAN_POINT('',(-8.444449085627,7.32653632534,1.000001259825
    ));
#2782 = CARTESIAN_POINT('',(-11.84398017631,-3.795489493947E-06,
    1.399999861312));
#2783 = CARTESIAN_POINT('',(-8.444450937938,-7.326530526809,
    1.799998433066));
#2784 = CARTESIAN_POINT('',(-2.026805049335,-9.839343358762,
    2.200001524786));
#2785 = CARTESIAN_POINT('',(3.593250049635,-8.045690947584,
    2.599998879616));
#2786 = CARTESIAN_POINT('',(6.400000067628,-4.021243748262,
    3.000000129351));
#2787 = CARTESIAN_POINT('',(6.3999998232,4.021243786285,3.799999578002)
  );
#2788 = CARTESIAN_POINT('',(3.59325100185,8.045691518704,4.200000826841)
  );
#2789 = CARTESIAN_POINT('',(-2.026807138152,9.839340717916,
    4.599998184936));
#2790 = CARTESIAN_POINT('',(-8.444449082125,7.326536324125,
    5.000001269253));
#2791 = CARTESIAN_POINT('',(-11.84398017917,-3.794487378087E-06,
    5.399999853546));
#2792 = CARTESIAN_POINT('',(-8.444450936063,-7.326530527471,
    5.799998438187));
#2793 = CARTESIAN_POINT('',(-2.026805050278,-9.839343358427,
    6.200001522185));
#2794 = CARTESIAN_POINT('',(3.593250049968,-8.045690947703,
    6.599998880542));
#2795 = CARTESIAN_POINT('',(6.400000067573,-4.021243748242,
    7.000000129195));
#2796 = CARTESIAN_POINT('',(6.399999823222,4.021243786276,7.799999578068
    ));
#2797 = CARTESIAN_POINT('',(3.593251001836,8.045691518714,8.20000082678)
  );
#2798 = CARTESIAN_POINT('',(-2.026807138156,9.839340717906,8.59999818497
    ));
#2799 = CARTESIAN_POINT('',(-8.444449082115,7.326536324142,
    9.000001269236));
#2800 = CARTESIAN_POINT('',(-11.84398017917,-3.794514430191E-06,
    9.399999853581));
#2801 = CARTESIAN_POINT('',(-8.444450936093,-7.326530527438,
    9.799998438121));
#2802 = CARTESIAN_POINT('',(-2.026805050244,-9.839343358453,
    10.200001522254));
#2803 = CARTESIAN_POINT('',(3.593250049946,-8.045690947689,
    10.599998880498));
#2804 = CARTESIAN_POINT('',(6.400000067581,-4.021243748246,
    11.000000129211));
#2805 = CARTESIAN_POINT('',(6.399999823211,4.021243786281,
    11.799999578043));
#2806 = CARTESIAN_POINT('',(3.593251001874,8.045691518693,
    12.200000826866));
#2807 = CARTESIAN_POINT('',(-2.026807138221,9.83934071795,
    12.599998184816));
#2808 = CARTESIAN_POINT('',(-8.444449082049,7.326536324081,
    13.000001269401));
#2809 = CARTESIAN_POINT('',(-11.8439801792,-3.794464602505E-06,
    13.399999853482));
#2810 = CARTESIAN_POINT('',(-8.444450936098,-7.326530527461,
    13.799998438133));
#2811 = CARTESIAN_POINT('',(-2.026805050223,-9.839343358451,
    14.200001522286));
#2812 = CARTESIAN_POINT('',(3.593250049932,-8.045690947686,
    14.599998880473));
#2813 = CARTESIAN_POINT('',(6.400000067584,-4.021243748247,
    15.000000129217));
#2814 = CARTESIAN_POINT('',(6.399999823211,4.021243786279,
    15.799999578044));
#2815 = CARTESIAN_POINT('',(3.593251001867,8.045691518705,
    16.200000826851));
#2816 = CARTESIAN_POINT('',(-2.026807138188,9.839340717922,
    16.599998184876));
#2817 = CARTESIAN_POINT('',(-8.444449082139,7.326536324125,
    17.000001269248));
#2818 = CARTESIAN_POINT('',(-11.84398017904,-3.794512506258E-06,
    17.399999853754));
#2819 = CARTESIAN_POINT('',(-8.444450936296,-7.326530527417,
    17.799998437785));
#2820 = CARTESIAN_POINT('',(-2.026805050048,-9.839343358488,
    18.200001522613));
#2821 = CARTESIAN_POINT('',(3.593250049817,-8.045690947658,
    18.59999888024));
#2822 = CARTESIAN_POINT('',(6.400000067641,-4.021243748264,
    19.000000129344));
#2823 = CARTESIAN_POINT('',(6.39999982311,4.021243786313,19.79999957781)
  );
#2824 = CARTESIAN_POINT('',(3.593251002375,8.045691518521,
    20.200000828042));
#2825 = CARTESIAN_POINT('',(-2.026807139485,9.839340718402,
    20.599998181828));
#2826 = CARTESIAN_POINT('',(-8.444449079777,7.326536323269,
    21.000001274797));
#2827 = CARTESIAN_POINT('',(-11.84398018242,-3.793343293178E-06,
    21.399999845815));
#2828 = CARTESIAN_POINT('',(-8.444450932316,-7.326530528718,
    21.799998447109));
#2829 = CARTESIAN_POINT('',(-2.02680505395,-9.839343357269,
    22.200001513484));
#2830 = CARTESIAN_POINT('',(3.593250052993,-8.045690948626,
    22.599998887665));
#2831 = CARTESIAN_POINT('',(6.400000065534,-4.021243747625,
    23.000000124414));
#2832 = CARTESIAN_POINT('',(6.39999982743,4.021243784997,23.79999958793)
  );
#2833 = CARTESIAN_POINT('',(3.593250978094,8.045691525956,
    24.200000771144));
#2834 = CARTESIAN_POINT('',(-2.026807072706,9.839340697916,
    24.599998338347));
#2835 = CARTESIAN_POINT('',(-8.444449209267,7.326536362975,
    25.000000971249));
#2836 = CARTESIAN_POINT('',(-11.84397998799,-3.852858208118E-06,
    25.4000003016));
#2837 = CARTESIAN_POINT('',(-8.444451167088,-7.326530457014,
    25.799997896841));
#2838 = CARTESIAN_POINT('',(-2.02680482242,-9.839343427845,
    26.20000205602));
#2839 = CARTESIAN_POINT('',(3.593249866076,-8.045690891721,
    26.599998449778));
#2840 = CARTESIAN_POINT('',(6.400000187958,-4.021243784877,
    27.000000411167));
#2841 = CARTESIAN_POINT('',(6.399999882917,3.802882317863E-08,
    27.399999707292));
#2842 = PCURVE('',#890,#2843);
#2843 = DEFINITIONAL_REPRESENTATION('',(#2844),#2848);
#2844 = LINE('',#2845,#2846);
#2845 = CARTESIAN_POINT('',(1.87,0.));
#2846 = VECTOR('',#2847,1.);
#2847 = DIRECTION('',(0.,1.));
#2848 = ( GEOMETRIC_REPRESENTATION_CONTEXT(2) 
PARAMETRIC_REPRESENTATION_CONTEXT() REPRESENTATION_CONTEXT('2D SPACE',''
  ) );
#2849 = PCURVE('',#1165,#2850);
#2850 = DEFINITIONAL_REPRESENTATION('',(#2851),#2855);
#2851 = LINE('',#2852,#2853);
#2852 = CARTESIAN_POINT('',(0.,0.));
#2853 = VECTOR('',#2854,1.);
#2854 = DIRECTION('',(0.,1.));
#2855 = ( GEOMETRIC_REPRESENTATION_CONTEXT(2) 
PARAMETRIC_REPRESENTATION_CONTEXT() REPRESENTATION_CONTEXT('2D SPACE',''
  ) );
#2856 = ORIENTED_EDGE('',*,*,#1439,.T.);
#2857 = ORIENTED_EDGE('',*,*,#2858,.T.);
#2858 = EDGE_CURVE('',#1440,#2859,#2861,.T.);
#2859 = VERTEX_POINT('',#2860);
#2860 = CARTESIAN_POINT('',(4.839674730609,-0.766517134827,10.5));
#2861 = SURFACE_CURVE('',#2862,(#2869,#2879),.PCURVE_S1.);
#2862 = B_SPLINE_CURVE_WITH_KNOTS('',5,(#2863,#2864,#2865,#2866,#2867,
    #2868),.UNSPECIFIED.,.F.,.F.,(6,6),(0.,1.),
  .PIECEWISE_BEZIER_KNOTS.);
#2863 = CARTESIAN_POINT('',(5.990908361403,-4.662936703426E-15,
    11.181817725877));
#2864 = CARTESIAN_POINT('',(5.775609087034,-0.185723873056,
    11.047255679396));
#2865 = CARTESIAN_POINT('',(5.551631015144,-0.356039878051,
    10.911767501653));
#2866 = CARTESIAN_POINT('',(5.320105950847,-0.510081353471,
    10.775376285961));
#2867 = CARTESIAN_POINT('',(5.082315004899,-0.647101674184,
    10.638107910319));
#2868 = CARTESIAN_POINT('',(4.83967473085,-0.766517122819,10.5));
#2869 = PCURVE('',#890,#2870);
#2870 = DEFINITIONAL_REPRESENTATION('',(#2871),#2878);
#2871 = B_SPLINE_CURVE_WITH_KNOTS('',5,(#2872,#2873,#2874,#2875,#2876,
    #2877),.UNSPECIFIED.,.F.,.F.,(6,6),(0.,1.),
  .PIECEWISE_BEZIER_KNOTS.);
#2872 = CARTESIAN_POINT('',(1.406362896757,29.793534223158));
#2873 = CARTESIAN_POINT('',(1.162357057407,29.756784271039));
#2874 = CARTESIAN_POINT('',(0.916670055014,29.719782958764));
#2875 = CARTESIAN_POINT('',(0.66934389748,29.682536469266));
#2876 = CARTESIAN_POINT('',(0.420426585047,29.645050927031));
#2877 = CARTESIAN_POINT('',(0.169987023453,29.607336008246));
#2878 = ( GEOMETRIC_REPRESENTATION_CONTEXT(2) 
PARAMETRIC_REPRESENTATION_CONTEXT() REPRESENTATION_CONTEXT('2D SPACE',''
  ) );
#2879 = PCURVE('',#1484,#2880);
#2880 = DEFINITIONAL_REPRESENTATION('',(#2881),#2888);
#2881 = B_SPLINE_CURVE_WITH_KNOTS('',5,(#2882,#2883,#2884,#2885,#2886,
    #2887),.UNSPECIFIED.,.F.,.F.,(6,6),(0.,1.),
  .PIECEWISE_BEZIER_KNOTS.);
#2882 = CARTESIAN_POINT('',(6.28318530718,0.681817725877));
#2883 = CARTESIAN_POINT('',(6.252184353426,0.547255679396));
#2884 = CARTESIAN_POINT('',(6.220970000022,0.411767501653));
#2885 = CARTESIAN_POINT('',(6.189548280988,0.275376285962));
#2886 = CARTESIAN_POINT('',(6.157924840506,0.138107910318));
#2887 = CARTESIAN_POINT('',(6.126108103564,0.));
#2888 = ( GEOMETRIC_REPRESENTATION_CONTEXT(2) 
PARAMETRIC_REPRESENTATION_CONTEXT() REPRESENTATION_CONTEXT('2D SPACE',''
  ) );
#2889 = ORIENTED_EDGE('',*,*,#2890,.F.);
#2890 = EDGE_CURVE('',#2891,#2859,#2893,.T.);
#2891 = VERTEX_POINT('',#2892);
#2892 = CARTESIAN_POINT('',(4.9,0.,6.600000072859));
#2893 = SURFACE_CURVE('',#2894,(#2960,#3029),.PCURVE_S1.);
#2894 = B_SPLINE_CURVE_WITH_KNOTS('',8,(#2895,#2896,#2897,#2898,#2899,
    #2900,#2901,#2902,#2903,#2904,#2905,#2906,#2907,#2908,#2909,#2910,
    #2911,#2912,#2913,#2914,#2915,#2916,#2917,#2918,#2919,#2920,#2921,
    #2922,#2923,#2924,#2925,#2926,#2927,#2928,#2929,#2930,#2931,#2932,
    #2933,#2934,#2935,#2936,#2937,#2938,#2939,#2940,#2941,#2942,#2943,
    #2944,#2945,#2946,#2947,#2948,#2949,#2950,#2951,#2952,#2953,#2954,
    #2955,#2956,#2957,#2958,#2959),.UNSPECIFIED.,.F.,.F.,(9,7,7,7,7,7,7,
    7,7,9),(0.,9.887013883387E-02,0.214002609347,0.316708273277,
    0.424671265732,0.513555136102,0.611067440046,0.723075889566,
    0.840188383544,1.),.UNSPECIFIED.);
#2895 = CARTESIAN_POINT('',(4.9,0.,6.600000072859));
#2896 = CARTESIAN_POINT('',(4.9,0.38039421186,6.649421819719));
#2897 = CARTESIAN_POINT('',(4.866250448724,0.760898006175,6.698848455385
    ));
#2898 = CARTESIAN_POINT('',(4.7987193706,1.137870892201,6.748268228375)
  );
#2899 = CARTESIAN_POINT('',(4.697874197928,1.507808678688,6.797685420968
    ));
#2900 = CARTESIAN_POINT('',(4.564593619826,1.867330260996,6.847109086149
    ));
#2901 = CARTESIAN_POINT('',(4.400133658195,2.213180570248,6.896544527342
    ));
#2902 = CARTESIAN_POINT('',(4.206147970702,2.542249684546,6.945987520938
    ));
#2903 = CARTESIAN_POINT('',(3.726962905587,3.21185032827,7.052985992859)
  );
#2904 = CARTESIAN_POINT('',(3.431830034839,3.545613706766,7.110577479991
    ));
#2905 = CARTESIAN_POINT('',(3.102689401393,3.848138185847,7.168154447914
    ));
#2906 = CARTESIAN_POINT('',(2.743475772758,4.115443850654,7.225714491515
    ));
#2907 = CARTESIAN_POINT('',(2.358564333821,4.344191838993,7.28326742796)
  );
#2908 = CARTESIAN_POINT('',(1.9527193585,4.531633613448,7.340825888732)
  );
#2909 = CARTESIAN_POINT('',(1.531118997636,4.675673487556,7.398394776187
    ));
#2910 = CARTESIAN_POINT('',(0.714306741585,4.863736846689,7.507276338913
    ));
#2911 = CARTESIAN_POINT('',(0.320921771579,4.916932053956,7.558624801697
    ));
#2912 = CARTESIAN_POINT('',(-7.677252948117E-02,4.933708899516,
    7.60996858963));
#2913 = CARTESIAN_POINT('',(-0.474834996416,4.913721353036,
    7.661307288129));
#2914 = CARTESIAN_POINT('',(-0.86935692167,4.857117241229,7.712648718978
    ));
#2915 = CARTESIAN_POINT('',(-1.256474726276,4.764501401593,
    7.763999974955));
#2916 = CARTESIAN_POINT('',(-1.632389149092,4.636968128457,7.81535882634
    ));
#2917 = CARTESIAN_POINT('',(-2.37287182885,4.307208395737,7.920680521218
    ));
#2918 = CARTESIAN_POINT('',(-2.736097684689,4.101393276912,
    7.974673495281));
#2919 = CARTESIAN_POINT('',(-3.07871453965,3.860651146433,8.028657641059
    ));
#2920 = CARTESIAN_POINT('',(-3.396838478551,3.587448647571,
    8.082633156346));
#2921 = CARTESIAN_POINT('',(-3.686988060445,3.284697945444,
    8.136607315706));
#2922 = CARTESIAN_POINT('',(-3.946061778619,2.955716502594,
    8.190587776155));
#2923 = CARTESIAN_POINT('',(-4.171380641935,2.604253943693,
    8.244575542094));
#2924 = CARTESIAN_POINT('',(-4.516774415258,1.930208597148,
    8.342975276864));
#2925 = CARTESIAN_POINT('',(-4.648485193324,1.613354382734,
    8.387414352544));
#2926 = CARTESIAN_POINT('',(-4.754737282508,1.28632917028,8.431851270098
    ));
#2927 = CARTESIAN_POINT('',(-4.834637647632,0.951534924255,
    8.476285153935));
#2928 = CARTESIAN_POINT('',(-4.887567350704,0.611433547446,
    8.520719595361));
#2929 = CARTESIAN_POINT('',(-4.913167334859,0.268536910154,8.56515810769
    ));
#2930 = CARTESIAN_POINT('',(-4.911353857722,-7.459708565865E-02,
    8.609599692555));
#2931 = CARTESIAN_POINT('',(-4.850559048504,-0.78920764461,
    8.702782868815));
#2932 = CARTESIAN_POINT('',(-4.786031766059,-1.160358628229,
    8.751543115898));
#2933 = CARTESIAN_POINT('',(-4.689051244788,-1.525345852492,
    8.800299434315));
#2934 = CARTESIAN_POINT('',(-4.560341528988,-1.8808620149,8.849049633114
    ));
#2935 = CARTESIAN_POINT('',(-4.401004143438,-2.22374371131,
    8.897798530936));
#2936 = CARTESIAN_POINT('',(-4.212488918346,-2.550972508741,
    8.946551252204));
#2937 = CARTESIAN_POINT('',(-3.996612685118,-2.859695395747,
    8.995306443312));
#2938 = CARTESIAN_POINT('',(-3.478813979699,-3.477583765574,
    9.100038486791));
#2939 = CARTESIAN_POINT('',(-3.168695618945,-3.780201040562,
    9.15604654036));
#2940 = CARTESIAN_POINT('',(-2.828649104626,-4.0510024353,9.212042295684
    ));
#2941 = CARTESIAN_POINT('',(-2.462543092087,-4.286594904694,
    9.268028044049));
#2942 = CARTESIAN_POINT('',(-2.074604547179,-4.484182294559,
    9.324014637504));
#2943 = CARTESIAN_POINT('',(-1.669378281034,-4.641521914256,
    9.380012916933));
#2944 = CARTESIAN_POINT('',(-1.251744050901,-4.756981266239,
    9.436025065138));
#2945 = CARTESIAN_POINT('',(-0.382813614646,-4.905761973153,
    9.550565260399));
#2946 = CARTESIAN_POINT('',(6.952970743539E-02,-4.935165643333,
    9.609141821517));
#2947 = CARTESIAN_POINT('',(0.524054858097,-4.916821503915,
    9.667708400465));
#2948 = CARTESIAN_POINT('',(0.974869213008,-4.850681320183,
    9.726265626806));
#2949 = CARTESIAN_POINT('',(1.416230801384,-4.73751524743,9.784822220862
    ));
#2950 = CARTESIAN_POINT('',(1.842548732384,-4.57883263609,9.843386993937
    ));
#2951 = CARTESIAN_POINT('',(2.248412142668,-4.376951374868,
    9.901961118719));
#2952 = CARTESIAN_POINT('',(3.147643315467,-3.805320855355,
    10.040395685128));
#2953 = CARTESIAN_POINT('',(3.62009750245,-3.400483585104,
    10.120405031912));
#2954 = CARTESIAN_POINT('',(4.032038465675,-2.929033092223,
    10.200335642186));
#2955 = CARTESIAN_POINT('',(4.37308377134,-2.401949081048,
    10.280223573868));
#2956 = CARTESIAN_POINT('',(4.634922609584,-1.831376185159,
    10.360122985485));
#2957 = CARTESIAN_POINT('',(4.811806828403,-1.230846263997,
    10.440088997664));
#2958 = CARTESIAN_POINT('',(4.9,-0.614917541575,10.520108481106));
#2959 = CARTESIAN_POINT('',(4.9,3.552713678801E-15,10.600000072862));
#2960 = PCURVE('',#890,#2961);
#2961 = DEFINITIONAL_REPRESENTATION('',(#2962),#3028);
#2962 = B_SPLINE_CURVE_WITH_KNOTS('',8,(#2963,#2964,#2965,#2966,#2967,
    #2968,#2969,#2970,#2971,#2972,#2973,#2974,#2975,#2976,#2977,#2978,
    #2979,#2980,#2981,#2982,#2983,#2984,#2985,#2986,#2987,#2988,#2989,
    #2990,#2991,#2992,#2993,#2994,#2995,#2996,#2997,#2998,#2999,#3000,
    #3001,#3002,#3003,#3004,#3005,#3006,#3007,#3008,#3009,#3010,#3011,
    #3012,#3013,#3014,#3015,#3016,#3017,#3018,#3019,#3020,#3021,#3022,
    #3023,#3024,#3025,#3026,#3027),.UNSPECIFIED.,.F.,.F.,(9,7,7,7,7,7,7,
    7,7,9),(0.,9.887013883387E-02,0.214002609347,0.316708273277,
    0.424671265732,0.513555136102,0.611067440046,0.723075889566,
    0.840188383544,1.),.UNSPECIFIED.);
#2963 = CARTESIAN_POINT('',(0.170000154826,22.345150669423));
#2964 = CARTESIAN_POINT('',(0.170000190841,22.437178669523));
#2965 = CARTESIAN_POINT('',(0.169991604361,22.529223328773));
#2966 = CARTESIAN_POINT('',(0.169974250764,22.621262891511));
#2967 = CARTESIAN_POINT('',(0.169958953669,22.713295847233));
#2968 = CARTESIAN_POINT('',(0.169954294545,22.805331533691));
#2969 = CARTESIAN_POINT('',(0.169960903437,22.897379274273));
#2970 = CARTESIAN_POINT('',(0.169973250789,22.989436049653));
#2971 = CARTESIAN_POINT('',(0.170007210617,23.188647706032));
#2972 = CARTESIAN_POINT('',(0.170029553708,23.29586899866));
#2973 = CARTESIAN_POINT('',(0.170049930029,23.403064978569));
#2974 = CARTESIAN_POINT('',(0.170060603548,23.510237946141));
#2975 = CARTESIAN_POINT('',(0.170058894263,23.617408530316));
#2976 = CARTESIAN_POINT('',(0.170047219147,23.724598134177));
#2977 = CARTESIAN_POINT('',(0.170030078998,23.831811942424));
#2978 = CARTESIAN_POINT('',(0.169995207535,24.03459040995));
#2979 = CARTESIAN_POINT('',(0.169977726715,24.13022148951));
#2980 = CARTESIAN_POINT('',(0.169962231179,24.225842124382));
#2981 = CARTESIAN_POINT('',(0.169951553315,24.321449060613));
#2982 = CARTESIAN_POINT('',(0.169947169933,24.417055569009));
#2983 = CARTESIAN_POINT('',(0.169948822769,24.512675083318));
#2984 = CARTESIAN_POINT('',(0.16995492241,24.608304844358));
#2985 = CARTESIAN_POINT('',(0.169973000073,24.804408098326));
#2986 = CARTESIAN_POINT('',(0.169985249097,24.904937459792));
#2987 = CARTESIAN_POINT('',(0.169998414894,25.005449578795));
#2988 = CARTESIAN_POINT('',(0.170009923438,25.105947079213));
#2989 = CARTESIAN_POINT('',(0.170017913328,25.206445138092));
#2990 = CARTESIAN_POINT('',(0.170021849413,25.306958482475));
#2991 = CARTESIAN_POINT('',(0.170022451429,25.407488351957));
#2992 = CARTESIAN_POINT('',(0.170019545818,25.590720639693));
#2993 = CARTESIAN_POINT('',(0.170016751605,25.673472908346));
#2994 = CARTESIAN_POINT('',(0.17001309815,25.756221911298));
#2995 = CARTESIAN_POINT('',(0.170009494257,25.83896522175));
#2996 = CARTESIAN_POINT('',(0.170006770486,25.921708799251));
#2997 = CARTESIAN_POINT('',(0.170005443793,26.004458732932));
#2998 = CARTESIAN_POINT('',(0.170005610877,26.087213079003));
#2999 = CARTESIAN_POINT('',(0.170008461572,26.260726590445));
#3000 = CARTESIAN_POINT('',(0.170011381334,26.35152028756));
#3001 = CARTESIAN_POINT('',(0.170015406102,26.442305700828));
#3002 = CARTESIAN_POINT('',(0.170019554561,26.533079610393));
#3003 = CARTESIAN_POINT('',(0.170022586396,26.623852075889));
#3004 = CARTESIAN_POINT('',(0.170023382931,26.714633619757));
#3005 = CARTESIAN_POINT('',(0.170021309509,26.805422277592));
#3006 = CARTESIAN_POINT('',(0.170011103634,27.000452328419));
#3007 = CARTESIAN_POINT('',(0.170002094949,27.104752588861));
#3008 = CARTESIAN_POINT('',(0.169989767649,27.209032856827));
#3009 = CARTESIAN_POINT('',(0.169975467505,27.313296219641));
#3010 = CARTESIAN_POINT('',(0.169962060649,27.417560373322));
#3011 = CARTESIAN_POINT('',(0.169952763835,27.521842685861));
#3012 = CARTESIAN_POINT('',(0.169949607535,27.626145442576));
#3013 = CARTESIAN_POINT('',(0.169956021658,27.839424648741));
#3014 = CARTESIAN_POINT('',(0.169966198354,27.94849090476));
#3015 = CARTESIAN_POINT('',(0.169983405961,28.057532411971));
#3016 = CARTESIAN_POINT('',(0.170005927309,28.166551847408));
#3017 = CARTESIAN_POINT('',(0.170028728604,28.275569860155));
#3018 = CARTESIAN_POINT('',(0.170045690001,28.384608220408));
#3019 = CARTESIAN_POINT('',(0.170052938261,28.493672505867));
#3020 = CARTESIAN_POINT('',(0.17004761325,28.75145560909));
#3021 = CARTESIAN_POINT('',(0.170026897615,28.90045883753));
#3022 = CARTESIAN_POINT('',(0.169988055945,29.049331334525));
#3023 = CARTESIAN_POINT('',(0.169947347301,29.198125995875));
#3024 = CARTESIAN_POINT('',(0.169927714099,29.346923565991));
#3025 = CARTESIAN_POINT('',(0.169978551285,29.495783400908));
#3026 = CARTESIAN_POINT('',(0.170000096607,29.644768472335));
#3027 = CARTESIAN_POINT('',(0.17000015483,29.793534225897));
#3028 = ( GEOMETRIC_REPRESENTATION_CONTEXT(2) 
PARAMETRIC_REPRESENTATION_CONTEXT() REPRESENTATION_CONTEXT('2D SPACE',''
  ) );
#3029 = PCURVE('',#2267,#3030);
#3030 = DEFINITIONAL_REPRESENTATION('',(#3031),#3097);
#3031 = B_SPLINE_CURVE_WITH_KNOTS('',8,(#3032,#3033,#3034,#3035,#3036,
    #3037,#3038,#3039,#3040,#3041,#3042,#3043,#3044,#3045,#3046,#3047,
    #3048,#3049,#3050,#3051,#3052,#3053,#3054,#3055,#3056,#3057,#3058,
    #3059,#3060,#3061,#3062,#3063,#3064,#3065,#3066,#3067,#3068,#3069,
    #3070,#3071,#3072,#3073,#3074,#3075,#3076,#3077,#3078,#3079,#3080,
    #3081,#3082,#3083,#3084,#3085,#3086,#3087,#3088,#3089,#3090,#3091,
    #3092,#3093,#3094,#3095,#3096),.UNSPECIFIED.,.F.,.F.,(9,7,7,7,7,7,7,
    7,7,9),(0.,9.887013883387E-02,0.214002609347,0.316708273277,
    0.424671265732,0.513555136102,0.611067440046,0.723075889566,
    0.840188383544,1.),.UNSPECIFIED.);
#3032 = CARTESIAN_POINT('',(0.,-10.60000007285));
#3033 = CARTESIAN_POINT('',(-7.763147180809E-02,-10.64942181971));
#3034 = CARTESIAN_POINT('',(-0.155284930407,-10.69884845538));
#3035 = CARTESIAN_POINT('',(-0.232932125157,-10.74826822837));
#3036 = CARTESIAN_POINT('',(-0.310569419588,-10.79768542096));
#3037 = CARTESIAN_POINT('',(-0.388205700371,-10.84710908614));
#3038 = CARTESIAN_POINT('',(-0.465850520717,-10.89654452734));
#3039 = CARTESIAN_POINT('',(-0.543502478216,-10.94598752093));
#3040 = CARTESIAN_POINT('',(-0.711542772652,-11.05298599285));
#3041 = CARTESIAN_POINT('',(-0.801987235142,-11.11057747999));
#3042 = CARTESIAN_POINT('',(-0.892412085192,-11.16815444791));
#3043 = CARTESIAN_POINT('',(-0.982819496248,-11.22571449151));
#3044 = CARTESIAN_POINT('',(-1.073226032198,-11.28326742796));
#3045 = CARTESIAN_POINT('',(-1.163648721088,-11.34082588873));
#3046 = CARTESIAN_POINT('',(-1.254091500646,-11.39839477618));
#3047 = CARTESIAN_POINT('',(-1.425149176276,-11.50727633891));
#3048 = CARTESIAN_POINT('',(-1.505820215997,-11.55862480169));
#3049 = CARTESIAN_POINT('',(-1.586481914786,-11.60996858963));
#3050 = CARTESIAN_POINT('',(-1.66713169503,-11.66130728812));
#3051 = CARTESIAN_POINT('',(-1.747781065732,-11.71264871897));
#3052 = CARTESIAN_POINT('',(-1.828441683649,-11.76399997495));
#3053 = CARTESIAN_POINT('',(-1.909111437111,-11.81535882634));
#3054 = CARTESIAN_POINT('',(-2.074537959195,-11.92068052121));
#3055 = CARTESIAN_POINT('',(-2.159341913947,-11.97467349528));
#3056 = CARTESIAN_POINT('',(-2.244131909401,-12.02865764105));
#3057 = CARTESIAN_POINT('',(-2.328909996818,-12.08263315634));
#3058 = CARTESIAN_POINT('',(-2.413688602511,-12.1366073157));
#3059 = CARTESIAN_POINT('',(-2.498479725721,-12.19058777615));
#3060 = CARTESIAN_POINT('',(-2.583284127856,-12.24457554209));
#3061 = CARTESIAN_POINT('',(-2.737852757871,-12.34297527686));
#3062 = CARTESIAN_POINT('',(-2.807659285509,-12.38741435254));
#3063 = CARTESIAN_POINT('',(-2.877462477458,-12.43185127009));
#3064 = CARTESIAN_POINT('',(-2.947260314727,-12.47628515393));
#3065 = CARTESIAN_POINT('',(-3.017057947246,-12.52071959536));
#3066 = CARTESIAN_POINT('',(-3.086860708368,-12.56515810769));
#3067 = CARTESIAN_POINT('',(-3.156667184416,-12.60959969255));
#3068 = CARTESIAN_POINT('',(-3.303032883752,-12.70278286881));
#3069 = CARTESIAN_POINT('',(-3.37962127353,-12.75154311589));
#3070 = CARTESIAN_POINT('',(-3.456203140254,-12.80029943431));
#3071 = CARTESIAN_POINT('',(-3.532775979691,-12.84904963311));
#3072 = CARTESIAN_POINT('',(-3.609348361854,-12.89779853093));
#3073 = CARTESIAN_POINT('',(-3.68592909002,-12.9465512522));
#3074 = CARTESIAN_POINT('',(-3.76251630861,-12.99530644331));
#3075 = CARTESIAN_POINT('',(-3.927039718467,-13.10003848679));
#3076 = CARTESIAN_POINT('',(-4.015025650878,-13.15604654036));
#3077 = CARTESIAN_POINT('',(-4.10299471157,-13.21204229568));
#3078 = CARTESIAN_POINT('',(-4.190949078917,-13.26802804404));
#3079 = CARTESIAN_POINT('',(-4.278903372429,-13.3240146375));
#3080 = CARTESIAN_POINT('',(-4.366872220356,-13.38001291693));
#3081 = CARTESIAN_POINT('',(-4.454857828998,-13.43602506513));
#3082 = CARTESIAN_POINT('',(-4.634771247228,-13.55056526039));
#3083 = CARTESIAN_POINT('',(-4.72677480046,-13.60914182151));
#3084 = CARTESIAN_POINT('',(-4.818757662013,-13.66770840046));
#3085 = CARTESIAN_POINT('',(-4.9107225511,-13.7262656268));
#3086 = CARTESIAN_POINT('',(-5.002687143026,-13.78482222086));
#3087 = CARTESIAN_POINT('',(-5.094669496504,-13.84338699393));
#3088 = CARTESIAN_POINT('',(-5.186673454523,-13.90196111871));
#3089 = CARTESIAN_POINT('',(-5.404130852245,-14.04039568512));
#3090 = CARTESIAN_POINT('',(-5.529823462664,-14.12040503191));
#3091 = CARTESIAN_POINT('',(-5.655402316653,-14.20033564218));
#3092 = CARTESIAN_POINT('',(-5.780911750501,-14.28022357386));
#3093 = CARTESIAN_POINT('',(-5.906420601808,-14.36012298548));
#3094 = CARTESIAN_POINT('',(-6.03199277664,-14.44008899766));
#3095 = CARTESIAN_POINT('',(-6.157691931348,-14.5201084811));
#3096 = CARTESIAN_POINT('',(-6.28318530718,-14.60000007286));
#3097 = ( GEOMETRIC_REPRESENTATION_CONTEXT(2) 
PARAMETRIC_REPRESENTATION_CONTEXT() REPRESENTATION_CONTEXT('2D SPACE',''
  ) );
#3098 = ORIENTED_EDGE('',*,*,#3099,.F.);
#3099 = EDGE_CURVE('',#2552,#2891,#3100,.T.);
#3100 = SURFACE_CURVE('',#3101,(#3164,#3230),.PCURVE_S1.);
#3101 = B_SPLINE_CURVE_WITH_KNOTS('',7,(#3102,#3103,#3104,#3105,#3106,
    #3107,#3108,#3109,#3110,#3111,#3112,#3113,#3114,#3115,#3116,#3117,
    #3118,#3119,#3120,#3121,#3122,#3123,#3124,#3125,#3126,#3127,#3128,
    #3129,#3130,#3131,#3132,#3133,#3134,#3135,#3136,#3137,#3138,#3139,
    #3140,#3141,#3142,#3143,#3144,#3145,#3146,#3147,#3148,#3149,#3150,
    #3151,#3152,#3153,#3154,#3155,#3156,#3157,#3158,#3159,#3160,#3161,
    #3162,#3163),.UNSPECIFIED.,.F.,.F.,(8,6,6,6,6,6,6,6,6,6,8),(0.,
    0.10424520544,0.188689436074,0.298437257138,0.409311759344,
    0.505535975159,0.591590220176,0.675650174012,0.769667298936,
    0.892423735278,1.),.UNSPECIFIED.);
#3102 = CARTESIAN_POINT('',(4.9,6.927791673661E-14,2.600000072837));
#3103 = CARTESIAN_POINT('',(4.9,0.458431562763,2.659560623297));
#3104 = CARTESIAN_POINT('',(4.849961606286,0.917033377847,2.719130012353
    ));
#3105 = CARTESIAN_POINT('',(4.749821037963,1.368959939409,2.778680738675
    ));
#3106 = CARTESIAN_POINT('',(4.600763776482,1.807706531454,2.838237985307
    ));
#3107 = CARTESIAN_POINT('',(4.404894302802,2.227094029797,2.897809068987
    ));
#3108 = CARTESIAN_POINT('',(4.165233642249,2.621258830462,2.957400669278
    ));
#3109 = CARTESIAN_POINT('',(3.659759008419,3.279340530854,3.065232448001
    ));
#3110 = CARTESIAN_POINT('',(3.407464648235,3.553900083919,3.113498943019
    ));
#3111 = CARTESIAN_POINT('',(3.131260302461,3.805652267831,3.161759039354
    ));
#3112 = CARTESIAN_POINT('',(2.833650088934,4.032145571714,3.210011843621
    ));
#3113 = CARTESIAN_POINT('',(2.517407381422,4.231271748728,3.258262583919
    ));
#3114 = CARTESIAN_POINT('',(2.18556168271,4.40127436373,3.306513562132)
  );
#3115 = CARTESIAN_POINT('',(1.394198267847,4.72219538549,3.41744950974)
  );
#3116 = CARTESIAN_POINT('',(0.925941175694,4.852243413618,3.480166118514
    ));
#3117 = CARTESIAN_POINT('',(0.444047276817,4.927897876401,3.542861188331
    ));
#3118 = CARTESIAN_POINT('',(-4.392259140991E-02,4.94766945468,
    3.60555265739));
#3119 = CARTESIAN_POINT('',(-0.530360984506,4.911247835697,
    3.668255686643));
#3120 = CARTESIAN_POINT('',(-1.007603395575,4.819506006973,
    3.730982875167));
#3121 = CARTESIAN_POINT('',(-1.933193957367,4.52884868651,3.857032869036
    ));
#3122 = CARTESIAN_POINT('',(-2.381596560735,4.328716532342,
    3.920409861976));
#3123 = CARTESIAN_POINT('',(-2.805338764068,4.076918410238,
    3.983766854909));
#3124 = CARTESIAN_POINT('',(-3.197431859611,3.777249585456,
    4.047115810467));
#3125 = CARTESIAN_POINT('',(-3.551641122635,3.43447678761,4.110469155259
    ));
#3126 = CARTESIAN_POINT('',(-3.862473436003,3.054344017001,4.17384192936
    ));
#3127 = CARTESIAN_POINT('',(-4.35385219641,2.287579187126,4.292162415055
    ));
#3128 = CARTESIAN_POINT('',(-4.546321597893,1.908232873121,
    4.347149063575));
#3129 = CARTESIAN_POINT('',(-4.700046241598,1.510273763114,
    4.402125970691));
#3130 = CARTESIAN_POINT('',(-4.812978571692,1.098456813485,
    4.457097764496));
#3131 = CARTESIAN_POINT('',(-4.883755521543,0.677744268846,
    4.512077011853));
#3132 = CARTESIAN_POINT('',(-4.91170959505,0.253277886679,4.567066678478
    ));
#3133 = CARTESIAN_POINT('',(-4.883966257742,-0.547785193245,
    4.671208696335));
#3134 = CARTESIAN_POINT('',(-4.83679188375,-0.92487333929,4.720385955716
    ));
#3135 = CARTESIAN_POINT('',(-4.755646316737,-1.297063052364,
    4.769559884224));
#3136 = CARTESIAN_POINT('',(-4.641187026371,-1.660701810817,
    4.818730833092));
#3137 = CARTESIAN_POINT('',(-4.494520817314,-2.012272420382,
    4.867904319241));
#3138 = CARTESIAN_POINT('',(-4.317197878233,-2.348407338205,
    4.917081120353));
#3139 = CARTESIAN_POINT('',(-3.910178811542,-2.9760973074,5.014274380248
    ));
#3140 = CARTESIAN_POINT('',(-3.681712467818,-3.268627150881,
    5.062309994165));
#3141 = CARTESIAN_POINT('',(-3.427813151049,-3.540531810064,
    5.110340387945));
#3142 = CARTESIAN_POINT('',(-3.150751674786,-3.789198557436,
    5.158366343874));
#3143 = CARTESIAN_POINT('',(-2.853086563253,-4.012333973294,
    5.206394229789));
#3144 = CARTESIAN_POINT('',(-2.537650484767,-4.207969597284,
    5.254426860854));
#3145 = CARTESIAN_POINT('',(-1.838446755295,-4.560821123124,
    5.356170816113));
#3146 = CARTESIAN_POINT('',(-1.450875799896,-4.710809103476,
    5.40990012509));
#3147 = CARTESIAN_POINT('',(-1.049312605757,-4.822226165217,
    5.463623027079));
#3148 = CARTESIAN_POINT('',(-0.6383630446,-4.893608781836,5.517343511379
    ));
#3149 = CARTESIAN_POINT('',(-0.222755526505,-4.924137490227,
    5.571072402387));
#3150 = CARTESIAN_POINT('',(0.19268491263,-4.91363902285,5.624812003103)
  );
#3151 = CARTESIAN_POINT('',(1.138819242512,-4.796308087927,
    5.748695742865));
#3152 = CARTESIAN_POINT('',(1.666423660905,-4.660946138224,
    5.818897921617));
#3153 = CARTESIAN_POINT('',(2.174553300735,-4.457908087125,
    5.889059572496));
#3154 = CARTESIAN_POINT('',(2.653013201591,-4.190836443138,
    5.959202441202));
#3155 = CARTESIAN_POINT('',(3.092521651724,-3.864920648639,
    6.029344539011));
#3156 = CARTESIAN_POINT('',(3.48465880355,-3.486926723356,6.099520495706
    ));
#3157 = CARTESIAN_POINT('',(4.118490831335,-2.696646137756,
    6.231123481722));
#3158 = CARTESIAN_POINT('',(4.373039062028,-2.294074479919,
    6.292610310666));
#3159 = CARTESIAN_POINT('',(4.581357917056,-1.863853212792,
    6.354082442807));
#3160 = CARTESIAN_POINT('',(4.740035432072,-1.412388146141,
    6.415553903788));
#3161 = CARTESIAN_POINT('',(4.846698236249,-0.946444000743,
    6.477037594938));
#3162 = CARTESIAN_POINT('',(4.9,-0.47314376518,6.538528077067));
#3163 = CARTESIAN_POINT('',(4.9,0.,6.600000072859));
#3164 = PCURVE('',#890,#3165);
#3165 = DEFINITIONAL_REPRESENTATION('',(#3166),#3229);
#3166 = B_SPLINE_CURVE_WITH_KNOTS('',7,(#3167,#3168,#3169,#3170,#3171,
    #3172,#3173,#3174,#3175,#3176,#3177,#3178,#3179,#3180,#3181,#3182,
    #3183,#3184,#3185,#3186,#3187,#3188,#3189,#3190,#3191,#3192,#3193,
    #3194,#3195,#3196,#3197,#3198,#3199,#3200,#3201,#3202,#3203,#3204,
    #3205,#3206,#3207,#3208,#3209,#3210,#3211,#3212,#3213,#3214,#3215,
    #3216,#3217,#3218,#3219,#3220,#3221,#3222,#3223,#3224,#3225,#3226,
    #3227,#3228),.UNSPECIFIED.,.F.,.F.,(8,6,6,6,6,6,6,6,6,6,8),(0.,
    0.10424520544,0.188689436074,0.298437257138,0.409311759344,
    0.505535975159,0.591590220176,0.675650174012,0.769667298936,
    0.892423735278,1.),.UNSPECIFIED.);
#3167 = CARTESIAN_POINT('',(0.170000154778,14.896767112949));
#3168 = CARTESIAN_POINT('',(0.170000198198,15.007674531066));
#3169 = CARTESIAN_POINT('',(0.169987938705,15.118609188297));
#3170 = CARTESIAN_POINT('',(0.1699602368,15.229522625604));
#3171 = CARTESIAN_POINT('',(0.169951409905,15.340431664561));
#3172 = CARTESIAN_POINT('',(0.169958480909,15.451352538411));
#3173 = CARTESIAN_POINT('',(0.169976000418,15.56230246034));
#3174 = CARTESIAN_POINT('',(0.170012192934,15.763063857429));
#3175 = CARTESIAN_POINT('',(0.170030073102,15.852925031345));
#3176 = CARTESIAN_POINT('',(0.17004559131,15.942776360041));
#3177 = CARTESIAN_POINT('',(0.170054669373,16.032619753576));
#3178 = CARTESIAN_POINT('',(0.170055764959,16.122466298692));
#3179 = CARTESIAN_POINT('',(0.170050141915,16.212319174231));
#3180 = CARTESIAN_POINT('',(0.170026455253,16.418913302382));
#3181 = CARTESIAN_POINT('',(0.170005190999,16.535716275206));
#3182 = CARTESIAN_POINT('',(0.169980598806,16.652482056634));
#3183 = CARTESIAN_POINT('',(0.16996059841,16.769237109401));
#3184 = CARTESIAN_POINT('',(0.169950164628,16.886005305326));
#3185 = CARTESIAN_POINT('',(0.169948812359,17.00281053018));
#3186 = CARTESIAN_POINT('',(0.169959495712,17.237518343975));
#3187 = CARTESIAN_POINT('',(0.169971658626,17.355521723874));
#3188 = CARTESIAN_POINT('',(0.169988118094,17.473484096854));
#3189 = CARTESIAN_POINT('',(0.170003849865,17.591432141138));
#3190 = CARTESIAN_POINT('',(0.170014646248,17.709392683379));
#3191 = CARTESIAN_POINT('',(0.170020062555,17.827394119312));
#3192 = CARTESIAN_POINT('',(0.170022298875,18.047716249679));
#3193 = CARTESIAN_POINT('',(0.17002017723,18.150108521001));
#3194 = CARTESIAN_POINT('',(0.17001560529,18.252484800039));
#3195 = CARTESIAN_POINT('',(0.170010555603,18.354851976241));
#3196 = CARTESIAN_POINT('',(0.170006898989,18.457231810951));
#3197 = CARTESIAN_POINT('',(0.170005571575,18.559629006304));
#3198 = CARTESIAN_POINT('',(0.170006899816,18.753550265727));
#3199 = CARTESIAN_POINT('',(0.170009153436,18.845121063457));
#3200 = CARTESIAN_POINT('',(0.170012891289,18.936684358177));
#3201 = CARTESIAN_POINT('',(0.170017206296,19.028241598772));
#3202 = CARTESIAN_POINT('',(0.170020746007,19.119804243406));
#3203 = CARTESIAN_POINT('',(0.170022228784,19.211374863269));
#3204 = CARTESIAN_POINT('',(0.17002010964,19.392359889932));
#3205 = CARTESIAN_POINT('',(0.170016618706,19.481809868175));
#3206 = CARTESIAN_POINT('',(0.170010181893,19.571252707437));
#3207 = CARTESIAN_POINT('',(0.170000900435,19.660689775702));
#3208 = CARTESIAN_POINT('',(0.169989847627,19.750131989986));
#3209 = CARTESIAN_POINT('',(0.169978817321,19.839583020473));
#3210 = CARTESIAN_POINT('',(0.169958977731,20.029057406345));
#3211 = CARTESIAN_POINT('',(0.169950599289,20.12911387358));
#3212 = CARTESIAN_POINT('',(0.169946552903,20.229154614295));
#3213 = CARTESIAN_POINT('',(0.169949185304,20.32918500055));
#3214 = CARTESIAN_POINT('',(0.169958925033,20.42922481289));
#3215 = CARTESIAN_POINT('',(0.169973810502,20.529280058625));
#3216 = CARTESIAN_POINT('',(0.170012464135,20.759929589748));
#3217 = CARTESIAN_POINT('',(0.170037596537,20.890630755182));
#3218 = CARTESIAN_POINT('',(0.170058831451,21.021259869121));
#3219 = CARTESIAN_POINT('',(0.170065870039,21.151866448814));
#3220 = CARTESIAN_POINT('',(0.170050366653,21.282491346109));
#3221 = CARTESIAN_POINT('',(0.17002454811,21.413188330865));
#3222 = CARTESIAN_POINT('',(0.169979555749,21.658285136038));
#3223 = CARTESIAN_POINT('',(0.169959866572,21.772796760689));
#3224 = CARTESIAN_POINT('',(0.169950356336,21.887272098874));
#3225 = CARTESIAN_POINT('',(0.169957542674,22.001731556424));
#3226 = CARTESIAN_POINT('',(0.169987038045,22.116194238745));
#3227 = CARTESIAN_POINT('',(0.17000011003,22.230683958017));
#3228 = CARTESIAN_POINT('',(0.170000154826,22.345150669423));
#3229 = ( GEOMETRIC_REPRESENTATION_CONTEXT(2) 
PARAMETRIC_REPRESENTATION_CONTEXT() REPRESENTATION_CONTEXT('2D SPACE',''
  ) );
#3230 = PCURVE('',#2067,#3231);
#3231 = DEFINITIONAL_REPRESENTATION('',(#3232),#3295);
#3232 = B_SPLINE_CURVE_WITH_KNOTS('',7,(#3233,#3234,#3235,#3236,#3237,
    #3238,#3239,#3240,#3241,#3242,#3243,#3244,#3245,#3246,#3247,#3248,
    #3249,#3250,#3251,#3252,#3253,#3254,#3255,#3256,#3257,#3258,#3259,
    #3260,#3261,#3262,#3263,#3264,#3265,#3266,#3267,#3268,#3269,#3270,
    #3271,#3272,#3273,#3274,#3275,#3276,#3277,#3278,#3279,#3280,#3281,
    #3282,#3283,#3284,#3285,#3286,#3287,#3288,#3289,#3290,#3291,#3292,
    #3293,#3294),.UNSPECIFIED.,.F.,.F.,(8,6,6,6,6,6,6,6,6,6,8),(0.,
    0.10424520544,0.188689436074,0.298437257138,0.409311759344,
    0.505535975159,0.591590220176,0.675650174012,0.769667298936,
    0.892423735278,1.),.UNSPECIFIED.);
#3233 = CARTESIAN_POINT('',(0.,-6.600000072837));
#3234 = CARTESIAN_POINT('',(-9.355746178834E-02,-6.659560623297));
#3235 = CARTESIAN_POINT('',(-0.187149680108,-6.719130012353));
#3236 = CARTESIAN_POINT('',(-0.280717112228,-6.778680738675));
#3237 = CARTESIAN_POINT('',(-0.374274259739,-6.838237985307));
#3238 = CARTESIAN_POINT('',(-0.467838672004,-6.897809068987));
#3239 = CARTESIAN_POINT('',(-0.56142720626,-6.957400669278));
#3240 = CARTESIAN_POINT('',(-0.730775139843,-7.065232448001));
#3241 = CARTESIAN_POINT('',(-0.806576150207,-7.113498943019));
#3242 = CARTESIAN_POINT('',(-0.882370096089,-7.161759039354));
#3243 = CARTESIAN_POINT('',(-0.958158579625,-7.210011843621));
#3244 = CARTESIAN_POINT('',(-1.033950528725,-7.258262583919));
#3245 = CARTESIAN_POINT('',(-1.109748091212,-7.306513562132));
#3246 = CARTESIAN_POINT('',(-1.284025483905,-7.41744950974));
#3247 = CARTESIAN_POINT('',(-1.382557351074,-7.480166118514));
#3248 = CARTESIAN_POINT('',(-1.481057065089,-7.542861188332));
#3249 = CARTESIAN_POINT('',(-1.579546651926,-7.60555265739));
#3250 = CARTESIAN_POINT('',(-1.678046998552,-7.668255686643));
#3251 = CARTESIAN_POINT('',(-1.776578885655,-7.730982875167));
#3252 = CARTESIAN_POINT('',(-1.974569580183,-7.857032869036));
#3253 = CARTESIAN_POINT('',(-2.074113423832,-7.920409861977));
#3254 = CARTESIAN_POINT('',(-2.173623614099,-7.983766854909));
#3255 = CARTESIAN_POINT('',(-2.273122637532,-8.047115810467));
#3256 = CARTESIAN_POINT('',(-2.372632406797,-8.110469155259));
#3257 = CARTESIAN_POINT('',(-2.472176173027,-8.17384192936));
#3258 = CARTESIAN_POINT('',(-2.658034089061,-8.292162415055));
#3259 = CARTESIAN_POINT('',(-2.744408836919,-8.347149063575));
#3260 = CARTESIAN_POINT('',(-2.830769177687,-8.402125970691));
#3261 = CARTESIAN_POINT('',(-2.917120859339,-8.457097764496));
#3262 = CARTESIAN_POINT('',(-3.003482478878,-8.512077011853));
#3263 = CARTESIAN_POINT('',(-3.089858461706,-8.567066678478));
#3264 = CARTESIAN_POINT('',(-3.253438738343,-8.671208696335));
#3265 = CARTESIAN_POINT('',(-3.330682432522,-8.720385955716));
#3266 = CARTESIAN_POINT('',(-3.407920176608,-8.769559884224));
#3267 = CARTESIAN_POINT('',(-3.485153468152,-8.818730833092));
#3268 = CARTESIAN_POINT('',(-3.562392093347,-8.867904319241));
#3269 = CARTESIAN_POINT('',(-3.639638151991,-8.917081120353));
#3270 = CARTESIAN_POINT('',(-3.792312386318,-9.014274380248));
#3271 = CARTESIAN_POINT('',(-3.867770544565,-9.062309994165));
#3272 = CARTESIAN_POINT('',(-3.943223012689,-9.110340387945));
#3273 = CARTESIAN_POINT('',(-4.018670658754,-9.158366343874));
#3274 = CARTESIAN_POINT('',(-4.09412240892,-9.206394229789));
#3275 = CARTESIAN_POINT('',(-4.169581173594,-9.254426860854));
#3276 = CARTESIAN_POINT('',(-4.32941632068,-9.356170816113));
#3277 = CARTESIAN_POINT('',(-4.413820524477,-9.40990012509));
#3278 = CARTESIAN_POINT('',(-4.498210850538,-9.463623027079));
#3279 = CARTESIAN_POINT('',(-4.582592038779,-9.517343511379));
#3280 = CARTESIAN_POINT('',(-4.666981180298,-9.571072402387));
#3281 = CARTESIAN_POINT('',(-4.751383743709,-9.624812003103));
#3282 = CARTESIAN_POINT('',(-4.945951443213,-9.748695742865));
#3283 = CARTESIAN_POINT('',(-5.056207082679,-9.818897921618));
#3284 = CARTESIAN_POINT('',(-5.16640285924,-9.889059572496));
#3285 = CARTESIAN_POINT('',(-5.276580175584,-9.959202441202));
#3286 = CARTESIAN_POINT('',(-5.386770859912,-10.02934453901));
#3287 = CARTESIAN_POINT('',(-5.497019132684,-10.0995204957));
#3288 = CARTESIAN_POINT('',(-5.703765656453,-10.23112348172));
#3289 = CARTESIAN_POINT('',(-5.800358533954,-10.29261031066));
#3290 = CARTESIAN_POINT('',(-5.896920879706,-10.3540824428));
#3291 = CARTESIAN_POINT('',(-5.99347234262,-10.41555390378));
#3292 = CARTESIAN_POINT('',(-6.090033456059,-10.47703759493));
#3293 = CARTESIAN_POINT('',(-6.186625355102,-10.53852807706));
#3294 = CARTESIAN_POINT('',(-6.28318530718,-10.60000007285));
#3295 = ( GEOMETRIC_REPRESENTATION_CONTEXT(2) 
PARAMETRIC_REPRESENTATION_CONTEXT() REPRESENTATION_CONTEXT('2D SPACE',''
  ) );
#3296 = ORIENTED_EDGE('',*,*,#2551,.F.);
#3297 = ADVANCED_FACE('',(#3298),#1165,.T.);
#3298 = FACE_BOUND('',#3299,.T.);
#3299 = EDGE_LOOP('',(#3300,#3301,#3302,#3303,#3304,#3305));
#3300 = ORIENTED_EDGE('',*,*,#2765,.F.);
#3301 = ORIENTED_EDGE('',*,*,#1081,.F.);
#3302 = ORIENTED_EDGE('',*,*,#1378,.F.);
#3303 = ORIENTED_EDGE('',*,*,#1802,.T.);
#3304 = ORIENTED_EDGE('',*,*,#1653,.T.);
#3305 = ORIENTED_EDGE('',*,*,#1408,.T.);
#3306 = ADVANCED_FACE('',(#3307),#1513,.F.);
#3307 = FACE_BOUND('',#3308,.T.);
#3308 = EDGE_LOOP('',(#3309,#3310,#3331));
#3309 = ORIENTED_EDGE('',*,*,#2334,.F.);
#3310 = ORIENTED_EDGE('',*,*,#3311,.T.);
#3311 = EDGE_CURVE('',#2142,#1469,#3312,.T.);
#3312 = SURFACE_CURVE('',#3313,(#3317,#3324),.PCURVE_S1.);
#3313 = LINE('',#3314,#3315);
#3314 = CARTESIAN_POINT('',(4.9,0.,-4.));
#3315 = VECTOR('',#3316,1.);
#3316 = DIRECTION('',(0.,0.,1.));
#3317 = PCURVE('',#1513,#3318);
#3318 = DEFINITIONAL_REPRESENTATION('',(#3319),#3323);
#3319 = LINE('',#3320,#3321);
#3320 = CARTESIAN_POINT('',(-0.,0.));
#3321 = VECTOR('',#3322,1.);
#3322 = DIRECTION('',(-0.,-1.));
#3323 = ( GEOMETRIC_REPRESENTATION_CONTEXT(2) 
PARAMETRIC_REPRESENTATION_CONTEXT() REPRESENTATION_CONTEXT('2D SPACE',''
  ) );
#3324 = PCURVE('',#2267,#3325);
#3325 = DEFINITIONAL_REPRESENTATION('',(#3326),#3330);
#3326 = LINE('',#3327,#3328);
#3327 = CARTESIAN_POINT('',(-6.28318530718,0.));
#3328 = VECTOR('',#3329,1.);
#3329 = DIRECTION('',(-0.,-1.));
#3330 = ( GEOMETRIC_REPRESENTATION_CONTEXT(2) 
PARAMETRIC_REPRESENTATION_CONTEXT() REPRESENTATION_CONTEXT('2D SPACE',''
  ) );
#3331 = ORIENTED_EDGE('',*,*,#1496,.T.);
#3332 = ADVANCED_FACE('',(#3333),#1484,.F.);
#3333 = FACE_BOUND('',#3334,.F.);
#3334 = EDGE_LOOP('',(#3335,#3336,#3358));
#3335 = ORIENTED_EDGE('',*,*,#2858,.T.);
#3336 = ORIENTED_EDGE('',*,*,#3337,.T.);
#3337 = EDGE_CURVE('',#2859,#1469,#3338,.T.);
#3338 = SURFACE_CURVE('',#3339,(#3344,#3351),.PCURVE_S1.);
#3339 = CIRCLE('',#3340,4.9);
#3340 = AXIS2_PLACEMENT_3D('',#3341,#3342,#3343);
#3341 = CARTESIAN_POINT('',(0.,0.,10.5));
#3342 = DIRECTION('',(0.,0.,1.));
#3343 = DIRECTION('',(1.,0.,-0.));
#3344 = PCURVE('',#1484,#3345);
#3345 = DEFINITIONAL_REPRESENTATION('',(#3346),#3350);
#3346 = LINE('',#3347,#3348);
#3347 = CARTESIAN_POINT('',(0.,0.));
#3348 = VECTOR('',#3349,1.);
#3349 = DIRECTION('',(1.,0.));
#3350 = ( GEOMETRIC_REPRESENTATION_CONTEXT(2) 
PARAMETRIC_REPRESENTATION_CONTEXT() REPRESENTATION_CONTEXT('2D SPACE',''
  ) );
#3351 = PCURVE('',#2267,#3352);
#3352 = DEFINITIONAL_REPRESENTATION('',(#3353),#3357);
#3353 = LINE('',#3354,#3355);
#3354 = CARTESIAN_POINT('',(-0.,-14.5));
#3355 = VECTOR('',#3356,1.);
#3356 = DIRECTION('',(-1.,0.));
#3357 = ( GEOMETRIC_REPRESENTATION_CONTEXT(2) 
PARAMETRIC_REPRESENTATION_CONTEXT() REPRESENTATION_CONTEXT('2D SPACE',''
  ) );
#3358 = ORIENTED_EDGE('',*,*,#1468,.T.);
#3359 = ADVANCED_FACE('',(#3360),#2267,.F.);
#3360 = FACE_BOUND('',#3361,.T.);
#3361 = EDGE_LOOP('',(#3362,#3363,#3384,#3385,#3386));
#3362 = ORIENTED_EDGE('',*,*,#2141,.F.);
#3363 = ORIENTED_EDGE('',*,*,#3364,.T.);
#3364 = EDGE_CURVE('',#1928,#2891,#3365,.T.);
#3365 = SURFACE_CURVE('',#3366,(#3370,#3377),.PCURVE_S1.);
#3366 = LINE('',#3367,#3368);
#3367 = CARTESIAN_POINT('',(4.9,0.,-4.));
#3368 = VECTOR('',#3369,1.);
#3369 = DIRECTION('',(0.,0.,1.));
#3370 = PCURVE('',#2267,#3371);
#3371 = DEFINITIONAL_REPRESENTATION('',(#3372),#3376);
#3372 = LINE('',#3373,#3374);
#3373 = CARTESIAN_POINT('',(-0.,0.));
#3374 = VECTOR('',#3375,1.);
#3375 = DIRECTION('',(-0.,-1.));
#3376 = ( GEOMETRIC_REPRESENTATION_CONTEXT(2) 
PARAMETRIC_REPRESENTATION_CONTEXT() REPRESENTATION_CONTEXT('2D SPACE',''
  ) );
#3377 = PCURVE('',#2067,#3378);
#3378 = DEFINITIONAL_REPRESENTATION('',(#3379),#3383);
#3379 = LINE('',#3380,#3381);
#3380 = CARTESIAN_POINT('',(-6.28318530718,0.));
#3381 = VECTOR('',#3382,1.);
#3382 = DIRECTION('',(-0.,-1.));
#3383 = ( GEOMETRIC_REPRESENTATION_CONTEXT(2) 
PARAMETRIC_REPRESENTATION_CONTEXT() REPRESENTATION_CONTEXT('2D SPACE',''
  ) );
#3384 = ORIENTED_EDGE('',*,*,#2890,.T.);
#3385 = ORIENTED_EDGE('',*,*,#3337,.T.);
#3386 = ORIENTED_EDGE('',*,*,#3311,.F.);
#3387 = ADVANCED_FACE('',(#3388),#2067,.F.);
#3388 = FACE_BOUND('',#3389,.T.);
#3389 = EDGE_LOOP('',(#3390,#3391,#3392,#3393,#3394));
#3390 = ORIENTED_EDGE('',*,*,#1927,.F.);
#3391 = ORIENTED_EDGE('',*,*,#2524,.F.);
#3392 = ORIENTED_EDGE('',*,*,#2739,.T.);
#3393 = ORIENTED_EDGE('',*,*,#3099,.T.);
#3394 = ORIENTED_EDGE('',*,*,#3364,.F.);
#3395 = ( GEOMETRIC_REPRESENTATION_CONTEXT(3) 
GLOBAL_UNCERTAINTY_ASSIGNED_CONTEXT((#3399)) 
GLOBAL_UNIT_ASSIGNED_CONTEXT((#3396,#3397,#3398)) REPRESENTATION_CONTEXT
('Context #1','3D Context with UNIT and UNCERTAINTY') );
#3396 = ( LENGTH_UNIT() NAMED_UNIT(*) SI_UNIT(.MILLI.,.METRE.) );
#3397 = ( NAMED_UNIT(*) PLANE_ANGLE_UNIT() SI_UNIT($,.RADIAN.) );
#3398 = ( NAMED_UNIT(*) SI_UNIT($,.STERADIAN.) SOLID_ANGLE_UNIT() );
#3399 = UNCERTAINTY_MEASURE_WITH_UNIT(LENGTH_MEASURE(2.E-06),#3396,
  'distance_accuracy_value','confusion accuracy');
#3400 = PRODUCT_RELATED_PRODUCT_CATEGORY('part',$,(#7));
ENDSEC;
END-ISO-10303-21;
