ISO-10303-21;
HEADER;
FILE_DESCRIPTION(('Open CASCADE Model'),'2;1');
FILE_NAME('Open CASCADE Shape Model','2026-09-30T16:27:50',('Author'),(
    'Open CASCADE'),'Open CASCADE STEP processor 7.8','Open CASCADE 7.8'
  ,'Unknown');
FILE_SCHEMA(('AUTOMOTIVE_DESIGN { 1 0 10303 214 1 1 1 1 }'));
ENDSEC;
DATA;
#1 = APPLICATION_PROTOCOL_DEFINITION('international standard',
  'automotive_design',2000,#2);
#2 = APPLICATION_CONTEXT(
  'core data for automotive mechanical design processes');
#3 = SHAPE_DEFINITION_REPRESENTATION(#4,#10);
#4 = PRODUCT_DEFINITION_SHAPE('','',#5);
#5 = PRODUCT_DEFINITION('design','',#6,#9);
#6 = PRODUCT_DEFINITION_FORMATION('','',#7);
#7 = PRODUCT('Open CASCADE STEP translator 7.8 2',
  'Open CASCADE STEP translator 7.8 2','',(#8));
#8 = PRODUCT_CONTEXT('',#2,'mechanical');
#9 = PRODUCT_DEFINITION_CONTEXT('part definition',#2,'design');
#10 = ADVANCED_BREP_SHAPE_REPRESENTATION('',(#11,#15),#3106);
#11 = AXIS2_PLACEMENT_3D('',#12,#13,#14);
#12 = CARTESIAN_POINT('',(0.,0.,0.));
#13 = DIRECTION('',(0.,0.,1.));
#14 = DIRECTION('',(1.,0.,-0.));
#15 = MANIFOLD_SOLID_BREP('',#16);
#16 = CLOSED_SHELL('',(#17,#137,#213,#289,#398,#502,#529,#556,#563,#1424
    ,#1802,#2530,#2643,#3045,#3072,#3100));
#17 = ADVANCED_FACE('',(#18),#32,.F.);
#18 = FACE_BOUND('',#19,.F.);
#19 = EDGE_LOOP('',(#20,#55,#83,#111));
#20 = ORIENTED_EDGE('',*,*,#21,.T.);
#21 = EDGE_CURVE('',#22,#24,#26,.T.);
#22 = VERTEX_POINT('',#23);
#23 = CARTESIAN_POINT('',(9.,0.,0.));
#24 = VERTEX_POINT('',#25);
#25 = CARTESIAN_POINT('',(9.,0.,6.));
#26 = SURFACE_CURVE('',#27,(#31,#43),.PCURVE_S1.);
#27 = LINE('',#28,#29);
#28 = CARTESIAN_POINT('',(9.,0.,0.));
#29 = VECTOR('',#30,1.);
#30 = DIRECTION('',(0.,0.,1.));
#31 = PCURVE('',#32,#37);
#32 = PLANE('',#33);
#33 = AXIS2_PLACEMENT_3D('',#34,#35,#36);
#34 = CARTESIAN_POINT('',(9.,0.,0.));
#35 = DIRECTION('',(-0.866025403784,-0.5,0.));
#36 = DIRECTION('',(-0.5,0.866025403784,0.));
#37 = DEFINITIONAL_REPRESENTATION('',(#38),#42);
#38 = LINE('',#39,#40);
#39 = CARTESIAN_POINT('',(0.,0.));
#40 = VECTOR('',#41,1.);
#41 = DIRECTION('',(0.,-1.));
#42 = ( GEOMETRIC_REPRESENTATION_CONTEXT(2) 
PARAMETRIC_REPRESENTATION_CONTEXT() REPRESENTATION_CONTEXT('2D SPACE',''
  ) );
#43 = PCURVE('',#44,#49);
#44 = PLANE('',#45);
#45 = AXIS2_PLACEMENT_3D('',#46,#47,#48);
#46 = CARTESIAN_POINT('',(4.5,-7.79422863406,0.));
#47 = DIRECTION('',(-0.866025403784,0.5,0.));
#48 = DIRECTION('',(0.5,0.866025403784,0.));
#49 = DEFINITIONAL_REPRESENTATION('',(#50),#54);
#50 = LINE('',#51,#52);
#51 = CARTESIAN_POINT('',(9.,0.));
#52 = VECTOR('',#53,1.);
#53 = DIRECTION('',(0.,-1.));
#54 = ( GEOMETRIC_REPRESENTATION_CONTEXT(2) 
PARAMETRIC_REPRESENTATION_CONTEXT() REPRESENTATION_CONTEXT('2D SPACE',''
  ) );
#55 = ORIENTED_EDGE('',*,*,#56,.T.);
#56 = EDGE_CURVE('',#24,#57,#59,.T.);
#57 = VERTEX_POINT('',#58);
#58 = CARTESIAN_POINT('',(4.5,7.79422863406,6.));
#59 = SURFACE_CURVE('',#60,(#64,#71),.PCURVE_S1.);
#60 = LINE('',#61,#62);
#61 = CARTESIAN_POINT('',(9.,0.,6.));
#62 = VECTOR('',#63,1.);
#63 = DIRECTION('',(-0.5,0.866025403784,0.));
#64 = PCURVE('',#32,#65);
#65 = DEFINITIONAL_REPRESENTATION('',(#66),#70);
#66 = LINE('',#67,#68);
#67 = CARTESIAN_POINT('',(0.,-6.));
#68 = VECTOR('',#69,1.);
#69 = DIRECTION('',(1.,0.));
#70 = ( GEOMETRIC_REPRESENTATION_CONTEXT(2) 
PARAMETRIC_REPRESENTATION_CONTEXT() REPRESENTATION_CONTEXT('2D SPACE',''
  ) );
#71 = PCURVE('',#72,#77);
#72 = PLANE('',#73);
#73 = AXIS2_PLACEMENT_3D('',#74,#75,#76);
#74 = CARTESIAN_POINT('',(-5.263279524149E-16,2.578499477513E-16,6.));
#75 = DIRECTION('',(0.,0.,1.));
#76 = DIRECTION('',(1.,0.,-0.));
#77 = DEFINITIONAL_REPRESENTATION('',(#78),#82);
#78 = LINE('',#79,#80);
#79 = CARTESIAN_POINT('',(9.,-2.578499477513E-16));
#80 = VECTOR('',#81,1.);
#81 = DIRECTION('',(-0.5,0.866025403784));
#82 = ( GEOMETRIC_REPRESENTATION_CONTEXT(2) 
PARAMETRIC_REPRESENTATION_CONTEXT() REPRESENTATION_CONTEXT('2D SPACE',''
  ) );
#83 = ORIENTED_EDGE('',*,*,#84,.F.);
#84 = EDGE_CURVE('',#85,#57,#87,.T.);
#85 = VERTEX_POINT('',#86);
#86 = CARTESIAN_POINT('',(4.5,7.79422863406,0.));
#87 = SURFACE_CURVE('',#88,(#92,#99),.PCURVE_S1.);
#88 = LINE('',#89,#90);
#89 = CARTESIAN_POINT('',(4.5,7.79422863406,0.));
#90 = VECTOR('',#91,1.);
#91 = DIRECTION('',(0.,0.,1.));
#92 = PCURVE('',#32,#93);
#93 = DEFINITIONAL_REPRESENTATION('',(#94),#98);
#94 = LINE('',#95,#96);
#95 = CARTESIAN_POINT('',(9.,0.));
#96 = VECTOR('',#97,1.);
#97 = DIRECTION('',(0.,-1.));
#98 = ( GEOMETRIC_REPRESENTATION_CONTEXT(2) 
PARAMETRIC_REPRESENTATION_CONTEXT() REPRESENTATION_CONTEXT('2D SPACE',''
  ) );
#99 = PCURVE('',#100,#105);
#100 = PLANE('',#101);
#101 = AXIS2_PLACEMENT_3D('',#102,#103,#104);
#102 = CARTESIAN_POINT('',(4.5,7.79422863406,0.));
#103 = DIRECTION('',(-9.868649107779E-17,-1.,0.));
#104 = DIRECTION('',(-1.,9.868649107779E-17,0.));
#105 = DEFINITIONAL_REPRESENTATION('',(#106),#110);
#106 = LINE('',#107,#108);
#107 = CARTESIAN_POINT('',(0.,0.));
#108 = VECTOR('',#109,1.);
#109 = DIRECTION('',(0.,-1.));
#110 = ( GEOMETRIC_REPRESENTATION_CONTEXT(2) 
PARAMETRIC_REPRESENTATION_CONTEXT() REPRESENTATION_CONTEXT('2D SPACE',''
  ) );
#111 = ORIENTED_EDGE('',*,*,#112,.F.);
#112 = EDGE_CURVE('',#22,#85,#113,.T.);
#113 = SURFACE_CURVE('',#114,(#118,#125),.PCURVE_S1.);
#114 = LINE('',#115,#116);
#115 = CARTESIAN_POINT('',(9.,0.,0.));
#116 = VECTOR('',#117,1.);
#117 = DIRECTION('',(-0.5,0.866025403784,0.));
#118 = PCURVE('',#32,#119);
#119 = DEFINITIONAL_REPRESENTATION('',(#120),#124);
#120 = LINE('',#121,#122);
#121 = CARTESIAN_POINT('',(0.,0.));
#122 = VECTOR('',#123,1.);
#123 = DIRECTION('',(1.,0.));
#124 = ( GEOMETRIC_REPRESENTATION_CONTEXT(2) 
PARAMETRIC_REPRESENTATION_CONTEXT() REPRESENTATION_CONTEXT('2D SPACE',''
  ) );
#125 = PCURVE('',#126,#131);
#126 = PLANE('',#127);
#127 = AXIS2_PLACEMENT_3D('',#128,#129,#130);
#128 = CARTESIAN_POINT('',(-5.263279524149E-16,2.578499477513E-16,0.));
#129 = DIRECTION('',(0.,0.,1.));
#130 = DIRECTION('',(1.,0.,-0.));
#131 = DEFINITIONAL_REPRESENTATION('',(#132),#136);
#132 = LINE('',#133,#134);
#133 = CARTESIAN_POINT('',(9.,-2.578499477513E-16));
#134 = VECTOR('',#135,1.);
#135 = DIRECTION('',(-0.5,0.866025403784));
#136 = ( GEOMETRIC_REPRESENTATION_CONTEXT(2) 
PARAMETRIC_REPRESENTATION_CONTEXT() REPRESENTATION_CONTEXT('2D SPACE',''
  ) );
#137 = ADVANCED_FACE('',(#138),#44,.F.);
#138 = FACE_BOUND('',#139,.F.);
#139 = EDGE_LOOP('',(#140,#170,#191,#192));
#140 = ORIENTED_EDGE('',*,*,#141,.T.);
#141 = EDGE_CURVE('',#142,#144,#146,.T.);
#142 = VERTEX_POINT('',#143);
#143 = CARTESIAN_POINT('',(4.5,-7.79422863406,0.));
#144 = VERTEX_POINT('',#145);
#145 = CARTESIAN_POINT('',(4.5,-7.79422863406,6.));
#146 = SURFACE_CURVE('',#147,(#151,#158),.PCURVE_S1.);
#147 = LINE('',#148,#149);
#148 = CARTESIAN_POINT('',(4.5,-7.79422863406,0.));
#149 = VECTOR('',#150,1.);
#150 = DIRECTION('',(0.,0.,1.));
#151 = PCURVE('',#44,#152);
#152 = DEFINITIONAL_REPRESENTATION('',(#153),#157);
#153 = LINE('',#154,#155);
#154 = CARTESIAN_POINT('',(0.,0.));
#155 = VECTOR('',#156,1.);
#156 = DIRECTION('',(0.,-1.));
#157 = ( GEOMETRIC_REPRESENTATION_CONTEXT(2) 
PARAMETRIC_REPRESENTATION_CONTEXT() REPRESENTATION_CONTEXT('2D SPACE',''
  ) );
#158 = PCURVE('',#159,#164);
#159 = PLANE('',#160);
#160 = AXIS2_PLACEMENT_3D('',#161,#162,#163);
#161 = CARTESIAN_POINT('',(-4.5,-7.79422863406,0.));
#162 = DIRECTION('',(6.908054375445E-16,1.,-0.));
#163 = DIRECTION('',(1.,-6.908054375445E-16,0.));
#164 = DEFINITIONAL_REPRESENTATION('',(#165),#169);
#165 = LINE('',#166,#167);
#166 = CARTESIAN_POINT('',(9.,0.));
#167 = VECTOR('',#168,1.);
#168 = DIRECTION('',(0.,-1.));
#169 = ( GEOMETRIC_REPRESENTATION_CONTEXT(2) 
PARAMETRIC_REPRESENTATION_CONTEXT() REPRESENTATION_CONTEXT('2D SPACE',''
  ) );
#170 = ORIENTED_EDGE('',*,*,#171,.T.);
#171 = EDGE_CURVE('',#144,#24,#172,.T.);
#172 = SURFACE_CURVE('',#173,(#177,#184),.PCURVE_S1.);
#173 = LINE('',#174,#175);
#174 = CARTESIAN_POINT('',(4.5,-7.79422863406,6.));
#175 = VECTOR('',#176,1.);
#176 = DIRECTION('',(0.5,0.866025403784,0.));
#177 = PCURVE('',#44,#178);
#178 = DEFINITIONAL_REPRESENTATION('',(#179),#183);
#179 = LINE('',#180,#181);
#180 = CARTESIAN_POINT('',(0.,-6.));
#181 = VECTOR('',#182,1.);
#182 = DIRECTION('',(1.,0.));
#183 = ( GEOMETRIC_REPRESENTATION_CONTEXT(2) 
PARAMETRIC_REPRESENTATION_CONTEXT() REPRESENTATION_CONTEXT('2D SPACE',''
  ) );
#184 = PCURVE('',#72,#185);
#185 = DEFINITIONAL_REPRESENTATION('',(#186),#190);
#186 = LINE('',#187,#188);
#187 = CARTESIAN_POINT('',(4.5,-7.79422863406));
#188 = VECTOR('',#189,1.);
#189 = DIRECTION('',(0.5,0.866025403784));
#190 = ( GEOMETRIC_REPRESENTATION_CONTEXT(2) 
PARAMETRIC_REPRESENTATION_CONTEXT() REPRESENTATION_CONTEXT('2D SPACE',''
  ) );
#191 = ORIENTED_EDGE('',*,*,#21,.F.);
#192 = ORIENTED_EDGE('',*,*,#193,.F.);
#193 = EDGE_CURVE('',#142,#22,#194,.T.);
#194 = SURFACE_CURVE('',#195,(#199,#206),.PCURVE_S1.);
#195 = LINE('',#196,#197);
#196 = CARTESIAN_POINT('',(4.5,-7.79422863406,0.));
#197 = VECTOR('',#198,1.);
#198 = DIRECTION('',(0.5,0.866025403784,0.));
#199 = PCURVE('',#44,#200);
#200 = DEFINITIONAL_REPRESENTATION('',(#201),#205);
#201 = LINE('',#202,#203);
#202 = CARTESIAN_POINT('',(0.,0.));
#203 = VECTOR('',#204,1.);
#204 = DIRECTION('',(1.,0.));
#205 = ( GEOMETRIC_REPRESENTATION_CONTEXT(2) 
PARAMETRIC_REPRESENTATION_CONTEXT() REPRESENTATION_CONTEXT('2D SPACE',''
  ) );
#206 = PCURVE('',#126,#207);
#207 = DEFINITIONAL_REPRESENTATION('',(#208),#212);
#208 = LINE('',#209,#210);
#209 = CARTESIAN_POINT('',(4.5,-7.79422863406));
#210 = VECTOR('',#211,1.);
#211 = DIRECTION('',(0.5,0.866025403784));
#212 = ( GEOMETRIC_REPRESENTATION_CONTEXT(2) 
PARAMETRIC_REPRESENTATION_CONTEXT() REPRESENTATION_CONTEXT('2D SPACE',''
  ) );
#213 = ADVANCED_FACE('',(#214),#100,.F.);
#214 = FACE_BOUND('',#215,.F.);
#215 = EDGE_LOOP('',(#216,#217,#240,#268));
#216 = ORIENTED_EDGE('',*,*,#84,.T.);
#217 = ORIENTED_EDGE('',*,*,#218,.T.);
#218 = EDGE_CURVE('',#57,#219,#221,.T.);
#219 = VERTEX_POINT('',#220);
#220 = CARTESIAN_POINT('',(-4.5,7.79422863406,6.));
#221 = SURFACE_CURVE('',#222,(#226,#233),.PCURVE_S1.);
#222 = LINE('',#223,#224);
#223 = CARTESIAN_POINT('',(4.5,7.79422863406,6.));
#224 = VECTOR('',#225,1.);
#225 = DIRECTION('',(-1.,9.868649107779E-17,0.));
#226 = PCURVE('',#100,#227);
#227 = DEFINITIONAL_REPRESENTATION('',(#228),#232);
#228 = LINE('',#229,#230);
#229 = CARTESIAN_POINT('',(0.,-6.));
#230 = VECTOR('',#231,1.);
#231 = DIRECTION('',(1.,0.));
#232 = ( GEOMETRIC_REPRESENTATION_CONTEXT(2) 
PARAMETRIC_REPRESENTATION_CONTEXT() REPRESENTATION_CONTEXT('2D SPACE',''
  ) );
#233 = PCURVE('',#72,#234);
#234 = DEFINITIONAL_REPRESENTATION('',(#235),#239);
#235 = LINE('',#236,#237);
#236 = CARTESIAN_POINT('',(4.5,7.79422863406));
#237 = VECTOR('',#238,1.);
#238 = DIRECTION('',(-1.,9.868649107779E-17));
#239 = ( GEOMETRIC_REPRESENTATION_CONTEXT(2) 
PARAMETRIC_REPRESENTATION_CONTEXT() REPRESENTATION_CONTEXT('2D SPACE',''
  ) );
#240 = ORIENTED_EDGE('',*,*,#241,.F.);
#241 = EDGE_CURVE('',#242,#219,#244,.T.);
#242 = VERTEX_POINT('',#243);
#243 = CARTESIAN_POINT('',(-4.5,7.79422863406,0.));
#244 = SURFACE_CURVE('',#245,(#249,#256),.PCURVE_S1.);
#245 = LINE('',#246,#247);
#246 = CARTESIAN_POINT('',(-4.5,7.79422863406,0.));
#247 = VECTOR('',#248,1.);
#248 = DIRECTION('',(0.,0.,1.));
#249 = PCURVE('',#100,#250);
#250 = DEFINITIONAL_REPRESENTATION('',(#251),#255);
#251 = LINE('',#252,#253);
#252 = CARTESIAN_POINT('',(9.,0.));
#253 = VECTOR('',#254,1.);
#254 = DIRECTION('',(0.,-1.));
#255 = ( GEOMETRIC_REPRESENTATION_CONTEXT(2) 
PARAMETRIC_REPRESENTATION_CONTEXT() REPRESENTATION_CONTEXT('2D SPACE',''
  ) );
#256 = PCURVE('',#257,#262);
#257 = PLANE('',#258);
#258 = AXIS2_PLACEMENT_3D('',#259,#260,#261);
#259 = CARTESIAN_POINT('',(-4.5,7.79422863406,0.));
#260 = DIRECTION('',(0.866025403784,-0.5,0.));
#261 = DIRECTION('',(-0.5,-0.866025403784,0.));
#262 = DEFINITIONAL_REPRESENTATION('',(#263),#267);
#263 = LINE('',#264,#265);
#264 = CARTESIAN_POINT('',(0.,0.));
#265 = VECTOR('',#266,1.);
#266 = DIRECTION('',(0.,-1.));
#267 = ( GEOMETRIC_REPRESENTATION_CONTEXT(2) 
PARAMETRIC_REPRESENTATION_CONTEXT() REPRESENTATION_CONTEXT('2D SPACE',''
  ) );
#268 = ORIENTED_EDGE('',*,*,#269,.F.);
#269 = EDGE_CURVE('',#85,#242,#270,.T.);
#270 = SURFACE_CURVE('',#271,(#275,#282),.PCURVE_S1.);
#271 = LINE('',#272,#273);
#272 = CARTESIAN_POINT('',(4.5,7.79422863406,0.));
#273 = VECTOR('',#274,1.);
#274 = DIRECTION('',(-1.,9.868649107779E-17,0.));
#275 = PCURVE('',#100,#276);
#276 = DEFINITIONAL_REPRESENTATION('',(#277),#281);
#277 = LINE('',#278,#279);
#278 = CARTESIAN_POINT('',(0.,0.));
#279 = VECTOR('',#280,1.);
#280 = DIRECTION('',(1.,0.));
#281 = ( GEOMETRIC_REPRESENTATION_CONTEXT(2) 
PARAMETRIC_REPRESENTATION_CONTEXT() REPRESENTATION_CONTEXT('2D SPACE',''
  ) );
#282 = PCURVE('',#126,#283);
#283 = DEFINITIONAL_REPRESENTATION('',(#284),#288);
#284 = LINE('',#285,#286);
#285 = CARTESIAN_POINT('',(4.5,7.79422863406));
#286 = VECTOR('',#287,1.);
#287 = DIRECTION('',(-1.,9.868649107779E-17));
#288 = ( GEOMETRIC_REPRESENTATION_CONTEXT(2) 
PARAMETRIC_REPRESENTATION_CONTEXT() REPRESENTATION_CONTEXT('2D SPACE',''
  ) );
#289 = ADVANCED_FACE('',(#290,#367),#126,.F.);
#290 = FACE_BOUND('',#291,.F.);
#291 = EDGE_LOOP('',(#292,#293,#294,#317,#345,#366));
#292 = ORIENTED_EDGE('',*,*,#112,.T.);
#293 = ORIENTED_EDGE('',*,*,#269,.T.);
#294 = ORIENTED_EDGE('',*,*,#295,.T.);
#295 = EDGE_CURVE('',#242,#296,#298,.T.);
#296 = VERTEX_POINT('',#297);
#297 = CARTESIAN_POINT('',(-9.,1.102182119233E-15,0.));
#298 = SURFACE_CURVE('',#299,(#303,#310),.PCURVE_S1.);
#299 = LINE('',#300,#301);
#300 = CARTESIAN_POINT('',(-4.5,7.79422863406,0.));
#301 = VECTOR('',#302,1.);
#302 = DIRECTION('',(-0.5,-0.866025403784,0.));
#303 = PCURVE('',#126,#304);
#304 = DEFINITIONAL_REPRESENTATION('',(#305),#309);
#305 = LINE('',#306,#307);
#306 = CARTESIAN_POINT('',(-4.5,7.79422863406));
#307 = VECTOR('',#308,1.);
#308 = DIRECTION('',(-0.5,-0.866025403784));
#309 = ( GEOMETRIC_REPRESENTATION_CONTEXT(2) 
PARAMETRIC_REPRESENTATION_CONTEXT() REPRESENTATION_CONTEXT('2D SPACE',''
  ) );
#310 = PCURVE('',#257,#311);
#311 = DEFINITIONAL_REPRESENTATION('',(#312),#316);
#312 = LINE('',#313,#314);
#313 = CARTESIAN_POINT('',(0.,0.));
#314 = VECTOR('',#315,1.);
#315 = DIRECTION('',(1.,0.));
#316 = ( GEOMETRIC_REPRESENTATION_CONTEXT(2) 
PARAMETRIC_REPRESENTATION_CONTEXT() REPRESENTATION_CONTEXT('2D SPACE',''
  ) );
#317 = ORIENTED_EDGE('',*,*,#318,.T.);
#318 = EDGE_CURVE('',#296,#319,#321,.T.);
#319 = VERTEX_POINT('',#320);
#320 = CARTESIAN_POINT('',(-4.5,-7.79422863406,0.));
#321 = SURFACE_CURVE('',#322,(#326,#333),.PCURVE_S1.);
#322 = LINE('',#323,#324);
#323 = CARTESIAN_POINT('',(-9.,1.102182119233E-15,0.));
#324 = VECTOR('',#325,1.);
#325 = DIRECTION('',(0.5,-0.866025403784,0.));
#326 = PCURVE('',#126,#327);
#327 = DEFINITIONAL_REPRESENTATION('',(#328),#332);
#328 = LINE('',#329,#330);
#329 = CARTESIAN_POINT('',(-9.,8.443321714813E-16));
#330 = VECTOR('',#331,1.);
#331 = DIRECTION('',(0.5,-0.866025403784));
#332 = ( GEOMETRIC_REPRESENTATION_CONTEXT(2) 
PARAMETRIC_REPRESENTATION_CONTEXT() REPRESENTATION_CONTEXT('2D SPACE',''
  ) );
#333 = PCURVE('',#334,#339);
#334 = PLANE('',#335);
#335 = AXIS2_PLACEMENT_3D('',#336,#337,#338);
#336 = CARTESIAN_POINT('',(-9.,1.102182119233E-15,0.));
#337 = DIRECTION('',(0.866025403784,0.5,-0.));
#338 = DIRECTION('',(0.5,-0.866025403784,0.));
#339 = DEFINITIONAL_REPRESENTATION('',(#340),#344);
#340 = LINE('',#341,#342);
#341 = CARTESIAN_POINT('',(0.,0.));
#342 = VECTOR('',#343,1.);
#343 = DIRECTION('',(1.,0.));
#344 = ( GEOMETRIC_REPRESENTATION_CONTEXT(2) 
PARAMETRIC_REPRESENTATION_CONTEXT() REPRESENTATION_CONTEXT('2D SPACE',''
  ) );
#345 = ORIENTED_EDGE('',*,*,#346,.T.);
#346 = EDGE_CURVE('',#319,#142,#347,.T.);
#347 = SURFACE_CURVE('',#348,(#352,#359),.PCURVE_S1.);
#348 = LINE('',#349,#350);
#349 = CARTESIAN_POINT('',(-4.5,-7.79422863406,0.));
#350 = VECTOR('',#351,1.);
#351 = DIRECTION('',(1.,-6.908054375445E-16,0.));
#352 = PCURVE('',#126,#353);
#353 = DEFINITIONAL_REPRESENTATION('',(#354),#358);
#354 = LINE('',#355,#356);
#355 = CARTESIAN_POINT('',(-4.5,-7.79422863406));
#356 = VECTOR('',#357,1.);
#357 = DIRECTION('',(1.,-6.908054375445E-16));
#358 = ( GEOMETRIC_REPRESENTATION_CONTEXT(2) 
PARAMETRIC_REPRESENTATION_CONTEXT() REPRESENTATION_CONTEXT('2D SPACE',''
  ) );
#359 = PCURVE('',#159,#360);
#360 = DEFINITIONAL_REPRESENTATION('',(#361),#365);
#361 = LINE('',#362,#363);
#362 = CARTESIAN_POINT('',(0.,0.));
#363 = VECTOR('',#364,1.);
#364 = DIRECTION('',(1.,0.));
#365 = ( GEOMETRIC_REPRESENTATION_CONTEXT(2) 
PARAMETRIC_REPRESENTATION_CONTEXT() REPRESENTATION_CONTEXT('2D SPACE',''
  ) );
#366 = ORIENTED_EDGE('',*,*,#193,.T.);
#367 = FACE_BOUND('',#368,.F.);
#368 = EDGE_LOOP('',(#369));
#369 = ORIENTED_EDGE('',*,*,#370,.F.);
#370 = EDGE_CURVE('',#371,#371,#373,.T.);
#371 = VERTEX_POINT('',#372);
#372 = CARTESIAN_POINT('',(4.4,-1.07768918325E-15,0.));
#373 = SURFACE_CURVE('',#374,(#379,#386),.PCURVE_S1.);
#374 = CIRCLE('',#375,4.4);
#375 = AXIS2_PLACEMENT_3D('',#376,#377,#378);
#376 = CARTESIAN_POINT('',(0.,0.,0.));
#377 = DIRECTION('',(0.,0.,1.));
#378 = DIRECTION('',(1.,0.,-0.));
#379 = PCURVE('',#126,#380);
#380 = DEFINITIONAL_REPRESENTATION('',(#381),#385);
#381 = CIRCLE('',#382,4.4);
#382 = AXIS2_PLACEMENT_2D('',#383,#384);
#383 = CARTESIAN_POINT('',(5.263279524149E-16,-2.578499477513E-16));
#384 = DIRECTION('',(1.,0.));
#385 = ( GEOMETRIC_REPRESENTATION_CONTEXT(2) 
PARAMETRIC_REPRESENTATION_CONTEXT() REPRESENTATION_CONTEXT('2D SPACE',''
  ) );
#386 = PCURVE('',#387,#392);
#387 = CONICAL_SURFACE('',#388,4.4,0.982793723247);
#388 = AXIS2_PLACEMENT_3D('',#389,#390,#391);
#389 = CARTESIAN_POINT('',(0.,0.,0.));
#390 = DIRECTION('',(-0.,-0.,-1.));
#391 = DIRECTION('',(1.,0.,-0.));
#392 = DEFINITIONAL_REPRESENTATION('',(#393),#397);
#393 = LINE('',#394,#395);
#394 = CARTESIAN_POINT('',(-0.,-0.));
#395 = VECTOR('',#396,1.);
#396 = DIRECTION('',(-1.,-0.));
#397 = ( GEOMETRIC_REPRESENTATION_CONTEXT(2) 
PARAMETRIC_REPRESENTATION_CONTEXT() REPRESENTATION_CONTEXT('2D SPACE',''
  ) );
#398 = ADVANCED_FACE('',(#399,#471),#72,.T.);
#399 = FACE_BOUND('',#400,.T.);
#400 = EDGE_LOOP('',(#401,#402,#403,#426,#449,#470));
#401 = ORIENTED_EDGE('',*,*,#56,.T.);
#402 = ORIENTED_EDGE('',*,*,#218,.T.);
#403 = ORIENTED_EDGE('',*,*,#404,.T.);
#404 = EDGE_CURVE('',#219,#405,#407,.T.);
#405 = VERTEX_POINT('',#406);
#406 = CARTESIAN_POINT('',(-9.,1.102182119233E-15,6.));
#407 = SURFACE_CURVE('',#408,(#412,#419),.PCURVE_S1.);
#408 = LINE('',#409,#410);
#409 = CARTESIAN_POINT('',(-4.5,7.79422863406,6.));
#410 = VECTOR('',#411,1.);
#411 = DIRECTION('',(-0.5,-0.866025403784,0.));
#412 = PCURVE('',#72,#413);
#413 = DEFINITIONAL_REPRESENTATION('',(#414),#418);
#414 = LINE('',#415,#416);
#415 = CARTESIAN_POINT('',(-4.5,7.79422863406));
#416 = VECTOR('',#417,1.);
#417 = DIRECTION('',(-0.5,-0.866025403784));
#418 = ( GEOMETRIC_REPRESENTATION_CONTEXT(2) 
PARAMETRIC_REPRESENTATION_CONTEXT() REPRESENTATION_CONTEXT('2D SPACE',''
  ) );
#419 = PCURVE('',#257,#420);
#420 = DEFINITIONAL_REPRESENTATION('',(#421),#425);
#421 = LINE('',#422,#423);
#422 = CARTESIAN_POINT('',(0.,-6.));
#423 = VECTOR('',#424,1.);
#424 = DIRECTION('',(1.,0.));
#425 = ( GEOMETRIC_REPRESENTATION_CONTEXT(2) 
PARAMETRIC_REPRESENTATION_CONTEXT() REPRESENTATION_CONTEXT('2D SPACE',''
  ) );
#426 = ORIENTED_EDGE('',*,*,#427,.T.);
#427 = EDGE_CURVE('',#405,#428,#430,.T.);
#428 = VERTEX_POINT('',#429);
#429 = CARTESIAN_POINT('',(-4.5,-7.79422863406,6.));
#430 = SURFACE_CURVE('',#431,(#435,#442),.PCURVE_S1.);
#431 = LINE('',#432,#433);
#432 = CARTESIAN_POINT('',(-9.,1.102182119233E-15,6.));
#433 = VECTOR('',#434,1.);
#434 = DIRECTION('',(0.5,-0.866025403784,0.));
#435 = PCURVE('',#72,#436);
#436 = DEFINITIONAL_REPRESENTATION('',(#437),#441);
#437 = LINE('',#438,#439);
#438 = CARTESIAN_POINT('',(-9.,8.443321714813E-16));
#439 = VECTOR('',#440,1.);
#440 = DIRECTION('',(0.5,-0.866025403784));
#441 = ( GEOMETRIC_REPRESENTATION_CONTEXT(2) 
PARAMETRIC_REPRESENTATION_CONTEXT() REPRESENTATION_CONTEXT('2D SPACE',''
  ) );
#442 = PCURVE('',#334,#443);
#443 = DEFINITIONAL_REPRESENTATION('',(#444),#448);
#444 = LINE('',#445,#446);
#445 = CARTESIAN_POINT('',(0.,-6.));
#446 = VECTOR('',#447,1.);
#447 = DIRECTION('',(1.,0.));
#448 = ( GEOMETRIC_REPRESENTATION_CONTEXT(2) 
PARAMETRIC_REPRESENTATION_CONTEXT() REPRESENTATION_CONTEXT('2D SPACE',''
  ) );
#449 = ORIENTED_EDGE('',*,*,#450,.T.);
#450 = EDGE_CURVE('',#428,#144,#451,.T.);
#451 = SURFACE_CURVE('',#452,(#456,#463),.PCURVE_S1.);
#452 = LINE('',#453,#454);
#453 = CARTESIAN_POINT('',(-4.5,-7.79422863406,6.));
#454 = VECTOR('',#455,1.);
#455 = DIRECTION('',(1.,-6.908054375445E-16,0.));
#456 = PCURVE('',#72,#457);
#457 = DEFINITIONAL_REPRESENTATION('',(#458),#462);
#458 = LINE('',#459,#460);
#459 = CARTESIAN_POINT('',(-4.5,-7.79422863406));
#460 = VECTOR('',#461,1.);
#461 = DIRECTION('',(1.,-6.908054375445E-16));
#462 = ( GEOMETRIC_REPRESENTATION_CONTEXT(2) 
PARAMETRIC_REPRESENTATION_CONTEXT() REPRESENTATION_CONTEXT('2D SPACE',''
  ) );
#463 = PCURVE('',#159,#464);
#464 = DEFINITIONAL_REPRESENTATION('',(#465),#469);
#465 = LINE('',#466,#467);
#466 = CARTESIAN_POINT('',(0.,-6.));
#467 = VECTOR('',#468,1.);
#468 = DIRECTION('',(1.,0.));
#469 = ( GEOMETRIC_REPRESENTATION_CONTEXT(2) 
PARAMETRIC_REPRESENTATION_CONTEXT() REPRESENTATION_CONTEXT('2D SPACE',''
  ) );
#470 = ORIENTED_EDGE('',*,*,#171,.T.);
#471 = FACE_BOUND('',#472,.T.);
#472 = EDGE_LOOP('',(#473));
#473 = ORIENTED_EDGE('',*,*,#474,.F.);
#474 = EDGE_CURVE('',#475,#475,#477,.T.);
#475 = VERTEX_POINT('',#476);
#476 = CARTESIAN_POINT('',(4.4,-1.07768918325E-15,6.));
#477 = SURFACE_CURVE('',#478,(#483,#490),.PCURVE_S1.);
#478 = CIRCLE('',#479,4.4);
#479 = AXIS2_PLACEMENT_3D('',#480,#481,#482);
#480 = CARTESIAN_POINT('',(0.,0.,6.));
#481 = DIRECTION('',(0.,0.,1.));
#482 = DIRECTION('',(1.,0.,-0.));
#483 = PCURVE('',#72,#484);
#484 = DEFINITIONAL_REPRESENTATION('',(#485),#489);
#485 = CIRCLE('',#486,4.4);
#486 = AXIS2_PLACEMENT_2D('',#487,#488);
#487 = CARTESIAN_POINT('',(5.263279524149E-16,-2.578499477513E-16));
#488 = DIRECTION('',(1.,0.));
#489 = ( GEOMETRIC_REPRESENTATION_CONTEXT(2) 
PARAMETRIC_REPRESENTATION_CONTEXT() REPRESENTATION_CONTEXT('2D SPACE',''
  ) );
#490 = PCURVE('',#491,#496);
#491 = CONICAL_SURFACE('',#492,3.5,0.982793723247);
#492 = AXIS2_PLACEMENT_3D('',#493,#494,#495);
#493 = CARTESIAN_POINT('',(0.,0.,5.4));
#494 = DIRECTION('',(0.,0.,1.));
#495 = DIRECTION('',(1.,0.,-0.));
#496 = DEFINITIONAL_REPRESENTATION('',(#497),#501);
#497 = LINE('',#498,#499);
#498 = CARTESIAN_POINT('',(0.,0.6));
#499 = VECTOR('',#500,1.);
#500 = DIRECTION('',(1.,0.));
#501 = ( GEOMETRIC_REPRESENTATION_CONTEXT(2) 
PARAMETRIC_REPRESENTATION_CONTEXT() REPRESENTATION_CONTEXT('2D SPACE',''
  ) );
#502 = ADVANCED_FACE('',(#503),#159,.F.);
#503 = FACE_BOUND('',#504,.F.);
#504 = EDGE_LOOP('',(#505,#526,#527,#528));
#505 = ORIENTED_EDGE('',*,*,#506,.T.);
#506 = EDGE_CURVE('',#319,#428,#507,.T.);
#507 = SURFACE_CURVE('',#508,(#512,#519),.PCURVE_S1.);
#508 = LINE('',#509,#510);
#509 = CARTESIAN_POINT('',(-4.5,-7.79422863406,0.));
#510 = VECTOR('',#511,1.);
#511 = DIRECTION('',(0.,0.,1.));
#512 = PCURVE('',#159,#513);
#513 = DEFINITIONAL_REPRESENTATION('',(#514),#518);
#514 = LINE('',#515,#516);
#515 = CARTESIAN_POINT('',(0.,0.));
#516 = VECTOR('',#517,1.);
#517 = DIRECTION('',(0.,-1.));
#518 = ( GEOMETRIC_REPRESENTATION_CONTEXT(2) 
PARAMETRIC_REPRESENTATION_CONTEXT() REPRESENTATION_CONTEXT('2D SPACE',''
  ) );
#519 = PCURVE('',#334,#520);
#520 = DEFINITIONAL_REPRESENTATION('',(#521),#525);
#521 = LINE('',#522,#523);
#522 = CARTESIAN_POINT('',(9.,0.));
#523 = VECTOR('',#524,1.);
#524 = DIRECTION('',(0.,-1.));
#525 = ( GEOMETRIC_REPRESENTATION_CONTEXT(2) 
PARAMETRIC_REPRESENTATION_CONTEXT() REPRESENTATION_CONTEXT('2D SPACE',''
  ) );
#526 = ORIENTED_EDGE('',*,*,#450,.T.);
#527 = ORIENTED_EDGE('',*,*,#141,.F.);
#528 = ORIENTED_EDGE('',*,*,#346,.F.);
#529 = ADVANCED_FACE('',(#530),#257,.F.);
#530 = FACE_BOUND('',#531,.F.);
#531 = EDGE_LOOP('',(#532,#533,#534,#555));
#532 = ORIENTED_EDGE('',*,*,#241,.T.);
#533 = ORIENTED_EDGE('',*,*,#404,.T.);
#534 = ORIENTED_EDGE('',*,*,#535,.F.);
#535 = EDGE_CURVE('',#296,#405,#536,.T.);
#536 = SURFACE_CURVE('',#537,(#541,#548),.PCURVE_S1.);
#537 = LINE('',#538,#539);
#538 = CARTESIAN_POINT('',(-9.,1.102182119233E-15,0.));
#539 = VECTOR('',#540,1.);
#540 = DIRECTION('',(0.,0.,1.));
#541 = PCURVE('',#257,#542);
#542 = DEFINITIONAL_REPRESENTATION('',(#543),#547);
#543 = LINE('',#544,#545);
#544 = CARTESIAN_POINT('',(9.,0.));
#545 = VECTOR('',#546,1.);
#546 = DIRECTION('',(0.,-1.));
#547 = ( GEOMETRIC_REPRESENTATION_CONTEXT(2) 
PARAMETRIC_REPRESENTATION_CONTEXT() REPRESENTATION_CONTEXT('2D SPACE',''
  ) );
#548 = PCURVE('',#334,#549);
#549 = DEFINITIONAL_REPRESENTATION('',(#550),#554);
#550 = LINE('',#551,#552);
#551 = CARTESIAN_POINT('',(0.,0.));
#552 = VECTOR('',#553,1.);
#553 = DIRECTION('',(0.,-1.));
#554 = ( GEOMETRIC_REPRESENTATION_CONTEXT(2) 
PARAMETRIC_REPRESENTATION_CONTEXT() REPRESENTATION_CONTEXT('2D SPACE',''
  ) );
#555 = ORIENTED_EDGE('',*,*,#295,.F.);
#556 = ADVANCED_FACE('',(#557),#334,.F.);
#557 = FACE_BOUND('',#558,.F.);
#558 = EDGE_LOOP('',(#559,#560,#561,#562));
#559 = ORIENTED_EDGE('',*,*,#535,.T.);
#560 = ORIENTED_EDGE('',*,*,#427,.T.);
#561 = ORIENTED_EDGE('',*,*,#506,.F.);
#562 = ORIENTED_EDGE('',*,*,#318,.F.);
#563 = ADVANCED_FACE('',(#564),#387,.F.);
#564 = FACE_BOUND('',#565,.F.);
#565 = EDGE_LOOP('',(#566,#803,#832,#1091,#1112,#1113,#1114,#1179));
#566 = ORIENTED_EDGE('',*,*,#567,.F.);
#567 = EDGE_CURVE('',#568,#570,#572,.T.);
#568 = VERTEX_POINT('',#569);
#569 = CARTESIAN_POINT('',(-3.499999994257,2.487851375721E-05,
    0.600000000003));
#570 = VERTEX_POINT('',#571);
#571 = CARTESIAN_POINT('',(-3.646631335724,-2.27862543376,
    6.666248325365E-02));
#572 = SURFACE_CURVE('',#573,(#588,#606),.PCURVE_S1.);
#573 = B_SPLINE_CURVE_WITH_KNOTS('',4,(#574,#575,#576,#577,#578,#579,
    #580,#581,#582,#583,#584,#585,#586,#587),.UNSPECIFIED.,.F.,.F.,(5,3,
    3,3,5),(0.,0.240387574175,0.486793224798,0.740297399611,1.),
  .UNSPECIFIED.);
#574 = CARTESIAN_POINT('',(-3.499999999911,2.492769492557E-05,0.6));
#575 = CARTESIAN_POINT('',(-3.550922651949,-0.124394646656,
    0.566052156068));
#576 = CARTESIAN_POINT('',(-3.595454226906,-0.252435207875,
    0.532433389403));
#577 = CARTESIAN_POINT('',(-3.633352935552,-0.3835003264,0.499134143747)
  );
#578 = CARTESIAN_POINT('',(-3.696409613438,-0.653842233182,0.43233069805
    ));
#579 = CARTESIAN_POINT('',(-3.721224393681,-0.793243189139,
    0.398842203888));
#580 = CARTESIAN_POINT('',(-3.738798970041,-0.934568738325,
    0.365669986667));
#581 = CARTESIAN_POINT('',(-3.759711912515,-1.223960999481,0.29899274444
    ));
#582 = CARTESIAN_POINT('',(-3.762624996134,-1.372105257052,
    0.265505629263));
#583 = CARTESIAN_POINT('',(-3.757817566817,-1.520981117479,
    0.232333181347));
#584 = CARTESIAN_POINT('',(-3.732610552368,-1.822603118175,
    0.165794901789));
#585 = CARTESIAN_POINT('',(-3.711831943195,-1.97535540745,0.132444141662
    ));
#586 = CARTESIAN_POINT('',(-3.683112799935,-2.127564003891,
    9.940320533441E-02));
#587 = CARTESIAN_POINT('',(-3.646631335724,-2.27862543376,
    6.666248325365E-02));
#588 = PCURVE('',#387,#589);
#589 = DEFINITIONAL_REPRESENTATION('',(#590),#605);
#590 = B_SPLINE_CURVE_WITH_KNOTS('',4,(#591,#592,#593,#594,#595,#596,
    #597,#598,#599,#600,#601,#602,#603,#604),.UNSPECIFIED.,.F.,.F.,(5,3,
    3,3,5),(0.,0.240387574175,0.486793224798,0.740297399611,1.),
  .UNSPECIFIED.);
#591 = CARTESIAN_POINT('',(-3.141585531391,-0.6));
#592 = CARTESIAN_POINT('',(-3.177134084828,-0.566052156069));
#593 = CARTESIAN_POINT('',(-3.212337902676,-0.532433389401));
#594 = CARTESIAN_POINT('',(-3.247207116345,-0.499134143747));
#595 = CARTESIAN_POINT('',(-3.317160401472,-0.43233069805));
#596 = CARTESIAN_POINT('',(-3.352228030685,-0.398842203888));
#597 = CARTESIAN_POINT('',(-3.386964740884,-0.365669986667));
#598 = CARTESIAN_POINT('',(-3.456787427115,-0.29899274444));
#599 = CARTESIAN_POINT('',(-3.491854669408,-0.265505629263));
#600 = CARTESIAN_POINT('',(-3.526592907764,-0.232333181347));
#601 = CARTESIAN_POINT('',(-3.596272979683,-0.165794901789));
#602 = CARTESIAN_POINT('',(-3.631199056797,-0.132444141662));
#603 = CARTESIAN_POINT('',(-3.665801265229,-9.940320533441E-02));
#604 = CARTESIAN_POINT('',(-3.700089587868,-6.666248325365E-02));
#605 = ( GEOMETRIC_REPRESENTATION_CONTEXT(2) 
PARAMETRIC_REPRESENTATION_CONTEXT() REPRESENTATION_CONTEXT('2D SPACE',''
  ) );
#606 = PCURVE('',#607,#786);
#607 = B_SPLINE_SURFACE_WITH_KNOTS('',1,11,(
    (#608,#609,#610,#611,#612,#613,#614,#615,#616,#617,#618,#619,#620
      ,#621,#622,#623,#624,#625,#626,#627,#628,#629,#630,#631,#632,#633
      ,#634,#635,#636,#637,#638,#639,#640,#641,#642,#643,#644,#645,#646
      ,#647,#648,#649,#650,#651,#652,#653,#654,#655,#656,#657,#658,#659
      ,#660,#661,#662,#663,#664,#665,#666,#667,#668,#669,#670,#671,#672
      ,#673,#674,#675,#676,#677,#678,#679,#680,#681,#682,#683,#684,#685
      ,#686,#687,#688,#689,#690,#691,#692,#693,#694,#695,#696)
    ,(#697,#698,#699,#700,#701,#702,#703,#704,#705,#706,#707,#708,#709
      ,#710,#711,#712,#713,#714,#715,#716,#717,#718,#719,#720,#721,#722
      ,#723,#724,#725,#726,#727,#728,#729,#730,#731,#732,#733,#734,#735
      ,#736,#737,#738,#739,#740,#741,#742,#743,#744,#745,#746,#747,#748
      ,#749,#750,#751,#752,#753,#754,#755,#756,#757,#758,#759,#760,#761
      ,#762,#763,#764,#765,#766,#767,#768,#769,#770,#771,#772,#773,#774
      ,#775,#776,#777,#778,#779,#780,#781,#782,#783,#784,#785
  )),.UNSPECIFIED.,.F.,.F.,.F.,(2,2),(12,11,11,11,11,11,11,11,12),(0.,
    1.343502884254),(0.,7.832974995525,15.665949991049,23.498924986574,
    31.331899982099,39.164874977623,46.997849973148,54.830824968673,
    62.663799964197),.PIECEWISE_BEZIER_KNOTS.);
#608 = CARTESIAN_POINT('',(4.3,8.881784197001E-16,-4.7));
#609 = CARTESIAN_POINT('',(4.299996916554,2.763183162187,-4.39317365022)
  );
#610 = CARTESIAN_POINT('',(2.348126866463,5.526556872619,-4.086396231114
    ));
#611 = CARTESIAN_POINT('',(-1.568219234539,6.754296568698,
    -3.779457964591));
#612 = CARTESIAN_POINT('',(-6.03290378843,4.918889099837,-3.472884853651
    ));
#613 = CARTESIAN_POINT('',(-8.529006540211,-0.152640744044,
    -3.165698041868));
#614 = CARTESIAN_POINT('',(-6.138696395331,-5.922909143559,
    -2.859299734985));
#615 = CARTESIAN_POINT('',(-0.787834776994,-7.74415521921,
    -2.552116975619));
#616 = CARTESIAN_POINT('',(3.667163340528,-5.884866218171,
    -2.245537360312));
#617 = CARTESIAN_POINT('',(5.568224021658,-2.247505647356,
    -1.938605813609));
#618 = CARTESIAN_POINT('',(4.994426254059,1.086694565842,-1.631823154094
    ));
#619 = CARTESIAN_POINT('',(3.040559159101,3.0405591591,-1.324999999994)
  );
#620 = CARTESIAN_POINT('',(1.08669142714,4.994422530423,-1.018173650242)
  );
#621 = CARTESIAN_POINT('',(-2.247489410896,5.568242271603,-0.71139623106
    ));
#622 = CARTESIAN_POINT('',(-5.884907360976,3.667110450735,
    -0.404457964688));
#623 = CARTESIAN_POINT('',(-7.744087017466,-0.787727340627,
    -9.788485351799E-02));
#624 = CARTESIAN_POINT('',(-5.92298505617,-6.138851666589,0.209301957988
    ));
#625 = CARTESIAN_POINT('',(-0.152584628991,-8.528843068533,0.51570026514
    ));
#626 = CARTESIAN_POINT('',(4.918861356754,-6.033027983331,0.82288302429)
  );
#627 = CARTESIAN_POINT('',(6.754304875085,-1.568152743446,1.129462639744
    ));
#628 = CARTESIAN_POINT('',(5.526555448864,2.348102480887,1.436394186363)
  );
#629 = CARTESIAN_POINT('',(2.763183575801,4.300001768964,1.743176845916)
  );
#630 = CARTESIAN_POINT('',(1.717146870497E-13,4.299999999998,
    2.050000000005));
#631 = CARTESIAN_POINT('',(-2.763183162186,4.299996916558,2.356826349766
    ));
#632 = CARTESIAN_POINT('',(-5.526556872624,2.348126866457,2.663603768916
    ));
#633 = CARTESIAN_POINT('',(-6.754296568686,-1.568219234534,
    2.970542035359));
#634 = CARTESIAN_POINT('',(-4.918889099854,-6.032903788433,
    3.277115146414));
#635 = CARTESIAN_POINT('',(0.152640744055,-8.529006540208,3.584301958064
    ));
#636 = CARTESIAN_POINT('',(5.922909143562,-6.138696395335,3.890700265073
    ));
#637 = CARTESIAN_POINT('',(7.744155219196,-0.78783477699,4.197883024338)
  );
#638 = CARTESIAN_POINT('',(5.884866218185,3.667163340525,4.504462639715)
  );
#639 = CARTESIAN_POINT('',(2.247505647348,5.56822402166,4.811394186377)
  );
#640 = CARTESIAN_POINT('',(-1.08669456584,4.994426254058,5.118176845911)
  );
#641 = CARTESIAN_POINT('',(-3.0405591591,3.040559159101,5.425000000006)
  );
#642 = CARTESIAN_POINT('',(-4.994422530423,1.086691427138,5.731826349761
    ));
#643 = CARTESIAN_POINT('',(-5.5682422716,-2.247489410893,6.038603768931)
  );
#644 = CARTESIAN_POINT('',(-3.667110450743,-5.884907360976,6.34554203533
    ));
#645 = CARTESIAN_POINT('',(0.78772734064,-7.744087017479,6.652115146457)
  );
#646 = CARTESIAN_POINT('',(6.138851666572,-5.922985056135,6.959301958016
    ));
#647 = CARTESIAN_POINT('',(8.528843068548,-0.152584629041,7.265700265118
    ));
#648 = CARTESIAN_POINT('',(6.033027983322,4.9188613568,7.572883024303));
#649 = CARTESIAN_POINT('',(1.56815274345,6.754304875057,7.879462639739)
  );
#650 = CARTESIAN_POINT('',(-2.348102480889,5.526555448874,8.186394186364
    ));
#651 = CARTESIAN_POINT('',(-4.300001768963,2.763183575799,8.493176845918
    ));
#652 = CARTESIAN_POINT('',(-4.299999999999,-2.138991179247E-14,
    8.800000000003));
#653 = CARTESIAN_POINT('',(-4.299996916555,-2.763183162185,
    9.106826349771));
#654 = CARTESIAN_POINT('',(-2.348126866461,-5.526556872628,
    9.413603768909));
#655 = CARTESIAN_POINT('',(1.568219234535,-6.754296568678,9.720542035363
    ));
#656 = CARTESIAN_POINT('',(6.032903788439,-4.918889099868,
    10.027115146416));
#657 = CARTESIAN_POINT('',(8.529006540192,0.152640744075,10.334301958057
    ));
#658 = CARTESIAN_POINT('',(6.138696395357,5.922909143539,10.640700265082
    ));
#659 = CARTESIAN_POINT('',(0.787834776972,7.744155219214,10.947883024331
    ));
#660 = CARTESIAN_POINT('',(-3.667163340517,5.884866218175,
    11.254462639719));
#661 = CARTESIAN_POINT('',(-5.568224021661,2.247505647351,
    11.561394186377));
#662 = CARTESIAN_POINT('',(-4.99442625406,-1.08669456584,11.86817684591)
  );
#663 = CARTESIAN_POINT('',(-3.0405591591,-3.0405591591,12.175000000007)
  );
#664 = CARTESIAN_POINT('',(-1.08669142714,-4.994422530426,
    12.481826349752));
#665 = CARTESIAN_POINT('',(2.247489410898,-5.568242271593,
    12.788603768959));
#666 = CARTESIAN_POINT('',(5.884907360965,-3.667110450757,
    13.095542035265));
#667 = CARTESIAN_POINT('',(7.744087017493,0.787727340666,13.402115146568
    ));
#668 = CARTESIAN_POINT('',(5.922985056123,6.138851666536,13.709301957867
    ));
#669 = CARTESIAN_POINT('',(0.152584629046,8.52884306859,14.015700265278)
  );
#670 = CARTESIAN_POINT('',(-4.918861356797,6.03302798328,14.322883024163
    ));
#671 = CARTESIAN_POINT('',(-6.754304875063,1.568152743484,14.62946263984
    ));
#672 = CARTESIAN_POINT('',(-5.526555448869,-2.34810248091,
    14.936394186303));
#673 = CARTESIAN_POINT('',(-2.763183575803,-4.300001768952,
    15.243176845948));
#674 = CARTESIAN_POINT('',(1.640834845588E-12,-4.300000000003,
    15.549999999991));
#675 = CARTESIAN_POINT('',(2.763183126312,-4.299996899805,
    15.856826449001));
#676 = CARTESIAN_POINT('',(5.526557032025,-2.348126940865,
    16.163603328048));
#677 = CARTESIAN_POINT('',(6.754296137547,1.568219435747,16.470543227719
    ));
#678 = CARTESIAN_POINT('',(4.918889963483,6.032903385439,16.777112758077
    ));
#679 = CARTESIAN_POINT('',(-0.152642115301,8.529007179991,
    17.084305750049));
#680 = CARTESIAN_POINT('',(-5.922907362898,6.138695564603,
    17.390695341032));
#681 = CARTESIAN_POINT('',(-7.744157138953,0.787835672572,17.69788833295
    ));
#682 = CARTESIAN_POINT('',(-5.884864490914,-3.667164146301,
    18.004457863379));
#683 = CARTESIAN_POINT('',(-2.247506940759,-5.568223418276,
    18.311397762998));
#684 = CARTESIAN_POINT('',(1.086695362809,-4.994426625853,
    18.618174642072));
#685 = CARTESIAN_POINT('',(3.040558764542,-3.040558975035,
    18.925001091069));
#686 = CARTESIAN_POINT('',(4.994423290202,-1.086691812467,
    19.231824245102));
#687 = CARTESIAN_POINT('',(5.568241143464,2.247490074427,19.53860690481)
  );
#688 = CARTESIAN_POINT('',(3.667111730963,5.884906392513,19.845538451137
    ));
#689 = CARTESIAN_POINT('',(-0.787728364894,7.744088238886,
    20.152118067024));
#690 = CARTESIAN_POINT('',(-6.138851307738,5.922983708173,
    20.459300825628));
#691 = CARTESIAN_POINT('',(-8.528842593472,0.152585940384,
    20.765699133389));
#692 = CARTESIAN_POINT('',(-6.033029110237,-4.918862483771,
    21.072885944297));
#693 = CARTESIAN_POINT('',(-1.5681513836,-6.75430402244,21.379459055967)
  );
#694 = CARTESIAN_POINT('',(2.348101299133,-5.526556011102,
    21.686397321996));
#695 = CARTESIAN_POINT('',(4.300002559498,-2.763183258438,
    21.993174741365));
#696 = CARTESIAN_POINT('',(4.299999590859,-1.488381848312E-07,
    22.30000109104));
#697 = CARTESIAN_POINT('',(3.35,-2.22044604925E-16,-3.75));
#698 = CARTESIAN_POINT('',(3.349987193961,2.152702703708,-3.443183349675
    ));
#699 = CARTESIAN_POINT('',(1.829390378337,4.305628923019,-3.136357524844
    ));
#700 = CARTESIAN_POINT('',(-1.221831392697,5.261892145173,
    -2.829561858944));
#701 = CARTESIAN_POINT('',(-4.699934937319,3.83251232074,-2.5226977262)
  );
#702 = CARTESIAN_POINT('',(-6.644808972655,-0.119429238632,
    -2.215948662815));
#703 = CARTESIAN_POINT('',(-4.78239292141,-4.613825067002,
    -1.909051753952));
#704 = CARTESIAN_POINT('',(-0.613804668545,-6.033636419728,
    -1.602301930973));
#705 = CARTESIAN_POINT('',(2.856973609248,-4.584511602164,
    -1.295439017501));
#706 = CARTESIAN_POINT('',(4.338039550249,-1.751033119816,
    -0.988642091836));
#707 = CARTESIAN_POINT('',(3.891003767156,0.84662267944,-0.681817249502)
  );
#708 = CARTESIAN_POINT('',(2.368807716969,2.368807716968,-0.375000000001
    ));
#709 = CARTESIAN_POINT('',(0.846607982093,3.890989341433,
    -6.818334966987E-02));
#710 = CARTESIAN_POINT('',(-1.750965066848,4.338113750644,0.238642475139
    ));
#711 = CARTESIAN_POINT('',(-4.584684880842,2.856754354578,0.545438141096
    ));
#712 = CARTESIAN_POINT('',(-6.033351316446,-0.61336041448,0.852302273734
    ));
#713 = CARTESIAN_POINT('',(-4.61414025962,-4.783038708584,1.159051337267
    ));
#714 = CARTESIAN_POINT('',(-0.119195472994,-6.644129457302,1.46594824597
    ));
#715 = CARTESIAN_POINT('',(3.832399784144,-4.700450670895,1.772698069083
    ));
#716 = CARTESIAN_POINT('',(5.261924655111,-1.221553829654,2.079560982469
    ));
#717 = CARTESIAN_POINT('',(4.30562457613,1.829289789984,2.386357908176)
  );
#718 = CARTESIAN_POINT('',(2.152702511641,3.350007787101,2.693182750495)
  );
#719 = CARTESIAN_POINT('',(8.501529763266E-13,3.349999999992,
    2.999999999999));
#720 = CARTESIAN_POINT('',(-2.152702703708,3.349987193985,3.30681665033)
  );
#721 = CARTESIAN_POINT('',(-4.305628923024,1.829390378283,3.61364247514)
  );
#722 = CARTESIAN_POINT('',(-5.261892145161,-1.221831392602,
    3.920438141092));
#723 = CARTESIAN_POINT('',(-3.832512320749,-4.699934937447,
    4.227302273744));
#724 = CARTESIAN_POINT('',(0.119429238615,-6.644808972521,4.534051337252
    ));
#725 = CARTESIAN_POINT('',(4.613825067053,-4.78239292152,4.840948245988)
  );
#726 = CARTESIAN_POINT('',(6.033636419664,-0.613804668474,5.147698069068
    ));
#727 = CARTESIAN_POINT('',(4.584511602214,2.85697360921,5.454560982478)
  );
#728 = CARTESIAN_POINT('',(1.751033119792,4.338039550266,5.761357908172)
  );
#729 = CARTESIAN_POINT('',(-0.846622679434,3.89100376715,6.068182750496)
  );
#730 = CARTESIAN_POINT('',(-2.368807716968,2.368807716969,6.374999999999
    ));
#731 = CARTESIAN_POINT('',(-3.890989341431,0.84660798209,6.68181665033)
  );
#732 = CARTESIAN_POINT('',(-4.338113750651,-1.750965066841,
    6.988642475139));
#733 = CARTESIAN_POINT('',(-2.856754354563,-4.584684880847,
    7.295438141095));
#734 = CARTESIAN_POINT('',(0.613360414453,-6.033351316457,7.602302273737
    ));
#735 = CARTESIAN_POINT('',(4.78303870862,-4.614140259578,7.909051337261)
  );
#736 = CARTESIAN_POINT('',(6.644129457263,-0.119195473057,8.215948245979
    ));
#737 = CARTESIAN_POINT('',(4.700450670926,3.832399784204,8.522698069075)
  );
#738 = CARTESIAN_POINT('',(1.221553829638,5.261924655076,8.829560982475)
  );
#739 = CARTESIAN_POINT('',(-1.82928978998,4.305624576141,9.136357908173)
  );
#740 = CARTESIAN_POINT('',(-3.350007787099,2.15270251164,9.443182750495)
  );
#741 = CARTESIAN_POINT('',(-3.349999999996,5.57664415709E-13,
    9.749999999999));
#742 = CARTESIAN_POINT('',(-3.349987193974,-2.152702703707,
    10.056816650326));
#743 = CARTESIAN_POINT('',(-1.829390378307,-4.305628923023,
    10.363642475152));
#744 = CARTESIAN_POINT('',(1.221831392639,-5.26189214517,10.670438141067
    ));
#745 = CARTESIAN_POINT('',(4.699934937406,-3.832512320726,
    10.977302273779));
#746 = CARTESIAN_POINT('',(6.64480897255,0.119429238583,11.284051337216)
  );
#747 = CARTESIAN_POINT('',(4.782392921509,4.613825067085,11.590948246014
    ));
#748 = CARTESIAN_POINT('',(0.613804668472,6.033636419643,11.897698069056
    ));
#749 = CARTESIAN_POINT('',(-2.856973609206,4.584511602222,
    12.204560982483));
#750 = CARTESIAN_POINT('',(-4.338039550266,1.751033119792,
    12.511357908171));
#751 = CARTESIAN_POINT('',(-3.891003767153,-0.846622679436,
    12.818182750497));
#752 = CARTESIAN_POINT('',(-2.368807716967,-2.368807716966,
    13.124999999999));
#753 = CARTESIAN_POINT('',(-0.846607982098,-3.89098934144,
    13.431816650331));
#754 = CARTESIAN_POINT('',(1.750965066864,-4.338113750622,
    13.738642475137));
#755 = CARTESIAN_POINT('',(4.584684880803,-2.856754354632,
    14.045438141099));
#756 = CARTESIAN_POINT('',(6.033351316518,0.613360414578,14.352302273727
    ));
#757 = CARTESIAN_POINT('',(4.614140259518,4.783038708441,14.659051337278
    ));
#758 = CARTESIAN_POINT('',(0.119195473101,6.644129457471,14.965948245957
    ));
#759 = CARTESIAN_POINT('',(-3.832399784227,4.700450670732,
    15.272698069095));
#760 = CARTESIAN_POINT('',(-5.261924655065,1.221553829784,15.57956098246
    ));
#761 = CARTESIAN_POINT('',(-4.305624576146,-1.829289790069,
    15.886357908182));
#762 = CARTESIAN_POINT('',(-2.152702511639,-3.350007787055,
    16.193182750492));
#763 = CARTESIAN_POINT('',(1.132549504726E-14,-3.350000000013,
    16.500000000001));
#764 = CARTESIAN_POINT('',(2.152702595917,-3.349987082525,16.80681663172
    ));
#765 = CARTESIAN_POINT('',(4.305629402004,-1.82939087343,17.113642557825
    ));
#766 = CARTESIAN_POINT('',(5.261890849596,1.221832731709,17.420437917463
    ));
#767 = CARTESIAN_POINT('',(3.832514916013,4.699932255262,17.727302721667
    ));
#768 = CARTESIAN_POINT('',(-0.1194333594,6.644813230922,18.03405062611)
  );
#769 = CARTESIAN_POINT('',(-4.613819715825,4.782387391952,
    18.340949169386));
#770 = CARTESIAN_POINT('',(-6.033642188941,0.61381062981,18.647697073604
    ));
#771 = CARTESIAN_POINT('',(-4.584506411388,-2.85697897278,
    18.954561878092));
#772 = CARTESIAN_POINT('',(-1.751037006768,-4.338035533925,
    19.261357237539));
#773 = CARTESIAN_POINT('',(0.846625074494,-3.891006241933,
    19.568183163718));
#774 = CARTESIAN_POINT('',(2.368806531237,-2.368806491771,
    19.874999795425));
#775 = CARTESIAN_POINT('',(3.890991581523,-0.846610454347,20.18181704496
    ));
#776 = CARTESIAN_POINT('',(4.338110552353,1.750969071976,20.488641887126
    ));
#777 = CARTESIAN_POINT('',(2.856757682623,4.584679547625,20.795438813229
    ));
#778 = CARTESIAN_POINT('',(-0.613362452441,6.033357216833,
    21.102301725949));
#779 = CARTESIAN_POINT('',(-4.783039281594,4.614134827093,
    21.409051549826));
#780 = CARTESIAN_POINT('',(-6.644125885263,0.119199605117,
    21.715948457939));
#781 = CARTESIAN_POINT('',(-4.700456369322,-3.832402330065,
    22.022697521751));
#782 = CARTESIAN_POINT('',(-1.221547662967,-5.26192343858,
    22.329561654339));
#783 = CARTESIAN_POINT('',(1.829284680925,-4.305624979569,
    22.636357320275));
#784 = CARTESIAN_POINT('',(3.350011122638,-2.152702456632,
    22.943183145094));
#785 = CARTESIAN_POINT('',(3.34999829525,2.790363007881E-08,
    23.249999795429));
#786 = DEFINITIONAL_REPRESENTATION('',(#787),#802);
#787 = B_SPLINE_CURVE_WITH_KNOTS('',4,(#788,#789,#790,#791,#792,#793,
    #794,#795,#796,#797,#798,#799,#800,#801),.UNSPECIFIED.,.F.,.F.,(5,3,
    3,3,5),(0.,0.240387574175,0.486793224798,0.740297399611,1.),
  .UNSPECIFIED.);
#788 = CARTESIAN_POINT('',(1.131377218293,10.443956209346));
#789 = CARTESIAN_POINT('',(1.059364200702,10.483348572894));
#790 = CARTESIAN_POINT('',(0.988049298331,10.522359001077));
#791 = CARTESIAN_POINT('',(0.917412148302,10.560998730846));
#792 = CARTESIAN_POINT('',(0.775702815645,10.638516446902));
#793 = CARTESIAN_POINT('',(0.704663943989,10.677376217424));
#794 = CARTESIAN_POINT('',(0.634295752878,10.715869365594));
#795 = CARTESIAN_POINT('',(0.492852786451,10.793242831188));
#796 = CARTESIAN_POINT('',(0.421815986593,10.832102393127));
#797 = CARTESIAN_POINT('',(0.351446316531,10.870597424698));
#798 = CARTESIAN_POINT('',(0.210295971325,10.947813168291));
#799 = CARTESIAN_POINT('',(0.139547248746,10.986516421759));
#800 = CARTESIAN_POINT('',(6.945536478918E-02,11.024860794586));
#801 = CARTESIAN_POINT('',(0.,11.062857331724));
#802 = ( GEOMETRIC_REPRESENTATION_CONTEXT(2) 
PARAMETRIC_REPRESENTATION_CONTEXT() REPRESENTATION_CONTEXT('2D SPACE',''
  ) );
#803 = ORIENTED_EDGE('',*,*,#804,.F.);
#804 = EDGE_CURVE('',#805,#568,#807,.T.);
#805 = VERTEX_POINT('',#806);
#806 = CARTESIAN_POINT('',(0.365796607502,3.48083219412,0.600000000002)
  );
#807 = SURFACE_CURVE('',#808,(#813,#820),.PCURVE_S1.);
#808 = CIRCLE('',#809,3.5);
#809 = AXIS2_PLACEMENT_3D('',#810,#811,#812);
#810 = CARTESIAN_POINT('',(0.,0.,0.6));
#811 = DIRECTION('',(0.,0.,1.));
#812 = DIRECTION('',(1.,0.,-0.));
#813 = PCURVE('',#387,#814);
#814 = DEFINITIONAL_REPRESENTATION('',(#815),#819);
#815 = LINE('',#816,#817);
#816 = CARTESIAN_POINT('',(-0.,-0.6));
#817 = VECTOR('',#818,1.);
#818 = DIRECTION('',(-1.,-0.));
#819 = ( GEOMETRIC_REPRESENTATION_CONTEXT(2) 
PARAMETRIC_REPRESENTATION_CONTEXT() REPRESENTATION_CONTEXT('2D SPACE',''
  ) );
#820 = PCURVE('',#821,#826);
#821 = CYLINDRICAL_SURFACE('',#822,3.5);
#822 = AXIS2_PLACEMENT_3D('',#823,#824,#825);
#823 = CARTESIAN_POINT('',(0.,0.,-5.));
#824 = DIRECTION('',(-0.,-0.,-1.));
#825 = DIRECTION('',(1.,0.,0.));
#826 = DEFINITIONAL_REPRESENTATION('',(#827),#831);
#827 = LINE('',#828,#829);
#828 = CARTESIAN_POINT('',(-0.,-5.6));
#829 = VECTOR('',#830,1.);
#830 = DIRECTION('',(-1.,0.));
#831 = ( GEOMETRIC_REPRESENTATION_CONTEXT(2) 
PARAMETRIC_REPRESENTATION_CONTEXT() REPRESENTATION_CONTEXT('2D SPACE',''
  ) );
#832 = ORIENTED_EDGE('',*,*,#833,.F.);
#833 = EDGE_CURVE('',#834,#805,#836,.T.);
#834 = VERTEX_POINT('',#835);
#835 = CARTESIAN_POINT('',(3.920003278892,-9.601238936284E-16,
    0.319997814072));
#836 = SURFACE_CURVE('',#837,(#860,#886),.PCURVE_S1.);
#837 = B_SPLINE_CURVE_WITH_KNOTS('',6,(#838,#839,#840,#841,#842,#843,
    #844,#845,#846,#847,#848,#849,#850,#851,#852,#853,#854,#855,#856,
    #857,#858,#859),.UNSPECIFIED.,.F.,.F.,(7,5,5,5,7),(0.,0.270188821893
    ,0.526224580301,0.766844329539,1.),.UNSPECIFIED.);
#838 = CARTESIAN_POINT('',(3.920003278892,6.13559558442E-16,
    0.319997814072));
#839 = CARTESIAN_POINT('',(3.90195020655,0.247022244373,0.332033195633)
  );
#840 = CARTESIAN_POINT('',(3.865131016916,0.49249211702,0.344126272906)
  );
#841 = CARTESIAN_POINT('',(3.809599126486,0.734589015287,0.356276846281)
  );
#842 = CARTESIAN_POINT('',(3.735646524759,0.971512463016,0.368486404395)
  );
#843 = CARTESIAN_POINT('',(3.643782697482,1.201482849281,0.380756518205)
  );
#844 = CARTESIAN_POINT('',(3.431485438075,1.632451562942,0.404771281136)
  );
#845 = CARTESIAN_POINT('',(3.312792228232,1.834353572426,0.416510729536)
  );
#846 = CARTESIAN_POINT('',(3.179352155191,2.02698665726,0.428304837927)
  );
#847 = CARTESIAN_POINT('',(3.032002487412,2.208960419412,0.440154693896)
  );
#848 = CARTESIAN_POINT('',(2.87174926681,2.378970989231,0.452061673399)
  );
#849 = CARTESIAN_POINT('',(2.538193011443,2.683246336867,0.475269703595)
  );
#850 = CARTESIAN_POINT('',(2.366245385194,2.819057377962,0.48656484994)
  );
#851 = CARTESIAN_POINT('',(2.184947222418,2.942274895724,0.497911357153)
  );
#852 = CARTESIAN_POINT('',(1.995410532479,3.052035377132,0.50931067705)
  );
#853 = CARTESIAN_POINT('',(1.798853795977,3.147593599841,0.520764830091)
  );
#854 = CARTESIAN_POINT('',(1.400646625195,3.306607329409,0.543427139607)
  );
#855 = CARTESIAN_POINT('',(1.199330429975,3.370971896954,0.554632633575)
  );
#856 = CARTESIAN_POINT('',(0.993881638845,3.420899826875,0.56589148792)
  );
#857 = CARTESIAN_POINT('',(0.785578328486,3.455994228306,0.57720533841)
  );
#858 = CARTESIAN_POINT('',(0.575753566192,3.475999274864,0.588575487559)
  );
#859 = CARTESIAN_POINT('',(0.365795501797,3.480832321567,0.6));
#860 = PCURVE('',#387,#861);
#861 = DEFINITIONAL_REPRESENTATION('',(#862),#885);
#862 = B_SPLINE_CURVE_WITH_KNOTS('',6,(#863,#864,#865,#866,#867,#868,
    #869,#870,#871,#872,#873,#874,#875,#876,#877,#878,#879,#880,#881,
    #882,#883,#884),.UNSPECIFIED.,.F.,.F.,(7,5,5,5,7),(0.,0.270188821893
    ,0.526224580301,0.766844329539,1.),.UNSPECIFIED.);
#863 = CARTESIAN_POINT('',(0.,-0.319997814072));
#864 = CARTESIAN_POINT('',(-6.301582595691E-02,-0.332033195633));
#865 = CARTESIAN_POINT('',(-0.126332119893,-0.344126272905));
#866 = CARTESIAN_POINT('',(-0.189947534162,-0.356276846282));
#867 = CARTESIAN_POINT('',(-0.253869946983,-0.368486404395));
#868 = CARTESIAN_POINT('',(-0.318108611792,-0.380756518205));
#869 = CARTESIAN_POINT('',(-0.443836157035,-0.404771281136));
#870 = CARTESIAN_POINT('',(-0.505297746869,-0.416510729536));
#871 = CARTESIAN_POINT('',(-0.567047242803,-0.428304837927));
#872 = CARTESIAN_POINT('',(-0.629091852333,-0.440154693896));
#873 = CARTESIAN_POINT('',(-0.691439898135,-0.452061673399));
#874 = CARTESIAN_POINT('',(-0.812970857989,-0.475269703595));
#875 = CARTESIAN_POINT('',(-0.872122400618,-0.48656484994));
#876 = CARTESIAN_POINT('',(-0.931546061166,-0.497911357153));
#877 = CARTESIAN_POINT('',(-0.991248168728,-0.50931067705));
#878 = CARTESIAN_POINT('',(-1.051236048182,-0.520764830091));
#879 = CARTESIAN_POINT('',(-1.169915010674,-0.543427139607));
#880 = CARTESIAN_POINT('',(-1.228592413698,-0.554632633578));
#881 = CARTESIAN_POINT('',(-1.287542651524,-0.565891487912));
#882 = CARTESIAN_POINT('',(-1.346772087395,-0.577205338418));
#883 = CARTESIAN_POINT('',(-1.40628830543,-0.588575487555));
#884 = CARTESIAN_POINT('',(-1.46609211959,-0.6));
#885 = ( GEOMETRIC_REPRESENTATION_CONTEXT(2) 
PARAMETRIC_REPRESENTATION_CONTEXT() REPRESENTATION_CONTEXT('2D SPACE',''
  ) );
#886 = PCURVE('',#887,#1066);
#887 = B_SPLINE_SURFACE_WITH_KNOTS('',1,11,(
    (#888,#889,#890,#891,#892,#893,#894,#895,#896,#897,#898,#899,#900
      ,#901,#902,#903,#904,#905,#906,#907,#908,#909,#910,#911,#912,#913
      ,#914,#915,#916,#917,#918,#919,#920,#921,#922,#923,#924,#925,#926
      ,#927,#928,#929,#930,#931,#932,#933,#934,#935,#936,#937,#938,#939
      ,#940,#941,#942,#943,#944,#945,#946,#947,#948,#949,#950,#951,#952
      ,#953,#954,#955,#956,#957,#958,#959,#960,#961,#962,#963,#964,#965
      ,#966,#967,#968,#969,#970,#971,#972,#973,#974,#975,#976)
    ,(#977,#978,#979,#980,#981,#982,#983,#984,#985,#986,#987,#988,#989
      ,#990,#991,#992,#993,#994,#995,#996,#997,#998,#999,#1000,#1001
      ,#1002,#1003,#1004,#1005,#1006,#1007,#1008,#1009,#1010,#1011,#1012
      ,#1013,#1014,#1015,#1016,#1017,#1018,#1019,#1020,#1021,#1022,#1023
      ,#1024,#1025,#1026,#1027,#1028,#1029,#1030,#1031,#1032,#1033,#1034
      ,#1035,#1036,#1037,#1038,#1039,#1040,#1041,#1042,#1043,#1044,#1045
      ,#1046,#1047,#1048,#1049,#1050,#1051,#1052,#1053,#1054,#1055,#1056
      ,#1057,#1058,#1059,#1060,#1061,#1062,#1063,#1064,#1065
  )),.UNSPECIFIED.,.F.,.F.,.F.,(2,2),(12,11,11,11,11,11,11,11,12),(0.,
    1.343502884254),(0.,7.832974995525,15.665949991049,23.498924986574,
    31.331899982099,39.164874977623,46.997849973148,54.830824968673,
    62.663799964197),.PIECEWISE_BEZIER_KNOTS.);
#888 = CARTESIAN_POINT('',(3.35,3.774758283726E-15,-6.25));
#889 = CARTESIAN_POINT('',(3.35001280963,2.152703580051,-5.943183349675)
  );
#890 = CARTESIAN_POINT('',(1.829285575669,4.305627185828,-5.636357524846
    ));
#891 = CARTESIAN_POINT('',(-1.221548327977,5.261926106427,
    -5.329561858896));
#892 = CARTESIAN_POINT('',(-4.700458793777,3.832404240533,
    -5.022697726378));
#893 = CARTESIAN_POINT('',(-6.644129265036,-0.119199720015,
    -4.715948662437));
#894 = CARTESIAN_POINT('',(-4.783041677404,-4.614137216394,
    -4.409051754474));
#895 = CARTESIAN_POINT('',(-0.61336271422,-6.033360291077,
    -4.102301930478));
#896 = CARTESIAN_POINT('',(2.856759174513,-4.584681857679,
    -3.795439017818));
#897 = CARTESIAN_POINT('',(4.338112774655,-1.750969926573,
    -3.488642091703));
#898 = CARTESIAN_POINT('',(3.890993554513,0.846610917509,-3.18181724953)
  );
#899 = CARTESIAN_POINT('',(2.368807716981,2.368807716982,-2.875000000001
    ));
#900 = CARTESIAN_POINT('',(0.846625475384,3.891008074063,-2.56818334967)
  );
#901 = CARTESIAN_POINT('',(-1.751037944991,4.338038415709,
    -2.261357524864));
#902 = CARTESIAN_POINT('',(-4.584508738393,2.856978525577,
    -1.954561858855));
#903 = CARTESIAN_POINT('',(-6.033645314247,-0.613807260862,
    -1.647697726445));
#904 = CARTESIAN_POINT('',(-4.613821928294,-4.782395788936,
    -1.340948662354));
#905 = CARTESIAN_POINT('',(-0.119433489587,-6.644808919618,
    -1.034051754553));
#906 = CARTESIAN_POINT('',(3.832517040539,-4.699942909883,
    -0.727301930421));
#907 = CARTESIAN_POINT('',(5.261893415679,-1.221825846525,
    -0.420439017849));
#908 = CARTESIAN_POINT('',(4.305631669243,1.829386251725,-0.113642091692
    ));
#909 = CARTESIAN_POINT('',(2.152703607153,3.349992248764,0.193182750467)
  );
#910 = CARTESIAN_POINT('',(-7.536752024384E-13,3.350000000008,
    0.499999999999));
#911 = CARTESIAN_POINT('',(-2.152703580053,3.350012809602,0.80681665033)
  );
#912 = CARTESIAN_POINT('',(-4.305627185811,1.829285575742,1.113642475137
    ));
#913 = CARTESIAN_POINT('',(-5.261926106472,-1.221548328111,
    1.420438141139));
#914 = CARTESIAN_POINT('',(-3.832404240466,-4.700458793591,
    1.727302273568));
#915 = CARTESIAN_POINT('',(0.119199719956,-6.644129265228,2.034051337629
    ));
#916 = CARTESIAN_POINT('',(4.614137216417,-4.783041677254,2.340948245466
    ));
#917 = CARTESIAN_POINT('',(6.033360291089,-0.61336271431,2.647698069564)
  );
#918 = CARTESIAN_POINT('',(4.584681857656,2.856759174556,2.95456098216)
  );
#919 = CARTESIAN_POINT('',(1.750969926588,4.338112774638,3.261357908305)
  );
#920 = CARTESIAN_POINT('',(-0.846610917514,3.890993554519,3.568182750468
    ));
#921 = CARTESIAN_POINT('',(-2.368807716982,2.368807716981,3.874999999999
    ));
#922 = CARTESIAN_POINT('',(-3.891008074065,0.846625475387,4.18181665033)
  );
#923 = CARTESIAN_POINT('',(-4.338038415701,-1.751037945002,
    4.488642475135));
#924 = CARTESIAN_POINT('',(-2.856978525593,-4.584508738368,
    4.795438141146));
#925 = CARTESIAN_POINT('',(0.613807260888,-6.033645314283,5.102302273554
    ));
#926 = CARTESIAN_POINT('',(4.782395788904,-4.61382192826,5.409051337646)
  );
#927 = CARTESIAN_POINT('',(6.64480891965,-0.119433489607,5.715948245449)
  );
#928 = CARTESIAN_POINT('',(4.699942909859,3.832517040544,6.022698069576)
  );
#929 = CARTESIAN_POINT('',(1.221825846537,5.26189341568,6.329560982153)
  );
#930 = CARTESIAN_POINT('',(-1.829386251728,4.305631669242,6.636357908308
    ));
#931 = CARTESIAN_POINT('',(-3.349992248767,2.152703607153,6.943182750467
    ));
#932 = CARTESIAN_POINT('',(-3.350000000004,-3.289596865396E-13,
    7.249999999999));
#933 = CARTESIAN_POINT('',(-3.350012809614,-2.152703580052,
    7.556816650326));
#934 = CARTESIAN_POINT('',(-1.82928557571,-4.305627185822,7.863642475151
    ));
#935 = CARTESIAN_POINT('',(1.221548328049,-5.261926106434,8.170438141111
    ));
#936 = CARTESIAN_POINT('',(4.700458793687,-3.832404240542,8.477302273609
    ));
#937 = CARTESIAN_POINT('',(6.644129265111,0.119199720062,8.784051337585)
  );
#938 = CARTESIAN_POINT('',(4.783041677361,4.61413721631,9.090948245501)
  );
#939 = CARTESIAN_POINT('',(0.613362714238,6.033360291165,9.397698069543)
  );
#940 = CARTESIAN_POINT('',(-2.856759174523,4.584681857619,9.704560982169
    ));
#941 = CARTESIAN_POINT('',(-4.338112774647,1.750969926598,
    10.011357908302));
#942 = CARTESIAN_POINT('',(-3.890993554518,-0.846610917513,
    10.318182750469));
#943 = CARTESIAN_POINT('',(-2.368807716982,-2.368807716984,
    10.624999999999));
#944 = CARTESIAN_POINT('',(-0.846625475379,-3.891008074056,
    10.931816650331));
#945 = CARTESIAN_POINT('',(1.751037944978,-4.33803841573,11.238642475135
    ));
#946 = CARTESIAN_POINT('',(4.584508738416,-2.856978525526,
    11.545438141145));
#947 = CARTESIAN_POINT('',(6.033645314218,0.613807260766,11.852302273554
    ));
#948 = CARTESIAN_POINT('',(4.61382192832,4.78239578908,12.15905133765));
#949 = CARTESIAN_POINT('',(0.11943348957,6.644808919446,12.465948245442)
  );
#950 = CARTESIAN_POINT('',(-3.832517040529,4.69994291005,12.772698069585
    ));
#951 = CARTESIAN_POINT('',(-5.261893415684,1.221825846393,
    13.079560982145));
#952 = CARTESIAN_POINT('',(-4.305631669241,-1.82938625164,
    13.386357908314));
#953 = CARTESIAN_POINT('',(-2.152703607153,-3.34999224881,
    13.693182750463));
#954 = CARTESIAN_POINT('',(-7.336341670974E-13,-3.349999999987,
    14.000000000001));
#955 = CARTESIAN_POINT('',(2.152703691434,-3.350012917476,14.30681663172
    ));
#956 = CARTESIAN_POINT('',(4.305626690887,-1.829285096531,
    14.613642557821));
#957 = CARTESIAN_POINT('',(5.261927445157,1.221547032112,14.920437917516
    ));
#958 = CARTESIAN_POINT('',(3.832401558828,4.700461389414,15.227302721482
    ));
#959 = CARTESIAN_POINT('',(-0.119195462029,6.644125143966,
    15.534050626501));
#960 = CARTESIAN_POINT('',(-4.614142745737,4.78304702872,15.840949168848
    ));
#961 = CARTESIAN_POINT('',(-6.0333543298,0.613356945,16.147697074115));
#962 = CARTESIAN_POINT('',(-4.58468722125,-2.856753983764,
    16.454561877761));
#963 = CARTESIAN_POINT('',(-1.750965910235,-4.338116661597,
    16.761357237681));
#964 = CARTESIAN_POINT('',(0.846608442734,-3.890991159458,
    17.068183163685));
#965 = CARTESIAN_POINT('',(2.36880894218,-2.368808902711,17.374999795428
    ));
#966 = CARTESIAN_POINT('',(3.891005754252,-0.846623077775,
    17.681817044956));
#967 = CARTESIAN_POINT('',(4.338041743382,1.751034046692,17.988641887128
    ));
#968 = CARTESIAN_POINT('',(2.856975024749,4.584513959818,18.295438813275
    ));
#969 = CARTESIAN_POINT('',(-0.613805030859,6.033639483744,
    18.602301725768));
#970 = CARTESIAN_POINT('',(-4.782395394054,4.61382737663,18.909051550214
    ));
#971 = CARTESIAN_POINT('',(-6.644812354486,0.119429242807,
    19.215948457403));
#972 = CARTESIAN_POINT('',(-4.699937297847,-3.832514309505,
    19.52269752226));
#973 = CARTESIAN_POINT('',(-1.221831970087,-5.261894833381,
    19.82956165401));
#974 = CARTESIAN_POINT('',(1.829391344841,-4.305631098799,
    20.136357320416));
#975 = CARTESIAN_POINT('',(3.349988916815,-2.15270377131,20.443183145061
    ));
#976 = CARTESIAN_POINT('',(3.35000170475,2.791025922048E-08,
    20.749999795431));
#977 = CARTESIAN_POINT('',(4.3,1.998401444325E-15,-5.3));
#978 = CARTESIAN_POINT('',(4.300003064314,2.76318337251,-4.993173650219)
  );
#979 = CARTESIAN_POINT('',(2.348101713823,5.526556455693,-4.686396231115
    ));
#980 = CARTESIAN_POINT('',(-1.568151299006,6.754304719399,
    -4.379457964579));
#981 = CARTESIAN_POINT('',(-6.033029513979,4.918863160588,
    -4.072884853694));
#982 = CARTESIAN_POINT('',(-8.528843410383,-0.152585659578,
    -3.765698041776));
#983 = CARTESIAN_POINT('',(-6.138852096769,-5.922984059411,
    -3.459299735112));
#984 = CARTESIAN_POINT('',(-0.787728707956,-7.744088948335,-3.1521169755
    ));
#985 = CARTESIAN_POINT('',(3.667111876192,-5.884907079493,
    -2.845537360388));
#986 = CARTESIAN_POINT('',(5.568241595516,-2.247490480978,
    -2.538605813577));
#987 = CARTESIAN_POINT('',(4.994423803025,1.086691742979,-2.231823154101
    ));
#988 = CARTESIAN_POINT('',(3.040559159103,3.040559159104,-1.924999999994
    ));
#989 = CARTESIAN_POINT('',(1.086695625529,4.994427026254,-1.618173650242
    ));
#990 = CARTESIAN_POINT('',(-2.24750690165,5.568224191219,-1.311396231061
    ));
#991 = CARTESIAN_POINT('',(-5.884865086789,3.667164251773,
    -1.004457964675));
#992 = CARTESIAN_POINT('',(-7.744157576936,-0.787834583757,
    -0.697884853563));
#993 = CARTESIAN_POINT('',(-5.922908656654,-6.138697365876,
    -0.390698041918));
#994 = CARTESIAN_POINT('',(-0.152641752972,-8.529006139486,
    -8.429973498802E-02));
#995 = CARTESIAN_POINT('',(4.918889498287,-6.03290612069,0.222883024411)
  );
#996 = CARTESIAN_POINT('',(6.754297377622,-1.568218027494,0.529462639666
    ));
#997 = CARTESIAN_POINT('',(5.52655715121,2.348125631704,0.836394186396)
  );
#998 = CARTESIAN_POINT('',(2.763183838724,4.299998039763,1.143176845909)
  );
#999 = CARTESIAN_POINT('',(-2.117563450298E-13,4.300000000002,
    1.450000000005));
#1000 = CARTESIAN_POINT('',(-2.763183372509,4.300003064306,
    1.756826349766));
#1001 = CARTESIAN_POINT('',(-5.526556455694,2.348101713847,
    2.063603768914));
#1002 = CARTESIAN_POINT('',(-6.754304719399,-1.568151299055,
    2.370542035374));
#1003 = CARTESIAN_POINT('',(-4.918863160588,-6.03302951391,
    2.677115146366));
#1004 = CARTESIAN_POINT('',(0.15258565958,-8.528843410455,2.984301958163
    ));
#1005 = CARTESIAN_POINT('',(5.922984059406,-6.138852096713,
    3.290700264939));
#1006 = CARTESIAN_POINT('',(7.74408894834,-0.787728707989,3.597883024465
    ));
#1007 = CARTESIAN_POINT('',(5.88490707949,3.667111876207,3.904462639634)
  );
#1008 = CARTESIAN_POINT('',(2.247490480979,5.56824159551,4.211394186411)
  );
#1009 = CARTESIAN_POINT('',(-1.086691742979,4.994423803027,
    4.518176845904));
#1010 = CARTESIAN_POINT('',(-3.040559159104,3.040559159104,
    4.825000000006));
#1011 = CARTESIAN_POINT('',(-4.994427026256,1.086695625529,
    5.131826349761));
#1012 = CARTESIAN_POINT('',(-5.568224191212,-2.247506901651,
    5.438603768931));
#1013 = CARTESIAN_POINT('',(-3.667164251789,-5.884865086782,
    5.74554203534));
#1014 = CARTESIAN_POINT('',(0.787834583782,-7.744157576956,
    6.052115146416));
#1015 = CARTESIAN_POINT('',(6.138697365843,-5.92290865662,6.359301958105
    ));
#1016 = CARTESIAN_POINT('',(8.529006139518,-0.152641753012,
    6.665700264994));
#1017 = CARTESIAN_POINT('',(6.032906120667,4.918889498321,6.972883024421
    ));
#1018 = CARTESIAN_POINT('',(1.568218027505,6.754297377602,7.279462639663
    ));
#1019 = CARTESIAN_POINT('',(-2.348125631708,5.526557151218,
    7.586394186395));
#1020 = CARTESIAN_POINT('',(-4.299998039763,2.763183838722,
    7.893176845911));
#1021 = CARTESIAN_POINT('',(-4.300000000001,-2.32776374429E-13,
    8.200000000003));
#1022 = CARTESIAN_POINT('',(-4.300003064309,-2.763183372508,
    8.506826349772));
#1023 = CARTESIAN_POINT('',(-2.348101713837,-5.5265564557,8.813603768908
    ));
#1024 = CARTESIAN_POINT('',(1.568151299034,-6.754304719381,
    9.120542035377));
#1025 = CARTESIAN_POINT('',(6.033029513946,-4.918863160624,
    9.427115146369));
#1026 = CARTESIAN_POINT('',(8.528843410407,0.152585659631,9.734301958152
    ));
#1027 = CARTESIAN_POINT('',(6.138852096761,5.922984059353,
    10.040700264953));
#1028 = CARTESIAN_POINT('',(0.787728707956,7.74408894838,10.347883024453
    ));
#1029 = CARTESIAN_POINT('',(-3.667111876193,5.88490707947,
    10.654462639641));
#1030 = CARTESIAN_POINT('',(-5.568241595512,2.247490480985,
    10.961394186409));
#1031 = CARTESIAN_POINT('',(-4.994423803028,-1.086691742979,
    11.268176845903));
#1032 = CARTESIAN_POINT('',(-3.040559159104,-3.040559159104,
    11.575000000007));
#1033 = CARTESIAN_POINT('',(-1.086695625527,-4.994427026253,
    11.881826349753));
#1034 = CARTESIAN_POINT('',(2.247506901645,-5.568224191219,
    12.188603768956));
#1035 = CARTESIAN_POINT('',(5.884865086794,-3.667164251771,
    12.495542035283));
#1036 = CARTESIAN_POINT('',(7.744157576938,0.78783458375,12.802115146513
    ));
#1037 = CARTESIAN_POINT('',(5.922908656639,6.138697365891,
    13.109301957974));
#1038 = CARTESIAN_POINT('',(0.152641752995,8.529006139463,
    13.415700265136));
#1039 = CARTESIAN_POINT('',(-4.918889498307,6.032906120717,
    13.722883024295));
#1040 = CARTESIAN_POINT('',(-6.754297377613,1.56821802747,
    14.029462639755));
#1041 = CARTESIAN_POINT('',(-5.526557151211,-2.348125631687,
    14.336394186338));
#1042 = CARTESIAN_POINT('',(-2.763183838726,-4.299998039773,
    14.64317684594));
#1043 = CARTESIAN_POINT('',(1.454539419027E-12,-4.299999999997,
    14.949999999991));
#1044 = CARTESIAN_POINT('',(2.763183389236,-4.300003100193,
    15.256826449001));
#1045 = CARTESIAN_POINT('',(5.526556381357,-2.34810155441,
    15.563603328046));
#1046 = CARTESIAN_POINT('',(6.754304920482,1.568150867846,
    15.870543227735));
#1047 = CARTESIAN_POINT('',(4.918862757757,6.033030377632,
    16.177112758028));
#1048 = CARTESIAN_POINT('',(-0.152585019931,8.528842039126,
    16.484305750148));
#1049 = CARTESIAN_POINT('',(-5.922984890078,6.138853877423,
    16.790695340899));
#1050 = CARTESIAN_POINT('',(-7.744088052759,0.787726788221,
    17.097888333075));
#1051 = CARTESIAN_POINT('',(-5.884907885281,-3.667110148939,
    17.404457863298));
#1052 = CARTESIAN_POINT('',(-2.247489877591,-5.568242888917,
    17.711397763032));
#1053 = CARTESIAN_POINT('',(1.086691371187,-4.994423006059,
    18.018174642064));
#1054 = CARTESIAN_POINT('',(3.040559343168,-3.040559553661,
    18.32500109107));
#1055 = CARTESIAN_POINT('',(4.994426691657,-1.086694842089,
    18.631824245101));
#1056 = CARTESIAN_POINT('',(5.568224629311,2.247505668359,
    18.938606904809));
#1057 = CARTESIAN_POINT('',(3.667163893072,5.88486665144,19.245538451152
    ));
#1058 = CARTESIAN_POINT('',(-0.787834583713,7.744155982945,
    19.552118066975));
#1059 = CARTESIAN_POINT('',(-6.13869677473,5.922909920062,
    19.859300825727));
#1060 = CARTESIAN_POINT('',(-8.529007346085,0.15264105343,
    20.165699133255));
#1061 = CARTESIAN_POINT('',(-6.032904533084,-4.918889358836,
    20.472885944423));
#1062 = CARTESIAN_POINT('',(-1.568219617309,-6.754297157192,
    20.779459055886));
#1063 = CARTESIAN_POINT('',(2.348126898473,-5.526557479717,
    21.086397322031));
#1064 = CARTESIAN_POINT('',(4.2999972301,-2.763183573961,21.393174741356
    ));
#1065 = CARTESIAN_POINT('',(4.300000409139,-1.488366038736E-07,
    21.70000109104));
#1066 = DEFINITIONAL_REPRESENTATION('',(#1067),#1090);
#1067 = B_SPLINE_CURVE_WITH_KNOTS('',6,(#1068,#1069,#1070,#1071,#1072,
    #1073,#1074,#1075,#1076,#1077,#1078,#1079,#1080,#1081,#1082,#1083,
    #1084,#1085,#1086,#1087,#1088,#1089),.UNSPECIFIED.,.F.,.F.,(7,5,5,5,
    7),(0.,0.270188821893,0.526224580301,0.766844329539,1.),
  .UNSPECIFIED.);
#1068 = CARTESIAN_POINT('',(0.806100706307,13.925284933449));
#1069 = CARTESIAN_POINT('',(0.780570241574,13.995115991125));
#1070 = CARTESIAN_POINT('',(0.75491830304,14.065280296843));
#1071 = CARTESIAN_POINT('',(0.729145566569,14.135776276887));
#1072 = CARTESIAN_POINT('',(0.703248912883,14.206612504964));
#1073 = CARTESIAN_POINT('',(0.677224440998,14.277799032282));
#1074 = CARTESIAN_POINT('',(0.626289502576,14.417124334284));
#1075 = CARTESIAN_POINT('',(0.601390091593,14.485232895591));
#1076 = CARTESIAN_POINT('',(0.576373798837,14.55366013401));
#1077 = CARTESIAN_POINT('',(0.551237337487,14.622413973193));
#1078 = CARTESIAN_POINT('',(0.525976982423,14.69150372534));
#1079 = CARTESIAN_POINT('',(0.476736766733,14.826175533282));
#1080 = CARTESIAN_POINT('',(0.452769726257,14.891722844884));
#1081 = CARTESIAN_POINT('',(0.428691591683,14.95757169009));
#1082 = CARTESIAN_POINT('',(0.404500015805,15.023729288922));
#1083 = CARTESIAN_POINT('',(0.380192809663,15.090203914318));
#1084 = CARTESIAN_POINT('',(0.332105776897,15.221716730672));
#1085 = CARTESIAN_POINT('',(0.308331431744,15.286739747125));
#1086 = CARTESIAN_POINT('',(0.284448175279,15.352065324972));
#1087 = CARTESIAN_POINT('',(0.260454110375,15.417700364478));
#1088 = CARTESIAN_POINT('',(0.236346297162,15.483652704358));
#1089 = CARTESIAN_POINT('',(0.212121324267,15.549923493481));
#1090 = ( GEOMETRIC_REPRESENTATION_CONTEXT(2) 
PARAMETRIC_REPRESENTATION_CONTEXT() REPRESENTATION_CONTEXT('2D SPACE',''
  ) );
#1091 = ORIENTED_EDGE('',*,*,#1092,.F.);
#1092 = EDGE_CURVE('',#371,#834,#1093,.T.);
#1093 = SEAM_CURVE('',#1094,(#1098,#1105),.PCURVE_S1.);
#1094 = LINE('',#1095,#1096);
#1095 = CARTESIAN_POINT('',(4.4,-1.07768918325E-15,0.));
#1096 = VECTOR('',#1097,1.);
#1097 = DIRECTION('',(-0.832050294338,2.037935459381E-16,0.554700196225)
  );
#1098 = PCURVE('',#387,#1099);
#1099 = DEFINITIONAL_REPRESENTATION('',(#1100),#1104);
#1100 = LINE('',#1101,#1102);
#1101 = CARTESIAN_POINT('',(-6.28318530718,0.));
#1102 = VECTOR('',#1103,1.);
#1103 = DIRECTION('',(-0.,-1.));
#1104 = ( GEOMETRIC_REPRESENTATION_CONTEXT(2) 
PARAMETRIC_REPRESENTATION_CONTEXT() REPRESENTATION_CONTEXT('2D SPACE',''
  ) );
#1105 = PCURVE('',#387,#1106);
#1106 = DEFINITIONAL_REPRESENTATION('',(#1107),#1111);
#1107 = LINE('',#1108,#1109);
#1108 = CARTESIAN_POINT('',(0.,-0.));
#1109 = VECTOR('',#1110,1.);
#1110 = DIRECTION('',(-0.,-1.));
#1111 = ( GEOMETRIC_REPRESENTATION_CONTEXT(2) 
PARAMETRIC_REPRESENTATION_CONTEXT() REPRESENTATION_CONTEXT('2D SPACE',''
  ) );
#1112 = ORIENTED_EDGE('',*,*,#370,.T.);
#1113 = ORIENTED_EDGE('',*,*,#1092,.T.);
#1114 = ORIENTED_EDGE('',*,*,#1115,.F.);
#1115 = EDGE_CURVE('',#1116,#834,#1118,.T.);
#1116 = VERTEX_POINT('',#1117);
#1117 = CARTESIAN_POINT('',(1.040211348935,-4.17229238067,
    6.666175502373E-02));
#1118 = SURFACE_CURVE('',#1119,(#1137,#1158),.PCURVE_S1.);
#1119 = B_SPLINE_CURVE_WITH_KNOTS('',6,(#1120,#1121,#1122,#1123,#1124,
    #1125,#1126,#1127,#1128,#1129,#1130,#1131,#1132,#1133,#1134,#1135,
    #1136),.UNSPECIFIED.,.F.,.F.,(7,5,5,7),(0.,0.268796470351,
    0.523729999193,1.),.UNSPECIFIED.);
#1120 = CARTESIAN_POINT('',(1.040211348935,-4.17229238067,
    6.666175502374E-02));
#1121 = CARTESIAN_POINT('',(1.274619333086,-4.096984565141,
    7.75721827705E-02));
#1122 = CARTESIAN_POINT('',(1.503720892827,-4.005573845838,
    8.852682501814E-02));
#1123 = CARTESIAN_POINT('',(1.726087725954,-3.898451261592,
    9.952560470594E-02));
#1124 = CARTESIAN_POINT('',(1.940345573361,-3.776174310494,
    0.110569504369));
#1125 = CARTESIAN_POINT('',(2.145171698673,-3.6394543724,0.121659591496)
  );
#1126 = CARTESIAN_POINT('',(2.523442546409,-3.346658516761,0.14335760809
    ));
#1127 = CARTESIAN_POINT('',(2.697970610567,-3.191936435698,
    0.153961482389));
#1128 = CARTESIAN_POINT('',(2.861828729383,-3.025773537113,
    0.164607287589));
#1129 = CARTESIAN_POINT('',(3.014032972395,-2.849042822282,
    0.175295847548));
#1130 = CARTESIAN_POINT('',(3.153693031195,-2.662733775297,
    0.186028035895));
#1131 = CARTESIAN_POINT('',(3.516028031674,-2.104064795323,
    0.216935496802));
#1132 = CARTESIAN_POINT('',(3.705613265894,-1.710444123023,
    0.237228644014));
#1133 = CARTESIAN_POINT('',(3.843408084861,-1.294528732009,
    0.257670989003));
#1134 = CARTESIAN_POINT('',(3.926012549915,-0.864672747506,
    0.278273384653));
#1135 = CARTESIAN_POINT('',(3.951421776738,-0.42990288335,0.299052148842
    ));
#1136 = CARTESIAN_POINT('',(3.920003278892,8.881784197001E-16,
    0.319997814072));
#1137 = PCURVE('',#387,#1138);
#1138 = DEFINITIONAL_REPRESENTATION('',(#1139),#1157);
#1139 = B_SPLINE_CURVE_WITH_KNOTS('',6,(#1140,#1141,#1142,#1143,#1144,
    #1145,#1146,#1147,#1148,#1149,#1150,#1151,#1152,#1153,#1154,#1155,
    #1156),.UNSPECIFIED.,.F.,.F.,(7,5,5,7),(0.,0.268796470351,
    0.523729999193,1.),.UNSPECIFIED.);
#1140 = CARTESIAN_POINT('',(-4.956721993028,-6.666175502374E-02));
#1141 = CARTESIAN_POINT('',(-5.013852932497,-7.75721827705E-02));
#1142 = CARTESIAN_POINT('',(-5.071214226927,-8.852682501814E-02));
#1143 = CARTESIAN_POINT('',(-5.128805232467,-9.952560470594E-02));
#1144 = CARTESIAN_POINT('',(-5.186631061485,-0.110569504369));
#1145 = CARTESIAN_POINT('',(-5.244697566019,-0.121659591496));
#1146 = CARTESIAN_POINT('',(-5.358304556073,-0.14335760809));
#1147 = CARTESIAN_POINT('',(-5.413823886438,-0.153961482389));
#1148 = CARTESIAN_POINT('',(-5.469562404826,-0.164607287589));
#1149 = CARTESIAN_POINT('',(-5.525524869264,-0.175295847548));
#1150 = CARTESIAN_POINT('',(-5.581716255587,-0.186028035895));
#1151 = CARTESIAN_POINT('',(-5.743542945216,-0.216935496802));
#1152 = CARTESIAN_POINT('',(-5.849797143586,-0.237228644015));
#1153 = CARTESIAN_POINT('',(-5.956836312113,-0.257670989002));
#1154 = CARTESIAN_POINT('',(-6.064716274222,-0.278273384654));
#1155 = CARTESIAN_POINT('',(-6.173516296017,-0.299052148842));
#1156 = CARTESIAN_POINT('',(-6.28318530718,-0.319997814072));
#1157 = ( GEOMETRIC_REPRESENTATION_CONTEXT(2) 
PARAMETRIC_REPRESENTATION_CONTEXT() REPRESENTATION_CONTEXT('2D SPACE',''
  ) );
#1158 = PCURVE('',#887,#1159);
#1159 = DEFINITIONAL_REPRESENTATION('',(#1160),#1178);
#1160 = B_SPLINE_CURVE_WITH_KNOTS('',6,(#1161,#1162,#1163,#1164,#1165,
    #1166,#1167,#1168,#1169,#1170,#1171,#1172,#1173,#1174,#1175,#1176,
    #1177),.UNSPECIFIED.,.F.,.F.,(7,5,5,7),(0.,0.268796470351,
    0.523729999193,1.),.UNSPECIFIED.);
#1161 = CARTESIAN_POINT('',(1.343502884254,12.455384688511));
#1162 = CARTESIAN_POINT('',(1.320355322889,12.5186942229));
#1163 = CARTESIAN_POINT('',(1.297114743377,12.58225902299));
#1164 = CARTESIAN_POINT('',(1.273781505408,12.646078321212));
#1165 = CARTESIAN_POINT('',(1.250353588339,12.710157716165));
#1166 = CARTESIAN_POINT('',(1.226828586556,12.774503635561));
#1167 = CARTESIAN_POINT('',(1.180802620554,12.900395891702));
#1168 = CARTESIAN_POINT('',(1.158310193333,12.961918806333));
#1169 = CARTESIAN_POINT('',(1.135729189591,13.023684406624));
#1170 = CARTESIAN_POINT('',(1.113057557789,13.085697972663));
#1171 = CARTESIAN_POINT('',(1.090293150191,13.147965057211));
#1172 = CARTESIAN_POINT('',(1.02473310086,13.327289026418));
#1173 = CARTESIAN_POINT('',(0.981686400385,13.445031515197));
#1174 = CARTESIAN_POINT('',(0.938320604654,13.563643964489));
#1175 = CARTESIAN_POINT('',(0.894612839609,13.683189086892));
#1176 = CARTESIAN_POINT('',(0.850532414998,13.803755096658));
#1177 = CARTESIAN_POINT('',(0.806100706307,13.925284933449));
#1178 = ( GEOMETRIC_REPRESENTATION_CONTEXT(2) 
PARAMETRIC_REPRESENTATION_CONTEXT() REPRESENTATION_CONTEXT('2D SPACE',''
  ) );
#1179 = ORIENTED_EDGE('',*,*,#1180,.F.);
#1180 = EDGE_CURVE('',#570,#1116,#1181,.T.);
#1181 = SURFACE_CURVE('',#1182,(#1201,#1223),.PCURVE_S1.);
#1182 = B_SPLINE_CURVE_WITH_KNOTS('',5,(#1183,#1184,#1185,#1186,#1187,
    #1188,#1189,#1190,#1191,#1192,#1193,#1194,#1195,#1196,#1197,#1198,
    #1199,#1200),.UNSPECIFIED.,.F.,.F.,(6,4,4,4,6),(0.,0.256017586723,
    0.504027324061,0.752017445485,1.),.UNSPECIFIED.);
#1183 = CARTESIAN_POINT('',(-3.646631335724,-2.27862543376,
    6.666248325365E-02));
#1184 = CARTESIAN_POINT('',(-3.500014493879,-2.513260963707,
    6.666420164156E-02));
#1185 = CARTESIAN_POINT('',(-3.334520894518,-2.736110085392,
    6.66663669907E-02));
#1186 = CARTESIAN_POINT('',(-3.151428368526,-2.945130843543,
    6.666881126905E-02));
#1187 = CARTESIAN_POINT('',(-2.952310936119,-3.138527018962,
    6.667121161899E-02));
#1188 = CARTESIAN_POINT('',(-2.532409807833,-3.485487795129,
    6.667533863829E-02));
#1189 = CARTESIAN_POINT('',(-2.312487985532,-3.640117919891,
    6.667708505883E-02));
#1190 = CARTESIAN_POINT('',(-2.080947179998,-3.777261196148,
    6.667830720609E-02));
#1191 = CARTESIAN_POINT('',(-1.839655221027,-3.895811592659,
    6.667884287175E-02));
#1192 = CARTESIAN_POINT('',(-1.341653854741,-4.094097735257,
    6.667857952693E-02));
#1193 = CARTESIAN_POINT('',(-1.084933429479,-4.173841423719,
    6.667778056427E-02));
#1194 = CARTESIAN_POINT('',(-0.822516354648,-4.233381433745,
    6.667632337994E-02));
#1195 = CARTESIAN_POINT('',(-0.55651897314,-4.272237329593,
    6.667439705955E-02));
#1196 = CARTESIAN_POINT('',(-2.173724954237E-02,-4.30828314662,
    6.667010288471E-02));
#1197 = CARTESIAN_POINT('',(0.247060165461,-4.305475226371,
    6.666773401858E-02));
#1198 = CARTESIAN_POINT('',(0.515085455154,-4.281690428404,
    6.666538903142E-02));
#1199 = CARTESIAN_POINT('',(0.780176916218,-4.237120167383,
    6.666334997704E-02));
#1200 = CARTESIAN_POINT('',(1.040211348935,-4.17229238067,
    6.666175502374E-02));
#1201 = PCURVE('',#387,#1202);
#1202 = DEFINITIONAL_REPRESENTATION('',(#1203),#1222);
#1203 = B_SPLINE_CURVE_WITH_KNOTS('',5,(#1204,#1205,#1206,#1207,#1208,
    #1209,#1210,#1211,#1212,#1213,#1214,#1215,#1216,#1217,#1218,#1219,
    #1220,#1221),.UNSPECIFIED.,.F.,.F.,(6,4,4,4,6),(0.,0.256017586723,
    0.504027324061,0.752017445485,1.),.UNSPECIFIED.);
#1204 = CARTESIAN_POINT('',(-3.700089587868,-6.666248325365E-02));
#1205 = CARTESIAN_POINT('',(-3.764433052901,-6.666420164156E-02));
#1206 = CARTESIAN_POINT('',(-3.828778375982,-6.66663669907E-02));
#1207 = CARTESIAN_POINT('',(-3.893120352692,-6.666881126905E-02));
#1208 = CARTESIAN_POINT('',(-3.957465819673,-6.667121161899E-02));
#1209 = CARTESIAN_POINT('',(-4.084140670013,-6.667533863829E-02));
#1210 = CARTESIAN_POINT('',(-4.146473397716,-6.667708505883E-02));
#1211 = CARTESIAN_POINT('',(-4.208803246346,-6.667830720609E-02));
#1212 = CARTESIAN_POINT('',(-4.271136017114,-6.667884287175E-02));
#1213 = CARTESIAN_POINT('',(-4.395793507756,-6.667857952693E-02));
#1214 = CARTESIAN_POINT('',(-4.458121310133,-6.667778056427E-02));
#1215 = CARTESIAN_POINT('',(-4.520446153339,-6.667632337995E-02));
#1216 = CARTESIAN_POINT('',(-4.582773846419,-6.667439705955E-02));
#1217 = CARTESIAN_POINT('',(-4.707424122333,-6.667010288471E-02));
#1218 = CARTESIAN_POINT('',(-4.769749790563,-6.666773401858E-02));
#1219 = CARTESIAN_POINT('',(-4.832072467837,-6.666538903142E-02));
#1220 = CARTESIAN_POINT('',(-4.894398016124,-6.666334997704E-02));
#1221 = CARTESIAN_POINT('',(-4.956721993028,-6.666175502374E-02));
#1222 = ( GEOMETRIC_REPRESENTATION_CONTEXT(2) 
PARAMETRIC_REPRESENTATION_CONTEXT() REPRESENTATION_CONTEXT('2D SPACE',''
  ) );
#1223 = PCURVE('',#1224,#1403);
#1224 = B_SPLINE_SURFACE_WITH_KNOTS('',1,11,(
    (#1225,#1226,#1227,#1228,#1229,#1230,#1231,#1232,#1233,#1234,#1235
      ,#1236,#1237,#1238,#1239,#1240,#1241,#1242,#1243,#1244,#1245,#1246
      ,#1247,#1248,#1249,#1250,#1251,#1252,#1253,#1254,#1255,#1256,#1257
      ,#1258,#1259,#1260,#1261,#1262,#1263,#1264,#1265,#1266,#1267,#1268
      ,#1269,#1270,#1271,#1272,#1273,#1274,#1275,#1276,#1277,#1278,#1279
      ,#1280,#1281,#1282,#1283,#1284,#1285,#1286,#1287,#1288,#1289,#1290
      ,#1291,#1292,#1293,#1294,#1295,#1296,#1297,#1298,#1299,#1300,#1301
      ,#1302,#1303,#1304,#1305,#1306,#1307,#1308,#1309,#1310,#1311,#1312
      ,#1313)
    ,(#1314,#1315,#1316,#1317,#1318,#1319,#1320,#1321,#1322,#1323,#1324
      ,#1325,#1326,#1327,#1328,#1329,#1330,#1331,#1332,#1333,#1334,#1335
      ,#1336,#1337,#1338,#1339,#1340,#1341,#1342,#1343,#1344,#1345,#1346
      ,#1347,#1348,#1349,#1350,#1351,#1352,#1353,#1354,#1355,#1356,#1357
      ,#1358,#1359,#1360,#1361,#1362,#1363,#1364,#1365,#1366,#1367,#1368
      ,#1369,#1370,#1371,#1372,#1373,#1374,#1375,#1376,#1377,#1378,#1379
      ,#1380,#1381,#1382,#1383,#1384,#1385,#1386,#1387,#1388,#1389,#1390
      ,#1391,#1392,#1393,#1394,#1395,#1396,#1397,#1398,#1399,#1400,#1401
      ,#1402
    )),.UNSPECIFIED.,.F.,.F.,.F.,(2,2),(12,11,11,11,11,11,11,11,12),(0.,
    0.6),(0.,7.832974995525,15.665949991049,23.498924986574,
    31.331899982099,39.164874977623,46.997849973148,54.830824968673,
    62.663799964197),.PIECEWISE_BEZIER_KNOTS.);
#1225 = CARTESIAN_POINT('',(4.3,1.998401444325E-15,-5.3));
#1226 = CARTESIAN_POINT('',(4.300003064314,2.76318337251,-4.99317365022)
  );
#1227 = CARTESIAN_POINT('',(2.348101713822,5.526556455693,
    -4.686396231115));
#1228 = CARTESIAN_POINT('',(-1.568151299006,6.7543047194,-4.379457964579
    ));
#1229 = CARTESIAN_POINT('',(-6.03302951398,4.918863160587,
    -4.072884853694));
#1230 = CARTESIAN_POINT('',(-8.528843410382,-0.152585659575,
    -3.765698041777));
#1231 = CARTESIAN_POINT('',(-6.13885209677,-5.922984059413,
    -3.459299735111));
#1232 = CARTESIAN_POINT('',(-0.787728707956,-7.744088948333,
    -3.1521169755));
#1233 = CARTESIAN_POINT('',(3.667111876192,-5.884907079495,
    -2.845537360388));
#1234 = CARTESIAN_POINT('',(5.568241595516,-2.247490480978,
    -2.538605813577));
#1235 = CARTESIAN_POINT('',(4.994423803025,1.086691742979,
    -2.231823154101));
#1236 = CARTESIAN_POINT('',(3.040559159103,3.040559159104,
    -1.924999999994));
#1237 = CARTESIAN_POINT('',(1.086695625529,4.994427026254,
    -1.618173650242));
#1238 = CARTESIAN_POINT('',(-2.24750690165,5.568224191218,
    -1.311396231061));
#1239 = CARTESIAN_POINT('',(-5.884865086789,3.667164251776,
    -1.004457964675));
#1240 = CARTESIAN_POINT('',(-7.744157576936,-0.787834583761,
    -0.697884853563));
#1241 = CARTESIAN_POINT('',(-5.922908656654,-6.13869736587,
    -0.390698041918));
#1242 = CARTESIAN_POINT('',(-0.152641752972,-8.529006139492,
    -8.429973498798E-02));
#1243 = CARTESIAN_POINT('',(4.918889498287,-6.032906120685,
    0.222883024411));
#1244 = CARTESIAN_POINT('',(6.754297377622,-1.568218027497,
    0.529462639666));
#1245 = CARTESIAN_POINT('',(5.52655715121,2.348125631705,0.836394186396)
  );
#1246 = CARTESIAN_POINT('',(2.763183838724,4.299998039763,1.143176845909
    ));
#1247 = CARTESIAN_POINT('',(-2.188617723874E-13,4.300000000002,
    1.450000000005));
#1248 = CARTESIAN_POINT('',(-2.763183372509,4.300003064306,
    1.756826349766));
#1249 = CARTESIAN_POINT('',(-5.526556455694,2.348101713847,
    2.063603768915));
#1250 = CARTESIAN_POINT('',(-6.754304719399,-1.568151299055,
    2.370542035372));
#1251 = CARTESIAN_POINT('',(-4.918863160589,-6.033029513909,
    2.677115146369));
#1252 = CARTESIAN_POINT('',(0.15258565958,-8.528843410456,2.98430195816)
  );
#1253 = CARTESIAN_POINT('',(5.922984059405,-6.138852096712,
    3.290700264942));
#1254 = CARTESIAN_POINT('',(7.744088948341,-0.787728707989,
    3.597883024462));
#1255 = CARTESIAN_POINT('',(5.88490707949,3.667111876207,3.904462639636)
  );
#1256 = CARTESIAN_POINT('',(2.247490480979,5.56824159551,4.211394186411)
  );
#1257 = CARTESIAN_POINT('',(-1.086691742979,4.994423803027,
    4.518176845904));
#1258 = CARTESIAN_POINT('',(-3.040559159104,3.040559159104,
    4.825000000006));
#1259 = CARTESIAN_POINT('',(-4.994427026256,1.086695625529,
    5.131826349761));
#1260 = CARTESIAN_POINT('',(-5.568224191212,-2.247506901651,
    5.438603768931));
#1261 = CARTESIAN_POINT('',(-3.667164251788,-5.884865086781,
    5.74554203534));
#1262 = CARTESIAN_POINT('',(0.787834583782,-7.744157576957,
    6.052115146416));
#1263 = CARTESIAN_POINT('',(6.138697365843,-5.922908656619,
    6.359301958104));
#1264 = CARTESIAN_POINT('',(8.529006139518,-0.152641753013,
    6.665700264994));
#1265 = CARTESIAN_POINT('',(6.032906120667,4.918889498321,6.972883024421
    ));
#1266 = CARTESIAN_POINT('',(1.568218027505,6.754297377602,7.279462639663
    ));
#1267 = CARTESIAN_POINT('',(-2.348125631708,5.526557151218,
    7.586394186395));
#1268 = CARTESIAN_POINT('',(-4.299998039763,2.763183838722,
    7.893176845911));
#1269 = CARTESIAN_POINT('',(-4.300000000001,-2.438786046752E-13,
    8.200000000003));
#1270 = CARTESIAN_POINT('',(-4.300003064309,-2.763183372508,
    8.506826349772));
#1271 = CARTESIAN_POINT('',(-2.348101713837,-5.5265564557,8.813603768908
    ));
#1272 = CARTESIAN_POINT('',(1.568151299034,-6.754304719381,
    9.120542035377));
#1273 = CARTESIAN_POINT('',(6.033029513946,-4.918863160624,
    9.427115146369));
#1274 = CARTESIAN_POINT('',(8.528843410406,0.15258565963,9.734301958152)
  );
#1275 = CARTESIAN_POINT('',(6.138852096762,5.922984059353,
    10.040700264953));
#1276 = CARTESIAN_POINT('',(0.787728707955,7.74408894838,10.347883024453
    ));
#1277 = CARTESIAN_POINT('',(-3.667111876192,5.88490707947,
    10.654462639641));
#1278 = CARTESIAN_POINT('',(-5.568241595512,2.247490480985,
    10.961394186409));
#1279 = CARTESIAN_POINT('',(-4.994423803028,-1.086691742979,
    11.268176845903));
#1280 = CARTESIAN_POINT('',(-3.040559159104,-3.040559159104,
    11.575000000007));
#1281 = CARTESIAN_POINT('',(-1.086695625527,-4.994427026253,
    11.881826349752));
#1282 = CARTESIAN_POINT('',(2.247506901645,-5.568224191219,
    12.188603768959));
#1283 = CARTESIAN_POINT('',(5.884865086794,-3.667164251771,
    12.495542035277));
#1284 = CARTESIAN_POINT('',(7.744157576938,0.78783458375,12.802115146524
    ));
#1285 = CARTESIAN_POINT('',(5.92290865664,6.138697365891,13.109301957959
    ));
#1286 = CARTESIAN_POINT('',(0.152641752995,8.529006139463,
    13.415700265151));
#1287 = CARTESIAN_POINT('',(-4.918889498307,6.032906120717,
    13.722883024284));
#1288 = CARTESIAN_POINT('',(-6.754297377613,1.568218027469,
    14.029462639762));
#1289 = CARTESIAN_POINT('',(-5.526557151211,-2.348125631687,
    14.336394186335));
#1290 = CARTESIAN_POINT('',(-2.763183838726,-4.299998039773,
    14.643176845941));
#1291 = CARTESIAN_POINT('',(1.462977114014E-12,-4.299999999997,
    14.949999999991));
#1292 = CARTESIAN_POINT('',(2.763183389236,-4.300003100193,
    15.256826449001));
#1293 = CARTESIAN_POINT('',(5.526556381357,-2.34810155441,
    15.563603328045));
#1294 = CARTESIAN_POINT('',(6.754304920481,1.568150867845,
    15.870543227735));
#1295 = CARTESIAN_POINT('',(4.918862757759,6.033030377633,
    16.177112758027));
#1296 = CARTESIAN_POINT('',(-0.152585019933,8.528842039124,
    16.484305750149));
#1297 = CARTESIAN_POINT('',(-5.922984890076,6.138853877425,
    16.790695340898));
#1298 = CARTESIAN_POINT('',(-7.74408805276,0.787726788219,
    17.097888333076));
#1299 = CARTESIAN_POINT('',(-5.88490788528,-3.667110148938,
    17.404457863297));
#1300 = CARTESIAN_POINT('',(-2.247489877592,-5.568242888917,
    17.711397763033));
#1301 = CARTESIAN_POINT('',(1.086691371187,-4.994423006059,
    18.018174642064));
#1302 = CARTESIAN_POINT('',(3.040559343168,-3.040559553661,
    18.32500109107));
#1303 = CARTESIAN_POINT('',(4.994426691657,-1.086694842089,
    18.631824245101));
#1304 = CARTESIAN_POINT('',(5.568224629311,2.247505668359,
    18.938606904808));
#1305 = CARTESIAN_POINT('',(3.667163893073,5.884866651441,
    19.245538451154));
#1306 = CARTESIAN_POINT('',(-0.787834583714,7.744155982943,
    19.552118066971));
#1307 = CARTESIAN_POINT('',(-6.138696774729,5.922909920064,
    19.859300825732));
#1308 = CARTESIAN_POINT('',(-8.529007346085,0.152641053428,
    20.165699133251));
#1309 = CARTESIAN_POINT('',(-6.032904533084,-4.918889358834,
    20.472885944426));
#1310 = CARTESIAN_POINT('',(-1.568219617309,-6.754297157193,
    20.779459055885));
#1311 = CARTESIAN_POINT('',(2.348126898473,-5.526557479716,
    21.086397322032));
#1312 = CARTESIAN_POINT('',(4.2999972301,-2.763183573961,21.393174741356
    ));
#1313 = CARTESIAN_POINT('',(4.300000409139,-1.488365967682E-07,
    21.70000109104));
#1314 = CARTESIAN_POINT('',(4.3,3.774758283726E-15,-4.7));
#1315 = CARTESIAN_POINT('',(4.299996916554,2.763183162187,
    -4.393173650219));
#1316 = CARTESIAN_POINT('',(2.348126866463,5.526556872619,
    -4.086396231115));
#1317 = CARTESIAN_POINT('',(-1.568219234538,6.754296568698,
    -3.779457964591));
#1318 = CARTESIAN_POINT('',(-6.032903788431,4.918889099837,
    -3.472884853651));
#1319 = CARTESIAN_POINT('',(-8.529006540209,-0.152640744044,
    -3.165698041867));
#1320 = CARTESIAN_POINT('',(-6.138696395333,-5.922909143559,
    -2.859299734987));
#1321 = CARTESIAN_POINT('',(-0.787834776992,-7.74415521921,
    -2.552116975618));
#1322 = CARTESIAN_POINT('',(3.667163340527,-5.884866218171,
    -2.245537360312));
#1323 = CARTESIAN_POINT('',(5.568224021659,-2.247505647356,
    -1.938605813609));
#1324 = CARTESIAN_POINT('',(4.994426254059,1.086694565842,
    -1.631823154094));
#1325 = CARTESIAN_POINT('',(3.040559159101,3.0405591591,-1.324999999994)
  );
#1326 = CARTESIAN_POINT('',(1.08669142714,4.994422530423,-1.018173650242
    ));
#1327 = CARTESIAN_POINT('',(-2.247489410896,5.568242271602,
    -0.71139623106));
#1328 = CARTESIAN_POINT('',(-5.884907360976,3.667110450735,
    -0.404457964688));
#1329 = CARTESIAN_POINT('',(-7.744087017465,-0.787727340628,
    -9.788485351723E-02));
#1330 = CARTESIAN_POINT('',(-5.922985056171,-6.138851666588,
    0.209301957987));
#1331 = CARTESIAN_POINT('',(-0.15258462899,-8.528843068534,
    0.515700265141));
#1332 = CARTESIAN_POINT('',(4.918861356753,-6.03302798333,0.822883024289
    ));
#1333 = CARTESIAN_POINT('',(6.754304875085,-1.568152743447,
    1.129462639744));
#1334 = CARTESIAN_POINT('',(5.526555448863,2.348102480887,1.436394186363
    ));
#1335 = CARTESIAN_POINT('',(2.763183575801,4.300001768964,1.743176845916
    ));
#1336 = CARTESIAN_POINT('',(1.650533489019E-13,4.299999999998,
    2.050000000005));
#1337 = CARTESIAN_POINT('',(-2.763183162186,4.299996916558,
    2.356826349766));
#1338 = CARTESIAN_POINT('',(-5.526556872625,2.348126866457,
    2.663603768916));
#1339 = CARTESIAN_POINT('',(-6.754296568684,-1.568219234533,
    2.970542035359));
#1340 = CARTESIAN_POINT('',(-4.918889099856,-6.032903788433,
    3.277115146414));
#1341 = CARTESIAN_POINT('',(0.152640744058,-8.529006540208,
    3.584301958064));
#1342 = CARTESIAN_POINT('',(5.922909143559,-6.138696395335,
    3.890700265073));
#1343 = CARTESIAN_POINT('',(7.744155219198,-0.78783477699,4.197883024338
    ));
#1344 = CARTESIAN_POINT('',(5.884866218184,3.667163340525,4.504462639715
    ));
#1345 = CARTESIAN_POINT('',(2.247505647348,5.56822402166,4.811394186377)
  );
#1346 = CARTESIAN_POINT('',(-1.08669456584,4.994426254058,5.118176845911
    ));
#1347 = CARTESIAN_POINT('',(-3.0405591591,3.040559159101,5.425000000006)
  );
#1348 = CARTESIAN_POINT('',(-4.994422530423,1.086691427138,
    5.731826349761));
#1349 = CARTESIAN_POINT('',(-5.5682422716,-2.247489410893,6.038603768931
    ));
#1350 = CARTESIAN_POINT('',(-3.667110450742,-5.884907360976,
    6.34554203533));
#1351 = CARTESIAN_POINT('',(0.787727340639,-7.744087017479,
    6.652115146457));
#1352 = CARTESIAN_POINT('',(6.138851666573,-5.922985056136,
    6.959301958016));
#1353 = CARTESIAN_POINT('',(8.528843068547,-0.15258462904,7.265700265118
    ));
#1354 = CARTESIAN_POINT('',(6.033027983322,4.918861356799,7.572883024303
    ));
#1355 = CARTESIAN_POINT('',(1.56815274345,6.754304875057,7.879462639739)
  );
#1356 = CARTESIAN_POINT('',(-2.348102480888,5.526555448874,
    8.186394186364));
#1357 = CARTESIAN_POINT('',(-4.300001768963,2.763183575799,
    8.493176845918));
#1358 = CARTESIAN_POINT('',(-4.299999999999,-2.538671468113E-14,
    8.800000000003));
#1359 = CARTESIAN_POINT('',(-4.299996916555,-2.763183162185,
    9.106826349771));
#1360 = CARTESIAN_POINT('',(-2.348126866461,-5.526556872628,
    9.413603768909));
#1361 = CARTESIAN_POINT('',(1.568219234535,-6.754296568677,
    9.720542035363));
#1362 = CARTESIAN_POINT('',(6.032903788439,-4.918889099869,
    10.027115146416));
#1363 = CARTESIAN_POINT('',(8.529006540192,0.152640744077,
    10.334301958057));
#1364 = CARTESIAN_POINT('',(6.138696395357,5.922909143538,
    10.640700265082));
#1365 = CARTESIAN_POINT('',(0.787834776972,7.744155219215,
    10.947883024331));
#1366 = CARTESIAN_POINT('',(-3.667163340517,5.884866218175,
    11.254462639719));
#1367 = CARTESIAN_POINT('',(-5.568224021661,2.247505647352,
    11.561394186377));
#1368 = CARTESIAN_POINT('',(-4.99442625406,-1.08669456584,11.86817684591
    ));
#1369 = CARTESIAN_POINT('',(-3.040559159101,-3.0405591591,
    12.175000000007));
#1370 = CARTESIAN_POINT('',(-1.08669142714,-4.994422530426,
    12.481826349752));
#1371 = CARTESIAN_POINT('',(2.247489410898,-5.568242271593,
    12.788603768959));
#1372 = CARTESIAN_POINT('',(5.884907360967,-3.667110450757,
    13.095542035265));
#1373 = CARTESIAN_POINT('',(7.74408701749,0.787727340666,13.402115146568
    ));
#1374 = CARTESIAN_POINT('',(5.922985056127,6.138851666536,
    13.709301957867));
#1375 = CARTESIAN_POINT('',(0.152584629043,8.528843068591,
    14.015700265278));
#1376 = CARTESIAN_POINT('',(-4.918861356795,6.03302798328,
    14.322883024163));
#1377 = CARTESIAN_POINT('',(-6.754304875065,1.568152743484,
    14.62946263984));
#1378 = CARTESIAN_POINT('',(-5.526555448868,-2.34810248091,
    14.936394186303));
#1379 = CARTESIAN_POINT('',(-2.763183575803,-4.300001768952,
    15.243176845948));
#1380 = CARTESIAN_POINT('',(1.638614399539E-12,-4.300000000003,
    15.549999999991));
#1381 = CARTESIAN_POINT('',(2.763183126312,-4.299996899805,
    15.856826449001));
#1382 = CARTESIAN_POINT('',(5.526557032025,-2.348126940865,
    16.163603328048));
#1383 = CARTESIAN_POINT('',(6.754296137548,1.568219435747,
    16.470543227719));
#1384 = CARTESIAN_POINT('',(4.91888996348,6.032903385439,16.777112758077
    ));
#1385 = CARTESIAN_POINT('',(-0.152642115298,8.529007179991,
    17.084305750049));
#1386 = CARTESIAN_POINT('',(-5.922907362902,6.138695564603,
    17.390695341032));
#1387 = CARTESIAN_POINT('',(-7.744157138951,0.787835672572,
    17.69788833295));
#1388 = CARTESIAN_POINT('',(-5.884864490915,-3.667164146301,
    18.004457863379));
#1389 = CARTESIAN_POINT('',(-2.247506940759,-5.568223418276,
    18.311397762998));
#1390 = CARTESIAN_POINT('',(1.086695362809,-4.994426625853,
    18.618174642072));
#1391 = CARTESIAN_POINT('',(3.040558764542,-3.040558975035,
    18.925001091069));
#1392 = CARTESIAN_POINT('',(4.994423290202,-1.086691812467,
    19.231824245102));
#1393 = CARTESIAN_POINT('',(5.568241143465,2.247490074427,19.53860690481
    ));
#1394 = CARTESIAN_POINT('',(3.667111730962,5.884906392514,
    19.845538451137));
#1395 = CARTESIAN_POINT('',(-0.787728364892,7.744088238885,
    20.152118067024));
#1396 = CARTESIAN_POINT('',(-6.13885130774,5.922983708174,
    20.459300825628));
#1397 = CARTESIAN_POINT('',(-8.52884259347,0.152585940383,
    20.765699133389));
#1398 = CARTESIAN_POINT('',(-6.033029110239,-4.91886248377,
    21.072885944297));
#1399 = CARTESIAN_POINT('',(-1.568151383599,-6.75430402244,
    21.379459055967));
#1400 = CARTESIAN_POINT('',(2.348101299132,-5.526556011102,
    21.686397321996));
#1401 = CARTESIAN_POINT('',(4.300002559498,-2.763183258438,
    21.993174741365));
#1402 = CARTESIAN_POINT('',(4.299999590859,-1.488381810564E-07,
    22.30000109104));
#1403 = DEFINITIONAL_REPRESENTATION('',(#1404),#1423);
#1404 = B_SPLINE_CURVE_WITH_KNOTS('',5,(#1405,#1406,#1407,#1408,#1409,
    #1410,#1411,#1412,#1413,#1414,#1415,#1416,#1417,#1418,#1419,#1420,
    #1421,#1422),.UNSPECIFIED.,.F.,.F.,(6,4,4,4,6),(0.,0.256017586723,
    0.504027324061,0.752017445485,1.),.UNSPECIFIED.);
#1405 = CARTESIAN_POINT('',(0.6,11.062857331724));
#1406 = CARTESIAN_POINT('',(0.569279728207,11.134159410914));
#1407 = CARTESIAN_POINT('',(0.538559024405,11.205463536819));
#1408 = CARTESIAN_POINT('',(0.507840244985,11.276763852403));
#1409 = CARTESIAN_POINT('',(0.477119825655,11.348067880665));
#1410 = CARTESIAN_POINT('',(0.416641051184,11.488441550287));
#1411 = CARTESIAN_POINT('',(0.386881115154,11.557514906119));
#1412 = CARTESIAN_POINT('',(0.357122084476,11.626584949115));
#1413 = CARTESIAN_POINT('',(0.3273609978,11.695658173004));
#1414 = CARTESIAN_POINT('',(0.267841325922,11.833795716873));
#1415 = CARTESIAN_POINT('',(0.23808126914,11.902863452329));
#1416 = CARTESIAN_POINT('',(0.208321933547,11.971927983271));
#1417 = CARTESIAN_POINT('',(0.178560708309,12.040995805357));
#1418 = CARTESIAN_POINT('',(0.119040135194,12.179126053855));
#1419 = CARTESIAN_POINT('',(8.927931318055E-02,12.24819189922));
#1420 = CARTESIAN_POINT('',(5.951988026741E-02,12.317254567913));
#1421 = CARTESIAN_POINT('',(2.975934384153E-02,12.386320499836));
#1422 = CARTESIAN_POINT('',(0.,12.455384688511));
#1423 = ( GEOMETRIC_REPRESENTATION_CONTEXT(2) 
PARAMETRIC_REPRESENTATION_CONTEXT() REPRESENTATION_CONTEXT('2D SPACE',''
  ) );
#1424 = ADVANCED_FACE('',(#1425),#491,.F.);
#1425 = FACE_BOUND('',#1426,.F.);
#1426 = EDGE_LOOP('',(#1427,#1450,#1451,#1452,#1481,#1609,#1719,#1775));
#1427 = ORIENTED_EDGE('',*,*,#1428,.T.);
#1428 = EDGE_CURVE('',#1429,#475,#1431,.T.);
#1429 = VERTEX_POINT('',#1430);
#1430 = CARTESIAN_POINT('',(3.5,-8.572527594031E-16,5.4));
#1431 = SEAM_CURVE('',#1432,(#1436,#1443),.PCURVE_S1.);
#1432 = LINE('',#1433,#1434);
#1433 = CARTESIAN_POINT('',(3.5,-8.572527594031E-16,5.4));
#1434 = VECTOR('',#1435,1.);
#1435 = DIRECTION('',(0.832050294338,-2.037935459381E-16,0.554700196225)
  );
#1436 = PCURVE('',#491,#1437);
#1437 = DEFINITIONAL_REPRESENTATION('',(#1438),#1442);
#1438 = LINE('',#1439,#1440);
#1439 = CARTESIAN_POINT('',(6.28318530718,-0.));
#1440 = VECTOR('',#1441,1.);
#1441 = DIRECTION('',(0.,1.));
#1442 = ( GEOMETRIC_REPRESENTATION_CONTEXT(2) 
PARAMETRIC_REPRESENTATION_CONTEXT() REPRESENTATION_CONTEXT('2D SPACE',''
  ) );
#1443 = PCURVE('',#491,#1444);
#1444 = DEFINITIONAL_REPRESENTATION('',(#1445),#1449);
#1445 = LINE('',#1446,#1447);
#1446 = CARTESIAN_POINT('',(0.,-0.));
#1447 = VECTOR('',#1448,1.);
#1448 = DIRECTION('',(0.,1.));
#1449 = ( GEOMETRIC_REPRESENTATION_CONTEXT(2) 
PARAMETRIC_REPRESENTATION_CONTEXT() REPRESENTATION_CONTEXT('2D SPACE',''
  ) );
#1450 = ORIENTED_EDGE('',*,*,#474,.F.);
#1451 = ORIENTED_EDGE('',*,*,#1428,.F.);
#1452 = ORIENTED_EDGE('',*,*,#1453,.T.);
#1453 = EDGE_CURVE('',#1429,#1454,#1456,.T.);
#1454 = VERTEX_POINT('',#1455);
#1455 = CARTESIAN_POINT('',(2.831557587941,2.057250972866,5.4));
#1456 = SURFACE_CURVE('',#1457,(#1462,#1469),.PCURVE_S1.);
#1457 = CIRCLE('',#1458,3.5);
#1458 = AXIS2_PLACEMENT_3D('',#1459,#1460,#1461);
#1459 = CARTESIAN_POINT('',(0.,0.,5.4));
#1460 = DIRECTION('',(0.,0.,1.));
#1461 = DIRECTION('',(1.,0.,-0.));
#1462 = PCURVE('',#491,#1463);
#1463 = DEFINITIONAL_REPRESENTATION('',(#1464),#1468);
#1464 = LINE('',#1465,#1466);
#1465 = CARTESIAN_POINT('',(0.,0.));
#1466 = VECTOR('',#1467,1.);
#1467 = DIRECTION('',(1.,0.));
#1468 = ( GEOMETRIC_REPRESENTATION_CONTEXT(2) 
PARAMETRIC_REPRESENTATION_CONTEXT() REPRESENTATION_CONTEXT('2D SPACE',''
  ) );
#1469 = PCURVE('',#1470,#1475);
#1470 = CYLINDRICAL_SURFACE('',#1471,3.5);
#1471 = AXIS2_PLACEMENT_3D('',#1472,#1473,#1474);
#1472 = CARTESIAN_POINT('',(0.,0.,-5.));
#1473 = DIRECTION('',(-0.,-0.,-1.));
#1474 = DIRECTION('',(1.,0.,0.));
#1475 = DEFINITIONAL_REPRESENTATION('',(#1476),#1480);
#1476 = LINE('',#1477,#1478);
#1477 = CARTESIAN_POINT('',(-0.,-10.4));
#1478 = VECTOR('',#1479,1.);
#1479 = DIRECTION('',(-1.,0.));
#1480 = ( GEOMETRIC_REPRESENTATION_CONTEXT(2) 
PARAMETRIC_REPRESENTATION_CONTEXT() REPRESENTATION_CONTEXT('2D SPACE',''
  ) );
#1481 = ORIENTED_EDGE('',*,*,#1482,.T.);
#1482 = EDGE_CURVE('',#1454,#1483,#1485,.T.);
#1483 = VERTEX_POINT('',#1484);
#1484 = CARTESIAN_POINT('',(-4.133433366042,-1.185157122926,
    5.933323162581));
#1485 = SURFACE_CURVE('',#1486,(#1525,#1567),.PCURVE_S1.);
#1486 = B_SPLINE_CURVE_WITH_KNOTS('',7,(#1487,#1488,#1489,#1490,#1491,
    #1492,#1493,#1494,#1495,#1496,#1497,#1498,#1499,#1500,#1501,#1502,
    #1503,#1504,#1505,#1506,#1507,#1508,#1509,#1510,#1511,#1512,#1513,
    #1514,#1515,#1516,#1517,#1518,#1519,#1520,#1521,#1522,#1523,#1524),
  .UNSPECIFIED.,.F.,.F.,(8,6,6,6,6,6,8),(0.,0.215455800614,0.4511719196,
    0.575908908569,0.711680280354,0.850491166034,1.),.UNSPECIFIED.);
#1487 = CARTESIAN_POINT('',(2.831557592224,2.057250981752,5.4));
#1488 = CARTESIAN_POINT('',(2.659708393492,2.339663668158,5.417979594884
    ));
#1489 = CARTESIAN_POINT('',(2.456331363467,2.603575239916,5.435830250308
    ));
#1490 = CARTESIAN_POINT('',(2.224185114346,2.844777365951,5.453546756296
    ));
#1491 = CARTESIAN_POINT('',(1.966605890347,3.059828053156,5.47113420444)
  );
#1492 = CARTESIAN_POINT('',(1.687314436998,3.245895817686,5.488600277762
    ));
#1493 = CARTESIAN_POINT('',(1.39035718402,3.400747215862,5.505948677029)
  );
#1494 = CARTESIAN_POINT('',(0.740839049509,3.65649275837,5.542018438092)
  );
#1495 = CARTESIAN_POINT('',(0.385449947388,3.751032182644,5.56072784682)
  );
#1496 = CARTESIAN_POINT('',(1.976733284327E-02,3.804450656374,
    5.57929513126));
#1497 = CARTESIAN_POINT('',(-0.350457912879,3.815943306122,
    5.597729437506));
#1498 = CARTESIAN_POINT('',(-0.71959039924,3.78558764606,5.616037651079)
  );
#1499 = CARTESIAN_POINT('',(-1.082106767672,3.714312936932,
    5.634222017708));
#1500 = CARTESIAN_POINT('',(-1.618181932667,3.545768903258,
    5.661822712856));
#1501 = CARTESIAN_POINT('',(-1.800391611528,3.476523618628,
    5.671338593161));
#1502 = CARTESIAN_POINT('',(-1.978532486562,3.39663384123,5.680818699552
    ));
#1503 = CARTESIAN_POINT('',(-2.151880886678,3.30643825453,5.690263333089
    ));
#1504 = CARTESIAN_POINT('',(-2.319753499934,3.206331335925,
    5.699673189625));
#1505 = CARTESIAN_POINT('',(-2.481507560355,3.096760936575,5.70904935027
    ));
#1506 = CARTESIAN_POINT('',(-2.805294322444,2.849216235918,
    5.728564107547));
#1507 = CARTESIAN_POINT('',(-2.966096087451,2.7095776503,5.738696759105)
  );
#1508 = CARTESIAN_POINT('',(-3.118179552081,2.559969730285,
    5.748799159871));
#1509 = CARTESIAN_POINT('',(-3.260837763566,2.40108124487,5.758858223245
    ));
#1510 = CARTESIAN_POINT('',(-3.393457898641,2.233674655727,
    5.768881863041));
#1511 = CARTESIAN_POINT('',(-3.515490032158,2.058545441753,
    5.778866415459));
#1512 = CARTESIAN_POINT('',(-3.7399283485,1.690468787967,5.798982238041)
  );
#1513 = CARTESIAN_POINT('',(-3.841841230202,1.497197888523,
    5.809112274344));
#1514 = CARTESIAN_POINT('',(-3.931703635297,1.297636036322,5.81920312024
    ));
#1515 = CARTESIAN_POINT('',(-4.009114496907,1.092713925802,
    5.829255839739));
#1516 = CARTESIAN_POINT('',(-4.073762652571,0.883382160599,
    5.839271680182));
#1517 = CARTESIAN_POINT('',(-4.12542397388,0.670608291292,5.84925147637)
  );
#1518 = CARTESIAN_POINT('',(-4.205479719905,0.223558747094,
    5.869905516487));
#1519 = CARTESIAN_POINT('',(-4.231777223701,-1.112757820052E-02,
    5.880574795639));
#1520 = CARTESIAN_POINT('',(-4.242690570654,-0.247452339899,
    5.891203286368));
#1521 = CARTESIAN_POINT('',(-4.238181615498,-0.484202196483,
    5.901791783674));
#1522 = CARTESIAN_POINT('',(-4.218326129605,-0.720182163457,
    5.912341132757));
#1523 = CARTESIAN_POINT('',(-4.183309317948,-0.954217784143,
    5.922851733406));
#1524 = CARTESIAN_POINT('',(-4.133433366042,-1.185157122926,
    5.933323162581));
#1525 = PCURVE('',#491,#1526);
#1526 = DEFINITIONAL_REPRESENTATION('',(#1527),#1566);
#1527 = B_SPLINE_CURVE_WITH_KNOTS('',7,(#1528,#1529,#1530,#1531,#1532,
    #1533,#1534,#1535,#1536,#1537,#1538,#1539,#1540,#1541,#1542,#1543,
    #1544,#1545,#1546,#1547,#1548,#1549,#1550,#1551,#1552,#1553,#1554,
    #1555,#1556,#1557,#1558,#1559,#1560,#1561,#1562,#1563,#1564,#1565),
  .UNSPECIFIED.,.F.,.F.,(8,6,6,6,6,6,8),(0.,0.215455800614,0.4511719196,
    0.575908908569,0.711680280354,0.850491166034,1.),.UNSPECIFIED.);
#1528 = CARTESIAN_POINT('',(0.628319448491,0.));
#1529 = CARTESIAN_POINT('',(0.722458609237,1.797959486318E-02));
#1530 = CARTESIAN_POINT('',(0.815922751141,3.583025033837E-02));
#1531 = CARTESIAN_POINT('',(0.908686089939,5.35467562917E-02));
#1532 = CARTESIAN_POINT('',(1.000777572513,7.113420442102E-02));
#1533 = CARTESIAN_POINT('',(1.092237368489,8.860027777439E-02));
#1534 = CARTESIAN_POINT('',(1.183081990595,0.105948677029));
#1535 = CARTESIAN_POINT('',(1.371955654416,0.142018438092));
#1536 = CARTESIAN_POINT('',(1.469921663392,0.16072784682));
#1537 = CARTESIAN_POINT('',(1.567136131636,0.17929513126));
#1538 = CARTESIAN_POINT('',(1.663642558003,0.197729437506));
#1539 = CARTESIAN_POINT('',(1.759475548351,0.216037651079));
#1540 = CARTESIAN_POINT('',(1.854662701873,0.234222017708));
#1541 = CARTESIAN_POINT('',(1.999159954298,0.261822712856));
#1542 = CARTESIAN_POINT('',(2.048981859326,0.271338593161));
#1543 = CARTESIAN_POINT('',(2.098621667844,0.280818699552));
#1544 = CARTESIAN_POINT('',(2.148082103582,0.290263333089));
#1545 = CARTESIAN_POINT('',(2.197366577351,0.299673189625));
#1546 = CARTESIAN_POINT('',(2.246477437605,0.30904935027));
#1547 = CARTESIAN_POINT('',(2.348680295145,0.328564107547));
#1548 = CARTESIAN_POINT('',(2.401743607214,0.338696759105));
#1549 = CARTESIAN_POINT('',(2.454603530472,0.348799159871));
#1550 = CARTESIAN_POINT('',(2.507263433715,0.358858223245));
#1551 = CARTESIAN_POINT('',(2.559727520625,0.368881863041));
#1552 = CARTESIAN_POINT('',(2.611998734926,0.378866415459));
#1553 = CARTESIAN_POINT('',(2.717319903287,0.398982238041));
#1554 = CARTESIAN_POINT('',(2.770364541834,0.409112274344));
#1555 = CARTESIAN_POINT('',(2.823210052878,0.41920312024));
#1556 = CARTESIAN_POINT('',(2.875859652052,0.429255839739));
#1557 = CARTESIAN_POINT('',(2.928317363262,0.439271680182));
#1558 = CARTESIAN_POINT('',(2.980585762061,0.44925147637));
#1559 = CARTESIAN_POINT('',(3.088756080275,0.469905516487));
#1560 = CARTESIAN_POINT('',(3.144631729409,0.480574795691));
#1561 = CARTESIAN_POINT('',(3.200290256424,0.491203286452));
#1562 = CARTESIAN_POINT('',(3.255735328375,0.50179178386));
#1563 = CARTESIAN_POINT('',(3.310971729208,0.512341132978));
#1564 = CARTESIAN_POINT('',(3.366002438196,0.522851733406));
#1565 = CARTESIAN_POINT('',(3.42082614837,0.533323162581));
#1566 = ( GEOMETRIC_REPRESENTATION_CONTEXT(2) 
PARAMETRIC_REPRESENTATION_CONTEXT() REPRESENTATION_CONTEXT('2D SPACE',''
  ) );
#1567 = PCURVE('',#607,#1568);
#1568 = DEFINITIONAL_REPRESENTATION('',(#1569),#1608);
#1569 = B_SPLINE_CURVE_WITH_KNOTS('',7,(#1570,#1571,#1572,#1573,#1574,
    #1575,#1576,#1577,#1578,#1579,#1580,#1581,#1582,#1583,#1584,#1585,
    #1586,#1587,#1588,#1589,#1590,#1591,#1592,#1593,#1594,#1595,#1596,
    #1597,#1598,#1599,#1600,#1601,#1602,#1603,#1604,#1605,#1606,#1607),
  .UNSPECIFIED.,.F.,.F.,(8,6,6,6,6,6,8),(0.,0.215455800614,0.4511719196,
    0.575908908569,0.711680280354,0.850491166034,1.),.UNSPECIFIED.);
#1570 = CARTESIAN_POINT('',(1.131373262726,21.584193805849));
#1571 = CARTESIAN_POINT('',(1.093233926495,21.688513161497));
#1572 = CARTESIAN_POINT('',(1.055367584981,21.792085254279));
#1573 = CARTESIAN_POINT('',(1.017784258636,21.894881547546));
#1574 = CARTESIAN_POINT('',(0.980471795982,21.996933793031));
#1575 = CARTESIAN_POINT('',(0.943414276008,22.098285940137));
#1576 = CARTESIAN_POINT('',(0.90660610407,22.198955752883));
#1577 = CARTESIAN_POINT('',(0.830081066493,22.408255318795));
#1578 = CARTESIAN_POINT('',(0.790389950014,22.516815070707));
#1579 = CARTESIAN_POINT('',(0.751005916291,22.624541005333));
#1580 = CARTESIAN_POINT('',(0.711912399762,22.731481564619));
#1581 = CARTESIAN_POINT('',(0.673095001012,22.837676411554));
#1582 = CARTESIAN_POINT('',(0.634537975685,22.943156690741));
#1583 = CARTESIAN_POINT('',(0.576001311081,23.103280212173));
#1584 = CARTESIAN_POINT('',(0.55581709639,23.158490153822));
#1585 = CARTESIAN_POINT('',(0.535705195614,23.21349841576));
#1586 = CARTESIAN_POINT('',(0.515664256833,23.26830789443));
#1587 = CARTESIAN_POINT('',(0.495693060512,23.322922165564));
#1588 = CARTESIAN_POINT('',(0.475791585563,23.377343697164));
#1589 = CARTESIAN_POINT('',(0.434378468611,23.490598230427));
#1590 = CARTESIAN_POINT('',(0.412877680096,23.549399668076));
#1591 = CARTESIAN_POINT('',(0.391470336884,23.607975345223));
#1592 = CARTESIAN_POINT('',(0.370139600189,23.666329450671));
#1593 = CARTESIAN_POINT('',(0.348888315503,23.724467533905));
#1594 = CARTESIAN_POINT('',(0.327713139911,23.782391654652));
#1595 = CARTESIAN_POINT('',(0.285044092685,23.89910295041));
#1596 = CARTESIAN_POINT('',(0.263552291335,23.957884159881));
#1597 = CARTESIAN_POINT('',(0.242139648335,24.016444510764));
#1598 = CARTESIAN_POINT('',(0.220805537801,24.074787471696));
#1599 = CARTESIAN_POINT('',(0.199548989266,24.132917517665));
#1600 = CARTESIAN_POINT('',(0.178369381159,24.190837602952));
#1601 = CARTESIAN_POINT('',(0.134538860697,24.310704008002));
#1602 = CARTESIAN_POINT('',(0.111898669389,24.372621204838));
#1603 = CARTESIAN_POINT('',(8.934735855262E-02,24.43429783418));
#1604 = CARTESIAN_POINT('',(6.688349425898E-02,24.495738103985));
#1605 = CARTESIAN_POINT('',(4.450499039072E-02,24.556947410625));
#1606 = CARTESIAN_POINT('',(2.221039161464E-02,24.617929080194));
#1607 = CARTESIAN_POINT('',(0.,24.678681643165));
#1608 = ( GEOMETRIC_REPRESENTATION_CONTEXT(2) 
PARAMETRIC_REPRESENTATION_CONTEXT() REPRESENTATION_CONTEXT('2D SPACE',''
  ) );
#1609 = ORIENTED_EDGE('',*,*,#1610,.T.);
#1610 = EDGE_CURVE('',#1483,#1611,#1613,.T.);
#1611 = VERTEX_POINT('',#1612);
#1612 = CARTESIAN_POINT('',(-0.150029479787,-4.297387649553,
    5.933337167078));
#1613 = SURFACE_CURVE('',#1614,(#1647,#1683),.PCURVE_S1.);
#1614 = B_SPLINE_CURVE_WITH_KNOTS('',6,(#1615,#1616,#1617,#1618,#1619,
    #1620,#1621,#1622,#1623,#1624,#1625,#1626,#1627,#1628,#1629,#1630,
    #1631,#1632,#1633,#1634,#1635,#1636,#1637,#1638,#1639,#1640,#1641,
    #1642,#1643,#1644,#1645,#1646),.UNSPECIFIED.,.F.,.F.,(7,5,5,5,5,5,7)
  ,(0.,4.700216081524E-02,7.30035273194E-02,0.101005056262,
    0.350012460305,0.599008006884,1.),.UNSPECIFIED.);
#1615 = CARTESIAN_POINT('',(-4.133433366042,-1.185157122926,
    5.933323162581));
#1616 = CARTESIAN_POINT('',(-4.1217668213,-1.22584750627,5.933323412559)
  );
#1617 = CARTESIAN_POINT('',(-4.109619624534,-1.266400080434,
    5.933323679593));
#1618 = CARTESIAN_POINT('',(-4.09699380881,-1.306807744849,5.93332396185
    ));
#1619 = CARTESIAN_POINT('',(-4.083891545745,-1.347063442987,
    5.933324257491));
#1620 = CARTESIAN_POINT('',(-4.070315145518,-1.387160162361,
    5.933324564666));
#1621 = CARTESIAN_POINT('',(-4.048495722617,-1.449180443246,
    5.933325056807));
#1622 = CARTESIAN_POINT('',(-4.040580039852,-1.471219168423,
    5.933325235059));
#1623 = CARTESIAN_POINT('',(-4.032520423018,-1.49320593066,
    5.933325415971));
#1624 = CARTESIAN_POINT('',(-4.024317299345,-1.515139555284,
    5.933325599237));
#1625 = CARTESIAN_POINT('',(-4.015971108842,-1.53701887234,
    5.933325784557));
#1626 = CARTESIAN_POINT('',(-3.998340496065,-1.582345366208,
    5.933326173103));
#1627 = CARTESIAN_POINT('',(-3.989033288561,-1.605783680395,
    5.933326376613));
#1628 = CARTESIAN_POINT('',(-3.979561247319,-1.629156203763,
    5.933326581793));
#1629 = CARTESIAN_POINT('',(-3.969924954839,-1.652461487855,
    5.933326788282));
#1630 = CARTESIAN_POINT('',(-3.960125010589,-1.675698091136,
    5.933326995728));
#1631 = CARTESIAN_POINT('',(-3.861564880166,-1.904875722767,
    5.933329053982));
#1632 = CARTESIAN_POINT('',(-3.760072963767,-2.105346231269,
    5.933330954739));
#1633 = CARTESIAN_POINT('',(-3.646124098614,-2.29925863934,
    5.933332655859));
#1634 = CARTESIAN_POINT('',(-3.520254831765,-2.485654163872,
    5.93333399974));
#1635 = CARTESIAN_POINT('',(-3.383098858493,-2.663635237925,
    5.933334926604));
#1636 = CARTESIAN_POINT('',(-3.087679055982,-3.001092816833,
    5.933336032831));
#1637 = CARTESIAN_POINT('',(-2.929410302365,-3.160576973788,
    5.933336210562));
#1638 = CARTESIAN_POINT('',(-2.761309177174,-3.309987606894,
    5.933336047439));
#1639 = CARTESIAN_POINT('',(-2.584181468807,-3.448578060301,
    5.933335660741));
#1640 = CARTESIAN_POINT('',(-2.398906408673,-3.575689773808,
    5.933335194378));
#1641 = CARTESIAN_POINT('',(-1.896469884134,-3.876058177762,5.9333340677
    ));
#1642 = CARTESIAN_POINT('',(-1.567787124706,-4.03014969793,
    5.933333462497));
#1643 = CARTESIAN_POINT('',(-1.22440897727,-4.150603424557,
    5.933333432141));
#1644 = CARTESIAN_POINT('',(-0.870632437855,-4.235808425485,
    5.933334275995));
#1645 = CARTESIAN_POINT('',(-0.510940857153,-4.284785328295,
    5.933335661065));
#1646 = CARTESIAN_POINT('',(-0.15002948052,-4.297387649527,
    5.933337166996));
#1647 = PCURVE('',#491,#1648);
#1648 = DEFINITIONAL_REPRESENTATION('',(#1649),#1682);
#1649 = B_SPLINE_CURVE_WITH_KNOTS('',6,(#1650,#1651,#1652,#1653,#1654,
    #1655,#1656,#1657,#1658,#1659,#1660,#1661,#1662,#1663,#1664,#1665,
    #1666,#1667,#1668,#1669,#1670,#1671,#1672,#1673,#1674,#1675,#1676,
    #1677,#1678,#1679,#1680,#1681),.UNSPECIFIED.,.F.,.F.,(7,5,5,5,5,5,7)
  ,(0.,4.700216081524E-02,7.30035273194E-02,0.101005056262,
    0.350012460305,0.599008006884,1.),.UNSPECIFIED.);
#1650 = CARTESIAN_POINT('',(3.42082614837,0.533323162581));
#1651 = CARTESIAN_POINT('',(3.430670332706,0.533323412559));
#1652 = CARTESIAN_POINT('',(3.440514516032,0.533323679604));
#1653 = CARTESIAN_POINT('',(3.450358698191,0.533323961868));
#1654 = CARTESIAN_POINT('',(3.460202879042,0.533324257506));
#1655 = CARTESIAN_POINT('',(3.470047058461,0.533324564674));
#1656 = CARTESIAN_POINT('',(3.485336987604,0.533325056814));
#1657 = CARTESIAN_POINT('',(3.490782738432,0.533325235066));
#1658 = CARTESIAN_POINT('',(3.496228488805,0.533325415977));
#1659 = CARTESIAN_POINT('',(3.501674238711,0.533325599242));
#1660 = CARTESIAN_POINT('',(3.507119988141,0.533325784562));
#1661 = CARTESIAN_POINT('',(3.518430401798,0.533326173108));
#1662 = CARTESIAN_POINT('',(3.524295065959,0.533326376617));
#1663 = CARTESIAN_POINT('',(3.530159729556,0.533326581796));
#1664 = CARTESIAN_POINT('',(3.536024392579,0.533326788284));
#1665 = CARTESIAN_POINT('',(3.541889055019,0.533326995729));
#1666 = CARTESIAN_POINT('',(3.599906019906,0.533329053983));
#1667 = CARTESIAN_POINT('',(3.652059332986,0.533330954729));
#1668 = CARTESIAN_POINT('',(3.704211362945,0.533332655848));
#1669 = CARTESIAN_POINT('',(3.756363353651,0.533333999732));
#1670 = CARTESIAN_POINT('',(3.808516554749,0.533334926593));
#1671 = CARTESIAN_POINT('',(3.912818342634,0.533336032821));
#1672 = CARTESIAN_POINT('',(3.964969034584,0.533336210555));
#1673 = CARTESIAN_POINT('',(4.017118502544,0.533336047433));
#1674 = CARTESIAN_POINT('',(4.069267988131,0.533335660735));
#1675 = CARTESIAN_POINT('',(4.121418726647,0.533335194379));
#1676 = CARTESIAN_POINT('',(4.257552329769,0.533334067701));
#1677 = CARTESIAN_POINT('',(4.341547796228,0.533333462422));
#1678 = CARTESIAN_POINT('',(4.425529871886,0.533333432365));
#1679 = CARTESIAN_POINT('',(4.509511954184,0.533334275791));
#1680 = CARTESIAN_POINT('',(4.593507448498,0.533335661121));
#1681 = CARTESIAN_POINT('',(4.677491367307,0.533337167053));
#1682 = ( GEOMETRIC_REPRESENTATION_CONTEXT(2) 
PARAMETRIC_REPRESENTATION_CONTEXT() REPRESENTATION_CONTEXT('2D SPACE',''
  ) );
#1683 = PCURVE('',#1224,#1684);
#1684 = DEFINITIONAL_REPRESENTATION('',(#1685),#1718);
#1685 = B_SPLINE_CURVE_WITH_KNOTS('',6,(#1686,#1687,#1688,#1689,#1690,
    #1691,#1692,#1693,#1694,#1695,#1696,#1697,#1698,#1699,#1700,#1701,
    #1702,#1703,#1704,#1705,#1706,#1707,#1708,#1709,#1710,#1711,#1712,
    #1713,#1714,#1715,#1716,#1717),.UNSPECIFIED.,.F.,.F.,(7,5,5,5,5,5,7)
  ,(0.,4.700216081524E-02,7.30035273194E-02,0.101005056262,
    0.350012460305,0.599008006884,1.),.UNSPECIFIED.);
#1686 = CARTESIAN_POINT('',(0.6,24.678681643165));
#1687 = CARTESIAN_POINT('',(0.595299972215,24.689590416577));
#1688 = CARTESIAN_POINT('',(0.590599958021,24.700499198106));
#1689 = CARTESIAN_POINT('',(0.585899955735,24.711407987456));
#1690 = CARTESIAN_POINT('',(0.58119996368,24.72231678429));
#1691 = CARTESIAN_POINT('',(0.576499980193,24.733225588227));
#1692 = CARTESIAN_POINT('',(0.569199999461,24.750169099756));
#1693 = CARTESIAN_POINT('',(0.56659999741,24.756203802751));
#1694 = CARTESIAN_POINT('',(0.563999997188,24.762238507758));
#1695 = CARTESIAN_POINT('',(0.561399998521,24.768273214709));
#1696 = CARTESIAN_POINT('',(0.558800001143,24.774307923531));
#1697 = CARTESIAN_POINT('',(0.553400002989,24.786841566581));
#1698 = CARTESIAN_POINT('',(0.550600002374,24.793340501109));
#1699 = CARTESIAN_POINT('',(0.547800002621,24.799839437637));
#1700 = CARTESIAN_POINT('',(0.545000003413,24.806338376069));
#1701 = CARTESIAN_POINT('',(0.542200004445,24.812837316301));
#1702 = CARTESIAN_POINT('',(0.51450063332,24.87712898311));
#1703 = CARTESIAN_POINT('',(0.489600754212,24.934923013187));
#1704 = CARTESIAN_POINT('',(0.464701244412,24.992715737774));
#1705 = CARTESIAN_POINT('',(0.439801395365,25.05050843634));
#1706 = CARTESIAN_POINT('',(0.414900592245,25.108302395777));
#1707 = CARTESIAN_POINT('',(0.365100578628,25.223884907522));
#1708 = CARTESIAN_POINT('',(0.340200361243,25.281675792924));
#1709 = CARTESIAN_POINT('',(0.315300485037,25.339465105));
#1710 = CARTESIAN_POINT('',(0.290400488551,25.39725418356));
#1711 = CARTESIAN_POINT('',(0.265499924937,25.455044396182));
#1712 = CARTESIAN_POINT('',(0.200500159128,25.605898633026));
#1713 = CARTESIAN_POINT('',(0.160395146622,25.698976270014));
#1714 = CARTESIAN_POINT('',(0.120297289274,25.792038622498));
#1715 = CARTESIAN_POINT('',(8.020033755794E-02,25.88510088151));
#1716 = CARTESIAN_POINT('',(4.009742400407E-02,25.978178212826));
#1717 = CARTESIAN_POINT('',(0.,26.071243067299));
#1718 = ( GEOMETRIC_REPRESENTATION_CONTEXT(2) 
PARAMETRIC_REPRESENTATION_CONTEXT() REPRESENTATION_CONTEXT('2D SPACE',''
  ) );
#1719 = ORIENTED_EDGE('',*,*,#1720,.T.);
#1720 = EDGE_CURVE('',#1611,#1721,#1723,.T.);
#1721 = VERTEX_POINT('',#1722);
#1722 = CARTESIAN_POINT('',(1.750049455551,-3.031060368654,
    5.400000000001));
#1723 = SURFACE_CURVE('',#1724,(#1739,#1757),.PCURVE_S1.);
#1724 = B_SPLINE_CURVE_WITH_KNOTS('',4,(#1725,#1726,#1727,#1728,#1729,
    #1730,#1731,#1732,#1733,#1734,#1735,#1736,#1737,#1738),
  .UNSPECIFIED.,.F.,.F.,(5,3,3,3,5),(0.,0.260731911128,0.514209191815,
    0.760586883073,1.),.UNSPECIFIED.);
#1725 = CARTESIAN_POINT('',(-0.150029479493,-4.297387649563,
    5.93333716711));
#1726 = CARTESIAN_POINT('',(-3.731079879396E-04,-4.25327603702,
    5.900466270533));
#1727 = CARTESIAN_POINT('',(0.146373109407,-4.201810858433,
    5.867293093366));
#1728 = CARTESIAN_POINT('',(0.289590065626,-4.143141058073,
    5.833807854065));
#1729 = CARTESIAN_POINT('',(0.563849378957,-4.013745409232,
    5.767132691552));
#1730 = CARTESIAN_POINT('',(0.695120356219,-3.943400728097,
    5.733960446105));
#1731 = CARTESIAN_POINT('',(0.821893822886,-3.866739176957,
    5.700473554234));
#1732 = CARTESIAN_POINT('',(1.061918770642,-3.703808600881,
    5.633796813666));
#1733 = CARTESIAN_POINT('',(1.17545032839,-3.617868982885,5.600624885806
    ));
#1734 = CARTESIAN_POINT('',(1.283691628098,-3.526625402427,
    5.567136497861));
#1735 = CARTESIAN_POINT('',(1.485735575974,-3.337119373433,
    5.500462768533));
#1736 = CARTESIAN_POINT('',(1.579860703009,-3.239128282366,
    5.467295590397));
#1737 = CARTESIAN_POINT('',(1.668095580419,-3.136941408042,
    5.433811146688));
#1738 = CARTESIAN_POINT('',(1.750049415755,-3.031060382509,5.4));
#1739 = PCURVE('',#491,#1740);
#1740 = DEFINITIONAL_REPRESENTATION('',(#1741),#1756);
#1741 = B_SPLINE_CURVE_WITH_KNOTS('',4,(#1742,#1743,#1744,#1745,#1746,
    #1747,#1748,#1749,#1750,#1751,#1752,#1753,#1754,#1755),
  .UNSPECIFIED.,.F.,.F.,(5,3,3,3,5),(0.,0.260731911128,0.514209191815,
    0.760586883073,1.),.UNSPECIFIED.);
#1742 = CARTESIAN_POINT('',(4.677491367546,0.533337167088));
#1743 = CARTESIAN_POINT('',(4.711916013183,0.50046627051));
#1744 = CARTESIAN_POINT('',(4.746657174982,0.467293093394));
#1745 = CARTESIAN_POINT('',(4.781724930341,0.433807854065));
#1746 = CARTESIAN_POINT('',(4.851550437275,0.367132691552));
#1747 = CARTESIAN_POINT('',(4.886289698066,0.333960446105));
#1748 = CARTESIAN_POINT('',(4.921357987212,0.300473554234));
#1749 = CARTESIAN_POINT('',(4.991182417567,0.233796813666));
#1750 = CARTESIAN_POINT('',(5.025919822935,0.200624885806));
#1751 = CARTESIAN_POINT('',(5.060988056863,0.167136497861));
#1752 = CARTESIAN_POINT('',(5.130806145971,0.100462768533));
#1753 = CARTESIAN_POINT('',(5.165537010325,6.72955903984E-02));
#1754 = CARTESIAN_POINT('',(5.200599646757,3.381114668684E-02));
#1755 = CARTESIAN_POINT('',(5.236004059031,0.));
#1756 = ( GEOMETRIC_REPRESENTATION_CONTEXT(2) 
PARAMETRIC_REPRESENTATION_CONTEXT() REPRESENTATION_CONTEXT('2D SPACE',''
  ) );
#1757 = PCURVE('',#887,#1758);
#1758 = DEFINITIONAL_REPRESENTATION('',(#1759),#1774);
#1759 = B_SPLINE_CURVE_WITH_KNOTS('',4,(#1760,#1761,#1762,#1763,#1764,
    #1765,#1766,#1767,#1768,#1769,#1770,#1771,#1772,#1773),
  .UNSPECIFIED.,.F.,.F.,(5,3,3,3,5),(0.,0.260731911128,0.514209191815,
    0.760586883073,1.),.UNSPECIFIED.);
#1760 = CARTESIAN_POINT('',(1.343502884254,26.071243067564));
#1761 = CARTESIAN_POINT('',(1.273771910001,26.109389949071));
#1762 = CARTESIAN_POINT('',(1.203399683785,26.147887636924));
#1763 = CARTESIAN_POINT('',(1.132365557871,26.186747316065));
#1764 = CARTESIAN_POINT('',(0.990924165326,26.264123322627));
#1765 = CARTESIAN_POINT('',(0.92055438734,26.302619154948));
#1766 = CARTESIAN_POINT('',(0.849517409718,26.341479681192));
#1767 = CARTESIAN_POINT('',(0.708074222187,26.418854980123));
#1768 = CARTESIAN_POINT('',(0.637706009694,26.457348986788));
#1769 = CARTESIAN_POINT('',(0.56666683115,26.496209660548));
#1770 = CARTESIAN_POINT('',(0.425231980272,26.573578283266));
#1771 = CARTESIAN_POINT('',(0.354874819111,26.612065185497));
#1772 = CARTESIAN_POINT('',(0.283844938638,26.650919762921));
#1773 = CARTESIAN_POINT('',(0.212122248545,26.690153081521));
#1774 = ( GEOMETRIC_REPRESENTATION_CONTEXT(2) 
PARAMETRIC_REPRESENTATION_CONTEXT() REPRESENTATION_CONTEXT('2D SPACE',''
  ) );
#1775 = ORIENTED_EDGE('',*,*,#1776,.T.);
#1776 = EDGE_CURVE('',#1721,#1429,#1777,.T.);
#1777 = SURFACE_CURVE('',#1778,(#1783,#1790),.PCURVE_S1.);
#1778 = CIRCLE('',#1779,3.5);
#1779 = AXIS2_PLACEMENT_3D('',#1780,#1781,#1782);
#1780 = CARTESIAN_POINT('',(0.,0.,5.4));
#1781 = DIRECTION('',(0.,0.,1.));
#1782 = DIRECTION('',(1.,0.,-0.));
#1783 = PCURVE('',#491,#1784);
#1784 = DEFINITIONAL_REPRESENTATION('',(#1785),#1789);
#1785 = LINE('',#1786,#1787);
#1786 = CARTESIAN_POINT('',(0.,0.));
#1787 = VECTOR('',#1788,1.);
#1788 = DIRECTION('',(1.,0.));
#1789 = ( GEOMETRIC_REPRESENTATION_CONTEXT(2) 
PARAMETRIC_REPRESENTATION_CONTEXT() REPRESENTATION_CONTEXT('2D SPACE',''
  ) );
#1790 = PCURVE('',#1791,#1796);
#1791 = CYLINDRICAL_SURFACE('',#1792,3.5);
#1792 = AXIS2_PLACEMENT_3D('',#1793,#1794,#1795);
#1793 = CARTESIAN_POINT('',(0.,0.,-5.));
#1794 = DIRECTION('',(-0.,-0.,-1.));
#1795 = DIRECTION('',(1.,0.,0.));
#1796 = DEFINITIONAL_REPRESENTATION('',(#1797),#1801);
#1797 = LINE('',#1798,#1799);
#1798 = CARTESIAN_POINT('',(-0.,-10.4));
#1799 = VECTOR('',#1800,1.);
#1800 = DIRECTION('',(-1.,0.));
#1801 = ( GEOMETRIC_REPRESENTATION_CONTEXT(2) 
PARAMETRIC_REPRESENTATION_CONTEXT() REPRESENTATION_CONTEXT('2D SPACE',''
  ) );
#1802 = ADVANCED_FACE('',(#1803),#607,.T.);
#1803 = FACE_BOUND('',#1804,.T.);
#1804 = EDGE_LOOP('',(#1805,#1912,#1913,#2143,#2331,#2529));
#1805 = ORIENTED_EDGE('',*,*,#1806,.F.);
#1806 = EDGE_CURVE('',#570,#1483,#1807,.T.);
#1807 = SURFACE_CURVE('',#1808,(#1898,#1905),.PCURVE_S1.);
#1808 = B_SPLINE_CURVE_WITH_KNOTS('',11,(#1809,#1810,#1811,#1812,#1813,
    #1814,#1815,#1816,#1817,#1818,#1819,#1820,#1821,#1822,#1823,#1824,
    #1825,#1826,#1827,#1828,#1829,#1830,#1831,#1832,#1833,#1834,#1835,
    #1836,#1837,#1838,#1839,#1840,#1841,#1842,#1843,#1844,#1845,#1846,
    #1847,#1848,#1849,#1850,#1851,#1852,#1853,#1854,#1855,#1856,#1857,
    #1858,#1859,#1860,#1861,#1862,#1863,#1864,#1865,#1866,#1867,#1868,
    #1869,#1870,#1871,#1872,#1873,#1874,#1875,#1876,#1877,#1878,#1879,
    #1880,#1881,#1882,#1883,#1884,#1885,#1886,#1887,#1888,#1889,#1890,
    #1891,#1892,#1893,#1894,#1895,#1896,#1897),.UNSPECIFIED.,.F.,.F.,(12
    ,11,11,11,11,11,11,11,12),(0.,7.832974995525,15.665949991049,
    23.498924986574,31.331899982099,39.164874977623,46.997849973148,
    54.830824968673,62.663799964197),.PIECEWISE_BEZIER_KNOTS.);
#1809 = CARTESIAN_POINT('',(4.3,3.774758283726E-15,-4.7));
#1810 = CARTESIAN_POINT('',(4.299996916554,2.763183162187,
    -4.393173650219));
#1811 = CARTESIAN_POINT('',(2.348126866463,5.526556872619,
    -4.086396231115));
#1812 = CARTESIAN_POINT('',(-1.568219234538,6.754296568698,
    -3.779457964591));
#1813 = CARTESIAN_POINT('',(-6.032903788431,4.918889099837,
    -3.472884853651));
#1814 = CARTESIAN_POINT('',(-8.529006540209,-0.152640744044,
    -3.165698041867));
#1815 = CARTESIAN_POINT('',(-6.138696395333,-5.922909143559,
    -2.859299734987));
#1816 = CARTESIAN_POINT('',(-0.787834776992,-7.74415521921,
    -2.552116975618));
#1817 = CARTESIAN_POINT('',(3.667163340527,-5.884866218171,
    -2.245537360312));
#1818 = CARTESIAN_POINT('',(5.568224021659,-2.247505647356,
    -1.938605813609));
#1819 = CARTESIAN_POINT('',(4.994426254059,1.086694565842,
    -1.631823154094));
#1820 = CARTESIAN_POINT('',(3.040559159101,3.0405591591,-1.324999999994)
  );
#1821 = CARTESIAN_POINT('',(1.08669142714,4.994422530423,-1.018173650242
    ));
#1822 = CARTESIAN_POINT('',(-2.247489410896,5.568242271602,
    -0.71139623106));
#1823 = CARTESIAN_POINT('',(-5.884907360976,3.667110450735,
    -0.404457964688));
#1824 = CARTESIAN_POINT('',(-7.744087017465,-0.787727340628,
    -9.788485351723E-02));
#1825 = CARTESIAN_POINT('',(-5.922985056171,-6.138851666588,
    0.209301957987));
#1826 = CARTESIAN_POINT('',(-0.15258462899,-8.528843068534,
    0.515700265141));
#1827 = CARTESIAN_POINT('',(4.918861356753,-6.03302798333,0.822883024289
    ));
#1828 = CARTESIAN_POINT('',(6.754304875085,-1.568152743447,
    1.129462639744));
#1829 = CARTESIAN_POINT('',(5.526555448863,2.348102480887,1.436394186363
    ));
#1830 = CARTESIAN_POINT('',(2.763183575801,4.300001768964,1.743176845916
    ));
#1831 = CARTESIAN_POINT('',(1.650533489019E-13,4.299999999998,
    2.050000000005));
#1832 = CARTESIAN_POINT('',(-2.763183162186,4.299996916558,
    2.356826349766));
#1833 = CARTESIAN_POINT('',(-5.526556872625,2.348126866457,
    2.663603768916));
#1834 = CARTESIAN_POINT('',(-6.754296568684,-1.568219234533,
    2.970542035359));
#1835 = CARTESIAN_POINT('',(-4.918889099856,-6.032903788433,
    3.277115146414));
#1836 = CARTESIAN_POINT('',(0.152640744058,-8.529006540208,
    3.584301958064));
#1837 = CARTESIAN_POINT('',(5.922909143559,-6.138696395335,
    3.890700265073));
#1838 = CARTESIAN_POINT('',(7.744155219198,-0.78783477699,4.197883024338
    ));
#1839 = CARTESIAN_POINT('',(5.884866218184,3.667163340525,4.504462639715
    ));
#1840 = CARTESIAN_POINT('',(2.247505647348,5.56822402166,4.811394186377)
  );
#1841 = CARTESIAN_POINT('',(-1.08669456584,4.994426254058,5.118176845911
    ));
#1842 = CARTESIAN_POINT('',(-3.0405591591,3.040559159101,5.425000000006)
  );
#1843 = CARTESIAN_POINT('',(-4.994422530423,1.086691427138,
    5.731826349761));
#1844 = CARTESIAN_POINT('',(-5.5682422716,-2.247489410893,6.038603768931
    ));
#1845 = CARTESIAN_POINT('',(-3.667110450742,-5.884907360976,
    6.34554203533));
#1846 = CARTESIAN_POINT('',(0.787727340639,-7.744087017479,
    6.652115146457));
#1847 = CARTESIAN_POINT('',(6.138851666573,-5.922985056136,
    6.959301958016));
#1848 = CARTESIAN_POINT('',(8.528843068547,-0.15258462904,7.265700265118
    ));
#1849 = CARTESIAN_POINT('',(6.033027983322,4.918861356799,7.572883024303
    ));
#1850 = CARTESIAN_POINT('',(1.56815274345,6.754304875057,7.879462639739)
  );
#1851 = CARTESIAN_POINT('',(-2.348102480888,5.526555448874,
    8.186394186364));
#1852 = CARTESIAN_POINT('',(-4.300001768963,2.763183575799,
    8.493176845918));
#1853 = CARTESIAN_POINT('',(-4.299999999999,-2.538671468113E-14,
    8.800000000003));
#1854 = CARTESIAN_POINT('',(-4.299996916555,-2.763183162185,
    9.106826349771));
#1855 = CARTESIAN_POINT('',(-2.348126866461,-5.526556872628,
    9.413603768909));
#1856 = CARTESIAN_POINT('',(1.568219234535,-6.754296568677,
    9.720542035363));
#1857 = CARTESIAN_POINT('',(6.032903788439,-4.918889099869,
    10.027115146416));
#1858 = CARTESIAN_POINT('',(8.529006540192,0.152640744077,
    10.334301958057));
#1859 = CARTESIAN_POINT('',(6.138696395357,5.922909143538,
    10.640700265082));
#1860 = CARTESIAN_POINT('',(0.787834776972,7.744155219215,
    10.947883024331));
#1861 = CARTESIAN_POINT('',(-3.667163340517,5.884866218175,
    11.254462639719));
#1862 = CARTESIAN_POINT('',(-5.568224021661,2.247505647352,
    11.561394186377));
#1863 = CARTESIAN_POINT('',(-4.99442625406,-1.08669456584,11.86817684591
    ));
#1864 = CARTESIAN_POINT('',(-3.040559159101,-3.0405591591,
    12.175000000007));
#1865 = CARTESIAN_POINT('',(-1.08669142714,-4.994422530426,
    12.481826349752));
#1866 = CARTESIAN_POINT('',(2.247489410898,-5.568242271593,
    12.788603768959));
#1867 = CARTESIAN_POINT('',(5.884907360967,-3.667110450757,
    13.095542035265));
#1868 = CARTESIAN_POINT('',(7.74408701749,0.787727340666,13.402115146568
    ));
#1869 = CARTESIAN_POINT('',(5.922985056127,6.138851666536,
    13.709301957867));
#1870 = CARTESIAN_POINT('',(0.152584629043,8.528843068591,
    14.015700265278));
#1871 = CARTESIAN_POINT('',(-4.918861356795,6.03302798328,
    14.322883024163));
#1872 = CARTESIAN_POINT('',(-6.754304875065,1.568152743484,
    14.62946263984));
#1873 = CARTESIAN_POINT('',(-5.526555448868,-2.34810248091,
    14.936394186303));
#1874 = CARTESIAN_POINT('',(-2.763183575803,-4.300001768952,
    15.243176845948));
#1875 = CARTESIAN_POINT('',(1.638614399539E-12,-4.300000000003,
    15.549999999991));
#1876 = CARTESIAN_POINT('',(2.763183126312,-4.299996899805,
    15.856826449001));
#1877 = CARTESIAN_POINT('',(5.526557032025,-2.348126940865,
    16.163603328048));
#1878 = CARTESIAN_POINT('',(6.754296137548,1.568219435747,
    16.470543227719));
#1879 = CARTESIAN_POINT('',(4.91888996348,6.032903385439,16.777112758077
    ));
#1880 = CARTESIAN_POINT('',(-0.152642115298,8.529007179991,
    17.084305750049));
#1881 = CARTESIAN_POINT('',(-5.922907362902,6.138695564603,
    17.390695341032));
#1882 = CARTESIAN_POINT('',(-7.744157138951,0.787835672572,
    17.69788833295));
#1883 = CARTESIAN_POINT('',(-5.884864490915,-3.667164146301,
    18.004457863379));
#1884 = CARTESIAN_POINT('',(-2.247506940759,-5.568223418276,
    18.311397762998));
#1885 = CARTESIAN_POINT('',(1.086695362809,-4.994426625853,
    18.618174642072));
#1886 = CARTESIAN_POINT('',(3.040558764542,-3.040558975035,
    18.925001091069));
#1887 = CARTESIAN_POINT('',(4.994423290202,-1.086691812467,
    19.231824245102));
#1888 = CARTESIAN_POINT('',(5.568241143465,2.247490074427,19.53860690481
    ));
#1889 = CARTESIAN_POINT('',(3.667111730962,5.884906392514,
    19.845538451137));
#1890 = CARTESIAN_POINT('',(-0.787728364892,7.744088238885,
    20.152118067024));
#1891 = CARTESIAN_POINT('',(-6.13885130774,5.922983708174,
    20.459300825628));
#1892 = CARTESIAN_POINT('',(-8.52884259347,0.152585940383,
    20.765699133389));
#1893 = CARTESIAN_POINT('',(-6.033029110239,-4.91886248377,
    21.072885944297));
#1894 = CARTESIAN_POINT('',(-1.568151383599,-6.75430402244,
    21.379459055967));
#1895 = CARTESIAN_POINT('',(2.348101299132,-5.526556011102,
    21.686397321996));
#1896 = CARTESIAN_POINT('',(4.300002559498,-2.763183258438,
    21.993174741365));
#1897 = CARTESIAN_POINT('',(4.299999590859,-1.488381810564E-07,
    22.30000109104));
#1898 = PCURVE('',#607,#1899);
#1899 = DEFINITIONAL_REPRESENTATION('',(#1900),#1904);
#1900 = LINE('',#1901,#1902);
#1901 = CARTESIAN_POINT('',(0.,0.));
#1902 = VECTOR('',#1903,1.);
#1903 = DIRECTION('',(0.,1.));
#1904 = ( GEOMETRIC_REPRESENTATION_CONTEXT(2) 
PARAMETRIC_REPRESENTATION_CONTEXT() REPRESENTATION_CONTEXT('2D SPACE',''
  ) );
#1905 = PCURVE('',#1224,#1906);
#1906 = DEFINITIONAL_REPRESENTATION('',(#1907),#1911);
#1907 = LINE('',#1908,#1909);
#1908 = CARTESIAN_POINT('',(0.6,0.));
#1909 = VECTOR('',#1910,1.);
#1910 = DIRECTION('',(0.,1.));
#1911 = ( GEOMETRIC_REPRESENTATION_CONTEXT(2) 
PARAMETRIC_REPRESENTATION_CONTEXT() REPRESENTATION_CONTEXT('2D SPACE',''
  ) );
#1912 = ORIENTED_EDGE('',*,*,#567,.F.);
#1913 = ORIENTED_EDGE('',*,*,#1914,.T.);
#1914 = EDGE_CURVE('',#568,#1915,#1917,.T.);
#1915 = VERTEX_POINT('',#1916);
#1916 = CARTESIAN_POINT('',(3.5,0.,2.100000446361));
#1917 = SURFACE_CURVE('',#1918,(#1991,#2067),.PCURVE_S1.);
#1918 = B_SPLINE_CURVE_WITH_KNOTS('',8,(#1919,#1920,#1921,#1922,#1923,
    #1924,#1925,#1926,#1927,#1928,#1929,#1930,#1931,#1932,#1933,#1934,
    #1935,#1936,#1937,#1938,#1939,#1940,#1941,#1942,#1943,#1944,#1945,
    #1946,#1947,#1948,#1949,#1950,#1951,#1952,#1953,#1954,#1955,#1956,
    #1957,#1958,#1959,#1960,#1961,#1962,#1963,#1964,#1965,#1966,#1967,
    #1968,#1969,#1970,#1971,#1972,#1973,#1974,#1975,#1976,#1977,#1978,
    #1979,#1980,#1981,#1982,#1983,#1984,#1985,#1986,#1987,#1988,#1989,
    #1990),.UNSPECIFIED.,.F.,.F.,(9,7,7,7,7,7,7,7,7,7,9),(0.,
    9.071642076968E-02,0.135796779491,0.187015911046,0.302471328615,
    0.436925295752,0.543400182671,0.628944399507,0.707444200323,
    0.839042171103,1.),.UNSPECIFIED.);
#1919 = CARTESIAN_POINT('',(3.5,-8.881784197001E-16,-0.900009619298));
#1920 = CARTESIAN_POINT('',(3.5,0.249679973071,-0.865944998455));
#1921 = CARTESIAN_POINT('',(3.479643959335,0.499399133599,
    -0.831873066423));
#1922 = CARTESIAN_POINT('',(3.438921295216,0.747165527979,
    -0.797801237372));
#1923 = CARTESIAN_POINT('',(3.37806555267,0.991042260864,-0.763730694862
    ));
#1924 = CARTESIAN_POINT('',(3.297520920628,1.229144732566,-0.7296607069)
  );
#1925 = CARTESIAN_POINT('',(3.197930719135,1.459644519521,
    -0.695591709192));
#1926 = CARTESIAN_POINT('',(3.080147857674,1.680779897854,
    -0.661527156568));
#1927 = CARTESIAN_POINT('',(2.878240088403,1.995276080386,
    -0.610551935217));
#1928 = CARTESIAN_POINT('',(2.806981439891,2.096967405996,
    -0.593630985812));
#1929 = CARTESIAN_POINT('',(2.731619356224,2.195745453533,
    -0.576709997247));
#1930 = CARTESIAN_POINT('',(2.652293287098,2.291416869296,
    -0.559788043371));
#1931 = CARTESIAN_POINT('',(2.569154094761,2.383796479195,
    -0.542864569024));
#1932 = CARTESIAN_POINT('',(2.482364054007,2.472707288755,-0.52593939003
    ));
#1933 = CARTESIAN_POINT('',(2.392096852179,2.557980483111,
    -0.509012693204));
#1934 = CARTESIAN_POINT('',(2.192237986945,2.732025140038,-0.47285227272
    ));
#1935 = CARTESIAN_POINT('',(2.081671293214,2.819707880637,
    -0.453617139036));
#1936 = CARTESIAN_POINT('',(1.967103100618,2.902270814153,
    -0.434381156182));
#1937 = CARTESIAN_POINT('',(1.848811743722,2.979500376041,
    -0.415145544569));
#1938 = CARTESIAN_POINT('',(1.727088299018,3.051202271875,
    -0.395911224133));
#1939 = CARTESIAN_POINT('',(1.602236584919,3.117201477337,
    -0.376678814338));
#1940 = CARTESIAN_POINT('',(1.474573161761,3.177342238226,-0.35744863417
    ));
#1941 = CARTESIAN_POINT('',(1.051059586472,3.353540699615,
    -0.294878129673));
#1942 = CARTESIAN_POINT('',(0.744894134487,3.445210926615,
    -0.251521759707));
#1943 = CARTESIAN_POINT('',(0.429782625455,3.504841881444,-0.20817626149
    ));
#1944 = CARTESIAN_POINT('',(0.109667680083,3.531483455127,
    -0.164835700423));
#1945 = CARTESIAN_POINT('',(-0.211479461697,3.524754462884,
    -0.121490506167));
#1946 = CARTESIAN_POINT('',(-0.52967597574,3.484793194071,
    -7.813381968112E-02));
#1947 = CARTESIAN_POINT('',(-0.840939080204,3.412300507445,
    -3.476563899488E-02));
#1948 = CARTESIAN_POINT('',(-1.491155863486,3.188007614236,
    5.907305399158E-02));
#1949 = CARTESIAN_POINT('',(-1.826651419965,3.024977894521,
    0.109597601507));
#1950 = CARTESIAN_POINT('',(-2.141428574962,2.821675795437,
    0.160101500464));
#1951 = CARTESIAN_POINT('',(-2.429941193425,2.581317514736,0.21058757618
    ));
#1952 = CARTESIAN_POINT('',(-2.687275930551,2.307838719621,
    0.261070704431));
#1953 = CARTESIAN_POINT('',(-2.909207476174,2.005906183752,
    0.311567413535));
#1954 = CARTESIAN_POINT('',(-3.092190841973,1.680861725852,
    0.362084294529));
#1955 = CARTESIAN_POINT('',(-3.345866881729,1.068200422668,
    0.452542089383));
#1956 = CARTESIAN_POINT('',(-3.429564256822,0.792763209416,
    0.491626500053));
#1957 = CARTESIAN_POINT('',(-3.488713520016,0.509017493241,
    0.530903104099));
#1958 = CARTESIAN_POINT('',(-3.522037784275,0.215675298994,
    0.570822553356));
#1959 = CARTESIAN_POINT('',(-3.526984324966,-8.532939562644E-02,
    0.611492159825));
#1960 = CARTESIAN_POINT('',(-3.50101886859,-0.38885512795,0.652687887676
    ));
#1961 = CARTESIAN_POINT('',(-3.444410995252,-0.686465487781,
    0.69384216765));
#1962 = CARTESIAN_POINT('',(-3.298972497687,-1.192382972014,
    0.765654536224));
#1963 = CARTESIAN_POINT('',(-3.216918410497,-1.41281499889,
    0.797647408379));
#1964 = CARTESIAN_POINT('',(-3.118050224448,-1.626729987705,
    0.829637969044));
#1965 = CARTESIAN_POINT('',(-3.002979941325,-1.832644761203,
    0.861627105554));
#1966 = CARTESIAN_POINT('',(-2.872466842993,-2.029150911172,
    0.893617345166));
#1967 = CARTESIAN_POINT('',(-2.727412589184,-2.214917738137,
    0.925610480713));
#1968 = CARTESIAN_POINT('',(-2.568868774544,-2.388703784473,
    0.957604952703));
#1969 = CARTESIAN_POINT('',(-2.241311169459,-2.696818983506,
    1.018946864445));
#1970 = CARTESIAN_POINT('',(-2.074192374968,-2.833258759155,
    1.048303155255));
#1971 = CARTESIAN_POINT('',(-1.897618309624,-2.957827395033,
    1.07765894618));
#1972 = CARTESIAN_POINT('',(-1.712579127864,-3.069767439189,
    1.107014192256));
#1973 = CARTESIAN_POINT('',(-1.520128584797,-3.16842361218,
    1.136370146778));
#1974 = CARTESIAN_POINT('',(-1.321379413953,-3.253241684908,
    1.165727732148));
#1975 = CARTESIAN_POINT('',(-1.117502888367,-3.323775502687,
    1.195085852407));
#1976 = CARTESIAN_POINT('',(-0.561424000414,-3.473458240928,
    1.273648687854));
#1977 = CARTESIAN_POINT('',(-0.201834970565,-3.526253902844,
    1.322893147762));
#1978 = CARTESIAN_POINT('',(0.163063601457,-3.536377324498,
    1.372122078011));
#1979 = CARTESIAN_POINT('',(0.527349722959,-3.503378128414,
    1.421338111372));
#1980 = CARTESIAN_POINT('',(0.885206077715,-3.427675241548,1.47055293375
    ));
#1981 = CARTESIAN_POINT('',(1.230951926562,-3.310583172225,
    1.519778781897));
#1982 = CARTESIAN_POINT('',(1.559067449264,-3.154271404986,
    1.569020281723));
#1983 = CARTESIAN_POINT('',(2.237748879266,-2.727111292547,
    1.678415031374));
#1984 = CARTESIAN_POINT('',(2.577882347484,-2.43792891361,1.738695037495
    ));
#1985 = CARTESIAN_POINT('',(2.874587884719,-2.100562492942,
    1.798920131511));
#1986 = CARTESIAN_POINT('',(3.120299042276,-1.722931541135,
    1.859112746257));
#1987 = CARTESIAN_POINT('',(3.308984149571,-1.31383477324,1.919306501371
    ));
#1988 = CARTESIAN_POINT('',(3.436433189713,-0.883066907649,
    1.979532207007));
#1989 = CARTESIAN_POINT('',(3.5,-0.441216455562,2.03981027109));
#1990 = CARTESIAN_POINT('',(3.5,-4.440892098501E-16,2.100000446361));
#1991 = PCURVE('',#607,#1992);
#1992 = DEFINITIONAL_REPRESENTATION('',(#1993),#2066);
#1993 = B_SPLINE_CURVE_WITH_KNOTS('',8,(#1994,#1995,#1996,#1997,#1998,
    #1999,#2000,#2001,#2002,#2003,#2004,#2005,#2006,#2007,#2008,#2009,
    #2010,#2011,#2012,#2013,#2014,#2015,#2016,#2017,#2018,#2019,#2020,
    #2021,#2022,#2023,#2024,#2025,#2026,#2027,#2028,#2029,#2030,#2031,
    #2032,#2033,#2034,#2035,#2036,#2037,#2038,#2039,#2040,#2041,#2042,
    #2043,#2044,#2045,#2046,#2047,#2048,#2049,#2050,#2051,#2052,#2053,
    #2054,#2055,#2056,#2057,#2058,#2059,#2060,#2061,#2062,#2063,#2064,
    #2065),.UNSPECIFIED.,.F.,.F.,(9,7,7,7,7,7,7,7,7,7,9),(0.,
    9.071642076968E-02,0.135796779491,0.187015911046,0.302471328615,
    0.436925295752,0.543400182671,0.628944399507,0.707444200323,
    0.839042171103,1.),.UNSPECIFIED.);
#1994 = CARTESIAN_POINT('',(1.131355944918,6.962646575923));
#1995 = CARTESIAN_POINT('',(1.131361647748,7.041697164596));
#1996 = CARTESIAN_POINT('',(1.131370364748,7.120759775091));
#1997 = CARTESIAN_POINT('',(1.131381586758,7.199818035586));
#1998 = CARTESIAN_POINT('',(1.131394207215,7.278871015162));
#1999 = CARTESIAN_POINT('',(1.131405354278,7.357925125676));
#2000 = CARTESIAN_POINT('',(1.131411002862,7.436985961527));
#2001 = CARTESIAN_POINT('',(1.13140836654,7.516050077316));
#2002 = CARTESIAN_POINT('',(1.131395946155,7.63437790772));
#2003 = CARTESIAN_POINT('',(1.131389533775,7.673659949254));
#2004 = CARTESIAN_POINT('',(1.131382460847,7.712943165709));
#2005 = CARTESIAN_POINT('',(1.131376087608,7.752227474265));
#2006 = CARTESIAN_POINT('',(1.131371505886,7.791512371573));
#2007 = CARTESIAN_POINT('',(1.131369539104,7.830796933756));
#2008 = CARTESIAN_POINT('',(1.131370742275,7.870079816404));
#2009 = CARTESIAN_POINT('',(1.131380696266,7.953987531034));
#2010 = CARTESIAN_POINT('',(1.131388018309,7.998617980303));
#2011 = CARTESIAN_POINT('',(1.131395380007,8.043250335316));
#2012 = CARTESIAN_POINT('',(1.131401361225,8.087884094241));
#2013 = CARTESIAN_POINT('',(1.13140510981,8.132518520483));
#2014 = CARTESIAN_POINT('',(1.131406341599,8.177152642691));
#2015 = CARTESIAN_POINT('',(1.131405340411,8.221785254755));
#2016 = CARTESIAN_POINT('',(1.131397587873,8.367016702592));
#2017 = CARTESIAN_POINT('',(1.131383959163,8.467664064889));
#2018 = CARTESIAN_POINT('',(1.131366532456,8.568292428103));
#2019 = CARTESIAN_POINT('',(1.131353366575,8.668902340293));
#2020 = CARTESIAN_POINT('',(1.131347352501,8.769511268652));
#2021 = CARTESIAN_POINT('',(1.131346994465,8.870137586929));
#2022 = CARTESIAN_POINT('',(1.131350259451,8.970784636108));
#2023 = CARTESIAN_POINT('',(1.131360555925,9.188556223132));
#2024 = CARTESIAN_POINT('',(1.131368138169,9.305805266458));
#2025 = CARTESIAN_POINT('',(1.131374547338,9.423008312075));
#2026 = CARTESIAN_POINT('',(1.131376771451,9.540176860196));
#2027 = CARTESIAN_POINT('',(1.131375438376,9.657344405334));
#2028 = CARTESIAN_POINT('',(1.131373042835,9.774545213649));
#2029 = CARTESIAN_POINT('',(1.131371247502,9.891791853522));
#2030 = CARTESIAN_POINT('',(1.131370371919,10.101735111263));
#2031 = CARTESIAN_POINT('',(1.131370810504,10.192444676385));
#2032 = CARTESIAN_POINT('',(1.131372350236,10.283598492448));
#2033 = CARTESIAN_POINT('',(1.131374895283,10.376242626225));
#2034 = CARTESIAN_POINT('',(1.131378208825,10.470626524798));
#2035 = CARTESIAN_POINT('',(1.131381149323,10.566232100948));
#2036 = CARTESIAN_POINT('',(1.131382879176,10.661743468289));
#2037 = CARTESIAN_POINT('',(1.131383520756,10.828410411656));
#2038 = CARTESIAN_POINT('',(1.131382927669,10.90266304946));
#2039 = CARTESIAN_POINT('',(1.131381288416,10.976912039441));
#2040 = CARTESIAN_POINT('',(1.131378584358,11.051159471591));
#2041 = CARTESIAN_POINT('',(1.131374979716,11.125410941863));
#2042 = CARTESIAN_POINT('',(1.131370802393,11.199670073094));
#2043 = CARTESIAN_POINT('',(1.131366471347,11.273932558324));
#2044 = CARTESIAN_POINT('',(1.131358607435,11.416312770786));
#2045 = CARTESIAN_POINT('',(1.131355038869,11.484451098863));
#2046 = CARTESIAN_POINT('',(1.131351963392,11.552587457552));
#2047 = CARTESIAN_POINT('',(1.131349673843,11.620721261915));
#2048 = CARTESIAN_POINT('',(1.131348383322,11.688855070987));
#2049 = CARTESIAN_POINT('',(1.13134818344,11.756990875201));
#2050 = CARTESIAN_POINT('',(1.131349034891,11.825126195479));
#2051 = CARTESIAN_POINT('',(1.131353733114,12.007453514998));
#2052 = CARTESIAN_POINT('',(1.131359220532,12.121735064543));
#2053 = CARTESIAN_POINT('',(1.131366566306,12.235977521821));
#2054 = CARTESIAN_POINT('',(1.131374269966,12.350189459622));
#2055 = CARTESIAN_POINT('',(1.131380322055,12.464401297285));
#2056 = CARTESIAN_POINT('',(1.131383578407,12.578643312563));
#2057 = CARTESIAN_POINT('',(1.131384193079,12.692925988822));
#2058 = CARTESIAN_POINT('',(1.131381475085,12.94682269784));
#2059 = CARTESIAN_POINT('',(1.131377222617,13.086732426436));
#2060 = CARTESIAN_POINT('',(1.131371718082,13.226516765326));
#2061 = CARTESIAN_POINT('',(1.131367780208,13.366223152613));
#2062 = CARTESIAN_POINT('',(1.13136881623,13.505924023854));
#2063 = CARTESIAN_POINT('',(1.131372476861,13.645694741197));
#2064 = CARTESIAN_POINT('',(1.131374692087,13.785589348355));
#2065 = CARTESIAN_POINT('',(1.131373921224,13.925284876501));
#2066 = ( GEOMETRIC_REPRESENTATION_CONTEXT(2) 
PARAMETRIC_REPRESENTATION_CONTEXT() REPRESENTATION_CONTEXT('2D SPACE',''
  ) );
#2067 = PCURVE('',#821,#2068);
#2068 = DEFINITIONAL_REPRESENTATION('',(#2069),#2142);
#2069 = B_SPLINE_CURVE_WITH_KNOTS('',8,(#2070,#2071,#2072,#2073,#2074,
    #2075,#2076,#2077,#2078,#2079,#2080,#2081,#2082,#2083,#2084,#2085,
    #2086,#2087,#2088,#2089,#2090,#2091,#2092,#2093,#2094,#2095,#2096,
    #2097,#2098,#2099,#2100,#2101,#2102,#2103,#2104,#2105,#2106,#2107,
    #2108,#2109,#2110,#2111,#2112,#2113,#2114,#2115,#2116,#2117,#2118,
    #2119,#2120,#2121,#2122,#2123,#2124,#2125,#2126,#2127,#2128,#2129,
    #2130,#2131,#2132,#2133,#2134,#2135,#2136,#2137,#2138,#2139,#2140,
    #2141),.UNSPECIFIED.,.F.,.F.,(9,7,7,7,7,7,7,7,7,7,9),(0.,
    9.071642076968E-02,0.135796779491,0.187015911046,0.302471328615,
    0.436925295752,0.543400182671,0.628944399507,0.707444200323,
    0.839042171103,1.),.UNSPECIFIED.);
#2070 = CARTESIAN_POINT('',(0.,-4.099990380702));
#2071 = CARTESIAN_POINT('',(-7.133713516309E-02,-4.134055001545));
#2072 = CARTESIAN_POINT('',(-0.142685242895,-4.168126933577));
#2073 = CARTESIAN_POINT('',(-0.214029404338,-4.202198762628));
#2074 = CARTESIAN_POINT('',(-0.285368437696,-4.236269305138));
#2075 = CARTESIAN_POINT('',(-0.356707938366,-4.2703392931));
#2076 = CARTESIAN_POINT('',(-0.428053061697,-4.304408290808));
#2077 = CARTESIAN_POINT('',(-0.499401048362,-4.338472843432));
#2078 = CARTESIAN_POINT('',(-0.606181233071,-4.389448064783));
#2079 = CARTESIAN_POINT('',(-0.641629840236,-4.406369014188));
#2080 = CARTESIAN_POINT('',(-0.677079572455,-4.423290002753));
#2081 = CARTESIAN_POINT('',(-0.712530322342,-4.440211956629));
#2082 = CARTESIAN_POINT('',(-0.747981616503,-4.457135430976));
#2083 = CARTESIAN_POINT('',(-0.783432615542,-4.47406060997));
#2084 = CARTESIAN_POINT('',(-0.818882114055,-4.490987306796));
#2085 = CARTESIAN_POINT('',(-0.894601848963,-4.52714772728));
#2086 = CARTESIAN_POINT('',(-0.93487704369,-4.546382860964));
#2087 = CARTESIAN_POINT('',(-0.975153853422,-4.565618843818));
#2088 = CARTESIAN_POINT('',(-1.015431819858,-4.584854455431));
#2089 = CARTESIAN_POINT('',(-1.055710297791,-4.604088775867));
#2090 = CARTESIAN_POINT('',(-1.095988455111,-4.623321185662));
#2091 = CARTESIAN_POINT('',(-1.1362652728,-4.64255136583));
#2092 = CARTESIAN_POINT('',(-1.267323647782,-4.705121870327));
#2093 = CARTESIAN_POINT('',(-1.358149298525,-4.748478240293));
#2094 = CARTESIAN_POINT('',(-1.448958667491,-4.79182373851));
#2095 = CARTESIAN_POINT('',(-1.539751982685,-4.835164299577));
#2096 = CARTESIAN_POINT('',(-1.630544248346,-4.878509493833));
#2097 = CARTESIAN_POINT('',(-1.721351455142,-4.921866180319));
#2098 = CARTESIAN_POINT('',(-1.812176625645,-4.965234361005));
#2099 = CARTESIAN_POINT('',(-2.008695133307,-5.059073053992));
#2100 = CARTESIAN_POINT('',(-2.114500614309,-5.109597601507));
#2101 = CARTESIAN_POINT('',(-2.220264016644,-5.160101500465));
#2102 = CARTESIAN_POINT('',(-2.325996431811,-5.210587576179));
#2103 = CARTESIAN_POINT('',(-2.431728905201,-5.261070704431));
#2104 = CARTESIAN_POINT('',(-2.537492485451,-5.311567413535));
#2105 = CARTESIAN_POINT('',(-2.643298273631,-5.362084294529));
#2106 = CARTESIAN_POINT('',(-2.832756234196,-5.452542089383));
#2107 = CARTESIAN_POINT('',(-2.914615068667,-5.491626500053));
#2108 = CARTESIAN_POINT('',(-2.996874884029,-5.530903104099));
#2109 = CARTESIAN_POINT('',(-3.080479499379,-5.570822553356));
#2110 = CARTESIAN_POINT('',(-3.165653801683,-5.611492159825));
#2111 = CARTESIAN_POINT('',(-3.251930083873,-5.652687887676));
#2112 = CARTESIAN_POINT('',(-3.33812092643,-5.69384216765));
#2113 = CARTESIAN_POINT('',(-3.488523069659,-5.765654536224));
#2114 = CARTESIAN_POINT('',(-3.555529300727,-5.797647408379));
#2115 = CARTESIAN_POINT('',(-3.622532093614,-5.829637969044));
#2116 = CARTESIAN_POINT('',(-3.689533410011,-5.861627105554));
#2117 = CARTESIAN_POINT('',(-3.756538379852,-5.893617345166));
#2118 = CARTESIAN_POINT('',(-3.823550338503,-5.925610480713));
#2119 = CARTESIAN_POINT('',(-3.890565439214,-5.957604952703));
#2120 = CARTESIAN_POINT('',(-4.019050794696,-6.018946864445));
#2121 = CARTESIAN_POINT('',(-4.080539620516,-6.048303155255));
#2122 = CARTESIAN_POINT('',(-4.142026780948,-6.07765894618));
#2123 = CARTESIAN_POINT('',(-4.20351173386,-6.107014192256));
#2124 = CARTESIAN_POINT('',(-4.26499675585,-6.136370146778));
#2125 = CARTESIAN_POINT('',(-4.326483599014,-6.165727732148));
#2126 = CARTESIAN_POINT('',(-4.387969980963,-6.195085852407));
#2127 = CARTESIAN_POINT('',(-4.552504860773,-6.273648687854));
#2128 = CARTESIAN_POINT('',(-4.655634065748,-6.322893147762));
#2129 = CARTESIAN_POINT('',(-4.758727672687,-6.372122078011));
#2130 = CARTESIAN_POINT('',(-4.861793338224,-6.421338111372));
#2131 = CARTESIAN_POINT('',(-4.964858639256,-6.47055293375));
#2132 = CARTESIAN_POINT('',(-5.067951255852,-6.519778781897));
#2133 = CARTESIAN_POINT('',(-5.171080945416,-6.569020281723));
#2134 = CARTESIAN_POINT('',(-5.400200688654,-6.678415031374));
#2135 = CARTESIAN_POINT('',(-5.526457834056,-6.738695037495));
#2136 = CARTESIAN_POINT('',(-5.652602817308,-6.798920131511));
#2137 = CARTESIAN_POINT('',(-5.778678315534,-6.859112746258));
#2138 = CARTESIAN_POINT('',(-5.904748803923,-6.91930650137));
#2139 = CARTESIAN_POINT('',(-6.030880977845,-6.979532207008));
#2140 = CARTESIAN_POINT('',(-6.157123462733,-7.03981027109));
#2141 = CARTESIAN_POINT('',(-6.28318530718,-7.100000446361));
#2142 = ( GEOMETRIC_REPRESENTATION_CONTEXT(2) 
PARAMETRIC_REPRESENTATION_CONTEXT() REPRESENTATION_CONTEXT('2D SPACE',''
  ) );
#2143 = ORIENTED_EDGE('',*,*,#2144,.T.);
#2144 = EDGE_CURVE('',#1915,#2145,#2147,.T.);
#2145 = VERTEX_POINT('',#2146);
#2146 = CARTESIAN_POINT('',(3.5,0.,5.100005902262));
#2147 = SURFACE_CURVE('',#2148,(#2207,#2269),.PCURVE_S1.);
#2148 = B_SPLINE_CURVE_WITH_KNOTS('',8,(#2149,#2150,#2151,#2152,#2153,
    #2154,#2155,#2156,#2157,#2158,#2159,#2160,#2161,#2162,#2163,#2164,
    #2165,#2166,#2167,#2168,#2169,#2170,#2171,#2172,#2173,#2174,#2175,
    #2176,#2177,#2178,#2179,#2180,#2181,#2182,#2183,#2184,#2185,#2186,
    #2187,#2188,#2189,#2190,#2191,#2192,#2193,#2194,#2195,#2196,#2197,
    #2198,#2199,#2200,#2201,#2202,#2203,#2204,#2205,#2206),
  .UNSPECIFIED.,.F.,.F.,(9,7,7,7,7,7,7,7,9),(0.,0.107397974583,
    0.232440764504,0.284263823133,0.453999238247,0.570150482965,
    0.684994871076,0.838432581032,1.),.UNSPECIFIED.);
#2149 = CARTESIAN_POINT('',(3.5,-4.440892098501E-16,2.100000446361));
#2150 = CARTESIAN_POINT('',(3.5,0.295075293912,2.140254234349));
#2151 = CARTESIAN_POINT('',(3.471568755142,0.590256977291,2.180521492564
    ));
#2152 = CARTESIAN_POINT('',(3.41467289507,0.882204722634,2.220783553309)
  );
#2153 = CARTESIAN_POINT('',(3.329778717269,1.167715383999,2.261038043751
    ));
#2154 = CARTESIAN_POINT('',(3.217758426335,1.443711488638,2.301291530074
    ));
#2155 = CARTESIAN_POINT('',(3.079853542128,1.707248420823,2.341551658396
    ));
#2156 = CARTESIAN_POINT('',(2.917695476782,1.955540297854,2.381818792444
    ));
#2157 = CARTESIAN_POINT('',(2.518789743664,2.454332611574,2.468949699526
    ));
#2158 = CARTESIAN_POINT('',(2.273965887924,2.698742026525,2.515853308439
    ));
#2159 = CARTESIAN_POINT('',(2.002187641003,2.915017582416,2.562748936274
    ));
#2160 = CARTESIAN_POINT('',(1.707305458302,3.099760038756,2.609637692911
    ));
#2161 = CARTESIAN_POINT('',(1.393557394308,3.250241047961,2.656526172589
    ));
#2162 = CARTESIAN_POINT('',(1.065511941724,3.364344249328,2.703416075371
    ));
#2163 = CARTESIAN_POINT('',(0.728085996786,3.440632968054,2.750302408775
    ));
#2164 = CARTESIAN_POINT('',(0.245050048324,3.494313886412,2.816586237789
    ));
#2165 = CARTESIAN_POINT('',(0.102780882957,3.5034612003,2.83600889491));
#2166 = CARTESIAN_POINT('',(-3.985994480221E-02,3.505987746483,
    2.855433716404));
#2167 = CARTESIAN_POINT('',(-0.182510996832,3.50187745661,2.874861229988
    ));
#2168 = CARTESIAN_POINT('',(-0.324813639022,3.4911373522,2.89429131039)
  );
#2169 = CARTESIAN_POINT('',(-0.466412041268,3.473797544642,
    2.913723179339));
#2170 = CARTESIAN_POINT('',(-0.606953177481,3.449911235191,
    2.933155405573));
#2171 = CARTESIAN_POINT('',(-1.201789521274,3.320128384361,3.0162263758)
  );
#2172 = CARTESIAN_POINT('',(-1.643178616277,3.151116230848,
    3.079969987462));
#2173 = CARTESIAN_POINT('',(-2.056496886946,2.915063681524,
    3.143617519046));
#2174 = CARTESIAN_POINT('',(-2.430232380459,2.617926352408,3.20723530125
    ));
#2175 = CARTESIAN_POINT('',(-2.754286200611,2.267294072196,
    3.270869297173));
#2176 = CARTESIAN_POINT('',(-3.020368277823,1.872673530946,
    3.334547092216));
#2177 = CARTESIAN_POINT('',(-3.221693466459,1.445076807148,
    3.398295987658));
#2178 = CARTESIAN_POINT('',(-3.445707171961,0.692082684941,
    3.505478301071));
#2179 = CARTESIAN_POINT('',(-3.504871864589,0.376544453656,
    3.549041776415));
#2180 = CARTESIAN_POINT('',(-3.530936890887,5.544838475293E-02,
    3.592594566103));
#2181 = CARTESIAN_POINT('',(-3.523370143804,-0.267138656827,
    3.636137417335));
#2182 = CARTESIAN_POINT('',(-3.48221340979,-0.587178602384,
    3.679678838497));
#2183 = CARTESIAN_POINT('',(-3.408034462132,-0.90067360154,
    3.723227773217));
#2184 = CARTESIAN_POINT('',(-3.30197242436,-1.203684625546,
    3.766786205684));
#2185 = CARTESIAN_POINT('',(-3.031303802865,-1.777862812739,
    3.853380472255));
#2186 = CARTESIAN_POINT('',(-2.867265264058,-2.049570807066,
    3.896450000521));
#2187 = CARTESIAN_POINT('',(-2.675464458706,-2.303801469088,
    3.939512121135));
#2188 = CARTESIAN_POINT('',(-2.45813096776,-2.537277457522,
    3.982567753171));
#2189 = CARTESIAN_POINT('',(-2.217886748411,-2.747106144358,
    4.025623699971));
#2190 = CARTESIAN_POINT('',(-1.957705746393,-2.930757889161,
    4.068686601539));
#2191 = CARTESIAN_POINT('',(-1.680934630035,-3.086107545799,
    4.111756952859));
#2192 = CARTESIAN_POINT('',(-1.004442771743,-3.37918409762,
    4.212329830664));
#2193 = CARTESIAN_POINT('',(-0.593968550059,-3.493745605926,
    4.269921120446));
#2194 = CARTESIAN_POINT('',(-0.169154844116,-3.550972395925,
    4.327469021677));
#2195 = CARTESIAN_POINT('',(0.260616896461,-3.549172600791,
    4.384988930457));
#2196 = CARTESIAN_POINT('',(0.686036160672,-3.488173197044,
    4.442509261413));
#2197 = CARTESIAN_POINT('',(1.09791852897,-3.36950975979,4.50005768761)
  );
#2198 = CARTESIAN_POINT('',(1.487239098666,-3.196233609347,
    4.557649486243));
#2199 = CARTESIAN_POINT('',(2.222763485251,-2.739790306717,
    4.675745190065));
#2200 = CARTESIAN_POINT('',(2.566639101924,-2.450635825823,
    4.736409814635));
#2201 = CARTESIAN_POINT('',(2.866803639241,-2.112460116956,
    4.797022499476));
#2202 = CARTESIAN_POINT('',(3.115508219344,-1.733271305372,
    4.857603075947));
#2203 = CARTESIAN_POINT('',(3.306560576839,-1.322008601743,
    4.918179951811));
#2204 = CARTESIAN_POINT('',(3.435630734369,-0.888647356788,4.9787843454)
  );
#2205 = CARTESIAN_POINT('',(3.5,-0.443992667466,5.039440375538));
#2206 = CARTESIAN_POINT('',(3.5,0.,5.100005902262));
#2207 = PCURVE('',#607,#2208);
#2208 = DEFINITIONAL_REPRESENTATION('',(#2209),#2268);
#2209 = B_SPLINE_CURVE_WITH_KNOTS('',8,(#2210,#2211,#2212,#2213,#2214,
    #2215,#2216,#2217,#2218,#2219,#2220,#2221,#2222,#2223,#2224,#2225,
    #2226,#2227,#2228,#2229,#2230,#2231,#2232,#2233,#2234,#2235,#2236,
    #2237,#2238,#2239,#2240,#2241,#2242,#2243,#2244,#2245,#2246,#2247,
    #2248,#2249,#2250,#2251,#2252,#2253,#2254,#2255,#2256,#2257,#2258,
    #2259,#2260,#2261,#2262,#2263,#2264,#2265,#2266,#2267),
  .UNSPECIFIED.,.F.,.F.,(9,7,7,7,7,7,7,7,9),(0.,0.107397974583,
    0.232440764504,0.284263823133,0.453999238247,0.570150482965,
    0.684994871076,0.838432581032,1.),.UNSPECIFIED.);
#2210 = CARTESIAN_POINT('',(1.131373921224,13.925284876501));
#2211 = CARTESIAN_POINT('',(1.131373405689,14.018709993598));
#2212 = CARTESIAN_POINT('',(1.131371545953,14.112168579478));
#2213 = CARTESIAN_POINT('',(1.131367893204,14.205618045177));
#2214 = CARTESIAN_POINT('',(1.131362343984,14.299053053418));
#2215 = CARTESIAN_POINT('',(1.131355875114,14.392487240464));
#2216 = CARTESIAN_POINT('',(1.131350490282,14.485935063773));
#2217 = CARTESIAN_POINT('',(1.131348378279,14.57939377547));
#2218 = CARTESIAN_POINT('',(1.13135250045,14.781607519127));
#2219 = CARTESIAN_POINT('',(1.131360198463,14.890452603124));
#2220 = CARTESIAN_POINT('',(1.131374463895,14.999268386123));
#2221 = CARTESIAN_POINT('',(1.131394461079,15.108058815491));
#2222 = CARTESIAN_POINT('',(1.131413794751,15.216849690903));
#2223 = CARTESIAN_POINT('',(1.131419208009,15.325666714016));
#2224 = CARTESIAN_POINT('',(1.131400949332,15.434514301416));
#2225 = CARTESIAN_POINT('',(1.131377177363,15.588390225073));
#2226 = CARTESIAN_POINT('',(1.131371126448,15.633477840504));
#2227 = CARTESIAN_POINT('',(1.131368314282,15.678565164041));
#2228 = CARTESIAN_POINT('',(1.131369828121,15.723651636153));
#2229 = CARTESIAN_POINT('',(1.131375518186,15.768737211898));
#2230 = CARTESIAN_POINT('',(1.131383997663,15.813822360922));
#2231 = CARTESIAN_POINT('',(1.131392642697,15.858908067462));
#2232 = CARTESIAN_POINT('',(1.131413804108,16.051671215618));
#2233 = CARTESIAN_POINT('',(1.131412000767,16.199615542846));
#2234 = CARTESIAN_POINT('',(1.131370254692,16.347402429956));
#2235 = CARTESIAN_POINT('',(1.131343814388,16.495095154129));
#2236 = CARTESIAN_POINT('',(1.13134066249,16.642787289252));
#2237 = CARTESIAN_POINT('',(1.131347529059,16.790564635708));
#2238 = CARTESIAN_POINT('',(1.131356995827,16.938502730502));
#2239 = CARTESIAN_POINT('',(1.131369657731,17.187239397128));
#2240 = CARTESIAN_POINT('',(1.131373924795,17.288338057545));
#2241 = CARTESIAN_POINT('',(1.131375968907,17.389415565929));
#2242 = CARTESIAN_POINT('',(1.131375483073,17.490474160253));
#2243 = CARTESIAN_POINT('',(1.131373552407,17.59153180668));
#2244 = CARTESIAN_POINT('',(1.131371657384,17.692606832695));
#2245 = CARTESIAN_POINT('',(1.131370604351,17.793702520055));
#2246 = CARTESIAN_POINT('',(1.131370716458,17.994677365646));
#2247 = CARTESIAN_POINT('',(1.13137185364,18.094634769917));
#2248 = CARTESIAN_POINT('',(1.131374316374,18.194572806529));
#2249 = CARTESIAN_POINT('',(1.131377763216,18.29449416889));
#2250 = CARTESIAN_POINT('',(1.131381179149,18.394416312508));
#2251 = CARTESIAN_POINT('',(1.131383459716,18.494356460577));
#2252 = CARTESIAN_POINT('',(1.131384022797,18.594316717222));
#2253 = CARTESIAN_POINT('',(1.131381174481,18.827739121127));
#2254 = CARTESIAN_POINT('',(1.131376359877,18.961409580297));
#2255 = CARTESIAN_POINT('',(1.131368218182,19.094984799901));
#2256 = CARTESIAN_POINT('',(1.131358234041,19.228498075995));
#2257 = CARTESIAN_POINT('',(1.131350127102,19.362009251225));
#2258 = CARTESIAN_POINT('',(1.13134657711,19.495578153724));
#2259 = CARTESIAN_POINT('',(1.131347599923,19.629240214033));
#2260 = CARTESIAN_POINT('',(1.131356309489,19.903312052565));
#2261 = CARTESIAN_POINT('',(1.131364359914,20.0440942446));
#2262 = CARTESIAN_POINT('',(1.131374406009,20.184752615561));
#2263 = CARTESIAN_POINT('',(1.131383192738,20.325338533561));
#2264 = CARTESIAN_POINT('',(1.131386696366,20.465924533043));
#2265 = CARTESIAN_POINT('',(1.131385236862,20.606582542948));
#2266 = CARTESIAN_POINT('',(1.131381481967,20.747364162149));
#2267 = CARTESIAN_POINT('',(1.131377629098,20.88793589444));
#2268 = ( GEOMETRIC_REPRESENTATION_CONTEXT(2) 
PARAMETRIC_REPRESENTATION_CONTEXT() REPRESENTATION_CONTEXT('2D SPACE',''
  ) );
#2269 = PCURVE('',#1791,#2270);
#2270 = DEFINITIONAL_REPRESENTATION('',(#2271),#2330);
#2271 = B_SPLINE_CURVE_WITH_KNOTS('',8,(#2272,#2273,#2274,#2275,#2276,
    #2277,#2278,#2279,#2280,#2281,#2282,#2283,#2284,#2285,#2286,#2287,
    #2288,#2289,#2290,#2291,#2292,#2293,#2294,#2295,#2296,#2297,#2298,
    #2299,#2300,#2301,#2302,#2303,#2304,#2305,#2306,#2307,#2308,#2309,
    #2310,#2311,#2312,#2313,#2314,#2315,#2316,#2317,#2318,#2319,#2320,
    #2321,#2322,#2323,#2324,#2325,#2326,#2327,#2328,#2329),
  .UNSPECIFIED.,.F.,.F.,(9,7,7,7,7,7,7,7,9),(0.,0.107397974583,
    0.232440764504,0.284263823133,0.453999238247,0.570150482965,
    0.684994871076,0.838432581032,1.),.UNSPECIFIED.);
#2272 = CARTESIAN_POINT('',(0.,-7.100000446361));
#2273 = CARTESIAN_POINT('',(-8.430722683206E-02,-7.140254234349));
#2274 = CARTESIAN_POINT('',(-0.168644219176,-7.180521492564));
#2275 = CARTESIAN_POINT('',(-0.25297266747,-7.220783553309));
#2276 = CARTESIAN_POINT('',(-0.337288082937,-7.261038043751));
#2277 = CARTESIAN_POINT('',(-0.421603135898,-7.301291530074));
#2278 = CARTESIAN_POINT('',(-0.505931136551,-7.341551658396));
#2279 = CARTESIAN_POINT('',(-0.590269658213,-7.381818792444));
#2280 = CARTESIAN_POINT('',(-0.772751316478,-7.468949699526));
#2281 = CARTESIAN_POINT('',(-0.870975908745,-7.515853308439));
#2282 = CARTESIAN_POINT('',(-0.969174270125,-7.562748936274));
#2283 = CARTESIAN_POINT('',(-1.067349574021,-7.609637692911));
#2284 = CARTESIAN_POINT('',(-1.165523776604,-7.656526172589));
#2285 = CARTESIAN_POINT('',(-1.26372018295,-7.703416075371));
#2286 = CARTESIAN_POINT('',(-1.361945254078,-7.750302408775));
#2287 = CARTESIAN_POINT('',(-1.50080515073,-7.816586237789));
#2288 = CARTESIAN_POINT('',(-1.541492920187,-7.83600889491));
#2289 = CARTESIAN_POINT('',(-1.582180458999,-7.855433716404));
#2290 = CARTESIAN_POINT('',(-1.622867244058,-7.874861229988));
#2291 = CARTESIAN_POINT('',(-1.663553207847,-7.89429131039));
#2292 = CARTESIAN_POINT('',(-1.70423873844,-7.913723179339));
#2293 = CARTESIAN_POINT('',(-1.744924679503,-7.933155405573));
#2294 = CARTESIAN_POINT('',(-1.918876083523,-8.0162263758));
#2295 = CARTESIAN_POINT('',(-2.052381597369,-8.079969987462));
#2296 = CARTESIAN_POINT('',(-2.185745940403,-8.143617519046));
#2297 = CARTESIAN_POINT('',(-2.319030428063,-8.20723530125));
#2298 = CARTESIAN_POINT('',(-2.452311921171,-8.270869297173));
#2299 = CARTESIAN_POINT('',(-2.585668382086,-8.334547092216));
#2300 = CARTESIAN_POINT('',(-2.71916815379,-8.398295987658));
#2301 = CARTESIAN_POINT('',(-2.943628011267,-8.505478301071));
#2302 = CARTESIAN_POINT('',(-3.034859154738,-8.549041776415));
#2303 = CARTESIAN_POINT('',(-3.126071309972,-8.592594566103));
#2304 = CARTESIAN_POINT('',(-3.217266935956,-8.636137417335));
#2305 = CARTESIAN_POINT('',(-3.308462485565,-8.679678838497));
#2306 = CARTESIAN_POINT('',(-3.399674460007,-8.723227773217));
#2307 = CARTESIAN_POINT('',(-3.490905584356,-8.766786205684));
#2308 = CARTESIAN_POINT('',(-3.672270498568,-8.853380472255));
#2309 = CARTESIAN_POINT('',(-3.762474892887,-8.896450000521));
#2310 = CARTESIAN_POINT('',(-3.85266179865,-8.939512121135));
#2311 = CARTESIAN_POINT('',(-3.942833345357,-8.982567753171));
#2312 = CARTESIAN_POINT('',(-4.03300509533,-9.025623699971));
#2313 = CARTESIAN_POINT('',(-4.123192573759,-9.068686601539));
#2314 = CARTESIAN_POINT('',(-4.213397804802,-9.111756952859));
#2315 = CARTESIAN_POINT('',(-4.4240401847,-9.212329830664));
#2316 = CARTESIAN_POINT('',(-4.544665130296,-9.269921120446));
#2317 = CARTESIAN_POINT('',(-4.665204081593,-9.327469021677));
#2318 = CARTESIAN_POINT('',(-4.785687602426,-9.384988930456));
#2319 = CARTESIAN_POINT('',(-4.906169965389,-9.442509261413));
#2320 = CARTESIAN_POINT('',(-5.026704782496,-9.50005768761));
#2321 = CARTESIAN_POINT('',(-5.147323621427,-9.557649486243));
#2322 = CARTESIAN_POINT('',(-5.394649996194,-9.675745190065));
#2323 = CARTESIAN_POINT('',(-5.521693573849,-9.736409814635));
#2324 = CARTESIAN_POINT('',(-5.648624853784,-9.797022499477));
#2325 = CARTESIAN_POINT('',(-5.775490138044,-9.857603075946));
#2326 = CARTESIAN_POINT('',(-5.90235543188,-9.918179951812));
#2327 = CARTESIAN_POINT('',(-6.029286555007,-9.9787843454));
#2328 = CARTESIAN_POINT('',(-6.156330259332,-10.03944037553));
#2329 = CARTESIAN_POINT('',(-6.28318530718,-10.10000590226));
#2330 = ( GEOMETRIC_REPRESENTATION_CONTEXT(2) 
PARAMETRIC_REPRESENTATION_CONTEXT() REPRESENTATION_CONTEXT('2D SPACE',''
  ) );
#2331 = ORIENTED_EDGE('',*,*,#2332,.T.);
#2332 = EDGE_CURVE('',#2145,#1454,#2333,.T.);
#2333 = SURFACE_CURVE('',#2334,(#2397,#2463),.PCURVE_S1.);
#2334 = B_SPLINE_CURVE_WITH_KNOTS('',7,(#2335,#2336,#2337,#2338,#2339,
    #2340,#2341,#2342,#2343,#2344,#2345,#2346,#2347,#2348,#2349,#2350,
    #2351,#2352,#2353,#2354,#2355,#2356,#2357,#2358,#2359,#2360,#2361,
    #2362,#2363,#2364,#2365,#2366,#2367,#2368,#2369,#2370,#2371,#2372,
    #2373,#2374,#2375,#2376,#2377,#2378,#2379,#2380,#2381,#2382,#2383,
    #2384,#2385,#2386,#2387,#2388,#2389,#2390,#2391,#2392,#2393,#2394,
    #2395,#2396),.UNSPECIFIED.,.F.,.F.,(8,6,6,6,6,6,6,6,6,6,8),(0.,
    8.180484881779E-02,0.198022261319,0.320802308875,0.368009400627,
    0.438585682729,0.562698584792,0.684088788455,0.786015493854,
    0.881362948701,1.),.UNSPECIFIED.);
#2335 = CARTESIAN_POINT('',(3.5,0.,5.100005902262));
#2336 = CARTESIAN_POINT('',(3.5,0.25701609566,5.135065749757));
#2337 = CARTESIAN_POINT('',(3.477980837457,0.514071333762,5.170130721099
    ));
#2338 = CARTESIAN_POINT('',(3.433930947399,0.768842221803,5.205193384423
    ));
#2339 = CARTESIAN_POINT('',(3.368158092749,1.019071051525,5.240254471216
    ));
#2340 = CARTESIAN_POINT('',(3.281240016571,1.262565325671,5.275317280969
    ));
#2341 = CARTESIAN_POINT('',(3.174021030877,1.497209438357,5.310382187617
    ));
#2342 = CARTESIAN_POINT('',(2.86812989799,2.038904191935,5.395248481859)
  );
#2343 = CARTESIAN_POINT('',(2.649837831054,2.335106503062,5.445077606487
    ));
#2344 = CARTESIAN_POINT('',(2.396059500182,2.603655264693,5.494887236492
    ));
#2345 = CARTESIAN_POINT('',(2.111096660919,2.839612337785,5.544689509559
    ));
#2346 = CARTESIAN_POINT('',(1.799923129329,3.038858014262,5.594495648171
    ));
#2347 = CARTESIAN_POINT('',(1.468192827099,3.198078849642,5.644320711744
    ));
#2348 = CARTESIAN_POINT('',(0.757026800183,3.438849857203,5.746739146953
    ));
#2349 = CARTESIAN_POINT('',(0.375575293031,3.515634684046,5.799384650152
    ));
#2350 = CARTESIAN_POINT('',(-1.438458399191E-02,3.542844553611,
    5.852008509838));
#2351 = CARTESIAN_POINT('',(-0.405165548129,3.519631038883,
    5.904631997696));
#2352 = CARTESIAN_POINT('',(-0.789169343341,3.446443517235,
    5.957272671984));
#2353 = CARTESIAN_POINT('',(-1.15885503755,3.325030330713,6.009933990255
    ));
#2354 = CARTESIAN_POINT('',(-1.640829586239,3.095104360558,
    6.082785165509));
#2355 = CARTESIAN_POINT('',(-1.771498883811,3.024648916635,
    6.103011413356));
#2356 = CARTESIAN_POINT('',(-1.898615410921,2.947767473522,
    6.123235272395));
#2357 = CARTESIAN_POINT('',(-2.02181408268,2.86466913277,6.14345870788)
  );
#2358 = CARTESIAN_POINT('',(-2.140737749502,2.775595344263,
    6.163682802827));
#2359 = CARTESIAN_POINT('',(-2.255037197097,2.680819906226,
    6.183907758013));
#2360 = CARTESIAN_POINT('',(-2.52782929162,2.430889843684,6.234370186993
    ));
#2361 = CARTESIAN_POINT('',(-2.680227261924,2.269044582425,
    6.264618086596));
#2362 = CARTESIAN_POINT('',(-2.820477922163,2.096112358559,
    6.294870223815));
#2363 = CARTESIAN_POINT('',(-2.947624821047,1.913187088992,
    6.325121889653));
#2364 = CARTESIAN_POINT('',(-3.060842191223,1.72145743042,6.355370033086
    ));
#2365 = CARTESIAN_POINT('',(-3.159434949285,1.522206779325,
    6.385613261065));
#2366 = CARTESIAN_POINT('',(-3.389509513635,0.955615664198,
    6.469028309282));
#2367 = CARTESIAN_POINT('',(-3.489335450298,0.575130386216,6.52222939465
    ));
#2368 = CARTESIAN_POINT('',(-3.539078425078,0.183044299483,
    6.575401031105));
#2369 = CARTESIAN_POINT('',(-3.537415224639,-0.212752061605,
    6.628574673942));
#2370 = CARTESIAN_POINT('',(-3.484383233012,-0.604397997086,
    6.681762536201));
#2371 = CARTESIAN_POINT('',(-3.381371529231,-0.984024908424,
    6.73498091034));
#2372 = CARTESIAN_POINT('',(-3.085259281209,-1.696042087038,
    6.840188551753));
#2373 = CARTESIAN_POINT('',(-2.894013150895,-2.029698412831,
    6.89224016839));
#2374 = CARTESIAN_POINT('',(-2.660839397452,-2.337717956944,
    6.944265333941));
#2375 = CARTESIAN_POINT('',(-2.390014016389,-2.613964730863,
    6.996278684901));
#2376 = CARTESIAN_POINT('',(-2.086687567398,-2.85319071196,
    7.048296615184));
#2377 = CARTESIAN_POINT('',(-1.756904602086,-3.051012673514,
    7.100338417135));
#2378 = CARTESIAN_POINT('',(-1.11468291502,-3.333164871457,7.19602972781
    ));
#2379 = CARTESIAN_POINT('',(-0.80774525568,-3.430692927077,
    7.239715902941));
#2380 = CARTESIAN_POINT('',(-0.491124722364,-3.495124464506,
    7.28339460483));
#2381 = CARTESIAN_POINT('',(-0.169089017173,-3.525411040677,
    7.327069775718));
#2382 = CARTESIAN_POINT('',(0.154008316702,-3.521137946616,
    7.370751983718));
#2383 = CARTESIAN_POINT('',(0.47376477543,-3.482534832724,7.414442862909
    ));
#2384 = CARTESIAN_POINT('',(1.077600040907,-3.343422556998,
    7.498976586189));
#2385 = CARTESIAN_POINT('',(1.362764448682,-3.247043975996,
    7.539836878589));
#2386 = CARTESIAN_POINT('',(1.637675740848,-3.122335853499,7.5806900688)
  );
#2387 = CARTESIAN_POINT('',(1.899014824653,-2.970646301782,
    7.621540189738));
#2388 = CARTESIAN_POINT('',(2.143681815935,-2.793761371953,
    7.662395662271));
#2389 = CARTESIAN_POINT('',(2.368826946714,-2.593905271541,
    7.703257911016));
#2390 = CARTESIAN_POINT('',(2.824672605166,-2.100017749557,
    7.794937057611));
#2391 = CARTESIAN_POINT('',(3.043525259398,-1.794659742093,
    7.845793127272));
#2392 = CARTESIAN_POINT('',(3.22351403791,-1.463044369153,7.896628102419
    ));
#2393 = CARTESIAN_POINT('',(3.361076397029,-1.111167225394,
    7.947457925504));
#2394 = CARTESIAN_POINT('',(3.453715413518,-0.745423669348,
    7.998296050617));
#2395 = CARTESIAN_POINT('',(3.5,-0.37262810201,8.04915679377));
#2396 = CARTESIAN_POINT('',(3.5,1.33226762955E-15,8.099995059748));
#2397 = PCURVE('',#607,#2398);
#2398 = DEFINITIONAL_REPRESENTATION('',(#2399),#2462);
#2399 = B_SPLINE_CURVE_WITH_KNOTS('',7,(#2400,#2401,#2402,#2403,#2404,
    #2405,#2406,#2407,#2408,#2409,#2410,#2411,#2412,#2413,#2414,#2415,
    #2416,#2417,#2418,#2419,#2420,#2421,#2422,#2423,#2424,#2425,#2426,
    #2427,#2428,#2429,#2430,#2431,#2432,#2433,#2434,#2435,#2436,#2437,
    #2438,#2439,#2440,#2441,#2442,#2443,#2444,#2445,#2446,#2447,#2448,
    #2449,#2450,#2451,#2452,#2453,#2454,#2455,#2456,#2457,#2458,#2459,
    #2460,#2461),.UNSPECIFIED.,.F.,.F.,(8,6,6,6,6,6,6,6,6,6,8),(0.,
    8.180484881779E-02,0.198022261319,0.320802308875,0.368009400627,
    0.438585682729,0.562698584792,0.684088788455,0.786015493854,
    0.881362948701,1.),.UNSPECIFIED.);
#2400 = CARTESIAN_POINT('',(1.131377629098,20.88793589444));
#2401 = CARTESIAN_POINT('',(1.13137539877,20.969309305402));
#2402 = CARTESIAN_POINT('',(1.131373135175,21.050694662799));
#2403 = CARTESIAN_POINT('',(1.131371287981,21.1320739802));
#2404 = CARTESIAN_POINT('',(1.131370291919,21.21344824186));
#2405 = CARTESIAN_POINT('',(1.131370258466,21.294824922559));
#2406 = CARTESIAN_POINT('',(1.131370917988,21.376205332653));
#2407 = CARTESIAN_POINT('',(1.131373082921,21.573166390353));
#2408 = CARTESIAN_POINT('',(1.131374829799,21.688811016056));
#2409 = CARTESIAN_POINT('',(1.131375755397,21.804411744861));
#2410 = CARTESIAN_POINT('',(1.131373861339,21.920000026449));
#2411 = CARTESIAN_POINT('',(1.131367652348,22.035604360791));
#2412 = CARTESIAN_POINT('',(1.131360181037,22.151254689329));
#2413 = CARTESIAN_POINT('',(1.131349049397,22.38897400707));
#2414 = CARTESIAN_POINT('',(1.131345602769,22.511163636752));
#2415 = CARTESIAN_POINT('',(1.131348552792,22.633292536788));
#2416 = CARTESIAN_POINT('',(1.131361683877,22.755403865639));
#2417 = CARTESIAN_POINT('',(1.131387189337,22.877534774468));
#2418 = CARTESIAN_POINT('',(1.131404042427,22.999727794948));
#2419 = CARTESIAN_POINT('',(1.131407041277,23.168801816921));
#2420 = CARTESIAN_POINT('',(1.131405914412,23.215746390262));
#2421 = CARTESIAN_POINT('',(1.131401979318,23.262690028081));
#2422 = CARTESIAN_POINT('',(1.131395323564,23.309637147796));
#2423 = CARTESIAN_POINT('',(1.131386970838,23.356588582971));
#2424 = CARTESIAN_POINT('',(1.131378880948,23.403541583317));
#2425 = CARTESIAN_POINT('',(1.131366577616,23.520679091325));
#2426 = CARTESIAN_POINT('',(1.131374724326,23.590867511688));
#2427 = CARTESIAN_POINT('',(1.131388286675,23.661056879391));
#2428 = CARTESIAN_POINT('',(1.131400241248,23.731247791613));
#2429 = CARTESIAN_POINT('',(1.131406644484,23.801439639105));
#2430 = CARTESIAN_POINT('',(1.131406632683,23.871630606189));
#2431 = CARTESIAN_POINT('',(1.131395017258,24.065246108923));
#2432 = CARTESIAN_POINT('',(1.131375400245,24.188751716337));
#2433 = CARTESIAN_POINT('',(1.131352881775,24.312193737978));
#2434 = CARTESIAN_POINT('',(1.13134494205,24.435616490824));
#2435 = CARTESIAN_POINT('',(1.131346095587,24.559057322222));
#2436 = CARTESIAN_POINT('',(1.131351936345,24.682561275836));
#2437 = CARTESIAN_POINT('',(1.131364916729,24.926714440123));
#2438 = CARTESIAN_POINT('',(1.131372062461,25.047508346259));
#2439 = CARTESIAN_POINT('',(1.13137644887,25.16824539091));
#2440 = CARTESIAN_POINT('',(1.131375969548,25.288963000493));
#2441 = CARTESIAN_POINT('',(1.131373635121,25.409694282574));
#2442 = CARTESIAN_POINT('',(1.131371611552,25.530480457815));
#2443 = CARTESIAN_POINT('',(1.131370266481,25.752570855981));
#2444 = CARTESIAN_POINT('',(1.13137055178,25.853960822575));
#2445 = CARTESIAN_POINT('',(1.131372357334,25.955330949754));
#2446 = CARTESIAN_POINT('',(1.131375488325,26.05669070671));
#2447 = CARTESIAN_POINT('',(1.131378980181,26.15806620375));
#2448 = CARTESIAN_POINT('',(1.131381595452,26.259463264168));
#2449 = CARTESIAN_POINT('',(1.131383871575,26.455652281609));
#2450 = CARTESIAN_POINT('',(1.131383705491,26.550484450077));
#2451 = CARTESIAN_POINT('',(1.131381753173,26.645303066612));
#2452 = CARTESIAN_POINT('',(1.131377890162,26.740117695385));
#2453 = CARTESIAN_POINT('',(1.131372639258,26.834947022261));
#2454 = CARTESIAN_POINT('',(1.131366991122,26.929792727822));
#2455 = CARTESIAN_POINT('',(1.131355326995,27.142588303384));
#2456 = CARTESIAN_POINT('',(1.131349560326,27.260628677351));
#2457 = CARTESIAN_POINT('',(1.131346144937,27.378616234741));
#2458 = CARTESIAN_POINT('',(1.131346648618,27.496585403185));
#2459 = CARTESIAN_POINT('',(1.131350905643,27.614567680001));
#2460 = CARTESIAN_POINT('',(1.131357174032,27.732599149736));
#2461 = CARTESIAN_POINT('',(1.131363787239,27.850577886728));
#2462 = ( GEOMETRIC_REPRESENTATION_CONTEXT(2) 
PARAMETRIC_REPRESENTATION_CONTEXT() REPRESENTATION_CONTEXT('2D SPACE',''
  ) );
#2463 = PCURVE('',#1470,#2464);
#2464 = DEFINITIONAL_REPRESENTATION('',(#2465),#2528);
#2465 = B_SPLINE_CURVE_WITH_KNOTS('',7,(#2466,#2467,#2468,#2469,#2470,
    #2471,#2472,#2473,#2474,#2475,#2476,#2477,#2478,#2479,#2480,#2481,
    #2482,#2483,#2484,#2485,#2486,#2487,#2488,#2489,#2490,#2491,#2492,
    #2493,#2494,#2495,#2496,#2497,#2498,#2499,#2500,#2501,#2502,#2503,
    #2504,#2505,#2506,#2507,#2508,#2509,#2510,#2511,#2512,#2513,#2514,
    #2515,#2516,#2517,#2518,#2519,#2520,#2521,#2522,#2523,#2524,#2525,
    #2526,#2527),.UNSPECIFIED.,.F.,.F.,(8,6,6,6,6,6,6,6,6,6,8),(0.,
    8.180484881779E-02,0.198022261319,0.320802308875,0.368009400627,
    0.438585682729,0.562698584792,0.684088788455,0.786015493854,
    0.881362948701,1.),.UNSPECIFIED.);
#2466 = CARTESIAN_POINT('',(0.,-10.10000590226));
#2467 = CARTESIAN_POINT('',(-7.343317018845E-02,-10.13506574975));
#2468 = CARTESIAN_POINT('',(-0.146877376988,-10.17013072109));
#2469 = CARTESIAN_POINT('',(-0.220316332344,-10.20519338442));
#2470 = CARTESIAN_POINT('',(-0.293750794563,-10.24025447121));
#2471 = CARTESIAN_POINT('',(-0.367187334983,-10.27531728096));
#2472 = CARTESIAN_POINT('',(-0.440626969459,-10.31038218761));
#2473 = CARTESIAN_POINT('',(-0.618368490393,-10.39524848185));
#2474 = CARTESIAN_POINT('',(-0.722727746399,-10.44507760648));
#2475 = CARTESIAN_POINT('',(-0.827046426084,-10.49488723649));
#2476 = CARTESIAN_POINT('',(-0.931352908325,-10.54468950955));
#2477 = CARTESIAN_POINT('',(-1.035673624718,-10.59449564817));
#2478 = CARTESIAN_POINT('',(-1.140036410302,-10.64432071174));
#2479 = CARTESIAN_POINT('',(-1.354555862999,-10.74673914695));
#2480 = CARTESIAN_POINT('',(-1.46482150691,-10.79938465015));
#2481 = CARTESIAN_POINT('',(-1.575033507555,-10.85200850983));
#2482 = CARTESIAN_POINT('',(-1.685230836131,-10.90463199769));
#2483 = CARTESIAN_POINT('',(-1.795444810211,-10.95727267198));
#2484 = CARTESIAN_POINT('',(-1.905713299848,-11.00993399025));
#2485 = CARTESIAN_POINT('',(-2.05828724775,-11.0827851655));
#2486 = CARTESIAN_POINT('',(-2.100650367824,-11.10301141335));
#2487 = CARTESIAN_POINT('',(-2.143012685413,-11.12323527239));
#2488 = CARTESIAN_POINT('',(-2.185378265062,-11.14345870788));
#2489 = CARTESIAN_POINT('',(-2.227747880303,-11.16368280282));
#2490 = CARTESIAN_POINT('',(-2.270119013645,-11.18390775801));
#2491 = CARTESIAN_POINT('',(-2.375825794458,-11.23437018699));
#2492 = CARTESIAN_POINT('',(-2.439165073137,-11.26461808659));
#2493 = CARTESIAN_POINT('',(-2.502505040996,-11.29487022381));
#2494 = CARTESIAN_POINT('',(-2.565846114253,-11.32512188965));
#2495 = CARTESIAN_POINT('',(-2.629187776974,-11.35537003308));
#2496 = CARTESIAN_POINT('',(-2.692528581062,-11.38561326106));
#2497 = CARTESIAN_POINT('',(-2.867249302098,-11.46902830928));
#2498 = CARTESIAN_POINT('',(-2.978702778853,-11.52222939465));
#2499 = CARTESIAN_POINT('',(-3.090100399215,-11.5754010311));
#2500 = CARTESIAN_POINT('',(-3.201480973805,-11.62857467394));
#2501 = CARTESIAN_POINT('',(-3.31287636394,-11.6817625362));
#2502 = CARTESIAN_POINT('',(-3.424327511917,-11.73498091034));
#2503 = CARTESIAN_POINT('',(-3.644652119577,-11.84018855175));
#2504 = CARTESIAN_POINT('',(-3.75365619994,-11.89224016839));
#2505 = CARTESIAN_POINT('',(-3.862608688188,-11.94426533394));
#2506 = CARTESIAN_POINT('',(-3.97154434865,-11.9962786849));
#2507 = CARTESIAN_POINT('',(-4.080493593201,-12.04829661518));
#2508 = CARTESIAN_POINT('',(-4.189493352882,-12.10033841713));
#2509 = CARTESIAN_POINT('',(-4.389913026474,-12.19602972781));
#2510 = CARTESIAN_POINT('',(-4.481410147966,-12.23971590294));
#2511 = CARTESIAN_POINT('',(-4.572889517878,-12.28339460483));
#2512 = CARTESIAN_POINT('',(-4.664359306662,-12.32706977571));
#2513 = CARTESIAN_POINT('',(-4.755842827033,-12.37075198371));
#2514 = CARTESIAN_POINT('',(-4.847345296924,-12.4144428629));
#2515 = CARTESIAN_POINT('',(-5.024388875807,-12.49897658618));
#2516 = CARTESIAN_POINT('',(-5.109966324317,-12.53983687858));
#2517 = CARTESIAN_POINT('',(-5.195531251897,-12.5806900688));
#2518 = CARTESIAN_POINT('',(-5.281092475511,-12.62154018973));
#2519 = CARTESIAN_POINT('',(-5.36666704446,-12.66239566227));
#2520 = CARTESIAN_POINT('',(-5.452256589692,-12.70325791101));
#2521 = CARTESIAN_POINT('',(-5.644285530687,-12.79493705761));
#2522 = CARTESIAN_POINT('',(-5.750806712571,-12.84579312727));
#2523 = CARTESIAN_POINT('',(-5.857280582128,-12.89662810241));
#2524 = CARTESIAN_POINT('',(-5.963738024809,-12.9474579255));
#2525 = CARTESIAN_POINT('',(-6.070207069397,-12.99829605061));
#2526 = CARTESIAN_POINT('',(-6.176720135177,-13.04915679377));
#2527 = CARTESIAN_POINT('',(-6.28318530718,-13.09999505974));
#2528 = ( GEOMETRIC_REPRESENTATION_CONTEXT(2) 
PARAMETRIC_REPRESENTATION_CONTEXT() REPRESENTATION_CONTEXT('2D SPACE',''
  ) );
#2529 = ORIENTED_EDGE('',*,*,#1482,.T.);
#2530 = ADVANCED_FACE('',(#2531),#1224,.T.);
#2531 = FACE_BOUND('',#2532,.T.);
#2532 = EDGE_LOOP('',(#2533,#2640,#2641,#2642));
#2533 = ORIENTED_EDGE('',*,*,#2534,.F.);
#2534 = EDGE_CURVE('',#1116,#1611,#2535,.T.);
#2535 = SURFACE_CURVE('',#2536,(#2626,#2633),.PCURVE_S1.);
#2536 = B_SPLINE_CURVE_WITH_KNOTS('',11,(#2537,#2538,#2539,#2540,#2541,
    #2542,#2543,#2544,#2545,#2546,#2547,#2548,#2549,#2550,#2551,#2552,
    #2553,#2554,#2555,#2556,#2557,#2558,#2559,#2560,#2561,#2562,#2563,
    #2564,#2565,#2566,#2567,#2568,#2569,#2570,#2571,#2572,#2573,#2574,
    #2575,#2576,#2577,#2578,#2579,#2580,#2581,#2582,#2583,#2584,#2585,
    #2586,#2587,#2588,#2589,#2590,#2591,#2592,#2593,#2594,#2595,#2596,
    #2597,#2598,#2599,#2600,#2601,#2602,#2603,#2604,#2605,#2606,#2607,
    #2608,#2609,#2610,#2611,#2612,#2613,#2614,#2615,#2616,#2617,#2618,
    #2619,#2620,#2621,#2622,#2623,#2624,#2625),.UNSPECIFIED.,.F.,.F.,(12
    ,11,11,11,11,11,11,11,12),(0.,7.832974995525,15.665949991049,
    23.498924986574,31.331899982099,39.164874977623,46.997849973148,
    54.830824968673,62.663799964197),.PIECEWISE_BEZIER_KNOTS.);
#2537 = CARTESIAN_POINT('',(4.3,1.998401444325E-15,-5.3));
#2538 = CARTESIAN_POINT('',(4.300003064314,2.76318337251,-4.993173650219
    ));
#2539 = CARTESIAN_POINT('',(2.348101713823,5.526556455693,
    -4.686396231115));
#2540 = CARTESIAN_POINT('',(-1.568151299006,6.754304719399,
    -4.379457964579));
#2541 = CARTESIAN_POINT('',(-6.033029513979,4.918863160588,
    -4.072884853694));
#2542 = CARTESIAN_POINT('',(-8.528843410383,-0.152585659578,
    -3.765698041776));
#2543 = CARTESIAN_POINT('',(-6.138852096769,-5.922984059411,
    -3.459299735112));
#2544 = CARTESIAN_POINT('',(-0.787728707956,-7.744088948335,
    -3.1521169755));
#2545 = CARTESIAN_POINT('',(3.667111876192,-5.884907079493,
    -2.845537360388));
#2546 = CARTESIAN_POINT('',(5.568241595516,-2.247490480978,
    -2.538605813577));
#2547 = CARTESIAN_POINT('',(4.994423803025,1.086691742979,
    -2.231823154101));
#2548 = CARTESIAN_POINT('',(3.040559159103,3.040559159104,
    -1.924999999994));
#2549 = CARTESIAN_POINT('',(1.086695625529,4.994427026254,
    -1.618173650242));
#2550 = CARTESIAN_POINT('',(-2.24750690165,5.568224191219,
    -1.311396231061));
#2551 = CARTESIAN_POINT('',(-5.884865086789,3.667164251773,
    -1.004457964675));
#2552 = CARTESIAN_POINT('',(-7.744157576936,-0.787834583757,
    -0.697884853563));
#2553 = CARTESIAN_POINT('',(-5.922908656654,-6.138697365876,
    -0.390698041918));
#2554 = CARTESIAN_POINT('',(-0.152641752972,-8.529006139486,
    -8.429973498802E-02));
#2555 = CARTESIAN_POINT('',(4.918889498287,-6.03290612069,0.222883024411
    ));
#2556 = CARTESIAN_POINT('',(6.754297377622,-1.568218027494,
    0.529462639666));
#2557 = CARTESIAN_POINT('',(5.52655715121,2.348125631704,0.836394186396)
  );
#2558 = CARTESIAN_POINT('',(2.763183838724,4.299998039763,1.143176845909
    ));
#2559 = CARTESIAN_POINT('',(-2.117563450298E-13,4.300000000002,
    1.450000000005));
#2560 = CARTESIAN_POINT('',(-2.763183372509,4.300003064306,
    1.756826349766));
#2561 = CARTESIAN_POINT('',(-5.526556455694,2.348101713847,
    2.063603768914));
#2562 = CARTESIAN_POINT('',(-6.754304719399,-1.568151299055,
    2.370542035374));
#2563 = CARTESIAN_POINT('',(-4.918863160588,-6.03302951391,
    2.677115146366));
#2564 = CARTESIAN_POINT('',(0.15258565958,-8.528843410455,2.984301958163
    ));
#2565 = CARTESIAN_POINT('',(5.922984059406,-6.138852096713,
    3.290700264939));
#2566 = CARTESIAN_POINT('',(7.74408894834,-0.787728707989,3.597883024465
    ));
#2567 = CARTESIAN_POINT('',(5.88490707949,3.667111876207,3.904462639634)
  );
#2568 = CARTESIAN_POINT('',(2.247490480979,5.56824159551,4.211394186411)
  );
#2569 = CARTESIAN_POINT('',(-1.086691742979,4.994423803027,
    4.518176845904));
#2570 = CARTESIAN_POINT('',(-3.040559159104,3.040559159104,
    4.825000000006));
#2571 = CARTESIAN_POINT('',(-4.994427026256,1.086695625529,
    5.131826349761));
#2572 = CARTESIAN_POINT('',(-5.568224191212,-2.247506901651,
    5.438603768931));
#2573 = CARTESIAN_POINT('',(-3.667164251789,-5.884865086782,
    5.74554203534));
#2574 = CARTESIAN_POINT('',(0.787834583782,-7.744157576956,
    6.052115146416));
#2575 = CARTESIAN_POINT('',(6.138697365843,-5.92290865662,6.359301958105
    ));
#2576 = CARTESIAN_POINT('',(8.529006139518,-0.152641753012,
    6.665700264994));
#2577 = CARTESIAN_POINT('',(6.032906120667,4.918889498321,6.972883024421
    ));
#2578 = CARTESIAN_POINT('',(1.568218027505,6.754297377602,7.279462639663
    ));
#2579 = CARTESIAN_POINT('',(-2.348125631708,5.526557151218,
    7.586394186395));
#2580 = CARTESIAN_POINT('',(-4.299998039763,2.763183838722,
    7.893176845911));
#2581 = CARTESIAN_POINT('',(-4.300000000001,-2.32776374429E-13,
    8.200000000003));
#2582 = CARTESIAN_POINT('',(-4.300003064309,-2.763183372508,
    8.506826349772));
#2583 = CARTESIAN_POINT('',(-2.348101713837,-5.5265564557,8.813603768908
    ));
#2584 = CARTESIAN_POINT('',(1.568151299034,-6.754304719381,
    9.120542035377));
#2585 = CARTESIAN_POINT('',(6.033029513946,-4.918863160624,
    9.427115146369));
#2586 = CARTESIAN_POINT('',(8.528843410407,0.152585659631,9.734301958152
    ));
#2587 = CARTESIAN_POINT('',(6.138852096761,5.922984059353,
    10.040700264953));
#2588 = CARTESIAN_POINT('',(0.787728707956,7.74408894838,10.347883024453
    ));
#2589 = CARTESIAN_POINT('',(-3.667111876193,5.88490707947,
    10.654462639641));
#2590 = CARTESIAN_POINT('',(-5.568241595512,2.247490480985,
    10.961394186409));
#2591 = CARTESIAN_POINT('',(-4.994423803028,-1.086691742979,
    11.268176845903));
#2592 = CARTESIAN_POINT('',(-3.040559159104,-3.040559159104,
    11.575000000007));
#2593 = CARTESIAN_POINT('',(-1.086695625527,-4.994427026253,
    11.881826349753));
#2594 = CARTESIAN_POINT('',(2.247506901645,-5.568224191219,
    12.188603768956));
#2595 = CARTESIAN_POINT('',(5.884865086794,-3.667164251771,
    12.495542035283));
#2596 = CARTESIAN_POINT('',(7.744157576938,0.78783458375,12.802115146513
    ));
#2597 = CARTESIAN_POINT('',(5.922908656639,6.138697365891,
    13.109301957974));
#2598 = CARTESIAN_POINT('',(0.152641752995,8.529006139463,
    13.415700265136));
#2599 = CARTESIAN_POINT('',(-4.918889498307,6.032906120717,
    13.722883024295));
#2600 = CARTESIAN_POINT('',(-6.754297377613,1.56821802747,
    14.029462639755));
#2601 = CARTESIAN_POINT('',(-5.526557151211,-2.348125631687,
    14.336394186338));
#2602 = CARTESIAN_POINT('',(-2.763183838726,-4.299998039773,
    14.64317684594));
#2603 = CARTESIAN_POINT('',(1.454539419027E-12,-4.299999999997,
    14.949999999991));
#2604 = CARTESIAN_POINT('',(2.763183389236,-4.300003100193,
    15.256826449001));
#2605 = CARTESIAN_POINT('',(5.526556381357,-2.34810155441,
    15.563603328046));
#2606 = CARTESIAN_POINT('',(6.754304920482,1.568150867846,
    15.870543227735));
#2607 = CARTESIAN_POINT('',(4.918862757757,6.033030377632,
    16.177112758028));
#2608 = CARTESIAN_POINT('',(-0.152585019931,8.528842039126,
    16.484305750148));
#2609 = CARTESIAN_POINT('',(-5.922984890078,6.138853877423,
    16.790695340899));
#2610 = CARTESIAN_POINT('',(-7.744088052759,0.787726788221,
    17.097888333075));
#2611 = CARTESIAN_POINT('',(-5.884907885281,-3.667110148939,
    17.404457863298));
#2612 = CARTESIAN_POINT('',(-2.247489877591,-5.568242888917,
    17.711397763032));
#2613 = CARTESIAN_POINT('',(1.086691371187,-4.994423006059,
    18.018174642064));
#2614 = CARTESIAN_POINT('',(3.040559343168,-3.040559553661,
    18.32500109107));
#2615 = CARTESIAN_POINT('',(4.994426691657,-1.086694842089,
    18.631824245101));
#2616 = CARTESIAN_POINT('',(5.568224629311,2.247505668359,
    18.938606904809));
#2617 = CARTESIAN_POINT('',(3.667163893072,5.88486665144,19.245538451152
    ));
#2618 = CARTESIAN_POINT('',(-0.787834583713,7.744155982945,
    19.552118066975));
#2619 = CARTESIAN_POINT('',(-6.13869677473,5.922909920062,
    19.859300825727));
#2620 = CARTESIAN_POINT('',(-8.529007346085,0.15264105343,
    20.165699133255));
#2621 = CARTESIAN_POINT('',(-6.032904533084,-4.918889358836,
    20.472885944423));
#2622 = CARTESIAN_POINT('',(-1.568219617309,-6.754297157192,
    20.779459055886));
#2623 = CARTESIAN_POINT('',(2.348126898473,-5.526557479717,
    21.086397322031));
#2624 = CARTESIAN_POINT('',(4.2999972301,-2.763183573961,21.393174741356
    ));
#2625 = CARTESIAN_POINT('',(4.300000409139,-1.488366038736E-07,
    21.70000109104));
#2626 = PCURVE('',#1224,#2627);
#2627 = DEFINITIONAL_REPRESENTATION('',(#2628),#2632);
#2628 = LINE('',#2629,#2630);
#2629 = CARTESIAN_POINT('',(0.,0.));
#2630 = VECTOR('',#2631,1.);
#2631 = DIRECTION('',(0.,1.));
#2632 = ( GEOMETRIC_REPRESENTATION_CONTEXT(2) 
PARAMETRIC_REPRESENTATION_CONTEXT() REPRESENTATION_CONTEXT('2D SPACE',''
  ) );
#2633 = PCURVE('',#887,#2634);
#2634 = DEFINITIONAL_REPRESENTATION('',(#2635),#2639);
#2635 = LINE('',#2636,#2637);
#2636 = CARTESIAN_POINT('',(1.343502884254,0.));
#2637 = VECTOR('',#2638,1.);
#2638 = DIRECTION('',(0.,1.));
#2639 = ( GEOMETRIC_REPRESENTATION_CONTEXT(2) 
PARAMETRIC_REPRESENTATION_CONTEXT() REPRESENTATION_CONTEXT('2D SPACE',''
  ) );
#2640 = ORIENTED_EDGE('',*,*,#1180,.F.);
#2641 = ORIENTED_EDGE('',*,*,#1806,.T.);
#2642 = ORIENTED_EDGE('',*,*,#1610,.T.);
#2643 = ADVANCED_FACE('',(#2644),#887,.T.);
#2644 = FACE_BOUND('',#2645,.T.);
#2645 = EDGE_LOOP('',(#2646,#2647,#2648,#2649,#2858,#3044));
#2646 = ORIENTED_EDGE('',*,*,#1115,.F.);
#2647 = ORIENTED_EDGE('',*,*,#2534,.T.);
#2648 = ORIENTED_EDGE('',*,*,#1720,.T.);
#2649 = ORIENTED_EDGE('',*,*,#2650,.F.);
#2650 = EDGE_CURVE('',#2651,#1721,#2653,.T.);
#2651 = VERTEX_POINT('',#2652);
#2652 = CARTESIAN_POINT('',(3.5,0.,2.899995099277));
#2653 = SURFACE_CURVE('',#2654,(#2720,#2789),.PCURVE_S1.);
#2654 = B_SPLINE_CURVE_WITH_KNOTS('',8,(#2655,#2656,#2657,#2658,#2659,
    #2660,#2661,#2662,#2663,#2664,#2665,#2666,#2667,#2668,#2669,#2670,
    #2671,#2672,#2673,#2674,#2675,#2676,#2677,#2678,#2679,#2680,#2681,
    #2682,#2683,#2684,#2685,#2686,#2687,#2688,#2689,#2690,#2691,#2692,
    #2693,#2694,#2695,#2696,#2697,#2698,#2699,#2700,#2701,#2702,#2703,
    #2704,#2705,#2706,#2707,#2708,#2709,#2710,#2711,#2712,#2713,#2714,
    #2715,#2716,#2717,#2718,#2719),.UNSPECIFIED.,.F.,.F.,(9,7,7,7,7,7,7,
    7,7,9),(0.,0.111570009042,0.232628409995,0.350478504057,
    0.402286539589,0.464906118687,0.590491863208,0.688955852941,
    0.865567868396,1.),.UNSPECIFIED.);
#2655 = CARTESIAN_POINT('',(3.5,2.22044604925E-15,2.899995099277));
#2656 = CARTESIAN_POINT('',(3.5,0.306572728795,2.941818775189));
#2657 = CARTESIAN_POINT('',(3.469310094492,0.613261017418,2.983658043788
    ));
#2658 = CARTESIAN_POINT('',(3.407891809052,0.91631476566,3.025489793979)
  );
#2659 = CARTESIAN_POINT('',(3.316294403452,1.212140302708,3.067313909803
    ));
#2660 = CARTESIAN_POINT('',(3.19553347444,1.497303025662,3.109136738106)
  );
#2661 = CARTESIAN_POINT('',(3.047049325385,1.768526733637,3.150965419571
    ));
#2662 = CARTESIAN_POINT('',(2.872735504818,2.022717400991,3.192801950387
    ));
#2663 = CARTESIAN_POINT('',(2.460506426026,2.511288590245,3.280006616237
    ));
#2664 = CARTESIAN_POINT('',(2.21826891303,2.742351874693,3.325409325008)
  );
#2665 = CARTESIAN_POINT('',(1.951378109681,2.946515095925,3.370802554501
    ));
#2666 = CARTESIAN_POINT('',(1.663377148712,3.120774269114,3.416188857231
    ));
#2667 = CARTESIAN_POINT('',(1.358144413847,3.262710815163,3.461576820848
    ));
#2668 = CARTESIAN_POINT('',(1.039851199724,3.370449089549,3.506973428094
    ));
#2669 = CARTESIAN_POINT('',(0.71297440548,3.442720215419,3.552377485531)
  );
#2670 = CARTESIAN_POINT('',(6.04217110152E-02,3.51442978778,
    3.641929713641));
#2671 = CARTESIAN_POINT('',(-0.2653677333,3.515782005941,3.686121998578)
  );
#2672 = CARTESIAN_POINT('',(-0.59064084299,3.482573621891,3.730301385896
    ));
#2673 = CARTESIAN_POINT('',(-0.911110553084,3.415027211984,
    3.774469244065));
#2674 = CARTESIAN_POINT('',(-1.222634130419,3.313960285181,
    3.818637476307));
#2675 = CARTESIAN_POINT('',(-1.521215759343,3.180729538278,
    3.862821447126));
#2676 = CARTESIAN_POINT('',(-1.803034582742,3.017274230834,3.90702775102
    ));
#2677 = CARTESIAN_POINT('',(-2.179502402183,2.742268686395,
    3.970643792884));
#2678 = CARTESIAN_POINT('',(-2.290569520171,2.652936211555,
    3.990072957095));
#2679 = CARTESIAN_POINT('',(-2.397441731202,2.558472600869,
    4.009500425409));
#2680 = CARTESIAN_POINT('',(-2.499838173435,2.459113687326,
    4.028923576267));
#2681 = CARTESIAN_POINT('',(-2.597498207488,2.355107483226,
    4.048341771247));
#2682 = CARTESIAN_POINT('',(-2.690181416436,2.246714180176,
    4.067756355071));
#2683 = CARTESIAN_POINT('',(-2.777667605817,2.134206149096,
    4.087170655595));
#2684 = CARTESIAN_POINT('',(-2.958976759798,1.877251728877,4.13006182843
    ));
#2685 = CARTESIAN_POINT('',(-3.050298212559,1.731053235554,
    4.153535793716));
#2686 = CARTESIAN_POINT('',(-3.133350140514,1.579800711351,
    4.177012019174));
#2687 = CARTESIAN_POINT('',(-3.207807358846,1.424042185988,
    4.200490428262));
#2688 = CARTESIAN_POINT('',(-3.273390519308,1.264345467804,
    4.223970728393));
#2689 = CARTESIAN_POINT('',(-3.329866110228,1.101298143753,
    4.247452410935));
#2690 = CARTESIAN_POINT('',(-3.377046456508,0.935507579405,
    4.270934751215));
#2691 = CARTESIAN_POINT('',(-3.490485146948,0.430858269638,
    4.341510891403));
#2692 = CARTESIAN_POINT('',(-3.528270137088,8.540035436395E-02,
    4.388630894928));
#2693 = CARTESIAN_POINT('',(-3.526891959316,-0.263517666325,
    4.435733057561));
#2694 = CARTESIAN_POINT('',(-3.486106525523,-0.610702823971,
    4.48281813336));
#2695 = CARTESIAN_POINT('',(-3.406443914913,-0.951077305168,
    4.529899536131));
#2696 = CARTESIAN_POINT('',(-3.28913182844,-1.279685832483,
    4.576991604626));
#2697 = CARTESIAN_POINT('',(-3.13616458617,-1.591728386306,
    4.624097996931));
#2698 = CARTESIAN_POINT('',(-2.804941339439,-2.110813503207,
    4.708094473629));
#2699 = CARTESIAN_POINT('',(-2.639189840417,-2.326121916633,4.7450168739
    ));
#2700 = CARTESIAN_POINT('',(-2.454612213676,-2.526451823141,4.7819361263
    ));
#2701 = CARTESIAN_POINT('',(-2.252812559417,-2.709900559845,
    4.818851011902));
#2702 = CARTESIAN_POINT('',(-2.035592983995,-2.874791199444,
    4.855765455863));
#2703 = CARTESIAN_POINT('',(-1.80493142401,-3.019664651043,
    4.892683745385));
#2704 = CARTESIAN_POINT('',(-1.562981958541,-3.143298071031,
    4.929605899376));
#2705 = CARTESIAN_POINT('',(-0.862093596415,-3.426720233719,
    5.032740667722));
#2706 = CARTESIAN_POINT('',(-0.382249113831,-3.537768303004,
    5.099102541405));
#2707 = CARTESIAN_POINT('',(0.112839474052,-3.571356979583,
    5.165372589418));
#2708 = CARTESIAN_POINT('',(0.608607782567,-3.525985511504,
    5.231594971067));
#2709 = CARTESIAN_POINT('',(1.090883486696,-3.40253264501,5.297820254069
    ));
#2710 = CARTESIAN_POINT('',(1.546047628129,-3.20494257612,5.364095809185
    ));
#2711 = CARTESIAN_POINT('',(1.96089992921,-2.939466413861,5.430466314755
    ));
#2712 = CARTESIAN_POINT('',(2.600118985662,-2.371893515708,
    5.547092793264));
#2713 = CARTESIAN_POINT('',(2.846994546843,-2.093083906582,
    5.597534956257));
#2714 = CARTESIAN_POINT('',(3.059400049589,-1.785125600698,
    5.647956090363));
#2715 = CARTESIAN_POINT('',(3.233465529925,-1.453091996108,
    5.698360171885));
#2716 = CARTESIAN_POINT('',(3.366176640595,-1.102475691216,
    5.748761202643));
#2717 = CARTESIAN_POINT('',(3.455429159476,-0.739176764836,
    5.799174659002));
#2718 = CARTESIAN_POINT('',(3.5,-0.369456340922,5.849606938113));
#2719 = CARTESIAN_POINT('',(3.5,2.22044604925E-15,5.9000032136));
#2720 = PCURVE('',#887,#2721);
#2721 = DEFINITIONAL_REPRESENTATION('',(#2722),#2788);
#2722 = B_SPLINE_CURVE_WITH_KNOTS('',8,(#2723,#2724,#2725,#2726,#2727,
    #2728,#2729,#2730,#2731,#2732,#2733,#2734,#2735,#2736,#2737,#2738,
    #2739,#2740,#2741,#2742,#2743,#2744,#2745,#2746,#2747,#2748,#2749,
    #2750,#2751,#2752,#2753,#2754,#2755,#2756,#2757,#2758,#2759,#2760,
    #2761,#2762,#2763,#2764,#2765,#2766,#2767,#2768,#2769,#2770,#2771,
    #2772,#2773,#2774,#2775,#2776,#2777,#2778,#2779,#2780,#2781,#2782,
    #2783,#2784,#2785,#2786,#2787),.UNSPECIFIED.,.F.,.F.,(9,7,7,7,7,7,7,
    7,7,9),(0.,0.111570009042,0.232628409995,0.350478504057,
    0.402286539589,0.464906118687,0.590491863208,0.688955852941,
    0.865567868396,1.),.UNSPECIFIED.);
#2723 = CARTESIAN_POINT('',(0.212123544417,20.887935880343));
#2724 = CARTESIAN_POINT('',(0.212126210577,20.984999299733));
#2725 = CARTESIAN_POINT('',(0.212128863932,21.082098928912));
#2726 = CARTESIAN_POINT('',(0.212130792338,21.179182298483));
#2727 = CARTESIAN_POINT('',(0.212131332704,21.276250227523));
#2728 = CARTESIAN_POINT('',(0.212130396869,21.373317590989));
#2729 = CARTESIAN_POINT('',(0.212128628792,21.470399904754));
#2730 = CARTESIAN_POINT('',(0.21212712205,21.567500007048));
#2731 = CARTESIAN_POINT('',(0.212126089067,21.769893396244));
#2732 = CARTESIAN_POINT('',(0.212126754697,21.875266609808));
#2733 = CARTESIAN_POINT('',(0.212129548439,21.980614330618));
#2734 = CARTESIAN_POINT('',(0.212135218733,22.085941254491));
#2735 = CARTESIAN_POINT('',(0.212142914773,22.191268708609));
#2736 = CARTESIAN_POINT('',(0.21214986173,22.296617452887));
#2737 = CARTESIAN_POINT('',(0.212152596408,22.401990400999));
#2738 = CARTESIAN_POINT('',(0.212147918033,22.609838186461));
#2739 = CARTESIAN_POINT('',(0.212140742682,22.712415017697));
#2740 = CARTESIAN_POINT('',(0.212127858272,22.814971284288));
#2741 = CARTESIAN_POINT('',(0.212110161915,22.917508690068));
#2742 = CARTESIAN_POINT('',(0.212092692536,23.020046591487));
#2743 = CARTESIAN_POINT('',(0.212085657477,23.122603896325));
#2744 = CARTESIAN_POINT('',(0.212097427772,23.225182171969));
#2745 = CARTESIAN_POINT('',(0.212119625958,23.372791035698));
#2746 = CARTESIAN_POINT('',(0.212128148747,23.417869836245));
#2747 = CARTESIAN_POINT('',(0.21213430245,23.462948588752));
#2748 = CARTESIAN_POINT('',(0.21213571597,23.508025100125));
#2749 = CARTESIAN_POINT('',(0.212131760394,23.553098920782));
#2750 = CARTESIAN_POINT('',(0.212123548992,23.598171344658));
#2751 = CARTESIAN_POINT('',(0.212113937216,23.643245409204));
#2752 = CARTESIAN_POINT('',(0.212099769568,23.742813988618));
#2753 = CARTESIAN_POINT('',(0.212094398913,23.797303093763));
#2754 = CARTESIAN_POINT('',(0.212092037918,23.851792505307));
#2755 = CARTESIAN_POINT('',(0.212092887723,23.90628171551));
#2756 = CARTESIAN_POINT('',(0.212096723424,23.960770414407));
#2757 = CARTESIAN_POINT('',(0.212102894075,24.015258489804));
#2758 = CARTESIAN_POINT('',(0.212110322681,24.069746027286));
#2759 = CARTESIAN_POINT('',(0.212131913022,24.233509451817));
#2760 = CARTESIAN_POINT('',(0.212146937835,24.34284473795));
#2761 = CARTESIAN_POINT('',(0.212156061647,24.452148301687));
#2762 = CARTESIAN_POINT('',(0.212156285667,24.561426814451));
#2763 = CARTESIAN_POINT('',(0.212150544105,24.670706592742));
#2764 = CARTESIAN_POINT('',(0.212143492362,24.780013275077));
#2765 = CARTESIAN_POINT('',(0.212137108364,24.889352105432));
#2766 = CARTESIAN_POINT('',(0.212128966752,25.084311333897));
#2767 = CARTESIAN_POINT('',(0.212126475679,25.170007937021));
#2768 = CARTESIAN_POINT('',(0.21212559498,25.255694591503));
#2769 = CARTESIAN_POINT('',(0.212126135538,25.341368778722));
#2770 = CARTESIAN_POINT('',(0.212127488958,25.427040606947));
#2771 = CARTESIAN_POINT('',(0.212128912873,25.512721244572));
#2772 = CARTESIAN_POINT('',(0.21212980831,25.598411718465));
#2773 = CARTESIAN_POINT('',(0.212130313374,25.837774463414));
#2774 = CARTESIAN_POINT('',(0.212128301235,25.991795809178));
#2775 = CARTESIAN_POINT('',(0.212122662181,26.14560999062));
#2776 = CARTESIAN_POINT('',(0.21211494507,26.299316954403));
#2777 = CARTESIAN_POINT('',(0.212112348892,26.453022247864));
#2778 = CARTESIAN_POINT('',(0.212116549312,26.606833062959));
#2779 = CARTESIAN_POINT('',(0.212124653932,26.760857839575));
#2780 = CARTESIAN_POINT('',(0.212139837855,27.03150915512));
#2781 = CARTESIAN_POINT('',(0.212146713122,27.148568153945));
#2782 = CARTESIAN_POINT('',(0.21215239978,27.265580297855));
#2783 = CARTESIAN_POINT('',(0.212155176131,27.382557640885));
#2784 = CARTESIAN_POINT('',(0.212153949254,27.499534473193));
#2785 = CARTESIAN_POINT('',(0.212149395734,27.616545603245));
#2786 = CARTESIAN_POINT('',(0.21214306763,27.733603330966));
#2787 = CARTESIAN_POINT('',(0.212136503569,27.850577885769));
#2788 = ( GEOMETRIC_REPRESENTATION_CONTEXT(2) 
PARAMETRIC_REPRESENTATION_CONTEXT() REPRESENTATION_CONTEXT('2D SPACE',''
  ) );
#2789 = PCURVE('',#1791,#2790);
#2790 = DEFINITIONAL_REPRESENTATION('',(#2791),#2857);
#2791 = B_SPLINE_CURVE_WITH_KNOTS('',8,(#2792,#2793,#2794,#2795,#2796,
    #2797,#2798,#2799,#2800,#2801,#2802,#2803,#2804,#2805,#2806,#2807,
    #2808,#2809,#2810,#2811,#2812,#2813,#2814,#2815,#2816,#2817,#2818,
    #2819,#2820,#2821,#2822,#2823,#2824,#2825,#2826,#2827,#2828,#2829,
    #2830,#2831,#2832,#2833,#2834,#2835,#2836,#2837,#2838,#2839,#2840,
    #2841,#2842,#2843,#2844,#2845,#2846,#2847,#2848,#2849,#2850,#2851,
    #2852,#2853,#2854,#2855,#2856),.UNSPECIFIED.,.F.,.F.,(9,7,7,7,7,7,7,
    7,7,9),(0.,0.111570009042,0.232628409995,0.350478504057,
    0.402286539589,0.464906118687,0.590491863208,0.688955852941,
    0.865567868396,1.),.UNSPECIFIED.);
#2792 = CARTESIAN_POINT('',(0.,-7.899995099277));
#2793 = CARTESIAN_POINT('',(-8.759220822718E-02,-7.941818775189));
#2794 = CARTESIAN_POINT('',(-0.175217448014,-7.983658043788));
#2795 = CARTESIAN_POINT('',(-0.262828268726,-8.025489793979));
#2796 = CARTESIAN_POINT('',(-0.350425201161,-8.067313909803));
#2797 = CARTESIAN_POINT('',(-0.438021357688,-8.109136738106));
#2798 = CARTESIAN_POINT('',(-0.525630466409,-8.150965419571));
#2799 = CARTESIAN_POINT('',(-0.613254990749,-8.192801950387));
#2800 = CARTESIAN_POINT('',(-0.795896519963,-8.280006616237));
#2801 = CARTESIAN_POINT('',(-0.890985550463,-8.325409325008));
#2802 = CARTESIAN_POINT('',(-0.986051020278,-8.370802554501));
#2803 = CARTESIAN_POINT('',(-1.081097476425,-8.416188857231));
#2804 = CARTESIAN_POINT('',(-1.176144770369,-8.461576820848));
#2805 = CARTESIAN_POINT('',(-1.271212139238,-8.506973428094));
#2806 = CARTESIAN_POINT('',(-1.366302231819,-8.552377485531));
#2807 = CARTESIAN_POINT('',(-1.553868227131,-8.641929713641));
#2808 = CARTESIAN_POINT('',(-1.646436154316,-8.686121998578));
#2809 = CARTESIAN_POINT('',(-1.738985709949,-8.730301385896));
#2810 = CARTESIAN_POINT('',(-1.831518044697,-8.774469244065));
#2811 = CARTESIAN_POINT('',(-1.924049649482,-8.818637476307));
#2812 = CARTESIAN_POINT('',(-2.016597585227,-8.862821447126));
#2813 = CARTESIAN_POINT('',(-2.109164931131,-8.90702775102));
#2814 = CARTESIAN_POINT('',(-2.242369107246,-8.970643792884));
#2815 = CARTESIAN_POINT('',(-2.2830489137,-8.990072957095));
#2816 = CARTESIAN_POINT('',(-2.323728742041,-9.009500425409));
#2817 = CARTESIAN_POINT('',(-2.36440657426,-9.028923576267));
#2818 = CARTESIAN_POINT('',(-2.405081966703,-9.048341771247));
#2819 = CARTESIAN_POINT('',(-2.445756050063,-9.067756355071));
#2820 = CARTESIAN_POINT('',(-2.486431529386,-9.087170655595));
#2821 = CARTESIAN_POINT('',(-2.576283372695,-9.13006182843));
#2822 = CARTESIAN_POINT('',(-2.625454780372,-9.153535793716));
#2823 = CARTESIAN_POINT('',(-2.674626411594,-9.177012019174));
#2824 = CARTESIAN_POINT('',(-2.723797916802,-9.200490428262));
#2825 = CARTESIAN_POINT('',(-2.77296909239,-9.223970728393));
#2826 = CARTESIAN_POINT('',(-2.822139880705,-9.247452410935));
#2827 = CARTESIAN_POINT('',(-2.871310370042,-9.270934751215));
#2828 = CARTESIAN_POINT('',(-3.019093791922,-9.341510891403));
#2829 = CARTESIAN_POINT('',(-3.117760762662,-9.388630894928));
#2830 = CARTESIAN_POINT('',(-3.216399422361,-9.435733057561));
#2831 = CARTESIAN_POINT('',(-3.315014823745,-9.48281813336));
#2832 = CARTESIAN_POINT('',(-3.413630205382,-9.529899536131));
#2833 = CARTESIAN_POINT('',(-3.512268872568,-9.576991604626));
#2834 = CARTESIAN_POINT('',(-3.610936092099,-9.624097996931));
#2835 = CARTESIAN_POINT('',(-3.786867014945,-9.708094473629));
#2836 = CARTESIAN_POINT('',(-3.864199494381,-9.7450168739));
#2837 = CARTESIAN_POINT('',(-3.941523209251,-9.7819361263));
#2838 = CARTESIAN_POINT('',(-4.01883609648,-9.818851011902));
#2839 = CARTESIAN_POINT('',(-4.096147385433,-9.855765455863));
#2840 = CARTESIAN_POINT('',(-4.173467129589,-9.892683745385));
#2841 = CARTESIAN_POINT('',(-4.250796125895,-9.929605899376));
#2842 = CARTESIAN_POINT('',(-4.466803045373,-10.03274066772));
#2843 = CARTESIAN_POINT('',(-4.605796482173,-10.0991025414));
#2844 = CARTESIAN_POINT('',(-4.744602833946,-10.16537258941));
#2845 = CARTESIAN_POINT('',(-4.883311006066,-10.23159497106));
#2846 = CARTESIAN_POINT('',(-5.022015915185,-10.29782025407));
#2847 = CARTESIAN_POINT('',(-5.160815511125,-10.36409580918));
#2848 = CARTESIAN_POINT('',(-5.299808354622,-10.43046631475));
#2849 = CARTESIAN_POINT('',(-5.544046444691,-10.54709279326));
#2850 = CARTESIAN_POINT('',(-5.649681757163,-10.59753495625));
#2851 = CARTESIAN_POINT('',(-5.755275163669,-10.64795609036));
#2852 = CARTESIAN_POINT('',(-5.860837499508,-10.69836017188));
#2853 = CARTESIAN_POINT('',(-5.966399428091,-10.74876120264));
#2854 = CARTESIAN_POINT('',(-6.0719920467,-10.799174659));
#2855 = CARTESIAN_POINT('',(-6.17762635263,-10.84960693811));
#2856 = CARTESIAN_POINT('',(-6.28318530718,-10.9000032136));
#2857 = ( GEOMETRIC_REPRESENTATION_CONTEXT(2) 
PARAMETRIC_REPRESENTATION_CONTEXT() REPRESENTATION_CONTEXT('2D SPACE',''
  ) );
#2858 = ORIENTED_EDGE('',*,*,#2859,.F.);
#2859 = EDGE_CURVE('',#805,#2651,#2860,.T.);
#2860 = SURFACE_CURVE('',#2861,(#2920,#2982),.PCURVE_S1.);
#2861 = B_SPLINE_CURVE_WITH_KNOTS('',8,(#2862,#2863,#2864,#2865,#2866,
    #2867,#2868,#2869,#2870,#2871,#2872,#2873,#2874,#2875,#2876,#2877,
    #2878,#2879,#2880,#2881,#2882,#2883,#2884,#2885,#2886,#2887,#2888,
    #2889,#2890,#2891,#2892,#2893,#2894,#2895,#2896,#2897,#2898,#2899,
    #2900,#2901,#2902,#2903,#2904,#2905,#2906,#2907,#2908,#2909,#2910,
    #2911,#2912,#2913,#2914,#2915,#2916,#2917,#2918,#2919),
  .UNSPECIFIED.,.F.,.F.,(9,7,7,7,7,7,7,7,9),(0.,0.109069802828,
    0.223767880661,0.277787930037,0.441263314261,0.558957519077,
    0.690048736047,0.871051920174,1.),.UNSPECIFIED.);
#2862 = CARTESIAN_POINT('',(3.5,1.33226762955E-15,-0.100005519628));
#2863 = CARTESIAN_POINT('',(3.5,0.299677272956,-5.912315717471E-02));
#2864 = CARTESIAN_POINT('',(3.470675170476,0.599461628533,
    -1.8224957122E-02));
#2865 = CARTESIAN_POINT('',(3.411990524181,0.895856538307,
    2.266900780871E-02));
#2866 = CARTESIAN_POINT('',(3.324444802762,1.185505217426,
    6.355877423972E-02));
#2867 = CARTESIAN_POINT('',(3.208964076696,1.465191832314,0.104448887052
    ));
#2868 = CARTESIAN_POINT('',(3.066866080679,1.731841401156,0.145343313861
    ));
#2869 = CARTESIAN_POINT('',(2.89988668884,1.982541459522,0.186240976602)
  );
#2870 = CARTESIAN_POINT('',(2.510847963956,2.458650911221,0.270112590233
    ));
#2871 = CARTESIAN_POINT('',(2.286232979959,2.682280966153,0.313118834034
    ));
#2872 = CARTESIAN_POINT('',(2.038964284606,2.882302588436,0.356113880572
    ));
#2873 = CARTESIAN_POINT('',(1.771991026486,3.056079502329,0.399098706787
    ));
#2874 = CARTESIAN_POINT('',(1.488548676107,3.201445994382,0.442083884093
    ));
#2875 = CARTESIAN_POINT('',(1.192122743507,3.316674518367,0.48508307071)
  );
#2876 = CARTESIAN_POINT('',(0.886457469984,3.400518495696,0.528102117247
    ));
#2877 = CARTESIAN_POINT('',(0.42916007235,3.476759338726,0.591362258099)
  );
#2878 = CARTESIAN_POINT('',(0.281556683523,3.49407361847,0.611618619003)
  );
#2879 = CARTESIAN_POINT('',(0.133172688101,3.504224022685,0.631873467504
    ));
#2880 = CARTESIAN_POINT('',(-1.558611126693E-02,3.507170802295,
    0.652124871355));
#2881 = CARTESIAN_POINT('',(-0.164313737603,3.502901875796,
    0.672372252684));
#2882 = CARTESIAN_POINT('',(-0.312604039597,3.491432829257,
    0.692616387995));
#2883 = CARTESIAN_POINT('',(-0.460050691613,3.472806916316,0.71285940817
    ));
#2884 = CARTESIAN_POINT('',(-1.048666806843,3.369285875558,
    0.794371365162));
#2885 = CARTESIAN_POINT('',(-1.480347333972,3.226463192394,
    0.855740933298));
#2886 = CARTESIAN_POINT('',(-1.889035382299,3.020430209247,
    0.917085350908));
#2887 = CARTESIAN_POINT('',(-2.264209054011,2.755927603189,
    0.978392242217));
#2888 = CARTESIAN_POINT('',(-2.596478291472,2.439208887162,
    1.039684152068));
#2889 = CARTESIAN_POINT('',(-2.877890531521,2.078273325469,
    1.100999342183));
#2890 = CARTESIAN_POINT('',(-3.101759973093,1.682521183462,
    1.162366667909));
#2891 = CARTESIAN_POINT('',(-3.380700711056,0.962007051936,
    1.267759049005));
#2892 = CARTESIAN_POINT('',(-3.465665054053,0.647939783008,
    1.311895388149));
#2893 = CARTESIAN_POINT('',(-3.517185242111,0.32551536055,1.356023064304
    ));
#2894 = CARTESIAN_POINT('',(-3.534381598611,-1.083107346691E-03,
    1.40014329513));
#2895 = CARTESIAN_POINT('',(-3.516982316845,-0.327662886929,
    1.444263740469));
#2896 = CARTESIAN_POINT('',(-3.465268821381,-0.650036720863,
    1.488392039556));
#2897 = CARTESIAN_POINT('',(-3.380123417935,-0.964036986671,
    1.532529830532));
#2898 = CARTESIAN_POINT('',(-3.132917510425,-1.601436301607,
    1.625793172647));
#2899 = CARTESIAN_POINT('',(-2.96306815775,-1.922188367876,
    1.674966106617));
#2900 = CARTESIAN_POINT('',(-2.755776738447,-2.222049666048,
    1.724120758392));
#2901 = CARTESIAN_POINT('',(-2.514150823759,-2.495986025902,
    1.773261369769));
#2902 = CARTESIAN_POINT('',(-2.241972200974,-2.739595346962,
    1.82240263981));
#2903 = CARTESIAN_POINT('',(-1.943614986316,-2.94905925006,
    1.871559012844));
#2904 = CARTESIAN_POINT('',(-1.624097167575,-3.121229432106,
    1.920733956362));
#2905 = CARTESIAN_POINT('',(-0.826783546657,-3.437123641135,
    2.037732546377));
#2906 = CARTESIAN_POINT('',(-0.333484047329,-3.545677008387,
    2.105756182937));
#2907 = CARTESIAN_POINT('',(0.174892511261,-3.572582125378,
    2.173684596828));
#2908 = CARTESIAN_POINT('',(0.682621024991,-3.516462755766,
    2.241562108782));
#2909 = CARTESIAN_POINT('',(1.174433753903,-3.378534423801,
    2.309431216627));
#2910 = CARTESIAN_POINT('',(1.635765784875,-3.163417021282,
    2.377339964404));
#2911 = CARTESIAN_POINT('',(2.052602210452,-2.87823463597,2.44534565767)
  );
#2912 = CARTESIAN_POINT('',(2.669596970219,-2.291030112258,
    2.561531109645));
#2913 = CARTESIAN_POINT('',(2.898172185213,-2.01688753193,2.609896584353
    ));
#2914 = CARTESIAN_POINT('',(3.094331674981,-1.716879768807,
    2.658247054274));
#2915 = CARTESIAN_POINT('',(3.254756885714,-1.395555142483,
    2.706586657015));
#2916 = CARTESIAN_POINT('',(3.376917229666,-1.057824314064,
    2.754928172892));
#2917 = CARTESIAN_POINT('',(3.459000025557,-0.708906628894,
    2.803283430365));
#2918 = CARTESIAN_POINT('',(3.5,-0.354343744856,2.851654341752));
#2919 = CARTESIAN_POINT('',(3.5,2.22044604925E-15,2.899995099277));
#2920 = PCURVE('',#887,#2921);
#2921 = DEFINITIONAL_REPRESENTATION('',(#2922),#2981);
#2922 = B_SPLINE_CURVE_WITH_KNOTS('',8,(#2923,#2924,#2925,#2926,#2927,
    #2928,#2929,#2930,#2931,#2932,#2933,#2934,#2935,#2936,#2937,#2938,
    #2939,#2940,#2941,#2942,#2943,#2944,#2945,#2946,#2947,#2948,#2949,
    #2950,#2951,#2952,#2953,#2954,#2955,#2956,#2957,#2958,#2959,#2960,
    #2961,#2962,#2963,#2964,#2965,#2966,#2967,#2968,#2969,#2970,#2971,
    #2972,#2973,#2974,#2975,#2976,#2977,#2978,#2979,#2980),
  .UNSPECIFIED.,.F.,.F.,(9,7,7,7,7,7,7,7,9),(0.,0.109069802828,
    0.223767880661,0.277787930037,0.441263314261,0.558957519077,
    0.690048736047,0.871051920174,1.),.UNSPECIFIED.);
#2923 = CARTESIAN_POINT('',(0.212126632277,13.925284935948));
#2924 = CARTESIAN_POINT('',(0.212127193702,14.020167132468));
#2925 = CARTESIAN_POINT('',(0.21212918359,14.115083741913));
#2926 = CARTESIAN_POINT('',(0.212133056283,14.209987432249));
#2927 = CARTESIAN_POINT('',(0.212138875271,14.304878184276));
#2928 = CARTESIAN_POINT('',(0.21214552645,14.399768374492));
#2929 = CARTESIAN_POINT('',(0.212150828306,14.49467079137));
#2930 = CARTESIAN_POINT('',(0.212152503562,14.589586670121));
#2931 = CARTESIAN_POINT('',(0.212147319693,14.784251252216));
#2932 = CARTESIAN_POINT('',(0.212139994662,14.884075668188));
#2933 = CARTESIAN_POINT('',(0.212127331463,14.983882857165));
#2934 = CARTESIAN_POINT('',(0.212110326774,15.083673450882));
#2935 = CARTESIAN_POINT('',(0.212093677359,15.183464276359));
#2936 = CARTESIAN_POINT('',(0.212086546854,15.283271994129));
#2937 = CARTESIAN_POINT('',(0.212096506278,15.383097757996));
#2938 = CARTESIAN_POINT('',(0.212117956134,15.529881845749));
#2939 = CARTESIAN_POINT('',(0.212127286133,15.576879147061));
#2940 = CARTESIAN_POINT('',(0.212134324538,15.62387669903));
#2941 = CARTESIAN_POINT('',(0.212136292781,15.670874577073));
#2942 = CARTESIAN_POINT('',(0.212132387525,15.717872758388));
#2943 = CARTESIAN_POINT('',(0.212123780661,15.764871121947));
#2944 = CARTESIAN_POINT('',(0.212113619309,15.811869448499));
#2945 = CARTESIAN_POINT('',(0.212087072606,16.001092606042));
#2946 = CARTESIAN_POINT('',(0.212080395683,16.143535057747));
#2947 = CARTESIAN_POINT('',(0.212116618833,16.285848734065));
#2948 = CARTESIAN_POINT('',(0.212147976141,16.428083302073));
#2949 = CARTESIAN_POINT('',(0.212157994466,16.570318119222));
#2950 = CARTESIAN_POINT('',(0.212156024513,16.712626641354));
#2951 = CARTESIAN_POINT('',(0.212148529806,16.855065230764));
#2952 = CARTESIAN_POINT('',(0.212135414843,17.099689979323));
#2953 = CARTESIAN_POINT('',(0.212129819659,17.202134373769));
#2954 = CARTESIAN_POINT('',(0.212125977614,17.304555785349));
#2955 = CARTESIAN_POINT('',(0.212124966211,17.406955271798));
#2956 = CARTESIAN_POINT('',(0.212126117315,17.509351707192));
#2957 = CARTESIAN_POINT('',(0.212127934663,17.611765276821));
#2958 = CARTESIAN_POINT('',(0.212129361533,17.714201516818));
#2959 = CARTESIAN_POINT('',(0.212130429156,17.93065292822));
#2960 = CARTESIAN_POINT('',(0.212129851512,18.044778427976));
#2961 = CARTESIAN_POINT('',(0.212127414777,18.158864547898));
#2962 = CARTESIAN_POINT('',(0.212123281744,18.272920865536));
#2963 = CARTESIAN_POINT('',(0.212119031176,18.386978904743));
#2964 = CARTESIAN_POINT('',(0.212116473683,18.501069217683));
#2965 = CARTESIAN_POINT('',(0.212116355036,18.615198628095));
#2966 = CARTESIAN_POINT('',(0.212121587181,18.886729902331));
#2967 = CARTESIAN_POINT('',(0.21212905216,19.044592449767));
#2968 = CARTESIAN_POINT('',(0.212140572833,19.202227340828));
#2969 = CARTESIAN_POINT('',(0.212152713572,19.359743076919));
#2970 = CARTESIAN_POINT('',(0.212157787513,19.517250905492));
#2971 = CARTESIAN_POINT('',(0.212154592529,19.674864303875));
#2972 = CARTESIAN_POINT('',(0.212146767409,19.832710299823));
#2973 = CARTESIAN_POINT('',(0.212131811677,20.102387507607));
#2974 = CARTESIAN_POINT('',(0.212125122121,20.214649020445));
#2975 = CARTESIAN_POINT('',(0.212119286386,20.326874307739));
#2976 = CARTESIAN_POINT('',(0.212115809834,20.439070501909));
#2977 = CARTESIAN_POINT('',(0.212115353385,20.551266179916));
#2978 = CARTESIAN_POINT('',(0.212117369185,20.663489693299));
#2979 = CARTESIAN_POINT('',(0.212120462809,20.775747768732));
#2980 = CARTESIAN_POINT('',(0.212123544417,20.887935880343));
#2981 = ( GEOMETRIC_REPRESENTATION_CONTEXT(2) 
PARAMETRIC_REPRESENTATION_CONTEXT() REPRESENTATION_CONTEXT('2D SPACE',''
  ) );
#2982 = PCURVE('',#821,#2983);
#2983 = DEFINITIONAL_REPRESENTATION('',(#2984),#3043);
#2984 = B_SPLINE_CURVE_WITH_KNOTS('',8,(#2985,#2986,#2987,#2988,#2989,
    #2990,#2991,#2992,#2993,#2994,#2995,#2996,#2997,#2998,#2999,#3000,
    #3001,#3002,#3003,#3004,#3005,#3006,#3007,#3008,#3009,#3010,#3011,
    #3012,#3013,#3014,#3015,#3016,#3017,#3018,#3019,#3020,#3021,#3022,
    #3023,#3024,#3025,#3026,#3027,#3028,#3029,#3030,#3031,#3032,#3033,
    #3034,#3035,#3036,#3037,#3038,#3039,#3040,#3041,#3042),
  .UNSPECIFIED.,.F.,.F.,(9,7,7,7,7,7,7,7,9),(0.,0.109069802828,
    0.223767880661,0.277787930037,0.441263314261,0.558957519077,
    0.690048736047,0.871051920174,1.),.UNSPECIFIED.);
#2985 = CARTESIAN_POINT('',(0.,-4.899994480372));
#2986 = CARTESIAN_POINT('',(-8.562207798754E-02,-4.940876842825));
#2987 = CARTESIAN_POINT('',(-0.171274762282,-4.981775042878));
#2988 = CARTESIAN_POINT('',(-0.256915506776,-5.022669007809));
#2989 = CARTESIAN_POINT('',(-0.342544591658,-5.06355877424));
#2990 = CARTESIAN_POINT('',(-0.428173599469,-5.104448887052));
#2991 = CARTESIAN_POINT('',(-0.51381435904,-5.145343313861));
#2992 = CARTESIAN_POINT('',(-0.599467949175,-5.186240976602));
#2993 = CARTESIAN_POINT('',(-0.775137244102,-5.270112590233));
#2994 = CARTESIAN_POINT('',(-0.86522132936,-5.313118834034));
#2995 = CARTESIAN_POINT('',(-0.955290023998,-5.356113880572));
#2996 = CARTESIAN_POINT('',(-1.045343518192,-5.399098706787));
#2997 = CARTESIAN_POINT('',(-1.13539614833,-5.442083884093));
#2998 = CARTESIAN_POINT('',(-1.225462944779,-5.48508307071));
#2999 = CARTESIAN_POINT('',(-1.315546373508,-5.528102117247));
#3000 = CARTESIAN_POINT('',(-1.448006171345,-5.591362258099));
#3001 = CARTESIAN_POINT('',(-1.490417259431,-5.611618619003));
#3002 = CARTESIAN_POINT('',(-1.532828652075,-5.631873467504));
#3003 = CARTESIAN_POINT('',(-1.575240366153,-5.652124871355));
#3004 = CARTESIAN_POINT('',(-1.617652335545,-5.672372252684));
#3005 = CARTESIAN_POINT('',(-1.660064411142,-5.692616387995));
#3006 = CARTESIAN_POINT('',(-1.702476360841,-5.71285940817));
#3007 = CARTESIAN_POINT('',(-1.873233507161,-5.794371365162));
#3008 = CARTESIAN_POINT('',(-2.001774149027,-5.855740933298));
#3009 = CARTESIAN_POINT('',(-2.130198512416,-5.917085350908));
#3010 = CARTESIAN_POINT('',(-2.258556651521,-5.978392242217));
#3011 = CARTESIAN_POINT('',(-2.386913841784,-6.039684152068));
#3012 = CARTESIAN_POINT('',(-2.515335985286,-6.100999342183));
#3013 = CARTESIAN_POINT('',(-2.643873703668,-6.162366667909));
#3014 = CARTESIAN_POINT('',(-2.864623548058,-6.267759049005));
#3015 = CARTESIAN_POINT('',(-2.957069114474,-6.311895388149));
#3016 = CARTESIAN_POINT('',(-3.04949378419,-6.356023064304));
#3017 = CARTESIAN_POINT('',(-3.141899006223,-6.40014329513));
#3018 = CARTESIAN_POINT('',(-3.234302184961,-6.444263740469));
#3019 = CARTESIAN_POINT('',(-3.326721627287,-6.488392039556));
#3020 = CARTESIAN_POINT('',(-3.419162154985,-6.532529830532));
#3021 = CARTESIAN_POINT('',(-3.614493092875,-6.625793172647));
#3022 = CARTESIAN_POINT('',(-3.717483156706,-6.674966106617));
#3023 = CARTESIAN_POINT('',(-3.820437835037,-6.724120758392));
#3024 = CARTESIAN_POINT('',(-3.923365268604,-6.773261369769));
#3025 = CARTESIAN_POINT('',(-4.026293571089,-6.82240263981));
#3026 = CARTESIAN_POINT('',(-4.129250288989,-6.871559012844));
#3027 = CARTESIAN_POINT('',(-4.232241810948,-6.920733956362));
#3028 = CARTESIAN_POINT('',(-4.477273780774,-7.037732546377));
#3029 = CARTESIAN_POINT('',(-4.619729740449,-7.105756182937));
#3030 = CARTESIAN_POINT('',(-4.761980442085,-7.173684596828));
#3031 = CARTESIAN_POINT('',(-4.904124645495,-7.241562108782));
#3032 = CARTESIAN_POINT('',(-5.046262724535,-7.309431216626));
#3033 = CARTESIAN_POINT('',(-5.188495845134,-7.377339964404));
#3034 = CARTESIAN_POINT('',(-5.330938215644,-7.44534565767));
#3035 = CARTESIAN_POINT('',(-5.574297643492,-7.561531109645));
#3036 = CARTESIAN_POINT('',(-5.675603282343,-7.609896584353));
#3037 = CARTESIAN_POINT('',(-5.776875988848,-7.658247054275));
#3038 = CARTESIAN_POINT('',(-5.878122379812,-7.706586657015));
#3039 = CARTESIAN_POINT('',(-5.979368590354,-7.754928172892));
#3040 = CARTESIAN_POINT('',(-6.080640504252,-7.803283430365));
#3041 = CARTESIAN_POINT('',(-6.181944237221,-7.851654341752));
#3042 = CARTESIAN_POINT('',(-6.28318530718,-7.899995099277));
#3043 = ( GEOMETRIC_REPRESENTATION_CONTEXT(2) 
PARAMETRIC_REPRESENTATION_CONTEXT() REPRESENTATION_CONTEXT('2D SPACE',''
  ) );
#3044 = ORIENTED_EDGE('',*,*,#833,.F.);
#3045 = ADVANCED_FACE('',(#3046),#821,.F.);
#3046 = FACE_BOUND('',#3047,.T.);
#3047 = EDGE_LOOP('',(#3048,#3049,#3050,#3051));
#3048 = ORIENTED_EDGE('',*,*,#1914,.F.);
#3049 = ORIENTED_EDGE('',*,*,#804,.F.);
#3050 = ORIENTED_EDGE('',*,*,#2859,.T.);
#3051 = ORIENTED_EDGE('',*,*,#3052,.F.);
#3052 = EDGE_CURVE('',#1915,#2651,#3053,.T.);
#3053 = SURFACE_CURVE('',#3054,(#3058,#3065),.PCURVE_S1.);
#3054 = LINE('',#3055,#3056);
#3055 = CARTESIAN_POINT('',(3.5,0.,-5.));
#3056 = VECTOR('',#3057,1.);
#3057 = DIRECTION('',(0.,0.,1.));
#3058 = PCURVE('',#821,#3059);
#3059 = DEFINITIONAL_REPRESENTATION('',(#3060),#3064);
#3060 = LINE('',#3061,#3062);
#3061 = CARTESIAN_POINT('',(-6.28318530718,0.));
#3062 = VECTOR('',#3063,1.);
#3063 = DIRECTION('',(-0.,-1.));
#3064 = ( GEOMETRIC_REPRESENTATION_CONTEXT(2) 
PARAMETRIC_REPRESENTATION_CONTEXT() REPRESENTATION_CONTEXT('2D SPACE',''
  ) );
#3065 = PCURVE('',#1791,#3066);
#3066 = DEFINITIONAL_REPRESENTATION('',(#3067),#3071);
#3067 = LINE('',#3068,#3069);
#3068 = CARTESIAN_POINT('',(-0.,0.));
#3069 = VECTOR('',#3070,1.);
#3070 = DIRECTION('',(-0.,-1.));
#3071 = ( GEOMETRIC_REPRESENTATION_CONTEXT(2) 
PARAMETRIC_REPRESENTATION_CONTEXT() REPRESENTATION_CONTEXT('2D SPACE',''
  ) );
#3072 = ADVANCED_FACE('',(#3073),#1791,.F.);
#3073 = FACE_BOUND('',#3074,.T.);
#3074 = EDGE_LOOP('',(#3075,#3076,#3077,#3078,#3079));
#3075 = ORIENTED_EDGE('',*,*,#2144,.F.);
#3076 = ORIENTED_EDGE('',*,*,#3052,.T.);
#3077 = ORIENTED_EDGE('',*,*,#2650,.T.);
#3078 = ORIENTED_EDGE('',*,*,#1776,.T.);
#3079 = ORIENTED_EDGE('',*,*,#3080,.F.);
#3080 = EDGE_CURVE('',#2145,#1429,#3081,.T.);
#3081 = SURFACE_CURVE('',#3082,(#3086,#3093),.PCURVE_S1.);
#3082 = LINE('',#3083,#3084);
#3083 = CARTESIAN_POINT('',(3.5,0.,-5.));
#3084 = VECTOR('',#3085,1.);
#3085 = DIRECTION('',(0.,0.,1.));
#3086 = PCURVE('',#1791,#3087);
#3087 = DEFINITIONAL_REPRESENTATION('',(#3088),#3092);
#3088 = LINE('',#3089,#3090);
#3089 = CARTESIAN_POINT('',(-6.28318530718,0.));
#3090 = VECTOR('',#3091,1.);
#3091 = DIRECTION('',(-0.,-1.));
#3092 = ( GEOMETRIC_REPRESENTATION_CONTEXT(2) 
PARAMETRIC_REPRESENTATION_CONTEXT() REPRESENTATION_CONTEXT('2D SPACE',''
  ) );
#3093 = PCURVE('',#1470,#3094);
#3094 = DEFINITIONAL_REPRESENTATION('',(#3095),#3099);
#3095 = LINE('',#3096,#3097);
#3096 = CARTESIAN_POINT('',(-0.,0.));
#3097 = VECTOR('',#3098,1.);
#3098 = DIRECTION('',(-0.,-1.));
#3099 = ( GEOMETRIC_REPRESENTATION_CONTEXT(2) 
PARAMETRIC_REPRESENTATION_CONTEXT() REPRESENTATION_CONTEXT('2D SPACE',''
  ) );
#3100 = ADVANCED_FACE('',(#3101),#1470,.F.);
#3101 = FACE_BOUND('',#3102,.T.);
#3102 = EDGE_LOOP('',(#3103,#3104,#3105));
#3103 = ORIENTED_EDGE('',*,*,#2332,.F.);
#3104 = ORIENTED_EDGE('',*,*,#3080,.T.);
#3105 = ORIENTED_EDGE('',*,*,#1453,.T.);
#3106 = ( GEOMETRIC_REPRESENTATION_CONTEXT(3) 
GLOBAL_UNCERTAINTY_ASSIGNED_CONTEXT((#3110)) 
GLOBAL_UNIT_ASSIGNED_CONTEXT((#3107,#3108,#3109)) REPRESENTATION_CONTEXT
('Context #1','3D Context with UNIT and UNCERTAINTY') );
#3107 = ( LENGTH_UNIT() NAMED_UNIT(*) SI_UNIT(.MILLI.,.METRE.) );
#3108 = ( NAMED_UNIT(*) PLANE_ANGLE_UNIT() SI_UNIT($,.RADIAN.) );
#3109 = ( NAMED_UNIT(*) SI_UNIT($,.STERADIAN.) SOLID_ANGLE_UNIT() );
#3110 = UNCERTAINTY_MEASURE_WITH_UNIT(LENGTH_MEASURE(2.E-06),#3107,
  'distance_accuracy_value','confusion accuracy');
#3111 = PRODUCT_RELATED_PRODUCT_CATEGORY('part',$,(#7));
ENDSEC;
END-ISO-10303-21;
