ISO-10303-21;
HEADER;
FILE_DESCRIPTION(('Open CASCADE Model'),'2;1');
FILE_NAME('Open CASCADE Shape Model','2026-09-30T14:17:55',('Author'),(
    'Open CASCADE'),'Open CASCADE STEP processor 7.8','Open CASCADE 7.8'
  ,'Unknown');
FILE_SCHEMA(('AUTOMOTIVE_DESIGN { 1 0 10303 214 1 1 1 1 }'));
ENDSEC;
DATA;
#1 = APPLICATION_PROTOCOL_DEFINITION('international standard',
  'automotive_design',2000,#2);
#2 = APPLICATION_CONTEXT(
  'core data for automotive mechanical design processes');
#3 = SHAPE_DEFINITION_REPRESENTATION(#4,#10);
#4 = PRODUCT_DEFINITION_SHAPE('','',#5);
#5 = PRODUCT_DEFINITION('design','',#6,#9);
#6 = PRODUCT_DEFINITION_FORMATION('','',#7);
#7 = PRODUCT('Open CASCADE STEP translator 7.8 5',
  'Open CASCADE STEP translator 7.8 5','',(#8));
#8 = PRODUCT_CONTEXT('',#2,'mechanical');
#9 = PRODUCT_DEFINITION_CONTEXT('part definition',#2,'design');
#10 = ADVANCED_BREP_SHAPE_REPRESENTATION('',(#11,#15),#6035);
#11 = AXIS2_PLACEMENT_3D('',#12,#13,#14);
#12 = CARTESIAN_POINT('',(0.,0.,0.));
#13 = DIRECTION('',(0.,0.,1.));
#14 = DIRECTION('',(1.,0.,-0.));
#15 = MANIFOLD_SOLID_BREP('',#16);
#16 = CLOSED_SHELL('',(#17,#138,#215,#542,#591,#817,#824,#859,#889,#944,
    #979,#1009,#1113,#1162,#1234,#2048,#2075,#2110,#2137,#2189,#2248,
    #2482,#3955,#4200,#5751,#5779,#5834,#5889,#5916,#5943,#5970,#5997,
    #6025,#6031));
#17 = ADVANCED_FACE('',(#18),#32,.F.);
#18 = FACE_BOUND('',#19,.F.);
#19 = EDGE_LOOP('',(#20,#55,#84,#112));
#20 = ORIENTED_EDGE('',*,*,#21,.F.);
#21 = EDGE_CURVE('',#22,#24,#26,.T.);
#22 = VERTEX_POINT('',#23);
#23 = CARTESIAN_POINT('',(-4.75000005,-5.24999995,17.253234163627));
#24 = VERTEX_POINT('',#25);
#25 = CARTESIAN_POINT('',(-4.75000005,-5.24999995,20.937822273509));
#26 = SURFACE_CURVE('',#27,(#31,#43),.PCURVE_S1.);
#27 = LINE('',#28,#29);
#28 = CARTESIAN_POINT('',(-4.75000005,-5.24999995,11.0000001));
#29 = VECTOR('',#30,1.);
#30 = DIRECTION('',(1.110223024625E-16,0.,1.));
#31 = PCURVE('',#32,#37);
#32 = PLANE('',#33);
#33 = AXIS2_PLACEMENT_3D('',#34,#35,#36);
#34 = CARTESIAN_POINT('',(-4.75000005,-5.24999995,11.0000001));
#35 = DIRECTION('',(0.,1.,0.));
#36 = DIRECTION('',(-1.,0.,1.110223024625E-16));
#37 = DEFINITIONAL_REPRESENTATION('',(#38),#42);
#38 = LINE('',#39,#40);
#39 = CARTESIAN_POINT('',(0.,0.));
#40 = VECTOR('',#41,1.);
#41 = DIRECTION('',(0.,1.));
#42 = ( GEOMETRIC_REPRESENTATION_CONTEXT(2) 
PARAMETRIC_REPRESENTATION_CONTEXT() REPRESENTATION_CONTEXT('2D SPACE',''
  ) );
#43 = PCURVE('',#44,#49);
#44 = PLANE('',#45);
#45 = AXIS2_PLACEMENT_3D('',#46,#47,#48);
#46 = CARTESIAN_POINT('',(-4.75000005,-5.24999995,11.0000001));
#47 = DIRECTION('',(-1.,0.,1.110223024625E-16));
#48 = DIRECTION('',(1.110223024625E-16,0.,1.));
#49 = DEFINITIONAL_REPRESENTATION('',(#50),#54);
#50 = LINE('',#51,#52);
#51 = CARTESIAN_POINT('',(0.,0.));
#52 = VECTOR('',#53,1.);
#53 = DIRECTION('',(1.,0.));
#54 = ( GEOMETRIC_REPRESENTATION_CONTEXT(2) 
PARAMETRIC_REPRESENTATION_CONTEXT() REPRESENTATION_CONTEXT('2D SPACE',''
  ) );
#55 = ORIENTED_EDGE('',*,*,#56,.F.);
#56 = EDGE_CURVE('',#57,#22,#59,.T.);
#57 = VERTEX_POINT('',#58);
#58 = CARTESIAN_POINT('',(-8.75000005,-5.24999995,17.253234163627));
#59 = SURFACE_CURVE('',#60,(#65,#72),.PCURVE_S1.);
#60 = CIRCLE('',#61,4.7);
#61 = AXIS2_PLACEMENT_3D('',#62,#63,#64);
#62 = CARTESIAN_POINT('',(-6.75000005,-5.24999995,13.0000001));
#63 = DIRECTION('',(0.,1.,-0.));
#64 = DIRECTION('',(-1.,0.,1.110223024625E-16));
#65 = PCURVE('',#32,#66);
#66 = DEFINITIONAL_REPRESENTATION('',(#67),#71);
#67 = CIRCLE('',#68,4.7);
#68 = AXIS2_PLACEMENT_2D('',#69,#70);
#69 = CARTESIAN_POINT('',(2.,2.));
#70 = DIRECTION('',(1.,0.));
#71 = ( GEOMETRIC_REPRESENTATION_CONTEXT(2) 
PARAMETRIC_REPRESENTATION_CONTEXT() REPRESENTATION_CONTEXT('2D SPACE',''
  ) );
#72 = PCURVE('',#73,#78);
#73 = CYLINDRICAL_SURFACE('',#74,4.7);
#74 = AXIS2_PLACEMENT_3D('',#75,#76,#77);
#75 = CARTESIAN_POINT('',(-6.75000005,-5.44999995,13.0000001));
#76 = DIRECTION('',(0.,1.,0.));
#77 = DIRECTION('',(-1.,0.,1.110223024625E-16));
#78 = DEFINITIONAL_REPRESENTATION('',(#79),#83);
#79 = LINE('',#80,#81);
#80 = CARTESIAN_POINT('',(0.,0.2));
#81 = VECTOR('',#82,1.);
#82 = DIRECTION('',(1.,0.));
#83 = ( GEOMETRIC_REPRESENTATION_CONTEXT(2) 
PARAMETRIC_REPRESENTATION_CONTEXT() REPRESENTATION_CONTEXT('2D SPACE',''
  ) );
#84 = ORIENTED_EDGE('',*,*,#85,.T.);
#85 = EDGE_CURVE('',#57,#86,#88,.T.);
#86 = VERTEX_POINT('',#87);
#87 = CARTESIAN_POINT('',(-8.75000005,-5.24999995,20.937822273509));
#88 = SURFACE_CURVE('',#89,(#93,#100),.PCURVE_S1.);
#89 = LINE('',#90,#91);
#90 = CARTESIAN_POINT('',(-8.75000005,-5.24999995,11.0000001));
#91 = VECTOR('',#92,1.);
#92 = DIRECTION('',(1.110223024625E-16,0.,1.));
#93 = PCURVE('',#32,#94);
#94 = DEFINITIONAL_REPRESENTATION('',(#95),#99);
#95 = LINE('',#96,#97);
#96 = CARTESIAN_POINT('',(4.,3.10862446895E-15));
#97 = VECTOR('',#98,1.);
#98 = DIRECTION('',(0.,1.));
#99 = ( GEOMETRIC_REPRESENTATION_CONTEXT(2) 
PARAMETRIC_REPRESENTATION_CONTEXT() REPRESENTATION_CONTEXT('2D SPACE',''
  ) );
#100 = PCURVE('',#101,#106);
#101 = PLANE('',#102);
#102 = AXIS2_PLACEMENT_3D('',#103,#104,#105);
#103 = CARTESIAN_POINT('',(-8.75000005,-5.24999995,11.0000001));
#104 = DIRECTION('',(-1.,0.,1.110223024625E-16));
#105 = DIRECTION('',(1.110223024625E-16,0.,1.));
#106 = DEFINITIONAL_REPRESENTATION('',(#107),#111);
#107 = LINE('',#108,#109);
#108 = CARTESIAN_POINT('',(0.,0.));
#109 = VECTOR('',#110,1.);
#110 = DIRECTION('',(1.,0.));
#111 = ( GEOMETRIC_REPRESENTATION_CONTEXT(2) 
PARAMETRIC_REPRESENTATION_CONTEXT() REPRESENTATION_CONTEXT('2D SPACE',''
  ) );
#112 = ORIENTED_EDGE('',*,*,#113,.F.);
#113 = EDGE_CURVE('',#24,#86,#114,.T.);
#114 = SURFACE_CURVE('',#115,(#119,#126),.PCURVE_S1.);
#115 = LINE('',#116,#117);
#116 = CARTESIAN_POINT('',(-3.75000005,-5.24999995,20.937822273509));
#117 = VECTOR('',#118,1.);
#118 = DIRECTION('',(-1.,0.,1.110223024625E-16));
#119 = PCURVE('',#32,#120);
#120 = DEFINITIONAL_REPRESENTATION('',(#121),#125);
#121 = LINE('',#122,#123);
#122 = CARTESIAN_POINT('',(-1.,9.937822173509));
#123 = VECTOR('',#124,1.);
#124 = DIRECTION('',(1.,0.));
#125 = ( GEOMETRIC_REPRESENTATION_CONTEXT(2) 
PARAMETRIC_REPRESENTATION_CONTEXT() REPRESENTATION_CONTEXT('2D SPACE',''
  ) );
#126 = PCURVE('',#127,#132);
#127 = CYLINDRICAL_SURFACE('',#128,7.);
#128 = AXIS2_PLACEMENT_3D('',#129,#130,#131);
#129 = CARTESIAN_POINT('',(-3.75000005,-1.74999995,27.0000001));
#130 = DIRECTION('',(-1.,0.,1.110223024625E-16));
#131 = DIRECTION('',(1.110223024625E-16,0.,1.));
#132 = DEFINITIONAL_REPRESENTATION('',(#133),#137);
#133 = LINE('',#134,#135);
#134 = CARTESIAN_POINT('',(3.665191429188,0.));
#135 = VECTOR('',#136,1.);
#136 = DIRECTION('',(0.,1.));
#137 = ( GEOMETRIC_REPRESENTATION_CONTEXT(2) 
PARAMETRIC_REPRESENTATION_CONTEXT() REPRESENTATION_CONTEXT('2D SPACE',''
  ) );
#138 = ADVANCED_FACE('',(#139),#44,.F.);
#139 = FACE_BOUND('',#140,.F.);
#140 = EDGE_LOOP('',(#141,#171,#192,#193));
#141 = ORIENTED_EDGE('',*,*,#142,.F.);
#142 = EDGE_CURVE('',#143,#145,#147,.T.);
#143 = VERTEX_POINT('',#144);
#144 = CARTESIAN_POINT('',(-4.75000005,1.75000005,17.253234163627));
#145 = VERTEX_POINT('',#146);
#146 = CARTESIAN_POINT('',(-4.75000005,1.75000005,20.937822273509));
#147 = SURFACE_CURVE('',#148,(#152,#159),.PCURVE_S1.);
#148 = LINE('',#149,#150);
#149 = CARTESIAN_POINT('',(-4.75000005,1.75000005,11.0000001));
#150 = VECTOR('',#151,1.);
#151 = DIRECTION('',(1.110223024625E-16,0.,1.));
#152 = PCURVE('',#44,#153);
#153 = DEFINITIONAL_REPRESENTATION('',(#154),#158);
#154 = LINE('',#155,#156);
#155 = CARTESIAN_POINT('',(0.,7.));
#156 = VECTOR('',#157,1.);
#157 = DIRECTION('',(1.,0.));
#158 = ( GEOMETRIC_REPRESENTATION_CONTEXT(2) 
PARAMETRIC_REPRESENTATION_CONTEXT() REPRESENTATION_CONTEXT('2D SPACE',''
  ) );
#159 = PCURVE('',#160,#165);
#160 = PLANE('',#161);
#161 = AXIS2_PLACEMENT_3D('',#162,#163,#164);
#162 = CARTESIAN_POINT('',(-4.75000005,1.75000005,11.0000001));
#163 = DIRECTION('',(0.,1.,0.));
#164 = DIRECTION('',(-1.,0.,1.110223024625E-16));
#165 = DEFINITIONAL_REPRESENTATION('',(#166),#170);
#166 = LINE('',#167,#168);
#167 = CARTESIAN_POINT('',(0.,0.));
#168 = VECTOR('',#169,1.);
#169 = DIRECTION('',(0.,1.));
#170 = ( GEOMETRIC_REPRESENTATION_CONTEXT(2) 
PARAMETRIC_REPRESENTATION_CONTEXT() REPRESENTATION_CONTEXT('2D SPACE',''
  ) );
#171 = ORIENTED_EDGE('',*,*,#172,.F.);
#172 = EDGE_CURVE('',#22,#143,#173,.T.);
#173 = SURFACE_CURVE('',#174,(#178,#185),.PCURVE_S1.);
#174 = LINE('',#175,#176);
#175 = CARTESIAN_POINT('',(-4.75000005,-5.44999995,17.253234163627));
#176 = VECTOR('',#177,1.);
#177 = DIRECTION('',(0.,1.,0.));
#178 = PCURVE('',#44,#179);
#179 = DEFINITIONAL_REPRESENTATION('',(#180),#184);
#180 = LINE('',#181,#182);
#181 = CARTESIAN_POINT('',(6.253234063627,-0.2));
#182 = VECTOR('',#183,1.);
#183 = DIRECTION('',(0.,1.));
#184 = ( GEOMETRIC_REPRESENTATION_CONTEXT(2) 
PARAMETRIC_REPRESENTATION_CONTEXT() REPRESENTATION_CONTEXT('2D SPACE',''
  ) );
#185 = PCURVE('',#73,#186);
#186 = DEFINITIONAL_REPRESENTATION('',(#187),#191);
#187 = LINE('',#188,#189);
#188 = CARTESIAN_POINT('',(2.010345919243,0.));
#189 = VECTOR('',#190,1.);
#190 = DIRECTION('',(0.,1.));
#191 = ( GEOMETRIC_REPRESENTATION_CONTEXT(2) 
PARAMETRIC_REPRESENTATION_CONTEXT() REPRESENTATION_CONTEXT('2D SPACE',''
  ) );
#192 = ORIENTED_EDGE('',*,*,#21,.T.);
#193 = ORIENTED_EDGE('',*,*,#194,.F.);
#194 = EDGE_CURVE('',#145,#24,#195,.T.);
#195 = SURFACE_CURVE('',#196,(#201,#208),.PCURVE_S1.);
#196 = CIRCLE('',#197,7.);
#197 = AXIS2_PLACEMENT_3D('',#198,#199,#200);
#198 = CARTESIAN_POINT('',(-4.75000005,-1.74999995,27.0000001));
#199 = DIRECTION('',(-1.,0.,1.110223024625E-16));
#200 = DIRECTION('',(1.110223024625E-16,0.,1.));
#201 = PCURVE('',#44,#202);
#202 = DEFINITIONAL_REPRESENTATION('',(#203),#207);
#203 = CIRCLE('',#204,7.);
#204 = AXIS2_PLACEMENT_2D('',#205,#206);
#205 = CARTESIAN_POINT('',(16.,3.5));
#206 = DIRECTION('',(1.,0.));
#207 = ( GEOMETRIC_REPRESENTATION_CONTEXT(2) 
PARAMETRIC_REPRESENTATION_CONTEXT() REPRESENTATION_CONTEXT('2D SPACE',''
  ) );
#208 = PCURVE('',#127,#209);
#209 = DEFINITIONAL_REPRESENTATION('',(#210),#214);
#210 = LINE('',#211,#212);
#211 = CARTESIAN_POINT('',(0.,1.));
#212 = VECTOR('',#213,1.);
#213 = DIRECTION('',(1.,0.));
#214 = ( GEOMETRIC_REPRESENTATION_CONTEXT(2) 
PARAMETRIC_REPRESENTATION_CONTEXT() REPRESENTATION_CONTEXT('2D SPACE',''
  ) );
#215 = ADVANCED_FACE('',(#216,#298,#493),#127,.T.);
#216 = FACE_BOUND('',#217,.T.);
#217 = EDGE_LOOP('',(#218,#247,#270,#297));
#218 = ORIENTED_EDGE('',*,*,#219,.F.);
#219 = EDGE_CURVE('',#220,#220,#222,.T.);
#220 = VERTEX_POINT('',#221);
#221 = CARTESIAN_POINT('',(-9.75000005,-1.74999995,34.0000001));
#222 = SURFACE_CURVE('',#223,(#228,#235),.PCURVE_S1.);
#223 = CIRCLE('',#224,7.);
#224 = AXIS2_PLACEMENT_3D('',#225,#226,#227);
#225 = CARTESIAN_POINT('',(-9.75000005,-1.74999995,27.0000001));
#226 = DIRECTION('',(-1.,0.,1.110223024625E-16));
#227 = DIRECTION('',(1.110223024625E-16,0.,1.));
#228 = PCURVE('',#127,#229);
#229 = DEFINITIONAL_REPRESENTATION('',(#230),#234);
#230 = LINE('',#231,#232);
#231 = CARTESIAN_POINT('',(0.,6.));
#232 = VECTOR('',#233,1.);
#233 = DIRECTION('',(1.,0.));
#234 = ( GEOMETRIC_REPRESENTATION_CONTEXT(2) 
PARAMETRIC_REPRESENTATION_CONTEXT() REPRESENTATION_CONTEXT('2D SPACE',''
  ) );
#235 = PCURVE('',#236,#241);
#236 = PLANE('',#237);
#237 = AXIS2_PLACEMENT_3D('',#238,#239,#240);
#238 = CARTESIAN_POINT('',(-9.75000005,-1.74999995,27.0000001));
#239 = DIRECTION('',(-1.,0.,1.110223024625E-16));
#240 = DIRECTION('',(1.110223024625E-16,0.,1.));
#241 = DEFINITIONAL_REPRESENTATION('',(#242),#246);
#242 = CIRCLE('',#243,7.);
#243 = AXIS2_PLACEMENT_2D('',#244,#245);
#244 = CARTESIAN_POINT('',(0.,0.));
#245 = DIRECTION('',(1.,0.));
#246 = ( GEOMETRIC_REPRESENTATION_CONTEXT(2) 
PARAMETRIC_REPRESENTATION_CONTEXT() REPRESENTATION_CONTEXT('2D SPACE',''
  ) );
#247 = ORIENTED_EDGE('',*,*,#248,.F.);
#248 = EDGE_CURVE('',#249,#220,#251,.T.);
#249 = VERTEX_POINT('',#250);
#250 = CARTESIAN_POINT('',(-3.75000005,-1.74999995,34.0000001));
#251 = SEAM_CURVE('',#252,(#256,#263),.PCURVE_S1.);
#252 = LINE('',#253,#254);
#253 = CARTESIAN_POINT('',(-3.75000005,-1.74999995,34.0000001));
#254 = VECTOR('',#255,1.);
#255 = DIRECTION('',(-1.,0.,1.110223024625E-16));
#256 = PCURVE('',#127,#257);
#257 = DEFINITIONAL_REPRESENTATION('',(#258),#262);
#258 = LINE('',#259,#260);
#259 = CARTESIAN_POINT('',(6.28318530718,-0.));
#260 = VECTOR('',#261,1.);
#261 = DIRECTION('',(0.,1.));
#262 = ( GEOMETRIC_REPRESENTATION_CONTEXT(2) 
PARAMETRIC_REPRESENTATION_CONTEXT() REPRESENTATION_CONTEXT('2D SPACE',''
  ) );
#263 = PCURVE('',#127,#264);
#264 = DEFINITIONAL_REPRESENTATION('',(#265),#269);
#265 = LINE('',#266,#267);
#266 = CARTESIAN_POINT('',(0.,-0.));
#267 = VECTOR('',#268,1.);
#268 = DIRECTION('',(0.,1.));
#269 = ( GEOMETRIC_REPRESENTATION_CONTEXT(2) 
PARAMETRIC_REPRESENTATION_CONTEXT() REPRESENTATION_CONTEXT('2D SPACE',''
  ) );
#270 = ORIENTED_EDGE('',*,*,#271,.T.);
#271 = EDGE_CURVE('',#249,#249,#272,.T.);
#272 = SURFACE_CURVE('',#273,(#278,#285),.PCURVE_S1.);
#273 = CIRCLE('',#274,7.);
#274 = AXIS2_PLACEMENT_3D('',#275,#276,#277);
#275 = CARTESIAN_POINT('',(-3.75000005,-1.74999995,27.0000001));
#276 = DIRECTION('',(-1.,0.,1.110223024625E-16));
#277 = DIRECTION('',(1.110223024625E-16,0.,1.));
#278 = PCURVE('',#127,#279);
#279 = DEFINITIONAL_REPRESENTATION('',(#280),#284);
#280 = LINE('',#281,#282);
#281 = CARTESIAN_POINT('',(0.,0.));
#282 = VECTOR('',#283,1.);
#283 = DIRECTION('',(1.,0.));
#284 = ( GEOMETRIC_REPRESENTATION_CONTEXT(2) 
PARAMETRIC_REPRESENTATION_CONTEXT() REPRESENTATION_CONTEXT('2D SPACE',''
  ) );
#285 = PCURVE('',#286,#291);
#286 = PLANE('',#287);
#287 = AXIS2_PLACEMENT_3D('',#288,#289,#290);
#288 = CARTESIAN_POINT('',(-3.75000005,-1.74999995,27.0000001));
#289 = DIRECTION('',(-1.,0.,1.110223024625E-16));
#290 = DIRECTION('',(1.110223024625E-16,0.,1.));
#291 = DEFINITIONAL_REPRESENTATION('',(#292),#296);
#292 = CIRCLE('',#293,7.);
#293 = AXIS2_PLACEMENT_2D('',#294,#295);
#294 = CARTESIAN_POINT('',(0.,0.));
#295 = DIRECTION('',(1.,0.));
#296 = ( GEOMETRIC_REPRESENTATION_CONTEXT(2) 
PARAMETRIC_REPRESENTATION_CONTEXT() REPRESENTATION_CONTEXT('2D SPACE',''
  ) );
#297 = ORIENTED_EDGE('',*,*,#248,.T.);
#298 = FACE_BOUND('',#299,.T.);
#299 = EDGE_LOOP('',(#300));
#300 = ORIENTED_EDGE('',*,*,#301,.F.);
#301 = EDGE_CURVE('',#302,#302,#304,.T.);
#302 = VERTEX_POINT('',#303);
#303 = CARTESIAN_POINT('',(-8.75000005,5.25000005,27.0000001));
#304 = SURFACE_CURVE('',#305,(#364,#426),.PCURVE_S1.);
#305 = B_SPLINE_CURVE_WITH_KNOTS('',8,(#306,#307,#308,#309,#310,#311,
    #312,#313,#314,#315,#316,#317,#318,#319,#320,#321,#322,#323,#324,
    #325,#326,#327,#328,#329,#330,#331,#332,#333,#334,#335,#336,#337,
    #338,#339,#340,#341,#342,#343,#344,#345,#346,#347,#348,#349,#350,
    #351,#352,#353,#354,#355,#356,#357,#358,#359,#360,#361,#362,#363),
  .UNSPECIFIED.,.T.,.F.,(9,7,7,7,7,7,7,7,9),(0.,0.126338597316,
    0.279141834988,0.448820178952,0.594901197682,0.689077979439,
    0.79264333914,0.906171398475,1.),.UNSPECIFIED.);
#306 = CARTESIAN_POINT('',(-8.75000005,5.25000005,27.0000001));
#307 = CARTESIAN_POINT('',(-8.75000005,5.25000005,27.213707374868));
#308 = CARTESIAN_POINT('',(-8.723902698401,5.242543285119,
    27.422909292717));
#309 = CARTESIAN_POINT('',(-8.673632180272,5.228181809631,
    27.623983108949));
#310 = CARTESIAN_POINT('',(-8.601631452146,5.208108046308,
    27.813725314833));
#311 = CARTESIAN_POINT('',(-8.510875431518,5.183996311584,
    27.989403413532));
#312 = CARTESIAN_POINT('',(-8.40489165273,5.157739246394,28.148858784825
    ));
#313 = CARTESIAN_POINT('',(-8.287778810499,5.13114420453,28.290648464247
    ));
#314 = CARTESIAN_POINT('',(-8.014764728672,5.074825699625,
    28.563662546074));
#315 = CARTESIAN_POINT('',(-7.852124415078,5.044840184393,
    28.690205039855));
#316 = CARTESIAN_POINT('',(-7.679797041726,5.017587999032,
    28.794437274242));
#317 = CARTESIAN_POINT('',(-7.500439233473,4.994484992186,
    28.877027362694));
#318 = CARTESIAN_POINT('',(-7.316143944093,4.976519399493,
    28.938568516855));
#319 = CARTESIAN_POINT('',(-7.128641764986,4.964318518768,
    28.979491257254));
#320 = CARTESIAN_POINT('',(-6.939450001504,4.958203982499,29.0000001));
#321 = CARTESIAN_POINT('',(-6.53962784503,4.958203982499,29.0000001));
#322 = CARTESIAN_POINT('',(-6.329698919324,4.965743677689,
    28.974710456726));
#323 = CARTESIAN_POINT('',(-6.122097335016,4.980768253983,
    28.924319202674));
#324 = CARTESIAN_POINT('',(-5.918818530484,5.002795150615,
    28.848485434142));
#325 = CARTESIAN_POINT('',(-5.722278679529,5.030888498642,
    28.746528440455));
#326 = CARTESIAN_POINT('',(-5.535529569769,5.063540517542,
    28.617532019994));
#327 = CARTESIAN_POINT('',(-5.362573608522,5.098543092567,
    28.460518637797));
#328 = CARTESIAN_POINT('',(-5.076734821478,5.162539816097,
    28.114998898566));
#329 = CARTESIAN_POINT('',(-4.953201553007,5.19295525688,27.927091527206
    ));
#330 = CARTESIAN_POINT('',(-4.849488508944,5.22101241116,27.714087919421
    ));
#331 = CARTESIAN_POINT('',(-4.773661212088,5.242985136658,
    27.481297932658));
#332 = CARTESIAN_POINT('',(-4.730943395439,5.25565067453,27.235808235446
    ));
#333 = CARTESIAN_POINT('',(-4.723872033608,5.257543982002,
    26.985544691629));
#334 = CARTESIAN_POINT('',(-4.752233172818,5.249120190734,26.73864390397
    ));
#335 = CARTESIAN_POINT('',(-4.851902220591,5.221468081177,
    26.350458592297));
#336 = CARTESIAN_POINT('',(-4.904625995553,5.207071085001,
    26.201822813896));
#337 = CARTESIAN_POINT('',(-4.970629967111,5.189503636779,
    26.058139136184));
#338 = CARTESIAN_POINT('',(-5.049372103285,5.169329630726,
    25.920771106194));
#339 = CARTESIAN_POINT('',(-5.14014380083,5.147267471593,25.791015606536
    ));
#340 = CARTESIAN_POINT('',(-5.242073565116,5.12414935937,25.670086855577
    ));
#341 = CARTESIAN_POINT('',(-5.354133994687,5.100861833037,
    25.559088473526));
#342 = CARTESIAN_POINT('',(-5.608234559821,5.053420869287,
    25.348878204535));
#343 = CARTESIAN_POINT('',(-5.752281667136,5.02938811123,25.251836274789
    ));
#344 = CARTESIAN_POINT('',(-5.905707610009,5.007331546939,
    25.169215687071));
#345 = CARTESIAN_POINT('',(-6.06676795009,4.988372031393,25.102074552444
    ));
#346 = CARTESIAN_POINT('',(-6.233623250643,4.973465042949,
    25.051187741546));
#347 = CARTESIAN_POINT('',(-6.404387674557,4.96329382072,25.017071798543
    ));
#348 = CARTESIAN_POINT('',(-6.577155689891,4.958203982499,25.0000001));
#349 = CARTESIAN_POINT('',(-6.939471556948,4.958203982499,25.0000001));
#350 = CARTESIAN_POINT('',(-7.128666751295,4.964319889289,25.02051355777
    ));
#351 = CARTESIAN_POINT('',(-7.316161179195,4.976521554243,25.06143886862
    ));
#352 = CARTESIAN_POINT('',(-7.500444416295,4.994486348453,
    25.122978000537));
#353 = CARTESIAN_POINT('',(-7.679791956191,5.017587621941,
    25.205562452746));
#354 = CARTESIAN_POINT('',(-7.852114952334,5.044838570653,
    25.309789084754));
#355 = CARTESIAN_POINT('',(-8.014757808424,5.074824272087,
    25.436330733678));
#356 = CARTESIAN_POINT('',(-8.287735754444,5.131135322744,
    25.709308679698));
#357 = CARTESIAN_POINT('',(-8.404864959911,5.157732033893,25.85109750546
    ));
#358 = CARTESIAN_POINT('',(-8.510882757692,5.183997050759,26.01058668066
    ));
#359 = CARTESIAN_POINT('',(-8.6016641754,5.208116551746,26.186317099644)
  );
#360 = CARTESIAN_POINT('',(-8.673669459389,5.228192475137,
    26.376108727337));
#361 = CARTESIAN_POINT('',(-8.723924491936,5.242549505732,
    26.577205532828));
#362 = CARTESIAN_POINT('',(-8.75000005,5.25000005,26.786382049924));
#363 = CARTESIAN_POINT('',(-8.75000005,5.25000005,27.0000001));
#364 = PCURVE('',#127,#365);
#365 = DEFINITIONAL_REPRESENTATION('',(#366),#425);
#366 = B_SPLINE_CURVE_WITH_KNOTS('',8,(#367,#368,#369,#370,#371,#372,
    #373,#374,#375,#376,#377,#378,#379,#380,#381,#382,#383,#384,#385,
    #386,#387,#388,#389,#390,#391,#392,#393,#394,#395,#396,#397,#398,
    #399,#400,#401,#402,#403,#404,#405,#406,#407,#408,#409,#410,#411,
    #412,#413,#414,#415,#416,#417,#418,#419,#420,#421,#422,#423,#424),
  .UNSPECIFIED.,.T.,.F.,(9,7,7,7,7,7,7,7,9),(0.,0.126338597316,
    0.279141834988,0.448820178952,0.594901197682,0.689077979439,
    0.79264333914,0.906171398475,1.),.UNSPECIFIED.);
#367 = CARTESIAN_POINT('',(1.570796326795,5.));
#368 = CARTESIAN_POINT('',(1.540266716099,5.));
#369 = CARTESIAN_POINT('',(1.510380692646,4.973902648401));
#370 = CARTESIAN_POINT('',(1.481612647249,4.923632130273));
#371 = CARTESIAN_POINT('',(1.454383958307,4.851631402146));
#372 = CARTESIAN_POINT('',(1.429071420888,4.760875381518));
#373 = CARTESIAN_POINT('',(1.405994947872,4.65489160273));
#374 = CARTESIAN_POINT('',(1.385389423098,4.537778760499));
#375 = CARTESIAN_POINT('',(1.345566226373,4.264764678672));
#376 = CARTESIAN_POINT('',(1.326996073312,4.102124365078));
#377 = CARTESIAN_POINT('',(1.311610473115,3.929796991727));
#378 = CARTESIAN_POINT('',(1.299360702123,3.750439183473));
#379 = CARTESIAN_POINT('',(1.290202310016,3.566143894093));
#380 = CARTESIAN_POINT('',(1.284101901998,3.378641714986));
#381 = CARTESIAN_POINT('',(1.281044625359,3.189449951504));
#382 = CARTESIAN_POINT('',(1.281044625359,2.78962779503));
#383 = CARTESIAN_POINT('',(1.28481458068,2.579698869324));
#384 = CARTESIAN_POINT('',(1.2923264763,2.372097285016));
#385 = CARTESIAN_POINT('',(1.303607349864,2.168818480484));
#386 = CARTESIAN_POINT('',(1.31871221347,1.972278629529));
#387 = CARTESIAN_POINT('',(1.337711566446,1.785529519769));
#388 = CARTESIAN_POINT('',(1.360677586631,1.612573558522));
#389 = CARTESIAN_POINT('',(1.410877080656,1.326734771478));
#390 = CARTESIAN_POINT('',(1.438063355127,1.203201503007));
#391 = CARTESIAN_POINT('',(1.468732774271,1.099488458944));
#392 = CARTESIAN_POINT('',(1.502088125297,1.023661162088));
#393 = CARTESIAN_POINT('',(1.537138096429,0.980943345439));
#394 = CARTESIAN_POINT('',(1.572839556835,0.973871983608));
#395 = CARTESIAN_POINT('',(1.608107412226,1.002233122818));
#396 = CARTESIAN_POINT('',(1.663702977194,1.101902170591));
#397 = CARTESIAN_POINT('',(1.685029144937,1.154625945553));
#398 = CARTESIAN_POINT('',(1.705697549618,1.220629917111));
#399 = CARTESIAN_POINT('',(1.725521245566,1.299372053285));
#400 = CARTESIAN_POINT('',(1.744315470831,1.39014375083));
#401 = CARTESIAN_POINT('',(1.761899017138,1.492073515116));
#402 = CARTESIAN_POINT('',(1.778099299229,1.604133944687));
#403 = CARTESIAN_POINT('',(1.808884599933,1.858234509821));
#404 = CARTESIAN_POINT('',(1.823163440938,2.002281617136));
#405 = CARTESIAN_POINT('',(1.835376885804,2.155707560009));
#406 = CARTESIAN_POINT('',(1.845342440095,2.31676790009));
#407 = CARTESIAN_POINT('',(1.852917448567,2.483623200644));
#408 = CARTESIAN_POINT('',(1.858003123048,2.654387624557));
#409 = CARTESIAN_POINT('',(1.860548028231,2.827155639891));
#410 = CARTESIAN_POINT('',(1.860548028231,3.189471506948));
#411 = CARTESIAN_POINT('',(1.857490063801,3.378666701295));
#412 = CARTESIAN_POINT('',(1.8513892719,3.566161129195));
#413 = CARTESIAN_POINT('',(1.842231189533,3.750444366295));
#414 = CARTESIAN_POINT('',(1.82998225991,3.929791906191));
#415 = CARTESIAN_POINT('',(1.814597476831,4.102114902334));
#416 = CARTESIAN_POINT('',(1.796027436638,4.264757758424));
#417 = CARTESIAN_POINT('',(1.756209510863,4.537735704444));
#418 = CARTESIAN_POINT('',(1.735604058153,4.654864909911));
#419 = CARTESIAN_POINT('',(1.712522632047,4.760882707692));
#420 = CARTESIAN_POINT('',(1.687202566061,4.8516641254));
#421 = CARTESIAN_POINT('',(1.659966858362,4.923669409389));
#422 = CARTESIAN_POINT('',(1.631195586862,4.973924441936));
#423 = CARTESIAN_POINT('',(1.601313191092,5.));
#424 = CARTESIAN_POINT('',(1.570796326795,5.));
#425 = ( GEOMETRIC_REPRESENTATION_CONTEXT(2) 
PARAMETRIC_REPRESENTATION_CONTEXT() REPRESENTATION_CONTEXT('2D SPACE',''
  ) );
#426 = PCURVE('',#427,#432);
#427 = CYLINDRICAL_SURFACE('',#428,2.);
#428 = AXIS2_PLACEMENT_3D('',#429,#430,#431);
#429 = CARTESIAN_POINT('',(-6.75000005,4.25000005,27.0000001));
#430 = DIRECTION('',(0.,1.,0.));
#431 = DIRECTION('',(-1.,0.,1.110223024625E-16));
#432 = DEFINITIONAL_REPRESENTATION('',(#433),#492);
#433 = B_SPLINE_CURVE_WITH_KNOTS('',8,(#434,#435,#436,#437,#438,#439,
    #440,#441,#442,#443,#444,#445,#446,#447,#448,#449,#450,#451,#452,
    #453,#454,#455,#456,#457,#458,#459,#460,#461,#462,#463,#464,#465,
    #466,#467,#468,#469,#470,#471,#472,#473,#474,#475,#476,#477,#478,
    #479,#480,#481,#482,#483,#484,#485,#486,#487,#488,#489,#490,#491),
  .UNSPECIFIED.,.F.,.F.,(9,7,7,7,7,7,7,7,9),(0.,0.126338597316,
    0.279141834988,0.448820178952,0.594901197682,0.689077979439,
    0.79264333914,0.906171398475,1.),.UNSPECIFIED.);
#434 = CARTESIAN_POINT('',(0.,1.));
#435 = CARTESIAN_POINT('',(0.106853637434,1.));
#436 = CARTESIAN_POINT('',(0.211454527257,0.992543235119));
#437 = CARTESIAN_POINT('',(0.313850725765,0.978181759631));
#438 = CARTESIAN_POINT('',(0.413969808016,0.958107996308));
#439 = CARTESIAN_POINT('',(0.511625422323,0.933996261584));
#440 = CARTESIAN_POINT('',(0.606488460563,0.907739196394));
#441 = CARTESIAN_POINT('',(0.698024373884,0.88114415453));
#442 = CARTESIAN_POINT('',(0.891074482503,0.824825649625));
#443 = CARTESIAN_POINT('',(0.993316200763,0.794840134393));
#444 = CARTESIAN_POINT('',(1.092892264344,0.767587949032));
#445 = CARTESIAN_POINT('',(1.190411103421,0.744484942186));
#446 = CARTESIAN_POINT('',(1.286428749495,0.726519349493));
#447 = CARTESIAN_POINT('',(1.381475646154,0.714318468768));
#448 = CARTESIAN_POINT('',(1.476071351043,0.708203932499));
#449 = CARTESIAN_POINT('',(1.67598242928,0.708203932499));
#450 = CARTESIAN_POINT('',(1.780946589753,0.715743627689));
#451 = CARTESIAN_POINT('',(1.88652186198,0.730768203983));
#452 = CARTESIAN_POINT('',(1.993448789894,0.752795100615));
#453 = CARTESIAN_POINT('',(2.102464711809,0.780888448642));
#454 = CARTESIAN_POINT('',(2.214343121966,0.813540467542));
#455 = CARTESIAN_POINT('',(2.329957281359,0.848543042567));
#456 = CARTESIAN_POINT('',(2.554171298749,0.912539766097));
#457 = CARTESIAN_POINT('',(2.665935652638,0.94295520688));
#458 = CARTESIAN_POINT('',(2.782750228191,0.97101236116));
#459 = CARTESIAN_POINT('',(2.902816815922,0.992985086658));
#460 = CARTESIAN_POINT('',(3.024906123041,1.00565062453));
#461 = CARTESIAN_POINT('',(3.147981576986,1.007543932002));
#462 = CARTESIAN_POINT('',(3.271080461509,0.999120140734));
#463 = CARTESIAN_POINT('',(3.471468681773,0.971468031177));
#464 = CARTESIAN_POINT('',(3.550007605951,0.957071035001));
#465 = CARTESIAN_POINT('',(3.628538374869,0.939503586779));
#466 = CARTESIAN_POINT('',(3.707070162549,0.919329580726));
#467 = CARTESIAN_POINT('',(3.785610460312,0.897267421593));
#468 = CARTESIAN_POINT('',(3.864159407779,0.87414930937));
#469 = CARTESIAN_POINT('',(3.942707775126,0.850861783037));
#470 = CARTESIAN_POINT('',(4.107598234516,0.803420819287));
#471 = CARTESIAN_POINT('',(4.19402178235,0.77938806123));
#472 = CARTESIAN_POINT('',(4.280443698062,0.75733149694));
#473 = CARTESIAN_POINT('',(4.366842361088,0.738371981393));
#474 = CARTESIAN_POINT('',(4.453217022252,0.723464992949));
#475 = CARTESIAN_POINT('',(4.539582780622,0.71329377072));
#476 = CARTESIAN_POINT('',(4.62596680033,0.708203932499));
#477 = CARTESIAN_POINT('',(4.807124733859,0.708203932499));
#478 = CARTESIAN_POINT('',(4.901722133192,0.714319839289));
#479 = CARTESIAN_POINT('',(4.996765630522,0.726521504243));
#480 = CARTESIAN_POINT('',(5.092777549674,0.744486298453));
#481 = CARTESIAN_POINT('',(5.190290804982,0.767587571941));
#482 = CARTESIAN_POINT('',(5.289863620676,0.794838520653));
#483 = CARTESIAN_POINT('',(5.392105931322,0.824824222087));
#484 = CARTESIAN_POINT('',(5.585130488067,0.881135272744));
#485 = CARTESIAN_POINT('',(5.676671891761,0.907731983893));
#486 = CARTESIAN_POINT('',(5.77155781583,0.933997000759));
#487 = CARTESIAN_POINT('',(5.869241013844,0.958116501746));
#488 = CARTESIAN_POINT('',(5.969382702665,0.978192425137));
#489 = CARTESIAN_POINT('',(6.071788100287,0.992549455732));
#490 = CARTESIAN_POINT('',(6.176376282141,1.));
#491 = CARTESIAN_POINT('',(6.28318530718,1.));
#492 = ( GEOMETRIC_REPRESENTATION_CONTEXT(2) 
PARAMETRIC_REPRESENTATION_CONTEXT() REPRESENTATION_CONTEXT('2D SPACE',''
  ) );
#493 = FACE_BOUND('',#494,.T.);
#494 = EDGE_LOOP('',(#495,#496,#497,#520));
#495 = ORIENTED_EDGE('',*,*,#113,.F.);
#496 = ORIENTED_EDGE('',*,*,#194,.F.);
#497 = ORIENTED_EDGE('',*,*,#498,.T.);
#498 = EDGE_CURVE('',#145,#499,#501,.T.);
#499 = VERTEX_POINT('',#500);
#500 = CARTESIAN_POINT('',(-8.75000005,1.75000005,20.937822273509));
#501 = SURFACE_CURVE('',#502,(#506,#513),.PCURVE_S1.);
#502 = LINE('',#503,#504);
#503 = CARTESIAN_POINT('',(-3.75000005,1.75000005,20.937822273509));
#504 = VECTOR('',#505,1.);
#505 = DIRECTION('',(-1.,0.,1.110223024625E-16));
#506 = PCURVE('',#127,#507);
#507 = DEFINITIONAL_REPRESENTATION('',(#508),#512);
#508 = LINE('',#509,#510);
#509 = CARTESIAN_POINT('',(2.617993877991,0.));
#510 = VECTOR('',#511,1.);
#511 = DIRECTION('',(0.,1.));
#512 = ( GEOMETRIC_REPRESENTATION_CONTEXT(2) 
PARAMETRIC_REPRESENTATION_CONTEXT() REPRESENTATION_CONTEXT('2D SPACE',''
  ) );
#513 = PCURVE('',#160,#514);
#514 = DEFINITIONAL_REPRESENTATION('',(#515),#519);
#515 = LINE('',#516,#517);
#516 = CARTESIAN_POINT('',(-1.,9.937822173509));
#517 = VECTOR('',#518,1.);
#518 = DIRECTION('',(1.,0.));
#519 = ( GEOMETRIC_REPRESENTATION_CONTEXT(2) 
PARAMETRIC_REPRESENTATION_CONTEXT() REPRESENTATION_CONTEXT('2D SPACE',''
  ) );
#520 = ORIENTED_EDGE('',*,*,#521,.T.);
#521 = EDGE_CURVE('',#499,#86,#522,.T.);
#522 = SURFACE_CURVE('',#523,(#528,#535),.PCURVE_S1.);
#523 = CIRCLE('',#524,7.);
#524 = AXIS2_PLACEMENT_3D('',#525,#526,#527);
#525 = CARTESIAN_POINT('',(-8.75000005,-1.74999995,27.0000001));
#526 = DIRECTION('',(-1.,0.,1.110223024625E-16));
#527 = DIRECTION('',(1.110223024625E-16,0.,1.));
#528 = PCURVE('',#127,#529);
#529 = DEFINITIONAL_REPRESENTATION('',(#530),#534);
#530 = LINE('',#531,#532);
#531 = CARTESIAN_POINT('',(0.,5.));
#532 = VECTOR('',#533,1.);
#533 = DIRECTION('',(1.,0.));
#534 = ( GEOMETRIC_REPRESENTATION_CONTEXT(2) 
PARAMETRIC_REPRESENTATION_CONTEXT() REPRESENTATION_CONTEXT('2D SPACE',''
  ) );
#535 = PCURVE('',#101,#536);
#536 = DEFINITIONAL_REPRESENTATION('',(#537),#541);
#537 = CIRCLE('',#538,7.);
#538 = AXIS2_PLACEMENT_2D('',#539,#540);
#539 = CARTESIAN_POINT('',(16.,3.5));
#540 = DIRECTION('',(1.,0.));
#541 = ( GEOMETRIC_REPRESENTATION_CONTEXT(2) 
PARAMETRIC_REPRESENTATION_CONTEXT() REPRESENTATION_CONTEXT('2D SPACE',''
  ) );
#542 = ADVANCED_FACE('',(#543),#101,.T.);
#543 = FACE_BOUND('',#544,.T.);
#544 = EDGE_LOOP('',(#545,#568,#589,#590));
#545 = ORIENTED_EDGE('',*,*,#546,.F.);
#546 = EDGE_CURVE('',#547,#499,#549,.T.);
#547 = VERTEX_POINT('',#548);
#548 = CARTESIAN_POINT('',(-8.75000005,1.75000005,17.253234163627));
#549 = SURFACE_CURVE('',#550,(#554,#561),.PCURVE_S1.);
#550 = LINE('',#551,#552);
#551 = CARTESIAN_POINT('',(-8.75000005,1.75000005,11.0000001));
#552 = VECTOR('',#553,1.);
#553 = DIRECTION('',(1.110223024625E-16,0.,1.));
#554 = PCURVE('',#101,#555);
#555 = DEFINITIONAL_REPRESENTATION('',(#556),#560);
#556 = LINE('',#557,#558);
#557 = CARTESIAN_POINT('',(0.,7.));
#558 = VECTOR('',#559,1.);
#559 = DIRECTION('',(1.,0.));
#560 = ( GEOMETRIC_REPRESENTATION_CONTEXT(2) 
PARAMETRIC_REPRESENTATION_CONTEXT() REPRESENTATION_CONTEXT('2D SPACE',''
  ) );
#561 = PCURVE('',#160,#562);
#562 = DEFINITIONAL_REPRESENTATION('',(#563),#567);
#563 = LINE('',#564,#565);
#564 = CARTESIAN_POINT('',(4.,3.10862446895E-15));
#565 = VECTOR('',#566,1.);
#566 = DIRECTION('',(0.,1.));
#567 = ( GEOMETRIC_REPRESENTATION_CONTEXT(2) 
PARAMETRIC_REPRESENTATION_CONTEXT() REPRESENTATION_CONTEXT('2D SPACE',''
  ) );
#568 = ORIENTED_EDGE('',*,*,#569,.F.);
#569 = EDGE_CURVE('',#57,#547,#570,.T.);
#570 = SURFACE_CURVE('',#571,(#575,#582),.PCURVE_S1.);
#571 = LINE('',#572,#573);
#572 = CARTESIAN_POINT('',(-8.75000005,-5.44999995,17.253234163627));
#573 = VECTOR('',#574,1.);
#574 = DIRECTION('',(0.,1.,0.));
#575 = PCURVE('',#101,#576);
#576 = DEFINITIONAL_REPRESENTATION('',(#577),#581);
#577 = LINE('',#578,#579);
#578 = CARTESIAN_POINT('',(6.253234063627,-0.2));
#579 = VECTOR('',#580,1.);
#580 = DIRECTION('',(0.,1.));
#581 = ( GEOMETRIC_REPRESENTATION_CONTEXT(2) 
PARAMETRIC_REPRESENTATION_CONTEXT() REPRESENTATION_CONTEXT('2D SPACE',''
  ) );
#582 = PCURVE('',#73,#583);
#583 = DEFINITIONAL_REPRESENTATION('',(#584),#588);
#584 = LINE('',#585,#586);
#585 = CARTESIAN_POINT('',(1.131246734347,0.));
#586 = VECTOR('',#587,1.);
#587 = DIRECTION('',(0.,1.));
#588 = ( GEOMETRIC_REPRESENTATION_CONTEXT(2) 
PARAMETRIC_REPRESENTATION_CONTEXT() REPRESENTATION_CONTEXT('2D SPACE',''
  ) );
#589 = ORIENTED_EDGE('',*,*,#85,.T.);
#590 = ORIENTED_EDGE('',*,*,#521,.F.);
#591 = ADVANCED_FACE('',(#592,#674,#701),#73,.T.);
#592 = FACE_BOUND('',#593,.T.);
#593 = EDGE_LOOP('',(#594,#623,#646,#673));
#594 = ORIENTED_EDGE('',*,*,#595,.F.);
#595 = EDGE_CURVE('',#596,#596,#598,.T.);
#596 = VERTEX_POINT('',#597);
#597 = CARTESIAN_POINT('',(-11.45000005,1.95000005,13.0000001));
#598 = SURFACE_CURVE('',#599,(#604,#611),.PCURVE_S1.);
#599 = CIRCLE('',#600,4.7);
#600 = AXIS2_PLACEMENT_3D('',#601,#602,#603);
#601 = CARTESIAN_POINT('',(-6.75000005,1.95000005,13.0000001));
#602 = DIRECTION('',(0.,1.,-0.));
#603 = DIRECTION('',(-1.,0.,1.110223024625E-16));
#604 = PCURVE('',#73,#605);
#605 = DEFINITIONAL_REPRESENTATION('',(#606),#610);
#606 = LINE('',#607,#608);
#607 = CARTESIAN_POINT('',(0.,7.4));
#608 = VECTOR('',#609,1.);
#609 = DIRECTION('',(1.,0.));
#610 = ( GEOMETRIC_REPRESENTATION_CONTEXT(2) 
PARAMETRIC_REPRESENTATION_CONTEXT() REPRESENTATION_CONTEXT('2D SPACE',''
  ) );
#611 = PCURVE('',#612,#617);
#612 = PLANE('',#613);
#613 = AXIS2_PLACEMENT_3D('',#614,#615,#616);
#614 = CARTESIAN_POINT('',(-6.75000005,1.95000005,13.0000001));
#615 = DIRECTION('',(0.,1.,0.));
#616 = DIRECTION('',(-1.,0.,1.110223024625E-16));
#617 = DEFINITIONAL_REPRESENTATION('',(#618),#622);
#618 = CIRCLE('',#619,4.7);
#619 = AXIS2_PLACEMENT_2D('',#620,#621);
#620 = CARTESIAN_POINT('',(0.,0.));
#621 = DIRECTION('',(1.,0.));
#622 = ( GEOMETRIC_REPRESENTATION_CONTEXT(2) 
PARAMETRIC_REPRESENTATION_CONTEXT() REPRESENTATION_CONTEXT('2D SPACE',''
  ) );
#623 = ORIENTED_EDGE('',*,*,#624,.F.);
#624 = EDGE_CURVE('',#625,#596,#627,.T.);
#625 = VERTEX_POINT('',#626);
#626 = CARTESIAN_POINT('',(-11.45000005,-5.44999995,13.0000001));
#627 = SEAM_CURVE('',#628,(#632,#639),.PCURVE_S1.);
#628 = LINE('',#629,#630);
#629 = CARTESIAN_POINT('',(-11.45000005,-5.44999995,13.0000001));
#630 = VECTOR('',#631,1.);
#631 = DIRECTION('',(0.,1.,0.));
#632 = PCURVE('',#73,#633);
#633 = DEFINITIONAL_REPRESENTATION('',(#634),#638);
#634 = LINE('',#635,#636);
#635 = CARTESIAN_POINT('',(6.28318530718,-0.));
#636 = VECTOR('',#637,1.);
#637 = DIRECTION('',(0.,1.));
#638 = ( GEOMETRIC_REPRESENTATION_CONTEXT(2) 
PARAMETRIC_REPRESENTATION_CONTEXT() REPRESENTATION_CONTEXT('2D SPACE',''
  ) );
#639 = PCURVE('',#73,#640);
#640 = DEFINITIONAL_REPRESENTATION('',(#641),#645);
#641 = LINE('',#642,#643);
#642 = CARTESIAN_POINT('',(0.,-0.));
#643 = VECTOR('',#644,1.);
#644 = DIRECTION('',(0.,1.));
#645 = ( GEOMETRIC_REPRESENTATION_CONTEXT(2) 
PARAMETRIC_REPRESENTATION_CONTEXT() REPRESENTATION_CONTEXT('2D SPACE',''
  ) );
#646 = ORIENTED_EDGE('',*,*,#647,.T.);
#647 = EDGE_CURVE('',#625,#625,#648,.T.);
#648 = SURFACE_CURVE('',#649,(#654,#661),.PCURVE_S1.);
#649 = CIRCLE('',#650,4.7);
#650 = AXIS2_PLACEMENT_3D('',#651,#652,#653);
#651 = CARTESIAN_POINT('',(-6.75000005,-5.44999995,13.0000001));
#652 = DIRECTION('',(0.,1.,-0.));
#653 = DIRECTION('',(-1.,0.,1.110223024625E-16));
#654 = PCURVE('',#73,#655);
#655 = DEFINITIONAL_REPRESENTATION('',(#656),#660);
#656 = LINE('',#657,#658);
#657 = CARTESIAN_POINT('',(0.,0.));
#658 = VECTOR('',#659,1.);
#659 = DIRECTION('',(1.,0.));
#660 = ( GEOMETRIC_REPRESENTATION_CONTEXT(2) 
PARAMETRIC_REPRESENTATION_CONTEXT() REPRESENTATION_CONTEXT('2D SPACE',''
  ) );
#661 = PCURVE('',#662,#667);
#662 = PLANE('',#663);
#663 = AXIS2_PLACEMENT_3D('',#664,#665,#666);
#664 = CARTESIAN_POINT('',(-6.75000005,-5.44999995,13.0000001));
#665 = DIRECTION('',(0.,1.,0.));
#666 = DIRECTION('',(-1.,0.,1.110223024625E-16));
#667 = DEFINITIONAL_REPRESENTATION('',(#668),#672);
#668 = CIRCLE('',#669,4.7);
#669 = AXIS2_PLACEMENT_2D('',#670,#671);
#670 = CARTESIAN_POINT('',(0.,0.));
#671 = DIRECTION('',(1.,0.));
#672 = ( GEOMETRIC_REPRESENTATION_CONTEXT(2) 
PARAMETRIC_REPRESENTATION_CONTEXT() REPRESENTATION_CONTEXT('2D SPACE',''
  ) );
#673 = ORIENTED_EDGE('',*,*,#624,.T.);
#674 = FACE_BOUND('',#675,.T.);
#675 = EDGE_LOOP('',(#676,#677,#678,#700));
#676 = ORIENTED_EDGE('',*,*,#56,.F.);
#677 = ORIENTED_EDGE('',*,*,#569,.T.);
#678 = ORIENTED_EDGE('',*,*,#679,.T.);
#679 = EDGE_CURVE('',#547,#143,#680,.T.);
#680 = SURFACE_CURVE('',#681,(#686,#693),.PCURVE_S1.);
#681 = CIRCLE('',#682,4.7);
#682 = AXIS2_PLACEMENT_3D('',#683,#684,#685);
#683 = CARTESIAN_POINT('',(-6.75000005,1.75000005,13.0000001));
#684 = DIRECTION('',(0.,1.,-0.));
#685 = DIRECTION('',(-1.,0.,1.110223024625E-16));
#686 = PCURVE('',#73,#687);
#687 = DEFINITIONAL_REPRESENTATION('',(#688),#692);
#688 = LINE('',#689,#690);
#689 = CARTESIAN_POINT('',(0.,7.2));
#690 = VECTOR('',#691,1.);
#691 = DIRECTION('',(1.,0.));
#692 = ( GEOMETRIC_REPRESENTATION_CONTEXT(2) 
PARAMETRIC_REPRESENTATION_CONTEXT() REPRESENTATION_CONTEXT('2D SPACE',''
  ) );
#693 = PCURVE('',#160,#694);
#694 = DEFINITIONAL_REPRESENTATION('',(#695),#699);
#695 = CIRCLE('',#696,4.7);
#696 = AXIS2_PLACEMENT_2D('',#697,#698);
#697 = CARTESIAN_POINT('',(2.,2.));
#698 = DIRECTION('',(1.,0.));
#699 = ( GEOMETRIC_REPRESENTATION_CONTEXT(2) 
PARAMETRIC_REPRESENTATION_CONTEXT() REPRESENTATION_CONTEXT('2D SPACE',''
  ) );
#700 = ORIENTED_EDGE('',*,*,#172,.F.);
#701 = FACE_BOUND('',#702,.T.);
#702 = EDGE_LOOP('',(#703,#734,#762,#791));
#703 = ORIENTED_EDGE('',*,*,#704,.F.);
#704 = EDGE_CURVE('',#705,#707,#709,.T.);
#705 = VERTEX_POINT('',#706);
#706 = CARTESIAN_POINT('',(-2.157615048718,-5.24999995,12.0000001));
#707 = VERTEX_POINT('',#708);
#708 = CARTESIAN_POINT('',(-6.75000005,-5.24999995,8.3000001));
#709 = SURFACE_CURVE('',#710,(#715,#722),.PCURVE_S1.);
#710 = CIRCLE('',#711,4.7);
#711 = AXIS2_PLACEMENT_3D('',#712,#713,#714);
#712 = CARTESIAN_POINT('',(-6.75000005,-5.24999995,13.0000001));
#713 = DIRECTION('',(0.,1.,-0.));
#714 = DIRECTION('',(-1.,0.,1.110223024625E-16));
#715 = PCURVE('',#73,#716);
#716 = DEFINITIONAL_REPRESENTATION('',(#717),#721);
#717 = LINE('',#718,#719);
#718 = CARTESIAN_POINT('',(0.,0.2));
#719 = VECTOR('',#720,1.);
#720 = DIRECTION('',(1.,0.));
#721 = ( GEOMETRIC_REPRESENTATION_CONTEXT(2) 
PARAMETRIC_REPRESENTATION_CONTEXT() REPRESENTATION_CONTEXT('2D SPACE',''
  ) );
#722 = PCURVE('',#723,#728);
#723 = PLANE('',#724);
#724 = AXIS2_PLACEMENT_3D('',#725,#726,#727);
#725 = CARTESIAN_POINT('',(5.24999995,-5.24999995,6.0000001));
#726 = DIRECTION('',(0.,1.,0.));
#727 = DIRECTION('',(-1.,0.,1.110223024625E-16));
#728 = DEFINITIONAL_REPRESENTATION('',(#729),#733);
#729 = CIRCLE('',#730,4.7);
#730 = AXIS2_PLACEMENT_2D('',#731,#732);
#731 = CARTESIAN_POINT('',(12.,7.));
#732 = DIRECTION('',(1.,0.));
#733 = ( GEOMETRIC_REPRESENTATION_CONTEXT(2) 
PARAMETRIC_REPRESENTATION_CONTEXT() REPRESENTATION_CONTEXT('2D SPACE',''
  ) );
#734 = ORIENTED_EDGE('',*,*,#735,.T.);
#735 = EDGE_CURVE('',#705,#736,#738,.T.);
#736 = VERTEX_POINT('',#737);
#737 = CARTESIAN_POINT('',(-2.157615048718,1.75000005,12.0000001));
#738 = SURFACE_CURVE('',#739,(#743,#750),.PCURVE_S1.);
#739 = LINE('',#740,#741);
#740 = CARTESIAN_POINT('',(-2.157615048718,-5.44999995,12.0000001));
#741 = VECTOR('',#742,1.);
#742 = DIRECTION('',(0.,1.,0.));
#743 = PCURVE('',#73,#744);
#744 = DEFINITIONAL_REPRESENTATION('',(#745),#749);
#745 = LINE('',#746,#747);
#746 = CARTESIAN_POINT('',(3.355997518324,0.));
#747 = VECTOR('',#748,1.);
#748 = DIRECTION('',(0.,1.));
#749 = ( GEOMETRIC_REPRESENTATION_CONTEXT(2) 
PARAMETRIC_REPRESENTATION_CONTEXT() REPRESENTATION_CONTEXT('2D SPACE',''
  ) );
#750 = PCURVE('',#751,#756);
#751 = PLANE('',#752);
#752 = AXIS2_PLACEMENT_3D('',#753,#754,#755);
#753 = CARTESIAN_POINT('',(5.24999995,-5.24999995,12.0000001));
#754 = DIRECTION('',(1.110223024625E-16,0.,1.));
#755 = DIRECTION('',(-1.,0.,1.110223024625E-16));
#756 = DEFINITIONAL_REPRESENTATION('',(#757),#761);
#757 = LINE('',#758,#759);
#758 = CARTESIAN_POINT('',(7.407614998718,0.2));
#759 = VECTOR('',#760,1.);
#760 = DIRECTION('',(0.,-1.));
#761 = ( GEOMETRIC_REPRESENTATION_CONTEXT(2) 
PARAMETRIC_REPRESENTATION_CONTEXT() REPRESENTATION_CONTEXT('2D SPACE',''
  ) );
#762 = ORIENTED_EDGE('',*,*,#763,.T.);
#763 = EDGE_CURVE('',#736,#764,#766,.T.);
#764 = VERTEX_POINT('',#765);
#765 = CARTESIAN_POINT('',(-6.75000005,1.75000005,8.3000001));
#766 = SURFACE_CURVE('',#767,(#772,#779),.PCURVE_S1.);
#767 = CIRCLE('',#768,4.7);
#768 = AXIS2_PLACEMENT_3D('',#769,#770,#771);
#769 = CARTESIAN_POINT('',(-6.75000005,1.75000005,13.0000001));
#770 = DIRECTION('',(0.,1.,-0.));
#771 = DIRECTION('',(-1.,0.,1.110223024625E-16));
#772 = PCURVE('',#73,#773);
#773 = DEFINITIONAL_REPRESENTATION('',(#774),#778);
#774 = LINE('',#775,#776);
#775 = CARTESIAN_POINT('',(0.,7.2));
#776 = VECTOR('',#777,1.);
#777 = DIRECTION('',(1.,0.));
#778 = ( GEOMETRIC_REPRESENTATION_CONTEXT(2) 
PARAMETRIC_REPRESENTATION_CONTEXT() REPRESENTATION_CONTEXT('2D SPACE',''
  ) );
#779 = PCURVE('',#780,#785);
#780 = PLANE('',#781);
#781 = AXIS2_PLACEMENT_3D('',#782,#783,#784);
#782 = CARTESIAN_POINT('',(5.24999995,1.75000005,6.0000001));
#783 = DIRECTION('',(0.,1.,0.));
#784 = DIRECTION('',(-1.,0.,1.110223024625E-16));
#785 = DEFINITIONAL_REPRESENTATION('',(#786),#790);
#786 = CIRCLE('',#787,4.7);
#787 = AXIS2_PLACEMENT_2D('',#788,#789);
#788 = CARTESIAN_POINT('',(12.,7.));
#789 = DIRECTION('',(1.,0.));
#790 = ( GEOMETRIC_REPRESENTATION_CONTEXT(2) 
PARAMETRIC_REPRESENTATION_CONTEXT() REPRESENTATION_CONTEXT('2D SPACE',''
  ) );
#791 = ORIENTED_EDGE('',*,*,#792,.F.);
#792 = EDGE_CURVE('',#707,#764,#793,.T.);
#793 = SURFACE_CURVE('',#794,(#798,#805),.PCURVE_S1.);
#794 = LINE('',#795,#796);
#795 = CARTESIAN_POINT('',(-6.75000005,-5.44999995,8.3000001));
#796 = VECTOR('',#797,1.);
#797 = DIRECTION('',(0.,1.,0.));
#798 = PCURVE('',#73,#799);
#799 = DEFINITIONAL_REPRESENTATION('',(#800),#804);
#800 = LINE('',#801,#802);
#801 = CARTESIAN_POINT('',(4.712388980385,0.));
#802 = VECTOR('',#803,1.);
#803 = DIRECTION('',(0.,1.));
#804 = ( GEOMETRIC_REPRESENTATION_CONTEXT(2) 
PARAMETRIC_REPRESENTATION_CONTEXT() REPRESENTATION_CONTEXT('2D SPACE',''
  ) );
#805 = PCURVE('',#806,#811);
#806 = PLANE('',#807);
#807 = AXIS2_PLACEMENT_3D('',#808,#809,#810);
#808 = CARTESIAN_POINT('',(-6.75000005,-5.24999995,6.0000001));
#809 = DIRECTION('',(-1.,0.,1.110223024625E-16));
#810 = DIRECTION('',(1.110223024625E-16,0.,1.));
#811 = DEFINITIONAL_REPRESENTATION('',(#812),#816);
#812 = LINE('',#813,#814);
#813 = CARTESIAN_POINT('',(2.3,-0.2));
#814 = VECTOR('',#815,1.);
#815 = DIRECTION('',(0.,1.));
#816 = ( GEOMETRIC_REPRESENTATION_CONTEXT(2) 
PARAMETRIC_REPRESENTATION_CONTEXT() REPRESENTATION_CONTEXT('2D SPACE',''
  ) );
#817 = ADVANCED_FACE('',(#818),#160,.T.);
#818 = FACE_BOUND('',#819,.T.);
#819 = EDGE_LOOP('',(#820,#821,#822,#823));
#820 = ORIENTED_EDGE('',*,*,#142,.F.);
#821 = ORIENTED_EDGE('',*,*,#679,.F.);
#822 = ORIENTED_EDGE('',*,*,#546,.T.);
#823 = ORIENTED_EDGE('',*,*,#498,.F.);
#824 = ADVANCED_FACE('',(#825,#828),#236,.T.);
#825 = FACE_BOUND('',#826,.T.);
#826 = EDGE_LOOP('',(#827));
#827 = ORIENTED_EDGE('',*,*,#219,.T.);
#828 = FACE_BOUND('',#829,.T.);
#829 = EDGE_LOOP('',(#830));
#830 = ORIENTED_EDGE('',*,*,#831,.F.);
#831 = EDGE_CURVE('',#832,#832,#834,.T.);
#832 = VERTEX_POINT('',#833);
#833 = CARTESIAN_POINT('',(-9.75000005,-1.74999995,30.0000001));
#834 = SURFACE_CURVE('',#835,(#840,#847),.PCURVE_S1.);
#835 = CIRCLE('',#836,3.);
#836 = AXIS2_PLACEMENT_3D('',#837,#838,#839);
#837 = CARTESIAN_POINT('',(-9.75000005,-1.74999995,27.0000001));
#838 = DIRECTION('',(-1.,0.,1.110223024625E-16));
#839 = DIRECTION('',(1.110223024625E-16,0.,1.));
#840 = PCURVE('',#236,#841);
#841 = DEFINITIONAL_REPRESENTATION('',(#842),#846);
#842 = CIRCLE('',#843,3.);
#843 = AXIS2_PLACEMENT_2D('',#844,#845);
#844 = CARTESIAN_POINT('',(0.,0.));
#845 = DIRECTION('',(1.,0.));
#846 = ( GEOMETRIC_REPRESENTATION_CONTEXT(2) 
PARAMETRIC_REPRESENTATION_CONTEXT() REPRESENTATION_CONTEXT('2D SPACE',''
  ) );
#847 = PCURVE('',#848,#853);
#848 = CYLINDRICAL_SURFACE('',#849,3.);
#849 = AXIS2_PLACEMENT_3D('',#850,#851,#852);
#850 = CARTESIAN_POINT('',(-2.75000005,-1.74999995,27.0000001));
#851 = DIRECTION('',(-1.,0.,1.110223024625E-16));
#852 = DIRECTION('',(1.110223024625E-16,0.,1.));
#853 = DEFINITIONAL_REPRESENTATION('',(#854),#858);
#854 = LINE('',#855,#856);
#855 = CARTESIAN_POINT('',(0.,7.));
#856 = VECTOR('',#857,1.);
#857 = DIRECTION('',(1.,0.));
#858 = ( GEOMETRIC_REPRESENTATION_CONTEXT(2) 
PARAMETRIC_REPRESENTATION_CONTEXT() REPRESENTATION_CONTEXT('2D SPACE',''
  ) );
#859 = ADVANCED_FACE('',(#860,#863),#286,.F.);
#860 = FACE_BOUND('',#861,.F.);
#861 = EDGE_LOOP('',(#862));
#862 = ORIENTED_EDGE('',*,*,#271,.T.);
#863 = FACE_BOUND('',#864,.F.);
#864 = EDGE_LOOP('',(#865));
#865 = ORIENTED_EDGE('',*,*,#866,.F.);
#866 = EDGE_CURVE('',#867,#867,#869,.T.);
#867 = VERTEX_POINT('',#868);
#868 = CARTESIAN_POINT('',(-3.75000005,-1.74999995,30.0000001));
#869 = SURFACE_CURVE('',#870,(#875,#882),.PCURVE_S1.);
#870 = CIRCLE('',#871,3.);
#871 = AXIS2_PLACEMENT_3D('',#872,#873,#874);
#872 = CARTESIAN_POINT('',(-3.75000005,-1.74999995,27.0000001));
#873 = DIRECTION('',(-1.,0.,1.110223024625E-16));
#874 = DIRECTION('',(1.110223024625E-16,0.,1.));
#875 = PCURVE('',#286,#876);
#876 = DEFINITIONAL_REPRESENTATION('',(#877),#881);
#877 = CIRCLE('',#878,3.);
#878 = AXIS2_PLACEMENT_2D('',#879,#880);
#879 = CARTESIAN_POINT('',(0.,0.));
#880 = DIRECTION('',(1.,0.));
#881 = ( GEOMETRIC_REPRESENTATION_CONTEXT(2) 
PARAMETRIC_REPRESENTATION_CONTEXT() REPRESENTATION_CONTEXT('2D SPACE',''
  ) );
#882 = PCURVE('',#848,#883);
#883 = DEFINITIONAL_REPRESENTATION('',(#884),#888);
#884 = LINE('',#885,#886);
#885 = CARTESIAN_POINT('',(0.,1.));
#886 = VECTOR('',#887,1.);
#887 = DIRECTION('',(1.,0.));
#888 = ( GEOMETRIC_REPRESENTATION_CONTEXT(2) 
PARAMETRIC_REPRESENTATION_CONTEXT() REPRESENTATION_CONTEXT('2D SPACE',''
  ) );
#889 = ADVANCED_FACE('',(#890),#427,.T.);
#890 = FACE_BOUND('',#891,.T.);
#891 = EDGE_LOOP('',(#892,#893,#916,#943));
#892 = ORIENTED_EDGE('',*,*,#301,.T.);
#893 = ORIENTED_EDGE('',*,*,#894,.T.);
#894 = EDGE_CURVE('',#302,#895,#897,.T.);
#895 = VERTEX_POINT('',#896);
#896 = CARTESIAN_POINT('',(-8.75000005,7.25000005,27.0000001));
#897 = SEAM_CURVE('',#898,(#902,#909),.PCURVE_S1.);
#898 = LINE('',#899,#900);
#899 = CARTESIAN_POINT('',(-8.75000005,4.25000005,27.0000001));
#900 = VECTOR('',#901,1.);
#901 = DIRECTION('',(0.,1.,0.));
#902 = PCURVE('',#427,#903);
#903 = DEFINITIONAL_REPRESENTATION('',(#904),#908);
#904 = LINE('',#905,#906);
#905 = CARTESIAN_POINT('',(0.,-0.));
#906 = VECTOR('',#907,1.);
#907 = DIRECTION('',(0.,1.));
#908 = ( GEOMETRIC_REPRESENTATION_CONTEXT(2) 
PARAMETRIC_REPRESENTATION_CONTEXT() REPRESENTATION_CONTEXT('2D SPACE',''
  ) );
#909 = PCURVE('',#427,#910);
#910 = DEFINITIONAL_REPRESENTATION('',(#911),#915);
#911 = LINE('',#912,#913);
#912 = CARTESIAN_POINT('',(6.28318530718,-0.));
#913 = VECTOR('',#914,1.);
#914 = DIRECTION('',(0.,1.));
#915 = ( GEOMETRIC_REPRESENTATION_CONTEXT(2) 
PARAMETRIC_REPRESENTATION_CONTEXT() REPRESENTATION_CONTEXT('2D SPACE',''
  ) );
#916 = ORIENTED_EDGE('',*,*,#917,.F.);
#917 = EDGE_CURVE('',#895,#895,#918,.T.);
#918 = SURFACE_CURVE('',#919,(#924,#931),.PCURVE_S1.);
#919 = CIRCLE('',#920,2.);
#920 = AXIS2_PLACEMENT_3D('',#921,#922,#923);
#921 = CARTESIAN_POINT('',(-6.75000005,7.25000005,27.0000001));
#922 = DIRECTION('',(0.,1.,-0.));
#923 = DIRECTION('',(-1.,0.,1.110223024625E-16));
#924 = PCURVE('',#427,#925);
#925 = DEFINITIONAL_REPRESENTATION('',(#926),#930);
#926 = LINE('',#927,#928);
#927 = CARTESIAN_POINT('',(0.,3.));
#928 = VECTOR('',#929,1.);
#929 = DIRECTION('',(1.,0.));
#930 = ( GEOMETRIC_REPRESENTATION_CONTEXT(2) 
PARAMETRIC_REPRESENTATION_CONTEXT() REPRESENTATION_CONTEXT('2D SPACE',''
  ) );
#931 = PCURVE('',#932,#937);
#932 = PLANE('',#933);
#933 = AXIS2_PLACEMENT_3D('',#934,#935,#936);
#934 = CARTESIAN_POINT('',(-6.75000005,7.25000005,27.0000001));
#935 = DIRECTION('',(0.,1.,0.));
#936 = DIRECTION('',(-1.,0.,1.110223024625E-16));
#937 = DEFINITIONAL_REPRESENTATION('',(#938),#942);
#938 = CIRCLE('',#939,2.);
#939 = AXIS2_PLACEMENT_2D('',#940,#941);
#940 = CARTESIAN_POINT('',(0.,0.));
#941 = DIRECTION('',(1.,0.));
#942 = ( GEOMETRIC_REPRESENTATION_CONTEXT(2) 
PARAMETRIC_REPRESENTATION_CONTEXT() REPRESENTATION_CONTEXT('2D SPACE',''
  ) );
#943 = ORIENTED_EDGE('',*,*,#894,.F.);
#944 = ADVANCED_FACE('',(#945,#948),#612,.T.);
#945 = FACE_BOUND('',#946,.T.);
#946 = EDGE_LOOP('',(#947));
#947 = ORIENTED_EDGE('',*,*,#595,.T.);
#948 = FACE_BOUND('',#949,.T.);
#949 = EDGE_LOOP('',(#950));
#950 = ORIENTED_EDGE('',*,*,#951,.F.);
#951 = EDGE_CURVE('',#952,#952,#954,.T.);
#952 = VERTEX_POINT('',#953);
#953 = CARTESIAN_POINT('',(-10.00000005,1.95000005,13.0000001));
#954 = SURFACE_CURVE('',#955,(#960,#967),.PCURVE_S1.);
#955 = CIRCLE('',#956,3.25);
#956 = AXIS2_PLACEMENT_3D('',#957,#958,#959);
#957 = CARTESIAN_POINT('',(-6.75000005,1.95000005,13.0000001));
#958 = DIRECTION('',(0.,1.,-0.));
#959 = DIRECTION('',(-1.,0.,1.110223024625E-16));
#960 = PCURVE('',#612,#961);
#961 = DEFINITIONAL_REPRESENTATION('',(#962),#966);
#962 = CIRCLE('',#963,3.25);
#963 = AXIS2_PLACEMENT_2D('',#964,#965);
#964 = CARTESIAN_POINT('',(0.,0.));
#965 = DIRECTION('',(1.,0.));
#966 = ( GEOMETRIC_REPRESENTATION_CONTEXT(2) 
PARAMETRIC_REPRESENTATION_CONTEXT() REPRESENTATION_CONTEXT('2D SPACE',''
  ) );
#967 = PCURVE('',#968,#973);
#968 = CYLINDRICAL_SURFACE('',#969,3.25);
#969 = AXIS2_PLACEMENT_3D('',#970,#971,#972);
#970 = CARTESIAN_POINT('',(-6.75000005,-5.74999995,13.0000001));
#971 = DIRECTION('',(0.,1.,0.));
#972 = DIRECTION('',(-1.,0.,1.110223024625E-16));
#973 = DEFINITIONAL_REPRESENTATION('',(#974),#978);
#974 = LINE('',#975,#976);
#975 = CARTESIAN_POINT('',(0.,7.7));
#976 = VECTOR('',#977,1.);
#977 = DIRECTION('',(1.,0.));
#978 = ( GEOMETRIC_REPRESENTATION_CONTEXT(2) 
PARAMETRIC_REPRESENTATION_CONTEXT() REPRESENTATION_CONTEXT('2D SPACE',''
  ) );
#979 = ADVANCED_FACE('',(#980,#983),#662,.F.);
#980 = FACE_BOUND('',#981,.F.);
#981 = EDGE_LOOP('',(#982));
#982 = ORIENTED_EDGE('',*,*,#647,.T.);
#983 = FACE_BOUND('',#984,.F.);
#984 = EDGE_LOOP('',(#985));
#985 = ORIENTED_EDGE('',*,*,#986,.F.);
#986 = EDGE_CURVE('',#987,#987,#989,.T.);
#987 = VERTEX_POINT('',#988);
#988 = CARTESIAN_POINT('',(-10.00000005,-5.44999995,13.0000001));
#989 = SURFACE_CURVE('',#990,(#995,#1002),.PCURVE_S1.);
#990 = CIRCLE('',#991,3.25);
#991 = AXIS2_PLACEMENT_3D('',#992,#993,#994);
#992 = CARTESIAN_POINT('',(-6.75000005,-5.44999995,13.0000001));
#993 = DIRECTION('',(0.,1.,-0.));
#994 = DIRECTION('',(-1.,0.,1.110223024625E-16));
#995 = PCURVE('',#662,#996);
#996 = DEFINITIONAL_REPRESENTATION('',(#997),#1001);
#997 = CIRCLE('',#998,3.25);
#998 = AXIS2_PLACEMENT_2D('',#999,#1000);
#999 = CARTESIAN_POINT('',(0.,0.));
#1000 = DIRECTION('',(1.,0.));
#1001 = ( GEOMETRIC_REPRESENTATION_CONTEXT(2) 
PARAMETRIC_REPRESENTATION_CONTEXT() REPRESENTATION_CONTEXT('2D SPACE',''
  ) );
#1002 = PCURVE('',#968,#1003);
#1003 = DEFINITIONAL_REPRESENTATION('',(#1004),#1008);
#1004 = LINE('',#1005,#1006);
#1005 = CARTESIAN_POINT('',(0.,0.3));
#1006 = VECTOR('',#1007,1.);
#1007 = DIRECTION('',(1.,0.));
#1008 = ( GEOMETRIC_REPRESENTATION_CONTEXT(2) 
PARAMETRIC_REPRESENTATION_CONTEXT() REPRESENTATION_CONTEXT('2D SPACE',''
  ) );
#1009 = ADVANCED_FACE('',(#1010),#723,.F.);
#1010 = FACE_BOUND('',#1011,.F.);
#1011 = EDGE_LOOP('',(#1012,#1035,#1063,#1091,#1112));
#1012 = ORIENTED_EDGE('',*,*,#1013,.F.);
#1013 = EDGE_CURVE('',#1014,#705,#1016,.T.);
#1014 = VERTEX_POINT('',#1015);
#1015 = CARTESIAN_POINT('',(0.13238331723,-5.24999995,12.0000001));
#1016 = SURFACE_CURVE('',#1017,(#1021,#1028),.PCURVE_S1.);
#1017 = LINE('',#1018,#1019);
#1018 = CARTESIAN_POINT('',(5.24999995,-5.24999995,12.0000001));
#1019 = VECTOR('',#1020,1.);
#1020 = DIRECTION('',(-1.,0.,1.110223024625E-16));
#1021 = PCURVE('',#723,#1022);
#1022 = DEFINITIONAL_REPRESENTATION('',(#1023),#1027);
#1023 = LINE('',#1024,#1025);
#1024 = CARTESIAN_POINT('',(6.661338147751E-16,6.));
#1025 = VECTOR('',#1026,1.);
#1026 = DIRECTION('',(1.,0.));
#1027 = ( GEOMETRIC_REPRESENTATION_CONTEXT(2) 
PARAMETRIC_REPRESENTATION_CONTEXT() REPRESENTATION_CONTEXT('2D SPACE',''
  ) );
#1028 = PCURVE('',#751,#1029);
#1029 = DEFINITIONAL_REPRESENTATION('',(#1030),#1034);
#1030 = LINE('',#1031,#1032);
#1031 = CARTESIAN_POINT('',(0.,0.));
#1032 = VECTOR('',#1033,1.);
#1033 = DIRECTION('',(1.,0.));
#1034 = ( GEOMETRIC_REPRESENTATION_CONTEXT(2) 
PARAMETRIC_REPRESENTATION_CONTEXT() REPRESENTATION_CONTEXT('2D SPACE',''
  ) );
#1035 = ORIENTED_EDGE('',*,*,#1036,.F.);
#1036 = EDGE_CURVE('',#1037,#1014,#1039,.T.);
#1037 = VERTEX_POINT('',#1038);
#1038 = CARTESIAN_POINT('',(0.13238331723,-5.24999995,6.0000001));
#1039 = SURFACE_CURVE('',#1040,(#1044,#1051),.PCURVE_S1.);
#1040 = LINE('',#1041,#1042);
#1041 = CARTESIAN_POINT('',(0.13238331723,-5.24999995,1.000000118268E-07
    ));
#1042 = VECTOR('',#1043,1.);
#1043 = DIRECTION('',(1.110223024625E-16,0.,1.));
#1044 = PCURVE('',#723,#1045);
#1045 = DEFINITIONAL_REPRESENTATION('',(#1046),#1050);
#1046 = LINE('',#1047,#1048);
#1047 = CARTESIAN_POINT('',(5.11761663277,-6.));
#1048 = VECTOR('',#1049,1.);
#1049 = DIRECTION('',(0.,1.));
#1050 = ( GEOMETRIC_REPRESENTATION_CONTEXT(2) 
PARAMETRIC_REPRESENTATION_CONTEXT() REPRESENTATION_CONTEXT('2D SPACE',''
  ) );
#1051 = PCURVE('',#1052,#1057);
#1052 = CYLINDRICAL_SURFACE('',#1053,6.2);
#1053 = AXIS2_PLACEMENT_3D('',#1054,#1055,#1056);
#1054 = CARTESIAN_POINT('',(5.24999995,-1.74999995,1.000000118268E-07));
#1055 = DIRECTION('',(1.110223024625E-16,0.,1.));
#1056 = DIRECTION('',(-1.,0.,1.110223024625E-16));
#1057 = DEFINITIONAL_REPRESENTATION('',(#1058),#1062);
#1058 = LINE('',#1059,#1060);
#1059 = CARTESIAN_POINT('',(0.599846925607,0.));
#1060 = VECTOR('',#1061,1.);
#1061 = DIRECTION('',(0.,1.));
#1062 = ( GEOMETRIC_REPRESENTATION_CONTEXT(2) 
PARAMETRIC_REPRESENTATION_CONTEXT() REPRESENTATION_CONTEXT('2D SPACE',''
  ) );
#1063 = ORIENTED_EDGE('',*,*,#1064,.T.);
#1064 = EDGE_CURVE('',#1037,#1065,#1067,.T.);
#1065 = VERTEX_POINT('',#1066);
#1066 = CARTESIAN_POINT('',(-6.75000005,-5.24999995,6.0000001));
#1067 = SURFACE_CURVE('',#1068,(#1072,#1079),.PCURVE_S1.);
#1068 = LINE('',#1069,#1070);
#1069 = CARTESIAN_POINT('',(5.24999995,-5.24999995,6.0000001));
#1070 = VECTOR('',#1071,1.);
#1071 = DIRECTION('',(-1.,0.,1.110223024625E-16));
#1072 = PCURVE('',#723,#1073);
#1073 = DEFINITIONAL_REPRESENTATION('',(#1074),#1078);
#1074 = LINE('',#1075,#1076);
#1075 = CARTESIAN_POINT('',(0.,0.));
#1076 = VECTOR('',#1077,1.);
#1077 = DIRECTION('',(1.,0.));
#1078 = ( GEOMETRIC_REPRESENTATION_CONTEXT(2) 
PARAMETRIC_REPRESENTATION_CONTEXT() REPRESENTATION_CONTEXT('2D SPACE',''
  ) );
#1079 = PCURVE('',#1080,#1085);
#1080 = PLANE('',#1081);
#1081 = AXIS2_PLACEMENT_3D('',#1082,#1083,#1084);
#1082 = CARTESIAN_POINT('',(5.24999995,-5.24999995,6.0000001));
#1083 = DIRECTION('',(1.110223024625E-16,0.,1.));
#1084 = DIRECTION('',(-1.,0.,1.110223024625E-16));
#1085 = DEFINITIONAL_REPRESENTATION('',(#1086),#1090);
#1086 = LINE('',#1087,#1088);
#1087 = CARTESIAN_POINT('',(0.,0.));
#1088 = VECTOR('',#1089,1.);
#1089 = DIRECTION('',(1.,0.));
#1090 = ( GEOMETRIC_REPRESENTATION_CONTEXT(2) 
PARAMETRIC_REPRESENTATION_CONTEXT() REPRESENTATION_CONTEXT('2D SPACE',''
  ) );
#1091 = ORIENTED_EDGE('',*,*,#1092,.T.);
#1092 = EDGE_CURVE('',#1065,#707,#1093,.T.);
#1093 = SURFACE_CURVE('',#1094,(#1098,#1105),.PCURVE_S1.);
#1094 = LINE('',#1095,#1096);
#1095 = CARTESIAN_POINT('',(-6.75000005,-5.24999995,6.0000001));
#1096 = VECTOR('',#1097,1.);
#1097 = DIRECTION('',(1.110223024625E-16,0.,1.));
#1098 = PCURVE('',#723,#1099);
#1099 = DEFINITIONAL_REPRESENTATION('',(#1100),#1104);
#1100 = LINE('',#1101,#1102);
#1101 = CARTESIAN_POINT('',(12.,4.440892098501E-16));
#1102 = VECTOR('',#1103,1.);
#1103 = DIRECTION('',(0.,1.));
#1104 = ( GEOMETRIC_REPRESENTATION_CONTEXT(2) 
PARAMETRIC_REPRESENTATION_CONTEXT() REPRESENTATION_CONTEXT('2D SPACE',''
  ) );
#1105 = PCURVE('',#806,#1106);
#1106 = DEFINITIONAL_REPRESENTATION('',(#1107),#1111);
#1107 = LINE('',#1108,#1109);
#1108 = CARTESIAN_POINT('',(0.,0.));
#1109 = VECTOR('',#1110,1.);
#1110 = DIRECTION('',(1.,0.));
#1111 = ( GEOMETRIC_REPRESENTATION_CONTEXT(2) 
PARAMETRIC_REPRESENTATION_CONTEXT() REPRESENTATION_CONTEXT('2D SPACE',''
  ) );
#1112 = ORIENTED_EDGE('',*,*,#704,.F.);
#1113 = ADVANCED_FACE('',(#1114),#806,.T.);
#1114 = FACE_BOUND('',#1115,.T.);
#1115 = EDGE_LOOP('',(#1116,#1139,#1160,#1161));
#1116 = ORIENTED_EDGE('',*,*,#1117,.F.);
#1117 = EDGE_CURVE('',#1118,#764,#1120,.T.);
#1118 = VERTEX_POINT('',#1119);
#1119 = CARTESIAN_POINT('',(-6.75000005,1.75000005,6.0000001));
#1120 = SURFACE_CURVE('',#1121,(#1125,#1132),.PCURVE_S1.);
#1121 = LINE('',#1122,#1123);
#1122 = CARTESIAN_POINT('',(-6.75000005,1.75000005,6.0000001));
#1123 = VECTOR('',#1124,1.);
#1124 = DIRECTION('',(1.110223024625E-16,0.,1.));
#1125 = PCURVE('',#806,#1126);
#1126 = DEFINITIONAL_REPRESENTATION('',(#1127),#1131);
#1127 = LINE('',#1128,#1129);
#1128 = CARTESIAN_POINT('',(0.,7.));
#1129 = VECTOR('',#1130,1.);
#1130 = DIRECTION('',(1.,0.));
#1131 = ( GEOMETRIC_REPRESENTATION_CONTEXT(2) 
PARAMETRIC_REPRESENTATION_CONTEXT() REPRESENTATION_CONTEXT('2D SPACE',''
  ) );
#1132 = PCURVE('',#780,#1133);
#1133 = DEFINITIONAL_REPRESENTATION('',(#1134),#1138);
#1134 = LINE('',#1135,#1136);
#1135 = CARTESIAN_POINT('',(12.,4.440892098501E-16));
#1136 = VECTOR('',#1137,1.);
#1137 = DIRECTION('',(0.,1.));
#1138 = ( GEOMETRIC_REPRESENTATION_CONTEXT(2) 
PARAMETRIC_REPRESENTATION_CONTEXT() REPRESENTATION_CONTEXT('2D SPACE',''
  ) );
#1139 = ORIENTED_EDGE('',*,*,#1140,.F.);
#1140 = EDGE_CURVE('',#1065,#1118,#1141,.T.);
#1141 = SURFACE_CURVE('',#1142,(#1146,#1153),.PCURVE_S1.);
#1142 = LINE('',#1143,#1144);
#1143 = CARTESIAN_POINT('',(-6.75000005,-5.24999995,6.0000001));
#1144 = VECTOR('',#1145,1.);
#1145 = DIRECTION('',(0.,1.,0.));
#1146 = PCURVE('',#806,#1147);
#1147 = DEFINITIONAL_REPRESENTATION('',(#1148),#1152);
#1148 = LINE('',#1149,#1150);
#1149 = CARTESIAN_POINT('',(0.,0.));
#1150 = VECTOR('',#1151,1.);
#1151 = DIRECTION('',(0.,1.));
#1152 = ( GEOMETRIC_REPRESENTATION_CONTEXT(2) 
PARAMETRIC_REPRESENTATION_CONTEXT() REPRESENTATION_CONTEXT('2D SPACE',''
  ) );
#1153 = PCURVE('',#1080,#1154);
#1154 = DEFINITIONAL_REPRESENTATION('',(#1155),#1159);
#1155 = LINE('',#1156,#1157);
#1156 = CARTESIAN_POINT('',(12.,0.));
#1157 = VECTOR('',#1158,1.);
#1158 = DIRECTION('',(0.,-1.));
#1159 = ( GEOMETRIC_REPRESENTATION_CONTEXT(2) 
PARAMETRIC_REPRESENTATION_CONTEXT() REPRESENTATION_CONTEXT('2D SPACE',''
  ) );
#1160 = ORIENTED_EDGE('',*,*,#1092,.T.);
#1161 = ORIENTED_EDGE('',*,*,#792,.T.);
#1162 = ADVANCED_FACE('',(#1163),#780,.T.);
#1163 = FACE_BOUND('',#1164,.T.);
#1164 = EDGE_LOOP('',(#1165,#1188,#1211,#1232,#1233));
#1165 = ORIENTED_EDGE('',*,*,#1166,.F.);
#1166 = EDGE_CURVE('',#1167,#736,#1169,.T.);
#1167 = VERTEX_POINT('',#1168);
#1168 = CARTESIAN_POINT('',(0.13238331723,1.75000005,12.0000001));
#1169 = SURFACE_CURVE('',#1170,(#1174,#1181),.PCURVE_S1.);
#1170 = LINE('',#1171,#1172);
#1171 = CARTESIAN_POINT('',(5.24999995,1.75000005,12.0000001));
#1172 = VECTOR('',#1173,1.);
#1173 = DIRECTION('',(-1.,0.,1.110223024625E-16));
#1174 = PCURVE('',#780,#1175);
#1175 = DEFINITIONAL_REPRESENTATION('',(#1176),#1180);
#1176 = LINE('',#1177,#1178);
#1177 = CARTESIAN_POINT('',(6.661338147751E-16,6.));
#1178 = VECTOR('',#1179,1.);
#1179 = DIRECTION('',(1.,0.));
#1180 = ( GEOMETRIC_REPRESENTATION_CONTEXT(2) 
PARAMETRIC_REPRESENTATION_CONTEXT() REPRESENTATION_CONTEXT('2D SPACE',''
  ) );
#1181 = PCURVE('',#751,#1182);
#1182 = DEFINITIONAL_REPRESENTATION('',(#1183),#1187);
#1183 = LINE('',#1184,#1185);
#1184 = CARTESIAN_POINT('',(0.,-7.));
#1185 = VECTOR('',#1186,1.);
#1186 = DIRECTION('',(1.,0.));
#1187 = ( GEOMETRIC_REPRESENTATION_CONTEXT(2) 
PARAMETRIC_REPRESENTATION_CONTEXT() REPRESENTATION_CONTEXT('2D SPACE',''
  ) );
#1188 = ORIENTED_EDGE('',*,*,#1189,.F.);
#1189 = EDGE_CURVE('',#1190,#1167,#1192,.T.);
#1190 = VERTEX_POINT('',#1191);
#1191 = CARTESIAN_POINT('',(0.13238331723,1.75000005,6.0000001));
#1192 = SURFACE_CURVE('',#1193,(#1197,#1204),.PCURVE_S1.);
#1193 = LINE('',#1194,#1195);
#1194 = CARTESIAN_POINT('',(0.13238331723,1.75000005,1.000000118268E-07)
  );
#1195 = VECTOR('',#1196,1.);
#1196 = DIRECTION('',(1.110223024625E-16,0.,1.));
#1197 = PCURVE('',#780,#1198);
#1198 = DEFINITIONAL_REPRESENTATION('',(#1199),#1203);
#1199 = LINE('',#1200,#1201);
#1200 = CARTESIAN_POINT('',(5.11761663277,-6.));
#1201 = VECTOR('',#1202,1.);
#1202 = DIRECTION('',(0.,1.));
#1203 = ( GEOMETRIC_REPRESENTATION_CONTEXT(2) 
PARAMETRIC_REPRESENTATION_CONTEXT() REPRESENTATION_CONTEXT('2D SPACE',''
  ) );
#1204 = PCURVE('',#1052,#1205);
#1205 = DEFINITIONAL_REPRESENTATION('',(#1206),#1210);
#1206 = LINE('',#1207,#1208);
#1207 = CARTESIAN_POINT('',(5.683338381572,0.));
#1208 = VECTOR('',#1209,1.);
#1209 = DIRECTION('',(0.,1.));
#1210 = ( GEOMETRIC_REPRESENTATION_CONTEXT(2) 
PARAMETRIC_REPRESENTATION_CONTEXT() REPRESENTATION_CONTEXT('2D SPACE',''
  ) );
#1211 = ORIENTED_EDGE('',*,*,#1212,.T.);
#1212 = EDGE_CURVE('',#1190,#1118,#1213,.T.);
#1213 = SURFACE_CURVE('',#1214,(#1218,#1225),.PCURVE_S1.);
#1214 = LINE('',#1215,#1216);
#1215 = CARTESIAN_POINT('',(5.24999995,1.75000005,6.0000001));
#1216 = VECTOR('',#1217,1.);
#1217 = DIRECTION('',(-1.,0.,1.110223024625E-16));
#1218 = PCURVE('',#780,#1219);
#1219 = DEFINITIONAL_REPRESENTATION('',(#1220),#1224);
#1220 = LINE('',#1221,#1222);
#1221 = CARTESIAN_POINT('',(0.,0.));
#1222 = VECTOR('',#1223,1.);
#1223 = DIRECTION('',(1.,0.));
#1224 = ( GEOMETRIC_REPRESENTATION_CONTEXT(2) 
PARAMETRIC_REPRESENTATION_CONTEXT() REPRESENTATION_CONTEXT('2D SPACE',''
  ) );
#1225 = PCURVE('',#1080,#1226);
#1226 = DEFINITIONAL_REPRESENTATION('',(#1227),#1231);
#1227 = LINE('',#1228,#1229);
#1228 = CARTESIAN_POINT('',(0.,-7.));
#1229 = VECTOR('',#1230,1.);
#1230 = DIRECTION('',(1.,0.));
#1231 = ( GEOMETRIC_REPRESENTATION_CONTEXT(2) 
PARAMETRIC_REPRESENTATION_CONTEXT() REPRESENTATION_CONTEXT('2D SPACE',''
  ) );
#1232 = ORIENTED_EDGE('',*,*,#1117,.T.);
#1233 = ORIENTED_EDGE('',*,*,#763,.F.);
#1234 = ADVANCED_FACE('',(#1235,#1262),#751,.T.);
#1235 = FACE_BOUND('',#1236,.T.);
#1236 = EDGE_LOOP('',(#1237,#1238,#1260,#1261));
#1237 = ORIENTED_EDGE('',*,*,#1013,.F.);
#1238 = ORIENTED_EDGE('',*,*,#1239,.T.);
#1239 = EDGE_CURVE('',#1014,#1167,#1240,.T.);
#1240 = SURFACE_CURVE('',#1241,(#1246,#1253),.PCURVE_S1.);
#1241 = CIRCLE('',#1242,6.2);
#1242 = AXIS2_PLACEMENT_3D('',#1243,#1244,#1245);
#1243 = CARTESIAN_POINT('',(5.24999995,-1.74999995,12.0000001));
#1244 = DIRECTION('',(1.110223024625E-16,0.,1.));
#1245 = DIRECTION('',(-1.,0.,1.110223024625E-16));
#1246 = PCURVE('',#751,#1247);
#1247 = DEFINITIONAL_REPRESENTATION('',(#1248),#1252);
#1248 = CIRCLE('',#1249,6.2);
#1249 = AXIS2_PLACEMENT_2D('',#1250,#1251);
#1250 = CARTESIAN_POINT('',(0.,-3.5));
#1251 = DIRECTION('',(1.,0.));
#1252 = ( GEOMETRIC_REPRESENTATION_CONTEXT(2) 
PARAMETRIC_REPRESENTATION_CONTEXT() REPRESENTATION_CONTEXT('2D SPACE',''
  ) );
#1253 = PCURVE('',#1052,#1254);
#1254 = DEFINITIONAL_REPRESENTATION('',(#1255),#1259);
#1255 = LINE('',#1256,#1257);
#1256 = CARTESIAN_POINT('',(0.,12.));
#1257 = VECTOR('',#1258,1.);
#1258 = DIRECTION('',(1.,0.));
#1259 = ( GEOMETRIC_REPRESENTATION_CONTEXT(2) 
PARAMETRIC_REPRESENTATION_CONTEXT() REPRESENTATION_CONTEXT('2D SPACE',''
  ) );
#1260 = ORIENTED_EDGE('',*,*,#1166,.T.);
#1261 = ORIENTED_EDGE('',*,*,#735,.F.);
#1262 = FACE_BOUND('',#1263,.T.);
#1263 = EDGE_LOOP('',(#1264,#1295,#1324,#1557,#1817));
#1264 = ORIENTED_EDGE('',*,*,#1265,.F.);
#1265 = EDGE_CURVE('',#1266,#1268,#1270,.T.);
#1266 = VERTEX_POINT('',#1267);
#1267 = CARTESIAN_POINT('',(8.74999995,-1.74999995,12.0000001));
#1268 = VERTEX_POINT('',#1269);
#1269 = CARTESIAN_POINT('',(8.681314683985,-1.060014950761,12.0000001));
#1270 = SURFACE_CURVE('',#1271,(#1276,#1283),.PCURVE_S1.);
#1271 = CIRCLE('',#1272,3.5);
#1272 = AXIS2_PLACEMENT_3D('',#1273,#1274,#1275);
#1273 = CARTESIAN_POINT('',(5.24999995,-1.74999995,12.0000001));
#1274 = DIRECTION('',(0.,0.,1.));
#1275 = DIRECTION('',(1.,0.,0.));
#1276 = PCURVE('',#751,#1277);
#1277 = DEFINITIONAL_REPRESENTATION('',(#1278),#1282);
#1278 = CIRCLE('',#1279,3.5);
#1279 = AXIS2_PLACEMENT_2D('',#1280,#1281);
#1280 = CARTESIAN_POINT('',(1.7763568394E-15,-3.5));
#1281 = DIRECTION('',(-1.,0.));
#1282 = ( GEOMETRIC_REPRESENTATION_CONTEXT(2) 
PARAMETRIC_REPRESENTATION_CONTEXT() REPRESENTATION_CONTEXT('2D SPACE',''
  ) );
#1283 = PCURVE('',#1284,#1289);
#1284 = CYLINDRICAL_SURFACE('',#1285,3.5);
#1285 = AXIS2_PLACEMENT_3D('',#1286,#1287,#1288);
#1286 = CARTESIAN_POINT('',(5.24999995,-1.74999995,-5.6499999));
#1287 = DIRECTION('',(0.,0.,1.));
#1288 = DIRECTION('',(1.,0.,0.));
#1289 = DEFINITIONAL_REPRESENTATION('',(#1290),#1294);
#1290 = LINE('',#1291,#1292);
#1291 = CARTESIAN_POINT('',(0.,17.65));
#1292 = VECTOR('',#1293,1.);
#1293 = DIRECTION('',(1.,0.));
#1294 = ( GEOMETRIC_REPRESENTATION_CONTEXT(2) 
PARAMETRIC_REPRESENTATION_CONTEXT() REPRESENTATION_CONTEXT('2D SPACE',''
  ) );
#1295 = ORIENTED_EDGE('',*,*,#1296,.F.);
#1296 = EDGE_CURVE('',#1297,#1266,#1299,.T.);
#1297 = VERTEX_POINT('',#1298);
#1298 = CARTESIAN_POINT('',(2.674980273872,-4.120500711717,12.0000001));
#1299 = SURFACE_CURVE('',#1300,(#1305,#1312),.PCURVE_S1.);
#1300 = CIRCLE('',#1301,3.5);
#1301 = AXIS2_PLACEMENT_3D('',#1302,#1303,#1304);
#1302 = CARTESIAN_POINT('',(5.24999995,-1.74999995,12.0000001));
#1303 = DIRECTION('',(0.,0.,1.));
#1304 = DIRECTION('',(1.,0.,0.));
#1305 = PCURVE('',#751,#1306);
#1306 = DEFINITIONAL_REPRESENTATION('',(#1307),#1311);
#1307 = CIRCLE('',#1308,3.5);
#1308 = AXIS2_PLACEMENT_2D('',#1309,#1310);
#1309 = CARTESIAN_POINT('',(1.7763568394E-15,-3.5));
#1310 = DIRECTION('',(-1.,0.));
#1311 = ( GEOMETRIC_REPRESENTATION_CONTEXT(2) 
PARAMETRIC_REPRESENTATION_CONTEXT() REPRESENTATION_CONTEXT('2D SPACE',''
  ) );
#1312 = PCURVE('',#1313,#1318);
#1313 = CYLINDRICAL_SURFACE('',#1314,3.5);
#1314 = AXIS2_PLACEMENT_3D('',#1315,#1316,#1317);
#1315 = CARTESIAN_POINT('',(5.24999995,-1.74999995,-5.6499999));
#1316 = DIRECTION('',(0.,0.,1.));
#1317 = DIRECTION('',(1.,0.,0.));
#1318 = DEFINITIONAL_REPRESENTATION('',(#1319),#1323);
#1319 = LINE('',#1320,#1321);
#1320 = CARTESIAN_POINT('',(0.,17.65));
#1321 = VECTOR('',#1322,1.);
#1322 = DIRECTION('',(1.,0.));
#1323 = ( GEOMETRIC_REPRESENTATION_CONTEXT(2) 
PARAMETRIC_REPRESENTATION_CONTEXT() REPRESENTATION_CONTEXT('2D SPACE',''
  ) );
#1324 = ORIENTED_EDGE('',*,*,#1325,.F.);
#1325 = EDGE_CURVE('',#1326,#1297,#1328,.T.);
#1326 = VERTEX_POINT('',#1327);
#1327 = CARTESIAN_POINT('',(1.160474693635,-0.421228321923,12.0000001));
#1328 = SURFACE_CURVE('',#1329,(#1348,#1370),.PCURVE_S1.);
#1329 = B_SPLINE_CURVE_WITH_KNOTS('',5,(#1330,#1331,#1332,#1333,#1334,
    #1335,#1336,#1337,#1338,#1339,#1340,#1341,#1342,#1343,#1344,#1345,
    #1346,#1347),.UNSPECIFIED.,.F.,.F.,(6,4,4,4,6),(0.,0.287542981609,
    0.561061479675,0.784736503263,1.),.UNSPECIFIED.);
#1330 = CARTESIAN_POINT('',(1.160474693635,-0.421228321923,12.0000001));
#1331 = CARTESIAN_POINT('',(1.126401469274,-0.662785052463,12.0000001));
#1332 = CARTESIAN_POINT('',(1.109738925393,-0.906552422007,12.0000001));
#1333 = CARTESIAN_POINT('',(1.110946892783,-1.150869719895,12.0000001));
#1334 = CARTESIAN_POINT('',(1.130269252399,-1.393957821221,12.0000001));
#1335 = CARTESIAN_POINT('',(1.203240974395,-1.862191834991,12.0000001));
#1336 = CARTESIAN_POINT('',(1.255171059517,-2.087640706973,12.0000001));
#1337 = CARTESIAN_POINT('',(1.323421758959,-2.308643880131,12.0000001));
#1338 = CARTESIAN_POINT('',(1.407729443874,-2.523519522056,12.0000001));
#1339 = CARTESIAN_POINT('',(1.589165030479,-2.899871022425,12.0000001));
#1340 = CARTESIAN_POINT('',(1.681158240315,-3.063945150846,12.0000001));
#1341 = CARTESIAN_POINT('',(1.783218147348,-3.2218482798,12.0000001));
#1342 = CARTESIAN_POINT('',(1.89491897657,-3.372651624463,12.0000001));
#1343 = CARTESIAN_POINT('',(2.131915913965,-3.652879337248,12.0000001));
#1344 = CARTESIAN_POINT('',(2.256544418507,-3.7828963466,12.0000001));
#1345 = CARTESIAN_POINT('',(2.389062143098,-3.904694548478,12.0000001));
#1346 = CARTESIAN_POINT('',(2.528841206455,-4.017500254275,12.0000001));
#1347 = CARTESIAN_POINT('',(2.675118486708,-4.120598097334,12.0000001));
#1348 = PCURVE('',#751,#1349);
#1349 = DEFINITIONAL_REPRESENTATION('',(#1350),#1369);
#1350 = B_SPLINE_CURVE_WITH_KNOTS('',5,(#1351,#1352,#1353,#1354,#1355,
    #1356,#1357,#1358,#1359,#1360,#1361,#1362,#1363,#1364,#1365,#1366,
    #1367,#1368),.UNSPECIFIED.,.F.,.F.,(6,4,4,4,6),(0.,0.287542981609,
    0.561061479675,0.784736503263,1.),.UNSPECIFIED.);
#1351 = CARTESIAN_POINT('',(4.089525256365,-4.828771628077));
#1352 = CARTESIAN_POINT('',(4.123598480726,-4.587214897537));
#1353 = CARTESIAN_POINT('',(4.140261024607,-4.343447527993));
#1354 = CARTESIAN_POINT('',(4.139053057217,-4.099130230105));
#1355 = CARTESIAN_POINT('',(4.119730697601,-3.856042128779));
#1356 = CARTESIAN_POINT('',(4.046758975605,-3.387808115009));
#1357 = CARTESIAN_POINT('',(3.994828890483,-3.162359243027));
#1358 = CARTESIAN_POINT('',(3.926578191041,-2.941356069869));
#1359 = CARTESIAN_POINT('',(3.842270506126,-2.726480427944));
#1360 = CARTESIAN_POINT('',(3.660834919521,-2.350128927575));
#1361 = CARTESIAN_POINT('',(3.568841709685,-2.186054799154));
#1362 = CARTESIAN_POINT('',(3.466781802652,-2.0281516702));
#1363 = CARTESIAN_POINT('',(3.35508097343,-1.877348325537));
#1364 = CARTESIAN_POINT('',(3.118084036035,-1.597120612752));
#1365 = CARTESIAN_POINT('',(2.993455531493,-1.4671036034));
#1366 = CARTESIAN_POINT('',(2.860937806902,-1.345305401522));
#1367 = CARTESIAN_POINT('',(2.721158743545,-1.232499695725));
#1368 = CARTESIAN_POINT('',(2.574881463292,-1.129401852666));
#1369 = ( GEOMETRIC_REPRESENTATION_CONTEXT(2) 
PARAMETRIC_REPRESENTATION_CONTEXT() REPRESENTATION_CONTEXT('2D SPACE',''
  ) );
#1370 = PCURVE('',#1371,#1536);
#1371 = B_SPLINE_SURFACE_WITH_KNOTS('',1,11,(
    (#1372,#1373,#1374,#1375,#1376,#1377,#1378,#1379,#1380,#1381,#1382
      ,#1383,#1384,#1385,#1386,#1387,#1388,#1389,#1390,#1391,#1392,#1393
      ,#1394,#1395,#1396,#1397,#1398,#1399,#1400,#1401,#1402,#1403,#1404
      ,#1405,#1406,#1407,#1408,#1409,#1410,#1411,#1412,#1413,#1414,#1415
      ,#1416,#1417,#1418,#1419,#1420,#1421,#1422,#1423,#1424,#1425,#1426
      ,#1427,#1428,#1429,#1430,#1431,#1432,#1433,#1434,#1435,#1436,#1437
      ,#1438,#1439,#1440,#1441,#1442,#1443,#1444,#1445,#1446,#1447,#1448
      ,#1449,#1450,#1451,#1452,#1453)
    ,(#1454,#1455,#1456,#1457,#1458,#1459,#1460,#1461,#1462,#1463,#1464
      ,#1465,#1466,#1467,#1468,#1469,#1470,#1471,#1472,#1473,#1474,#1475
      ,#1476,#1477,#1478,#1479,#1480,#1481,#1482,#1483,#1484,#1485,#1486
      ,#1487,#1488,#1489,#1490,#1491,#1492,#1493,#1494,#1495,#1496,#1497
      ,#1498,#1499,#1500,#1501,#1502,#1503,#1504,#1505,#1506,#1507,#1508
      ,#1509,#1510,#1511,#1512,#1513,#1514,#1515,#1516,#1517,#1518,#1519
      ,#1520,#1521,#1522,#1523,#1524,#1525,#1526,#1527,#1528,#1529,#1530
      ,#1531,#1532,#1533,#1534,#1535
    )),.UNSPECIFIED.,.F.,.F.,.F.,(2,2),(12,10,10,10,10,10,10,10,12),(0.,
    1.030776406404),(0.,7.41804369632,14.83608739264,22.25413108896,
    29.672174785281,37.090218481601,44.508262177921,51.926305874241,
    59.344349570561),.UNSPECIFIED.);
#1372 = CARTESIAN_POINT('',(8.59999995,-1.74999995,-5.2999999));
#1373 = CARTESIAN_POINT('',(8.600004455267,0.402703249082,
    -5.095455483086));
#1374 = CARTESIAN_POINT('',(7.079319503216,2.555628185956,
    -4.890904847379));
#1375 = CARTESIAN_POINT('',(4.028359995945,3.511914090069,
    -4.686374658878));
#1376 = CARTESIAN_POINT('',(0.549710464486,2.082441260832,
    -4.481798033736));
#1377 = CARTESIAN_POINT('',(-1.394348435874,-1.869276488553,
    -4.27729951467));
#1378 = CARTESIAN_POINT('',(0.467166722267,-6.364033872736,
    -4.072700495683));
#1379 = CARTESIAN_POINT('',(4.636495914822,-7.783450845216,
    -3.868201716842));
#1380 = CARTESIAN_POINT('',(8.106827093899,-6.334626492424,
    -3.663625508638));
#1381 = CARTESIAN_POINT('',(9.588089914232,-3.500990027642,
    -3.459094889411));
#1382 = CARTESIAN_POINT('',(9.140996346241,-0.903385596793,
    -3.254544589586));
#1383 = CARTESIAN_POINT('',(6.096619403293,2.141001554725,
    -2.845455346121));
#1384 = CARTESIAN_POINT('',(3.498986038739,2.588063856868,-2.6409050694)
  );
#1385 = CARTESIAN_POINT('',(0.665434048316,1.106904329553,
    -2.436374362947));
#1386 = CARTESIAN_POINT('',(-0.783550783213,-2.363660325646,
    -2.231798361654));
#1387 = CARTESIAN_POINT('',(0.636076472077,-6.532605945044,
    -2.027299211983));
#1388 = CARTESIAN_POINT('',(5.130641524872,-8.3945877117,-1.822700726901
    ));
#1389 = CARTESIAN_POINT('',(9.082480688759,-6.450107303986,
    -1.618201573286));
#1390 = CARTESIAN_POINT('',(10.511902526864,-2.971738403567,
    -1.413625578311));
#1391 = CARTESIAN_POINT('',(9.555629665103,7.935584824157E-02,
    -1.209094865349));
#1392 = CARTESIAN_POINT('',(7.402703149723,1.59999675038,-1.00454459369)
  );
#1393 = CARTESIAN_POINT('',(3.097296750596,1.600003949669,
    -0.595455344061));
#1394 = CARTESIAN_POINT('',(0.944371814561,7.932058486912E-02,
    -0.390905072731));
#1395 = CARTESIAN_POINT('',(-1.191409075019E-02,-2.971641212467,
    -0.186374358519));
#1396 = CARTESIAN_POINT('',(1.417558739918,-6.450287985718,
    1.820163345208E-02));
#1397 = CARTESIAN_POINT('',(5.369276487858,-8.394349674092,
    0.222700792526));
#1398 = CARTESIAN_POINT('',(9.864033873278,-6.532832155492,
    0.427299269656));
#1399 = CARTESIAN_POINT('',(11.283450844869,-2.36350461987,
    0.631798428854));
#1400 = CARTESIAN_POINT('',(9.834626492598,1.106827501948,0.836374420648
    ));
#1401 = CARTESIAN_POINT('',(7.00099002758,2.58808990784,1.040905135012)
  );
#1402 = CARTESIAN_POINT('',(4.403385596804,2.14099646439,1.245455406248)
  );
#1403 = CARTESIAN_POINT('',(1.358998445267,-0.90338050582,1.65454465597)
  );
#1404 = CARTESIAN_POINT('',(0.911936143149,-3.501013846508,
    1.859094927218));
#1405 = CARTESIAN_POINT('',(2.393095670424,-6.334565871319,
    2.063625641552));
#1406 = CARTESIAN_POINT('',(5.863660325668,-7.78355066149,2.268201633372
    ));
#1407 = CARTESIAN_POINT('',(10.03260594503,-6.363923447953,
    2.472700792602));
#1408 = CARTESIAN_POINT('',(11.894587711704,-1.869358359833,
    2.677299269595));
#1409 = CARTESIAN_POINT('',(9.950107303987,2.08248077926,2.881798428895)
  );
#1410 = CARTESIAN_POINT('',(6.471738403561,3.511902631479,3.086374420626
    ));
#1411 = CARTESIAN_POINT('',(3.420644151766,2.555629763507,3.290905135023
    ));
#1412 = CARTESIAN_POINT('',(1.900003249612,0.402703249996,3.495455406244
    ));
#1413 = CARTESIAN_POINT('',(1.89999605035,-3.902703149543,3.904544655978
    ));
#1414 = CARTESIAN_POINT('',(3.420679415044,-6.055628085191,
    4.109094927177));
#1415 = CARTESIAN_POINT('',(6.471641212662,-7.011913991117,
    4.313625641655));
#1416 = CARTESIAN_POINT('',(9.95028798542,-5.582441159662,4.518201633194
    ));
#1417 = CARTESIAN_POINT('',(11.894349674422,-1.63072341249,
    4.722700792828));
#1418 = CARTESIAN_POINT('',(10.032832155216,2.864033973456,4.92729926938
    ));
#1419 = CARTESIAN_POINT('',(5.863504620047,4.283450944843,5.131798429049
    ));
#1420 = CARTESIAN_POINT('',(2.39317249796,2.834626592562,5.336374420545)
  );
#1421 = CARTESIAN_POINT('',(0.9119100922,9.90127609847E-04,
    5.540905135051));
#1422 = CARTESIAN_POINT('',(1.359003535596,-2.596614303205,5.74545540624
    ));
#1423 = CARTESIAN_POINT('',(4.403380505838,-5.641001454724,
    6.154544655977));
#1424 = CARTESIAN_POINT('',(7.001013846427,-6.088063756875,6.35909492719
    ));
#1425 = CARTESIAN_POINT('',(9.834565871521,-4.606904229535,6.56362564161
    ));
#1426 = CARTESIAN_POINT('',(11.283550661143,-1.136339574388,
    6.768201633287));
#1427 = CARTESIAN_POINT('',(9.863923448402,3.032606045097,6.972700792686
    ));
#1428 = CARTESIAN_POINT('',(5.369358359367,4.894587811633,7.177299269548
    ));
#1429 = CARTESIAN_POINT('',(1.417519221152,2.950107404049,7.381798428892
    ));
#1430 = CARTESIAN_POINT('',(-1.190263180255E-02,-0.528261496476,
    7.586374420663));
#1431 = CARTESIAN_POINT('',(0.94437023672,-3.579355748222,7.790905134977
    ));
#1432 = CARTESIAN_POINT('',(3.097296749868,-5.099996650385,
    7.995455406278));
#1433 = CARTESIAN_POINT('',(7.402703149811,-5.100003849666,
    8.404544655906));
#1434 = CARTESIAN_POINT('',(9.555628083637,-3.579320484892,
    8.609094927598));
#1435 = CARTESIAN_POINT('',(10.51191399563,-0.528358687439,
    8.813625640447));
#1436 = CARTESIAN_POINT('',(9.08244115028,2.950288085466,9.018201635645)
  );
#1437 = CARTESIAN_POINT('',(5.130723427751,4.894349774581,9.222700788956
    ));
#1438 = CARTESIAN_POINT('',(0.635966006417,3.03283225477,9.427299274341)
  );
#1439 = CARTESIAN_POINT('',(-0.783450922977,-1.136495279292,
    9.631798423788));
#1440 = CARTESIAN_POINT('',(0.665373387733,-4.606827402736,
    9.836374425204));
#1441 = CARTESIAN_POINT('',(3.499009887117,-6.088089807235,
    10.040905131606));
#1442 = CARTESIAN_POINT('',(6.096614294159,-5.640996364772,
    10.245455408343));
#1443 = CARTESIAN_POINT('',(9.141001472704,-2.596619393407,
    10.654544651804));
#1444 = CARTESIAN_POINT('',(9.588063651527,1.013941962898E-03,
    10.859094951632));
#1445 = CARTESIAN_POINT('',(8.106904534531,2.834565984476,
    11.063625570861));
#1446 = CARTESIAN_POINT('',(4.636338946007,4.283550734405,
    11.268201779035));
#1447 = CARTESIAN_POINT('',(0.467394966969,2.863923591529,11.47270055797
    ));
#1448 = CARTESIAN_POINT('',(-1.394589136523,-1.630641597154,
    11.677299576788));
#1449 = CARTESIAN_POINT('',(0.549894031298,-5.582480617568,
    11.881798096057));
#1450 = CARTESIAN_POINT('',(4.028260201117,-7.01190258713,
    12.086374721027));
#1451 = CARTESIAN_POINT('',(7.079356720072,-6.055629621762,
    12.290904909631));
#1452 = CARTESIAN_POINT('',(8.599996050841,-3.902703175748,
    12.495455545296));
#1453 = CARTESIAN_POINT('',(8.600000547047,-1.749999937469,
    12.69999996222));
#1454 = CARTESIAN_POINT('',(9.54999995,-1.74999995,-4.8999999));
#1455 = CARTESIAN_POINT('',(9.550001679953,1.013183997115,
    -4.695448911419));
#1456 = CARTESIAN_POINT('',(7.59810707645,3.776554062664,-4.490931089742
    ));
#1457 = CARTESIAN_POINT('',(3.681833260972,5.004309779952,
    -4.286304216242));
#1458 = CARTESIAN_POINT('',(-0.782999894623,3.168856415595,
    -4.081925005066));
#1459 = CARTESIAN_POINT('',(-3.278884164695,-1.902581586219,
    -3.877129227534));
#1460 = CARTESIAN_POINT('',(-0.888811043354,-7.672982930654,
    -3.672869450678));
#1461 = CARTESIAN_POINT('',(4.462241766794,-9.494092926938,
    -3.468075058304));
#1462 = CARTESIAN_POINT('',(8.917126886969,-7.634903242386,
    -3.263693623853));
#1463 = CARTESIAN_POINT('',(10.818236425112,-3.997491911041,
    -3.059069047295));
#1464 = CARTESIAN_POINT('',(10.244424391642,-0.663307917153,
    -2.854549434346));
#1465 = CARTESIAN_POINT('',(6.336694025208,3.244426436726,
    -2.445449641887));
#1466 = CARTESIAN_POINT('',(3.002498928104,3.818226506855,
    -2.240929905666));
#1467 = CARTESIAN_POINT('',(-0.634879995303,1.917156741393,
    -2.03630579447));
#1468 = CARTESIAN_POINT('',(-2.494131362825,-2.537818114303,
    -1.831923256284));
#1469 = CARTESIAN_POINT('',(-0.672940776873,-7.888723479189,
    -1.627130841737));
#1470 = CARTESIAN_POINT('',(5.097386837113,-10.2789760896,
    -1.422868217616));
#1471 = CARTESIAN_POINT('',(10.168871244705,-7.782929868629,
    -1.21807582389));
#1472 = CARTESIAN_POINT('',(12.004305401272,-3.318204598036,
    -1.013693252276));
#1473 = CARTESIAN_POINT('',(10.776554491889,0.598120996517,
    -0.809069175628));
#1474 = CARTESIAN_POINT('',(8.013184041331,2.549998749362,
    -0.604549412454));
#1475 = CARTESIAN_POINT('',(2.486815930445,2.550001564308,
    -0.195449652881));
#1476 = CARTESIAN_POINT('',(-0.276553945241,0.598107526003,
    9.070112146274E-03));
#1477 = CARTESIAN_POINT('',(-1.504309936461,-3.318167104935,
    0.213694181793));
#1478 = CARTESIAN_POINT('',(0.331143757832,-7.782999278373,
    0.418076770018));
#1479 = CARTESIAN_POINT('',(5.402581426129,-10.27888454121,
    0.622869133982));
#1480 = CARTESIAN_POINT('',(11.172983052956,-7.888810579352,
    0.827131800934));
#1481 = CARTESIAN_POINT('',(12.994092850995,-2.537758359207,
    1.031924164593));
#1482 = CARTESIAN_POINT('',(11.134903279249,1.917127096659,
    1.236306753314));
#1483 = CARTESIAN_POINT('',(7.497491898309,3.818236487227,1.440930822442
    ));
#1484 = CARTESIAN_POINT('',(4.163307919325,3.244424498105,1.645450587876
    ));
#1485 = CARTESIAN_POINT('',(0.255573562182,-0.663305878037,
    2.054550346954));
#1486 = CARTESIAN_POINT('',(-0.318226505082,-3.997500966643,
    2.259070112411));
#1487 = CARTESIAN_POINT('',(1.582843256242,-7.634879902294,
    2.463694181448));
#1488 = CARTESIAN_POINT('',(6.037818116921,-9.494131255089,
    2.668076770388));
#1489 = CARTESIAN_POINT('',(11.388723476778,-7.672940684007,
    2.872869133653));
#1490 = CARTESIAN_POINT('',(13.778976091438,-1.902613057439,
    3.077131801177));
#1491 = CARTESIAN_POINT('',(11.282929867496,3.168871341322,
    3.281924164445));
#1492 = CARTESIAN_POINT('',(6.818204598581,5.004305502914,3.486306753388
    ));
#1493 = CARTESIAN_POINT('',(2.901879003297,3.776554591322,3.690930822411
    ));
#1494 = CARTESIAN_POINT('',(0.950001250668,1.013184141428,3.895450587886
    ));
#1495 = CARTESIAN_POINT('',(0.949998435683,-4.513183969605,
    4.304550346935));
#1496 = CARTESIAN_POINT('',(2.90189247399,-7.276553845151,4.509070112484
    ));
#1497 = CARTESIAN_POINT('',(6.818167104978,-8.504309836593,
    4.713694181297));
#1498 = CARTESIAN_POINT('',(11.282999278285,-6.668856142021,
    4.918076770611));
#1499 = CARTESIAN_POINT('',(13.778884541333,-1.597418473985,
    5.122869133397));
#1500 = CARTESIAN_POINT('',(11.388810579232,4.172983153005,
    5.327131801414));
#1501 = CARTESIAN_POINT('',(6.037758359299,5.994092950998,5.531924164265
    ));
#1502 = CARTESIAN_POINT('',(1.582872903287,4.134903379231,5.736306753495
    ));
#1503 = CARTESIAN_POINT('',(-0.318236487204,0.49749199832,5.940930822366
    ));
#1504 = CARTESIAN_POINT('',(0.255575501888,-2.836691980677,
    6.145450587893));
#1505 = CARTESIAN_POINT('',(4.163305878045,-6.744426337816,
    6.554550346943));
#1506 = CARTESIAN_POINT('',(7.497500966608,-7.318226405086,
    6.759070112427));
#1507 = CARTESIAN_POINT('',(11.134879902378,-5.417156643755,
    6.963694181453));
#1508 = CARTESIAN_POINT('',(12.994131254942,-0.962181783077,
    7.168076770318));
#1509 = CARTESIAN_POINT('',(11.172940684202,4.388723576768,
    7.372869133824));
#1510 = CARTESIAN_POINT('',(5.402613057231,6.778976191454,7.577131800904
    ));
#1511 = CARTESIAN_POINT('',(0.331128658865,4.282929967475,7.781924164778
    ));
#1512 = CARTESIAN_POINT('',(-1.504305503059,-0.181795301394,
    7.986306753059));
#1513 = CARTESIAN_POINT('',(-0.276554591223,-4.098120896726,
    8.190930822677));
#1514 = CARTESIAN_POINT('',(2.486815858515,-6.049998649314,
    8.395450587711));
#1515 = CARTESIAN_POINT('',(8.013183969716,-6.050001464355,
    8.804550347296));
#1516 = CARTESIAN_POINT('',(10.776553844508,-4.098107425795,
    9.009070110409));
#1517 = CARTESIAN_POINT('',(12.004309838463,-0.181832795617,
    9.213694187221));
#1518 = CARTESIAN_POINT('',(10.168856138133,4.28299937946,9.418076758538
    ));
#1519 = CARTESIAN_POINT('',(5.097418480308,6.778884639513,9.622869152681
    ));
#1520 = CARTESIAN_POINT('',(-0.672983161334,4.38881068153,9.827131776324
    ));
#1521 = CARTESIAN_POINT('',(-2.49409294196,-0.962241543118,
    10.031924191322));
#1522 = CARTESIAN_POINT('',(-0.634903387369,-5.417126994583,
    10.236306729167));
#1523 = CARTESIAN_POINT('',(3.002508007762,-7.318236388771,
    10.440930840559));
#1524 = CARTESIAN_POINT('',(6.336691976939,-6.74442439716,
    10.645450576705));
#1525 = CARTESIAN_POINT('',(10.244426345249,-2.836694023834,
    11.05455036918));
#1526 = CARTESIAN_POINT('',(10.818226361531,0.497501077599,
    11.259069982136));
#1527 = CARTESIAN_POINT('',(8.917156769854,4.134879970573,11.46369455866
    ));
#1528 = CARTESIAN_POINT('',(4.462181523275,5.994131420451,11.66807599317
    ));
#1529 = CARTESIAN_POINT('',(-0.888723158336,4.172940678717,
    11.872870385479));
#1530 = CARTESIAN_POINT('',(-3.278976739216,-1.597386704703,
    12.077130162388));
#1531 = CARTESIAN_POINT('',(-0.782929374051,-6.668871390696,
    12.281925939879));
#1532 = CARTESIAN_POINT('',(3.68179476585,-8.504305268093,
    12.486305151092));
#1533 = CARTESIAN_POINT('',(7.59812129852,-7.276554592479,
    12.690932024556));
#1534 = CARTESIAN_POINT('',(9.549998401444,-4.513183979021,
    12.895449846262));
#1535 = CARTESIAN_POINT('',(9.550000179633,-1.750000016829,
    13.100000834827));
#1536 = DEFINITIONAL_REPRESENTATION('',(#1537),#1556);
#1537 = B_SPLINE_CURVE_WITH_KNOTS('',5,(#1538,#1539,#1540,#1541,#1542,
    #1543,#1544,#1545,#1546,#1547,#1548,#1549,#1550,#1551,#1552,#1553,
    #1554,#1555),.UNSPECIFIED.,.F.,.F.,(6,4,4,4,6),(0.,0.287542981609,
    0.561061479675,0.784736503263,1.),.UNSPECIFIED.);
#1538 = CARTESIAN_POINT('',(1.030776406404,55.717749249235));
#1539 = CARTESIAN_POINT('',(0.984943878058,55.776386935264));
#1540 = CARTESIAN_POINT('',(0.938610980891,55.835664783901));
#1541 = CARTESIAN_POINT('',(0.891759111265,55.895606594839));
#1542 = CARTESIAN_POINT('',(0.844362880659,55.956244849421));
#1543 = CARTESIAN_POINT('',(0.750772616118,56.075983270158));
#1544 = CARTESIAN_POINT('',(0.704631460846,56.135015784391));
#1545 = CARTESIAN_POINT('',(0.65795463991,56.194733619849));
#1546 = CARTESIAN_POINT('',(0.610715422577,56.255170977552));
#1547 = CARTESIAN_POINT('',(0.523775738673,56.366400695066));
#1548 = CARTESIAN_POINT('',(0.484269570587,56.416944471341));
#1549 = CARTESIAN_POINT('',(0.444355212667,56.468010482703));
#1550 = CARTESIAN_POINT('',(0.404015228246,56.519621038541));
#1551 = CARTESIAN_POINT('',(0.32398266313,56.622013874066));
#1552 = CARTESIAN_POINT('',(0.284322230308,56.672755023895));
#1553 = CARTESIAN_POINT('',(0.244235604267,56.724041443828));
#1554 = CARTESIAN_POINT('',(0.203704018034,56.775897143865));
#1555 = CARTESIAN_POINT('',(0.16270838804,56.82834653821));
#1556 = ( GEOMETRIC_REPRESENTATION_CONTEXT(2) 
PARAMETRIC_REPRESENTATION_CONTEXT() REPRESENTATION_CONTEXT('2D SPACE',''
  ) );
#1557 = ORIENTED_EDGE('',*,*,#1558,.F.);
#1558 = EDGE_CURVE('',#1559,#1326,#1561,.T.);
#1559 = VERTEX_POINT('',#1560);
#1560 = CARTESIAN_POINT('',(6.578785624612,2.339539577453,12.0000001));
#1561 = SURFACE_CURVE('',#1562,(#1590,#1621),.PCURVE_S1.);
#1562 = B_SPLINE_CURVE_WITH_KNOTS('',6,(#1563,#1564,#1565,#1566,#1567,
    #1568,#1569,#1570,#1571,#1572,#1573,#1574,#1575,#1576,#1577,#1578,
    #1579,#1580,#1581,#1582,#1583,#1584,#1585,#1586,#1587,#1588,#1589),
  .UNSPECIFIED.,.F.,.F.,(7,5,5,5,5,7),(0.,0.397993446807,0.782986062272,
    0.803987439946,0.827989024962,1.),.UNSPECIFIED.);
#1563 = CARTESIAN_POINT('',(6.578785624612,2.339539577453,12.0000001));
#1564 = CARTESIAN_POINT('',(6.152707520717,2.477982596013,12.0000001));
#1565 = CARTESIAN_POINT('',(5.709172387974,2.563204302485,12.0000001));
#1566 = CARTESIAN_POINT('',(5.256821695846,2.592325890545,12.0000001));
#1567 = CARTESIAN_POINT('',(4.804381411598,2.564632703861,12.0000001));
#1568 = CARTESIAN_POINT('',(4.360580053872,2.480808837182,12.0000001));
#1569 = CARTESIAN_POINT('',(3.5214905923,2.211081445226,12.0000001));
#1570 = CARTESIAN_POINT('',(3.124826516204,2.02851687569,12.0000001));
#1571 = CARTESIAN_POINT('',(2.751924100061,1.798475628017,12.0000001));
#1572 = CARTESIAN_POINT('',(2.409602255,1.524996433298,12.0000001));
#1573 = CARTESIAN_POINT('',(2.103961008108,1.213138486283,12.0000001));
#1574 = CARTESIAN_POINT('',(1.825563779529,0.850710448931,12.0000001));
#1575 = CARTESIAN_POINT('',(1.811286447281,0.831867657889,12.0000001));
#1576 = CARTESIAN_POINT('',(1.797133580594,0.812930880969,12.0000001));
#1577 = CARTESIAN_POINT('',(1.783105951528,0.793901146764,12.0000001));
#1578 = CARTESIAN_POINT('',(1.769204320785,0.774779492284,12.0000001));
#1579 = CARTESIAN_POINT('',(1.739686707298,0.733609776966,12.0000001));
#1580 = CARTESIAN_POINT('',(1.724109524879,0.711533897013,12.0000001));
#1581 = CARTESIAN_POINT('',(1.708699009056,0.689340883697,12.0000001));
#1582 = CARTESIAN_POINT('',(1.693456258566,0.667032311281,12.0000001));
#1583 = CARTESIAN_POINT('',(1.678382352281,0.644609767701,12.0000001));
#1584 = CARTESIAN_POINT('',(1.55666656582,0.460575004526,12.0000001));
#1585 = CARTESIAN_POINT('',(1.458580012698,0.293301738299,12.0000001));
#1586 = CARTESIAN_POINT('',(1.369610966948,0.120848816575,12.0000001));
#1587 = CARTESIAN_POINT('',(1.290094727936,-5.616154802635E-02,
    12.0000001));
#1588 = CARTESIAN_POINT('',(1.220309236413,-0.237079495322,12.0000001));
#1589 = CARTESIAN_POINT('',(1.160474693635,-0.421228321923,12.0000001));
#1590 = PCURVE('',#751,#1591);
#1591 = DEFINITIONAL_REPRESENTATION('',(#1592),#1620);
#1592 = B_SPLINE_CURVE_WITH_KNOTS('',6,(#1593,#1594,#1595,#1596,#1597,
    #1598,#1599,#1600,#1601,#1602,#1603,#1604,#1605,#1606,#1607,#1608,
    #1609,#1610,#1611,#1612,#1613,#1614,#1615,#1616,#1617,#1618,#1619),
  .UNSPECIFIED.,.F.,.F.,(7,5,5,5,5,7),(0.,0.397993446807,0.782986062272,
    0.803987439946,0.827989024962,1.),.UNSPECIFIED.);
#1593 = CARTESIAN_POINT('',(-1.328785674612,-7.589539527453));
#1594 = CARTESIAN_POINT('',(-0.902707570717,-7.727982546013));
#1595 = CARTESIAN_POINT('',(-0.459172437974,-7.813204252485));
#1596 = CARTESIAN_POINT('',(-6.821745846226E-03,-7.842325840545));
#1597 = CARTESIAN_POINT('',(0.445618538402,-7.814632653861));
#1598 = CARTESIAN_POINT('',(0.889419896128,-7.730808787182));
#1599 = CARTESIAN_POINT('',(1.7285093577,-7.461081395226));
#1600 = CARTESIAN_POINT('',(2.125173433796,-7.27851682569));
#1601 = CARTESIAN_POINT('',(2.498075849939,-7.048475578017));
#1602 = CARTESIAN_POINT('',(2.840397695,-6.774996383298));
#1603 = CARTESIAN_POINT('',(3.146038941892,-6.463138436283));
#1604 = CARTESIAN_POINT('',(3.424436170471,-6.100710398931));
#1605 = CARTESIAN_POINT('',(3.438713502719,-6.081867607889));
#1606 = CARTESIAN_POINT('',(3.452866369406,-6.062930830969));
#1607 = CARTESIAN_POINT('',(3.466893998472,-6.043901096764));
#1608 = CARTESIAN_POINT('',(3.480795629215,-6.024779442284));
#1609 = CARTESIAN_POINT('',(3.510313242702,-5.983609726966));
#1610 = CARTESIAN_POINT('',(3.525890425121,-5.961533847013));
#1611 = CARTESIAN_POINT('',(3.541300940944,-5.939340833697));
#1612 = CARTESIAN_POINT('',(3.556543691434,-5.917032261281));
#1613 = CARTESIAN_POINT('',(3.571617597719,-5.894609717701));
#1614 = CARTESIAN_POINT('',(3.69333338418,-5.710574954526));
#1615 = CARTESIAN_POINT('',(3.791419937302,-5.543301688299));
#1616 = CARTESIAN_POINT('',(3.880388983052,-5.370848766575));
#1617 = CARTESIAN_POINT('',(3.959905222064,-5.193838401974));
#1618 = CARTESIAN_POINT('',(4.029690713587,-5.012920454678));
#1619 = CARTESIAN_POINT('',(4.089525256365,-4.828771628077));
#1620 = ( GEOMETRIC_REPRESENTATION_CONTEXT(2) 
PARAMETRIC_REPRESENTATION_CONTEXT() REPRESENTATION_CONTEXT('2D SPACE',''
  ) );
#1621 = PCURVE('',#1622,#1787);
#1622 = B_SPLINE_SURFACE_WITH_KNOTS('',1,11,(
    (#1623,#1624,#1625,#1626,#1627,#1628,#1629,#1630,#1631,#1632,#1633
      ,#1634,#1635,#1636,#1637,#1638,#1639,#1640,#1641,#1642,#1643,#1644
      ,#1645,#1646,#1647,#1648,#1649,#1650,#1651,#1652,#1653,#1654,#1655
      ,#1656,#1657,#1658,#1659,#1660,#1661,#1662,#1663,#1664,#1665,#1666
      ,#1667,#1668,#1669,#1670,#1671,#1672,#1673,#1674,#1675,#1676,#1677
      ,#1678,#1679,#1680,#1681,#1682,#1683,#1684,#1685,#1686,#1687,#1688
      ,#1689,#1690,#1691,#1692,#1693,#1694,#1695,#1696,#1697,#1698,#1699
      ,#1700,#1701,#1702,#1703,#1704)
    ,(#1705,#1706,#1707,#1708,#1709,#1710,#1711,#1712,#1713,#1714,#1715
      ,#1716,#1717,#1718,#1719,#1720,#1721,#1722,#1723,#1724,#1725,#1726
      ,#1727,#1728,#1729,#1730,#1731,#1732,#1733,#1734,#1735,#1736,#1737
      ,#1738,#1739,#1740,#1741,#1742,#1743,#1744,#1745,#1746,#1747,#1748
      ,#1749,#1750,#1751,#1752,#1753,#1754,#1755,#1756,#1757,#1758,#1759
      ,#1760,#1761,#1762,#1763,#1764,#1765,#1766,#1767,#1768,#1769,#1770
      ,#1771,#1772,#1773,#1774,#1775,#1776,#1777,#1778,#1779,#1780,#1781
      ,#1782,#1783,#1784,#1785,#1786
    )),.UNSPECIFIED.,.F.,.F.,.F.,(2,2),(12,10,10,10,10,10,10,10,12),(0.,
    0.5),(0.,7.41804369632,14.83608739264,22.25413108896,29.672174785281
    ,37.090218481601,44.508262177921,51.926305874241,59.344349570561),
  .UNSPECIFIED.);
#1623 = CARTESIAN_POINT('',(9.54999995,-1.74999995,-4.8999999));
#1624 = CARTESIAN_POINT('',(9.550001679953,1.013183997114,
    -4.695448911419));
#1625 = CARTESIAN_POINT('',(7.59810707645,3.776554062664,-4.490931089742
    ));
#1626 = CARTESIAN_POINT('',(3.681833260971,5.004309779951,
    -4.286304216242));
#1627 = CARTESIAN_POINT('',(-0.782999894623,3.168856415596,
    -4.081925005066));
#1628 = CARTESIAN_POINT('',(-3.278884164696,-1.90258158622,
    -3.877129227534));
#1629 = CARTESIAN_POINT('',(-0.888811043353,-7.672982930653,
    -3.672869450678));
#1630 = CARTESIAN_POINT('',(4.462241766793,-9.49409292694,
    -3.468075058304));
#1631 = CARTESIAN_POINT('',(8.91712688697,-7.634903242385,
    -3.263693623853));
#1632 = CARTESIAN_POINT('',(10.818236425112,-3.997491911041,
    -3.059069047295));
#1633 = CARTESIAN_POINT('',(10.244424391642,-0.663307917153,
    -2.854549434346));
#1634 = CARTESIAN_POINT('',(6.336694025208,3.244426436726,
    -2.445449641887));
#1635 = CARTESIAN_POINT('',(3.002498928104,3.818226506855,
    -2.240929905666));
#1636 = CARTESIAN_POINT('',(-0.634879995303,1.917156741393,
    -2.03630579447));
#1637 = CARTESIAN_POINT('',(-2.494131362825,-2.537818114303,
    -1.831923256284));
#1638 = CARTESIAN_POINT('',(-0.672940776873,-7.888723479189,
    -1.627130841737));
#1639 = CARTESIAN_POINT('',(5.097386837113,-10.2789760896,
    -1.422868217616));
#1640 = CARTESIAN_POINT('',(10.168871244704,-7.782929868629,
    -1.21807582389));
#1641 = CARTESIAN_POINT('',(12.004305401272,-3.318204598036,
    -1.013693252276));
#1642 = CARTESIAN_POINT('',(10.776554491889,0.598120996517,
    -0.809069175628));
#1643 = CARTESIAN_POINT('',(8.013184041331,2.549998749362,
    -0.604549412454));
#1644 = CARTESIAN_POINT('',(2.486815930445,2.550001564308,
    -0.195449652881));
#1645 = CARTESIAN_POINT('',(-0.276553945241,0.598107526003,
    9.070112146274E-03));
#1646 = CARTESIAN_POINT('',(-1.50430993646,-3.318167104935,
    0.213694181793));
#1647 = CARTESIAN_POINT('',(0.331143757831,-7.782999278373,
    0.418076770018));
#1648 = CARTESIAN_POINT('',(5.40258142613,-10.27888454121,0.622869133982
    ));
#1649 = CARTESIAN_POINT('',(11.172983052955,-7.888810579352,
    0.827131800934));
#1650 = CARTESIAN_POINT('',(12.994092850996,-2.537758359207,
    1.031924164593));
#1651 = CARTESIAN_POINT('',(11.134903279248,1.917127096659,
    1.236306753314));
#1652 = CARTESIAN_POINT('',(7.497491898309,3.818236487227,1.440930822442
    ));
#1653 = CARTESIAN_POINT('',(4.163307919325,3.244424498105,1.645450587876
    ));
#1654 = CARTESIAN_POINT('',(0.255573562182,-0.663305878037,
    2.054550346954));
#1655 = CARTESIAN_POINT('',(-0.318226505082,-3.997500966643,
    2.259070112411));
#1656 = CARTESIAN_POINT('',(1.582843256242,-7.634879902294,
    2.463694181448));
#1657 = CARTESIAN_POINT('',(6.037818116921,-9.494131255088,
    2.668076770388));
#1658 = CARTESIAN_POINT('',(11.388723476778,-7.672940684008,
    2.872869133653));
#1659 = CARTESIAN_POINT('',(13.778976091439,-1.902613057438,
    3.077131801177));
#1660 = CARTESIAN_POINT('',(11.282929867495,3.168871341321,
    3.281924164445));
#1661 = CARTESIAN_POINT('',(6.818204598582,5.004305502914,3.486306753388
    ));
#1662 = CARTESIAN_POINT('',(2.901879003297,3.776554591322,3.690930822411
    ));
#1663 = CARTESIAN_POINT('',(0.950001250668,1.013184141428,3.895450587886
    ));
#1664 = CARTESIAN_POINT('',(0.949998435683,-4.513183969605,
    4.304550346935));
#1665 = CARTESIAN_POINT('',(2.90189247399,-7.276553845151,4.509070112484
    ));
#1666 = CARTESIAN_POINT('',(6.818167104979,-8.504309836593,
    4.713694181297));
#1667 = CARTESIAN_POINT('',(11.282999278283,-6.668856142021,
    4.918076770611));
#1668 = CARTESIAN_POINT('',(13.778884541335,-1.597418473985,
    5.122869133397));
#1669 = CARTESIAN_POINT('',(11.38881057923,4.172983153006,5.327131801414
    ));
#1670 = CARTESIAN_POINT('',(6.0377583593,5.994092950997,5.531924164265)
  );
#1671 = CARTESIAN_POINT('',(1.582872903287,4.134903379231,5.736306753495
    ));
#1672 = CARTESIAN_POINT('',(-0.318236487203,0.497491998319,
    5.940930822366));
#1673 = CARTESIAN_POINT('',(0.255575501888,-2.836691980677,
    6.145450587893));
#1674 = CARTESIAN_POINT('',(4.163305878045,-6.744426337816,
    6.554550346943));
#1675 = CARTESIAN_POINT('',(7.497500966609,-7.318226405086,
    6.759070112427));
#1676 = CARTESIAN_POINT('',(11.134879902378,-5.417156643756,
    6.963694181453));
#1677 = CARTESIAN_POINT('',(12.994131254943,-0.962181783074,
    7.168076770318));
#1678 = CARTESIAN_POINT('',(11.172940684201,4.388723576765,
    7.372869133824));
#1679 = CARTESIAN_POINT('',(5.402613057232,6.778976191457,7.577131800904
    ));
#1680 = CARTESIAN_POINT('',(0.331128658865,4.282929967473,7.781924164778
    ));
#1681 = CARTESIAN_POINT('',(-1.504305503059,-0.181795301393,
    7.986306753059));
#1682 = CARTESIAN_POINT('',(-0.276554591223,-4.098120896726,
    8.190930822677));
#1683 = CARTESIAN_POINT('',(2.486815858515,-6.049998649314,
    8.395450587711));
#1684 = CARTESIAN_POINT('',(8.013183969716,-6.050001464355,
    8.804550347296));
#1685 = CARTESIAN_POINT('',(10.776553844508,-4.098107425796,
    9.009070110409));
#1686 = CARTESIAN_POINT('',(12.004309838463,-0.181832795616,
    9.213694187221));
#1687 = CARTESIAN_POINT('',(10.168856138132,4.282999379459,
    9.418076758538));
#1688 = CARTESIAN_POINT('',(5.097418480308,6.778884639516,9.622869152681
    ));
#1689 = CARTESIAN_POINT('',(-0.672983161335,4.388810681528,
    9.827131776324));
#1690 = CARTESIAN_POINT('',(-2.494092941959,-0.962241543116,
    10.031924191322));
#1691 = CARTESIAN_POINT('',(-0.634903387369,-5.417126994584,
    10.236306729167));
#1692 = CARTESIAN_POINT('',(3.002508007762,-7.31823638877,
    10.440930840559));
#1693 = CARTESIAN_POINT('',(6.336691976939,-6.74442439716,
    10.645450576705));
#1694 = CARTESIAN_POINT('',(10.244426345249,-2.836694023834,
    11.05455036918));
#1695 = CARTESIAN_POINT('',(10.818226361532,0.497501077599,
    11.259069982136));
#1696 = CARTESIAN_POINT('',(8.917156769853,4.134879970573,11.46369455866
    ));
#1697 = CARTESIAN_POINT('',(4.462181523276,5.994131420451,11.66807599317
    ));
#1698 = CARTESIAN_POINT('',(-0.888723158338,4.172940678718,
    11.872870385479));
#1699 = CARTESIAN_POINT('',(-3.278976739215,-1.597386704703,
    12.077130162388));
#1700 = CARTESIAN_POINT('',(-0.782929374052,-6.668871390695,
    12.281925939879));
#1701 = CARTESIAN_POINT('',(3.68179476585,-8.504305268094,
    12.486305151092));
#1702 = CARTESIAN_POINT('',(7.598121298519,-7.276554592479,
    12.690932024556));
#1703 = CARTESIAN_POINT('',(9.549998401444,-4.513183979021,
    12.895449846262));
#1704 = CARTESIAN_POINT('',(9.550000179633,-1.750000016829,
    13.100000834827));
#1705 = CARTESIAN_POINT('',(9.54999995,-1.74999995,-4.3999999));
#1706 = CARTESIAN_POINT('',(9.549998214746,1.013183864624,
    -4.195448911419));
#1707 = CARTESIAN_POINT('',(7.598121259042,3.776554360867,
    -3.990931089741));
#1708 = CARTESIAN_POINT('',(3.681794954515,5.004305031703,
    -3.786304216246));
#1709 = CARTESIAN_POINT('',(-0.782928975341,3.168871321903,
    -3.581925005051));
#1710 = CARTESIAN_POINT('',(-3.2789762862,-1.902613054788,
    -3.377129227568));
#1711 = CARTESIAN_POINT('',(-0.888722922494,-7.67294016679,
    -3.172869450632));
#1712 = CARTESIAN_POINT('',(4.462181444954,-9.494130894811,
    -2.968075058347));
#1713 = CARTESIAN_POINT('',(8.917156482567,-7.634879613205,
    -2.763693623826));
#1714 = CARTESIAN_POINT('',(10.818226029235,-3.997500944145,
    -2.559069047306));
#1715 = CARTESIAN_POINT('',(10.244426095419,-0.663306011819,
    -2.354549434344));
#1716 = CARTESIAN_POINT('',(6.33669199653,3.244424213552,-1.945449641888
    ));
#1717 = CARTESIAN_POINT('',(3.002508214311,3.818236226341,
    -1.740929905665));
#1718 = CARTESIAN_POINT('',(-0.634903016055,1.91712699019,
    -1.536305794475));
#1719 = CARTESIAN_POINT('',(-2.494092540726,-2.537758194413,
    -1.331923256268));
#1720 = CARTESIAN_POINT('',(-0.672982940328,-7.888810161703,
    -1.127130841771));
#1721 = CARTESIAN_POINT('',(5.097418355805,-10.27888408161,
    -0.92286821757));
#1722 = CARTESIAN_POINT('',(10.168855781748,-7.78299903375,
    -0.718075823932));
#1723 = CARTESIAN_POINT('',(12.004309453359,-3.318167125608,
    -0.513693252249));
#1724 = CARTESIAN_POINT('',(10.776553585873,0.598107314508,
    -0.309069175639));
#1725 = CARTESIAN_POINT('',(8.01318388898,2.550001291776,-0.104549412452
    ));
#1726 = CARTESIAN_POINT('',(2.486816072912,2.549998562621,0.304550347119
    ));
#1727 = CARTESIAN_POINT('',(-0.276554259612,0.598120957244,
    0.509070112147));
#1728 = CARTESIAN_POINT('',(-1.504305166668,-3.31820440994,
    0.713694181788));
#1729 = CARTESIAN_POINT('',(0.331128827658,-7.782929468759,
    0.918076770034));
#1730 = CARTESIAN_POINT('',(5.402612916723,-10.27897563844,
    1.122869133949));
#1731 = CARTESIAN_POINT('',(11.172940272266,-7.888723240916,
    1.327131800979));
#1732 = CARTESIAN_POINT('',(12.994130829319,-2.537818195253,
    1.531924164551));
#1733 = CARTESIAN_POINT('',(11.134879644992,1.917156456475,1.73630675334
    ));
#1734 = CARTESIAN_POINT('',(7.497500933167,3.818226172784,1.940930822431
    ));
#1735 = CARTESIAN_POINT('',(4.163306013691,3.24442618799,2.145450587877)
  );
#1736 = CARTESIAN_POINT('',(0.255575785508,-0.663307899739,
    2.554550346953));
#1737 = CARTESIAN_POINT('',(-0.318236224819,-3.997491691733,
    2.759070112412));
#1738 = CARTESIAN_POINT('',(1.582873007783,-7.634902908006,
    2.963694181442));
#1739 = CARTESIAN_POINT('',(6.037758196654,-9.494092449636,
    3.168076770407));
#1740 = CARTESIAN_POINT('',(11.388810159643,-7.672982832111,
    3.372869133616));
#1741 = CARTESIAN_POINT('',(13.778884083183,-1.902581550471,
    3.577131801227));
#1742 = CARTESIAN_POINT('',(11.282999032785,3.168855885646,
    3.781924164398));
#1743 = CARTESIAN_POINT('',(6.818167126075,5.004309551465,3.986306753417
    ));
#1744 = CARTESIAN_POINT('',(2.901892685329,3.776553686529,4.1909308224)
  );
#1745 = CARTESIAN_POINT('',(0.949998708255,1.013183988868,4.395450587888
    ));
#1746 = CARTESIAN_POINT('',(0.950001437359,-4.513183827032,
    4.804550346934));
#1747 = CARTESIAN_POINT('',(2.901879042807,-7.276554159709,
    5.009070112486));
#1748 = CARTESIAN_POINT('',(6.818204409853,-8.504305066527,
    5.213694181291));
#1749 = CARTESIAN_POINT('',(11.282929468866,-6.668871072503,
    5.418076770627));
#1750 = CARTESIAN_POINT('',(13.778975638355,-1.59738698314,
    5.622869133363));
#1751 = CARTESIAN_POINT('',(11.388723240969,4.172940372191,5.82713180146
    ));
#1752 = CARTESIAN_POINT('',(6.037818195234,5.994130929335,6.031924164222
    ));
#1753 = CARTESIAN_POINT('',(1.58284354353,4.134879745004,6.236306753522)
  );
#1754 = CARTESIAN_POINT('',(-0.318226172787,0.497501033155,
    6.440930822356));
#1755 = CARTESIAN_POINT('',(0.255573812013,-2.836693886305,
    6.645450587895));
#1756 = CARTESIAN_POINT('',(4.163307899734,-6.744424114496,
    7.054550346942));
#1757 = CARTESIAN_POINT('',(7.497491691756,-7.318236124805,
    7.259070112427));
#1758 = CARTESIAN_POINT('',(11.134902907947,-5.417126892245,
    7.46369418145));
#1759 = CARTESIAN_POINT('',(12.994092449736,-0.962241703301,
    7.66807677033));
#1760 = CARTESIAN_POINT('',(11.172982831984,4.388810259579,
    7.872869133796));
#1761 = CARTESIAN_POINT('',(5.4025815506,6.778884183256,8.077131800943)
  );
#1762 = CARTESIAN_POINT('',(0.331144114238,4.282999132716,8.281924164741
    ));
#1763 = CARTESIAN_POINT('',(-1.504309551367,-0.181832773873,
    8.486306753083));
#1764 = CARTESIAN_POINT('',(-0.276553686603,-4.098107214702,
    8.690930822667));
#1765 = CARTESIAN_POINT('',(2.48681601118,-6.050001191731,8.895450587713
    ));
#1766 = CARTESIAN_POINT('',(8.013183826936,-6.049998462664,
    9.304550347295));
#1767 = CARTESIAN_POINT('',(10.776554160269,-4.098120857047,
    9.509070110409));
#1768 = CARTESIAN_POINT('',(12.004305064903,-0.181795490606,
    9.713694187219));
#1769 = CARTESIAN_POINT('',(10.168871075876,4.282929569878,
    9.918076758549));
#1770 = CARTESIAN_POINT('',(5.097386977652,6.778975736634,
    10.122869152654));
#1771 = CARTESIAN_POINT('',(-0.672940364948,4.388723343308,
    10.327131776364));
#1772 = CARTESIAN_POINT('',(-2.494130937208,-0.962181707351,
    10.531924191283));
#1773 = CARTESIAN_POINT('',(-0.634879737906,-5.417156354119,
    10.736306729192));
#1774 = CARTESIAN_POINT('',(3.002498961541,-7.318226074552,
    10.940930840549));
#1775 = CARTESIAN_POINT('',(6.336693889561,-6.744426086898,
    11.145450576707));
#1776 = CARTESIAN_POINT('',(10.244424108028,-2.836692002435,
    11.554550369178));
#1777 = CARTESIAN_POINT('',(10.818236162695,0.497491804475,
    11.75906998214));
#1778 = CARTESIAN_POINT('',(8.917126782551,4.134902971119,
    11.963694558647));
#1779 = CARTESIAN_POINT('',(4.462241929302,5.994092625623,
    12.168075993198));
#1780 = CARTESIAN_POINT('',(-0.888810623578,4.172982809745,
    12.37287038543));
#1781 = CARTESIAN_POINT('',(-3.27888370674,-1.597418189358,
    12.577130162449));
#1782 = CARTESIAN_POINT('',(-0.782999648966,-6.668855959165,
    12.781925939825));
#1783 = CARTESIAN_POINT('',(3.681833239777,-8.504309294864,
    12.986305151127));
#1784 = CARTESIAN_POINT('',(7.598106865152,-7.276553704025,
    13.190932024542));
#1785 = CARTESIAN_POINT('',(9.550001407372,-4.51318381638,
    13.395449846265));
#1786 = CARTESIAN_POINT('',(9.549999720366,-1.75000001683,
    13.600000834827));
#1787 = DEFINITIONAL_REPRESENTATION('',(#1788),#1816);
#1788 = B_SPLINE_CURVE_WITH_KNOTS('',6,(#1789,#1790,#1791,#1792,#1793,
    #1794,#1795,#1796,#1797,#1798,#1799,#1800,#1801,#1802,#1803,#1804,
    #1805,#1806,#1807,#1808,#1809,#1810,#1811,#1812,#1813,#1814,#1815),
  .UNSPECIFIED.,.F.,.F.,(7,5,5,5,5,7),(0.,0.397993446807,0.782986062272,
    0.803987439946,0.827989024962,1.),.UNSPECIFIED.);
#1789 = CARTESIAN_POINT('',(0.5,54.069295150642));
#1790 = CARTESIAN_POINT('',(0.46683663495,54.178631773022));
#1791 = CARTESIAN_POINT('',(0.433662049149,54.288005365342));
#1792 = CARTESIAN_POINT('',(0.400500569071,54.397335715815));
#1793 = CARTESIAN_POINT('',(0.367338924227,54.506666581797));
#1794 = CARTESIAN_POINT('',(0.334163894719,54.61604156401));
#1795 = CARTESIAN_POINT('',(0.268919434787,54.831146472376));
#1796 = CARTESIAN_POINT('',(0.236829155406,54.936945135593));
#1797 = CARTESIAN_POINT('',(0.204750025032,55.04270705357));
#1798 = CARTESIAN_POINT('',(0.172670896147,55.148468987974));
#1799 = CARTESIAN_POINT('',(0.140580620132,55.25426769388));
#1800 = CARTESIAN_POINT('',(0.106749999575,55.365804171837));
#1801 = CARTESIAN_POINT('',(0.104999999353,55.37157376339));
#1802 = CARTESIAN_POINT('',(0.103249999281,55.37734335449));
#1803 = CARTESIAN_POINT('',(0.101499999359,55.38311294514));
#1804 = CARTESIAN_POINT('',(9.9749999584E-02,55.388882535342));
#1805 = CARTESIAN_POINT('',(9.599999950215E-02,55.401245944862));
#1806 = CARTESIAN_POINT('',(9.399999923441E-02,55.407839764063));
#1807 = CARTESIAN_POINT('',(9.199999914981E-02,55.414433582708));
#1808 = CARTESIAN_POINT('',(8.999999924551E-02,55.421027400807));
#1809 = CARTESIAN_POINT('',(8.799999951808E-02,55.427621218367));
#1810 = CARTESIAN_POINT('',(7.166670184097E-02,55.481470618587));
#1811 = CARTESIAN_POINT('',(5.733324073534E-02,55.528726741355));
#1812 = CARTESIAN_POINT('',(4.299998697224E-02,55.575982182097));
#1813 = CARTESIAN_POINT('',(2.866673637972E-02,55.623237613109));
#1814 = CARTESIAN_POINT('',(1.433328436646E-02,55.670493708023));
#1815 = CARTESIAN_POINT('',(0.,55.717749249235));
#1816 = ( GEOMETRIC_REPRESENTATION_CONTEXT(2) 
PARAMETRIC_REPRESENTATION_CONTEXT() REPRESENTATION_CONTEXT('2D SPACE',''
  ) );
#1817 = ORIENTED_EDGE('',*,*,#1818,.F.);
#1818 = EDGE_CURVE('',#1268,#1559,#1819,.T.);
#1819 = SURFACE_CURVE('',#1820,(#1839,#1861),.PCURVE_S1.);
#1820 = B_SPLINE_CURVE_WITH_KNOTS('',5,(#1821,#1822,#1823,#1824,#1825,
    #1826,#1827,#1828,#1829,#1830,#1831,#1832,#1833,#1834,#1835,#1836,
    #1837,#1838),.UNSPECIFIED.,.F.,.F.,(6,4,4,4,6),(0.,0.215261069743,
    0.438934196719,0.713494105261,1.),.UNSPECIFIED.);
#1821 = CARTESIAN_POINT('',(8.681310911156,-1.060275857262,12.0000001));
#1822 = CARTESIAN_POINT('',(8.683882021026,-0.881338653751,12.0000001));
#1823 = CARTESIAN_POINT('',(8.674781039114,-0.701952546749,12.0000001));
#1824 = CARTESIAN_POINT('',(8.654138021939,-0.523155176584,12.0000001));
#1825 = CARTESIAN_POINT('',(8.622209534571,-0.345909138823,12.0000001));
#1826 = CARTESIAN_POINT('',(8.53481045141,1.053498734092E-02,12.0000001)
  );
#1827 = CARTESIAN_POINT('',(8.478467972995,0.1895413329,12.0000001));
#1828 = CARTESIAN_POINT('',(8.410715175831,0.364921541988,12.0000001));
#1829 = CARTESIAN_POINT('',(8.332052989885,0.535785208947,12.0000001));
#1830 = CARTESIAN_POINT('',(8.133817751995,0.90455507881,12.0000001));
#1831 = CARTESIAN_POINT('',(8.009006392688,1.099773937567,12.0000001));
#1832 = CARTESIAN_POINT('',(7.869693540443,1.285527093752,12.0000001));
#1833 = CARTESIAN_POINT('',(7.717099242124,1.460599829257,12.0000001));
#1834 = CARTESIAN_POINT('',(7.380813806763,1.794501039445,12.0000001));
#1835 = CARTESIAN_POINT('',(7.196053667578,1.952296120995,12.0000001));
#1836 = CARTESIAN_POINT('',(6.999746633465,2.096253068762,12.0000001));
#1837 = CARTESIAN_POINT('',(6.793458490187,2.225533430544,12.0000001));
#1838 = CARTESIAN_POINT('',(6.578785624612,2.339539577453,12.0000001));
#1839 = PCURVE('',#751,#1840);
#1840 = DEFINITIONAL_REPRESENTATION('',(#1841),#1860);
#1841 = B_SPLINE_CURVE_WITH_KNOTS('',5,(#1842,#1843,#1844,#1845,#1846,
    #1847,#1848,#1849,#1850,#1851,#1852,#1853,#1854,#1855,#1856,#1857,
    #1858,#1859),.UNSPECIFIED.,.F.,.F.,(6,4,4,4,6),(0.,0.215261069743,
    0.438934196719,0.713494105261,1.),.UNSPECIFIED.);
#1842 = CARTESIAN_POINT('',(-3.431310961156,-4.189724092738));
#1843 = CARTESIAN_POINT('',(-3.433882071026,-4.368661296249));
#1844 = CARTESIAN_POINT('',(-3.424781089114,-4.548047403251));
#1845 = CARTESIAN_POINT('',(-3.404138071939,-4.726844773416));
#1846 = CARTESIAN_POINT('',(-3.372209584571,-4.904090811177));
#1847 = CARTESIAN_POINT('',(-3.28481050141,-5.260534937341));
#1848 = CARTESIAN_POINT('',(-3.228468022995,-5.4395412829));
#1849 = CARTESIAN_POINT('',(-3.160715225831,-5.614921491988));
#1850 = CARTESIAN_POINT('',(-3.082053039885,-5.785785158947));
#1851 = CARTESIAN_POINT('',(-2.883817801995,-6.15455502881));
#1852 = CARTESIAN_POINT('',(-2.759006442688,-6.349773887567));
#1853 = CARTESIAN_POINT('',(-2.619693590443,-6.535527043752));
#1854 = CARTESIAN_POINT('',(-2.467099292124,-6.710599779257));
#1855 = CARTESIAN_POINT('',(-2.130813856763,-7.044500989445));
#1856 = CARTESIAN_POINT('',(-1.946053717578,-7.202296070995));
#1857 = CARTESIAN_POINT('',(-1.749746683465,-7.346253018762));
#1858 = CARTESIAN_POINT('',(-1.543458540187,-7.475533380544));
#1859 = CARTESIAN_POINT('',(-1.328785674612,-7.589539527453));
#1860 = ( GEOMETRIC_REPRESENTATION_CONTEXT(2) 
PARAMETRIC_REPRESENTATION_CONTEXT() REPRESENTATION_CONTEXT('2D SPACE',''
  ) );
#1861 = PCURVE('',#1862,#2027);
#1862 = B_SPLINE_SURFACE_WITH_KNOTS('',1,11,(
    (#1863,#1864,#1865,#1866,#1867,#1868,#1869,#1870,#1871,#1872,#1873
      ,#1874,#1875,#1876,#1877,#1878,#1879,#1880,#1881,#1882,#1883,#1884
      ,#1885,#1886,#1887,#1888,#1889,#1890,#1891,#1892,#1893,#1894,#1895
      ,#1896,#1897,#1898,#1899,#1900,#1901,#1902,#1903,#1904,#1905,#1906
      ,#1907,#1908,#1909,#1910,#1911,#1912,#1913,#1914,#1915,#1916,#1917
      ,#1918,#1919,#1920,#1921,#1922,#1923,#1924,#1925,#1926,#1927,#1928
      ,#1929,#1930,#1931,#1932,#1933,#1934,#1935,#1936,#1937,#1938,#1939
      ,#1940,#1941,#1942,#1943,#1944)
    ,(#1945,#1946,#1947,#1948,#1949,#1950,#1951,#1952,#1953,#1954,#1955
      ,#1956,#1957,#1958,#1959,#1960,#1961,#1962,#1963,#1964,#1965,#1966
      ,#1967,#1968,#1969,#1970,#1971,#1972,#1973,#1974,#1975,#1976,#1977
      ,#1978,#1979,#1980,#1981,#1982,#1983,#1984,#1985,#1986,#1987,#1988
      ,#1989,#1990,#1991,#1992,#1993,#1994,#1995,#1996,#1997,#1998,#1999
      ,#2000,#2001,#2002,#2003,#2004,#2005,#2006,#2007,#2008,#2009,#2010
      ,#2011,#2012,#2013,#2014,#2015,#2016,#2017,#2018,#2019,#2020,#2021
      ,#2022,#2023,#2024,#2025,#2026
    )),.UNSPECIFIED.,.F.,.F.,.F.,(2,2),(12,10,10,10,10,10,10,10,12),(0.,
    1.030776406404),(0.,7.41804369632,14.83608739264,22.25413108896,
    29.672174785281,37.090218481601,44.508262177921,51.926305874241,
    59.344349570561),.UNSPECIFIED.);
#1863 = CARTESIAN_POINT('',(9.54999995,-1.74999995,-4.3999999));
#1864 = CARTESIAN_POINT('',(9.549998214746,1.013183864624,
    -4.195448911419));
#1865 = CARTESIAN_POINT('',(7.598121259042,3.776554360867,
    -3.990931089741));
#1866 = CARTESIAN_POINT('',(3.681794954515,5.004305031701,
    -3.786304216246));
#1867 = CARTESIAN_POINT('',(-0.78292897534,3.168871321905,
    -3.581925005051));
#1868 = CARTESIAN_POINT('',(-3.278976286201,-1.902613054791,
    -3.377129227568));
#1869 = CARTESIAN_POINT('',(-0.888722922493,-7.672940166787,
    -3.172869450632));
#1870 = CARTESIAN_POINT('',(4.462181444953,-9.494130894813,
    -2.968075058347));
#1871 = CARTESIAN_POINT('',(8.917156482567,-7.634879613204,
    -2.763693623826));
#1872 = CARTESIAN_POINT('',(10.818226029234,-3.997500944145,
    -2.559069047306));
#1873 = CARTESIAN_POINT('',(10.244426095419,-0.663306011819,
    -2.354549434344));
#1874 = CARTESIAN_POINT('',(6.33669199653,3.244424213552,-1.945449641888
    ));
#1875 = CARTESIAN_POINT('',(3.002508214312,3.81823622634,-1.740929905665
    ));
#1876 = CARTESIAN_POINT('',(-0.634903016056,1.917126990192,
    -1.536305794475));
#1877 = CARTESIAN_POINT('',(-2.494092540724,-2.537758194415,
    -1.331923256268));
#1878 = CARTESIAN_POINT('',(-0.67298294033,-7.888810161699,
    -1.127130841771));
#1879 = CARTESIAN_POINT('',(5.097418355807,-10.27888408162,
    -0.92286821757));
#1880 = CARTESIAN_POINT('',(10.168855781746,-7.782999033747,
    -0.718075823932));
#1881 = CARTESIAN_POINT('',(12.00430945336,-3.31816712561,
    -0.513693252249));
#1882 = CARTESIAN_POINT('',(10.776553585873,0.598107314509,
    -0.309069175639));
#1883 = CARTESIAN_POINT('',(8.01318388898,2.550001291775,-0.104549412452
    ));
#1884 = CARTESIAN_POINT('',(2.486816072912,2.549998562621,0.304550347119
    ));
#1885 = CARTESIAN_POINT('',(-0.276554259612,0.598120957244,
    0.509070112147));
#1886 = CARTESIAN_POINT('',(-1.504305166668,-3.31820440994,
    0.713694181788));
#1887 = CARTESIAN_POINT('',(0.331128827658,-7.782929468758,
    0.918076770034));
#1888 = CARTESIAN_POINT('',(5.402612916723,-10.27897563844,
    1.122869133949));
#1889 = CARTESIAN_POINT('',(11.172940272266,-7.888723240915,
    1.327131800979));
#1890 = CARTESIAN_POINT('',(12.994130829319,-2.537818195254,
    1.531924164551));
#1891 = CARTESIAN_POINT('',(11.134879644992,1.917156456476,1.73630675334
    ));
#1892 = CARTESIAN_POINT('',(7.497500933167,3.818226172784,1.940930822431
    ));
#1893 = CARTESIAN_POINT('',(4.163306013691,3.24442618799,2.145450587877)
  );
#1894 = CARTESIAN_POINT('',(0.255575785508,-0.663307899739,
    2.554550346953));
#1895 = CARTESIAN_POINT('',(-0.318236224818,-3.997491691733,
    2.759070112412));
#1896 = CARTESIAN_POINT('',(1.582873007782,-7.634902908006,
    2.963694181442));
#1897 = CARTESIAN_POINT('',(6.037758196655,-9.494092449637,
    3.168076770407));
#1898 = CARTESIAN_POINT('',(11.388810159641,-7.67298283211,
    3.372869133616));
#1899 = CARTESIAN_POINT('',(13.778884083184,-1.902581550472,
    3.577131801227));
#1900 = CARTESIAN_POINT('',(11.282999032784,3.168855885647,
    3.781924164398));
#1901 = CARTESIAN_POINT('',(6.818167126076,5.004309551464,3.986306753417
    ));
#1902 = CARTESIAN_POINT('',(2.901892685328,3.776553686529,4.1909308224)
  );
#1903 = CARTESIAN_POINT('',(0.949998708255,1.013183988868,4.395450587888
    ));
#1904 = CARTESIAN_POINT('',(0.950001437359,-4.513183827032,
    4.804550346934));
#1905 = CARTESIAN_POINT('',(2.901879042807,-7.276554159709,
    5.009070112486));
#1906 = CARTESIAN_POINT('',(6.818204409853,-8.504305066527,
    5.213694181291));
#1907 = CARTESIAN_POINT('',(11.282929468866,-6.668871072503,
    5.418076770627));
#1908 = CARTESIAN_POINT('',(13.778975638355,-1.597386983141,
    5.622869133363));
#1909 = CARTESIAN_POINT('',(11.38872324097,4.172940372191,5.82713180146)
  );
#1910 = CARTESIAN_POINT('',(6.037818195234,5.994130929335,6.031924164222
    ));
#1911 = CARTESIAN_POINT('',(1.58284354353,4.134879745004,6.236306753522)
  );
#1912 = CARTESIAN_POINT('',(-0.318226172787,0.497501033155,
    6.440930822356));
#1913 = CARTESIAN_POINT('',(0.255573812013,-2.836693886305,
    6.645450587895));
#1914 = CARTESIAN_POINT('',(4.163307899734,-6.744424114496,
    7.054550346942));
#1915 = CARTESIAN_POINT('',(7.497491691756,-7.318236124805,
    7.259070112427));
#1916 = CARTESIAN_POINT('',(11.134902907947,-5.417126892244,
    7.46369418145));
#1917 = CARTESIAN_POINT('',(12.994092449736,-0.962241703302,
    7.66807677033));
#1918 = CARTESIAN_POINT('',(11.172982831985,4.38881025958,7.872869133796
    ));
#1919 = CARTESIAN_POINT('',(5.402581550599,6.778884183255,8.077131800943
    ));
#1920 = CARTESIAN_POINT('',(0.331144114238,4.282999132717,8.281924164741
    ));
#1921 = CARTESIAN_POINT('',(-1.504309551367,-0.181832773873,
    8.486306753083));
#1922 = CARTESIAN_POINT('',(-0.276553686603,-4.098107214702,
    8.690930822667));
#1923 = CARTESIAN_POINT('',(2.48681601118,-6.050001191731,8.895450587713
    ));
#1924 = CARTESIAN_POINT('',(8.013183826936,-6.049998462664,
    9.304550347295));
#1925 = CARTESIAN_POINT('',(10.776554160269,-4.098120857046,
    9.509070110409));
#1926 = CARTESIAN_POINT('',(12.004305064903,-0.181795490606,
    9.713694187219));
#1927 = CARTESIAN_POINT('',(10.168871075876,4.282929569879,
    9.918076758549));
#1928 = CARTESIAN_POINT('',(5.097386977652,6.778975736632,
    10.122869152654));
#1929 = CARTESIAN_POINT('',(-0.672940364948,4.388723343309,
    10.327131776364));
#1930 = CARTESIAN_POINT('',(-2.494130937208,-0.962181707352,
    10.531924191283));
#1931 = CARTESIAN_POINT('',(-0.634879737906,-5.417156354119,
    10.736306729192));
#1932 = CARTESIAN_POINT('',(3.002498961541,-7.318226074553,
    10.940930840549));
#1933 = CARTESIAN_POINT('',(6.336693889561,-6.744426086898,
    11.145450576707));
#1934 = CARTESIAN_POINT('',(10.244424108028,-2.836692002435,
    11.554550369178));
#1935 = CARTESIAN_POINT('',(10.818236162695,0.497491804475,
    11.75906998214));
#1936 = CARTESIAN_POINT('',(8.91712678255,4.134902971119,11.963694558647
    ));
#1937 = CARTESIAN_POINT('',(4.462241929304,5.994092625623,
    12.168075993198));
#1938 = CARTESIAN_POINT('',(-0.888810623581,4.172982809746,
    12.37287038543));
#1939 = CARTESIAN_POINT('',(-3.278883706738,-1.597418189359,
    12.577130162449));
#1940 = CARTESIAN_POINT('',(-0.782999648967,-6.668855959164,
    12.781925939825));
#1941 = CARTESIAN_POINT('',(3.681833239778,-8.504309294865,
    12.986305151127));
#1942 = CARTESIAN_POINT('',(7.598106865152,-7.276553704025,
    13.190932024542));
#1943 = CARTESIAN_POINT('',(9.550001407372,-4.51318381638,
    13.395449846265));
#1944 = CARTESIAN_POINT('',(9.549999720366,-1.75000001683,
    13.600000834827));
#1945 = CARTESIAN_POINT('',(8.59999995,-1.74999995,-3.9999999));
#1946 = CARTESIAN_POINT('',(8.599995445727,0.402702904607,
    -3.795455483086));
#1947 = CARTESIAN_POINT('',(7.079356377955,2.555628961283,
    -3.590904847379));
#1948 = CARTESIAN_POINT('',(4.028260399156,3.511901744622,
    -3.386374658888));
#1949 = CARTESIAN_POINT('',(0.549894854626,2.082480017233,
    -3.181798033696));
#1950 = CARTESIAN_POINT('',(-1.394587951792,-1.869358306834,
    -2.977299514755));
#1951 = CARTESIAN_POINT('',(0.467395836507,-6.363922686688,
    -2.772700495566));
#1952 = CARTESIAN_POINT('',(4.636339078034,-7.783549561685,
    -2.568201716953));
#1953 = CARTESIAN_POINT('',(8.106904042456,-6.334565056554,
    -2.363625508568));
#1954 = CARTESIAN_POINT('',(9.588062884951,-3.501013513712,
    -2.159094889438));
#1955 = CARTESIAN_POINT('',(9.14100077606,-0.903380642923,
    -1.954544589581));
#1956 = CARTESIAN_POINT('',(6.096614128731,2.140995774472,
    -1.545455346123));
#1957 = CARTESIAN_POINT('',(3.499010182876,2.58808912753,-1.340905069396
    ));
#1958 = CARTESIAN_POINT('',(0.665374194358,1.106826976428,
    -1.136374362961));
#1959 = CARTESIAN_POINT('',(-0.783449845756,-2.363504533937,
    -0.931798361609));
#1960 = CARTESIAN_POINT('',(0.635966847092,-6.532831319573,
    -0.727299212073));
#1961 = CARTESIAN_POINT('',(5.130723473473,-8.394348490944,
    -0.522700726779));
#1962 = CARTESIAN_POINT('',(9.082440485071,-6.450287133296,
    -0.318201573399));
#1963 = CARTESIAN_POINT('',(10.511913062292,-2.971640975259,
    -0.113625578239));
#1964 = CARTESIAN_POINT('',(9.555627309462,7.932027502046E-02,
    9.090513462306E-02));
#1965 = CARTESIAN_POINT('',(7.40270275361,1.600003360657,0.295455406315)
  );
#1966 = CARTESIAN_POINT('',(3.097297121009,1.599996145283,0.704544655936
    ));
#1967 = CARTESIAN_POINT('',(0.944370997196,7.935550609513E-02,
    0.909094927274));
#1968 = CARTESIAN_POINT('',(-1.190168928916E-02,-2.971738205482,
    1.113625641466));
#1969 = CARTESIAN_POINT('',(1.417519921469,-6.450106480717,
    1.318201633498));
#1970 = CARTESIAN_POINT('',(5.3693583634,-8.394586526908,1.522700792434)
  );
#1971 = CARTESIAN_POINT('',(9.863922643487,-6.532605075553,1.72729926978
    ));
#1972 = CARTESIAN_POINT('',(11.283549588507,-2.363660193593,
    1.931798428739));
#1973 = CARTESIAN_POINT('',(9.834565043533,1.106903837472,2.13637442072)
  );
#1974 = CARTESIAN_POINT('',(7.001013518212,2.588063090286,2.340905134983
    ));
#1975 = CARTESIAN_POINT('',(4.403380642153,2.141000858091,2.545455406253
    ));
#1976 = CARTESIAN_POINT('',(1.359004225916,-0.903385762244,
    2.954544655968));
#1977 = CARTESIAN_POINT('',(0.911910871833,-3.500989731742,
    3.159094927221));
#1978 = CARTESIAN_POINT('',(2.393173024429,-6.334625686173,
    3.363625641538));
#1979 = CARTESIAN_POINT('',(5.863504532975,-7.78344976731,3.568201633415
    ));
#1980 = CARTESIAN_POINT('',(10.032831320474,-6.364033033025,
    3.772700792514));
#1981 = CARTESIAN_POINT('',(11.894348490242,-1.869276441711,
    3.977299269716));
#1982 = CARTESIAN_POINT('',(9.950287133738,2.082440594499,4.181798428782
    ));
#1983 = CARTESIAN_POINT('',(6.471640975046,3.511913157714,4.386374420696
    ));
#1984 = CARTESIAN_POINT('',(3.420679725047,2.555627411043,4.590905134995
    ));
#1985 = CARTESIAN_POINT('',(1.899996639338,0.40270285334,4.795455406248)
  );
#1986 = CARTESIAN_POINT('',(1.900003854707,-3.902702778854,
    5.204544655976));
#1987 = CARTESIAN_POINT('',(3.420644493967,-6.055628903041,5.40909492718
    ));
#1988 = CARTESIAN_POINT('',(6.47173820534,-7.011901588948,5.613625641642
    ));
#1989 = CARTESIAN_POINT('',(9.950106480926,-5.582479978909,
    5.818201633236));
#1990 = CARTESIAN_POINT('',(11.894586526688,-1.630641536301,
    6.022700792742));
#1991 = CARTESIAN_POINT('',(10.032605075727,2.863922743346,
    6.227299269498));
#1992 = CARTESIAN_POINT('',(5.863660193484,4.283549688513,6.431798428939
    ));
#1993 = CARTESIAN_POINT('',(2.393096162588,2.834565143575,6.636374420614
    ));
#1994 = CARTESIAN_POINT('',(0.911936909684,1.01361818136E-03,
    6.840905135024));
#1995 = CARTESIAN_POINT('',(1.358999141921,-2.596619257838,
    7.045455406244));
#1996 = CARTESIAN_POINT('',(4.40338576223,-5.640995674092,7.454544655975
    ));
#1997 = CARTESIAN_POINT('',(7.000989731811,-6.088089028145,
    7.659094927195));
#1998 = CARTESIAN_POINT('',(9.834625686002,-4.606826875609,
    7.863625641594));
#1999 = CARTESIAN_POINT('',(11.283449767605,-1.13649536697,
    8.068201633335));
#2000 = CARTESIAN_POINT('',(9.864033032639,3.032831420404,8.272700792592
    ));
#2001 = CARTESIAN_POINT('',(5.369276442122,4.894348590319,8.477299269674
    ));
#2002 = CARTESIAN_POINT('',(1.417559405123,2.950287233675,8.681798428775
    ));
#2003 = CARTESIAN_POINT('',(-1.19131574043E-02,-0.528358924919,
    8.886374420736));
#2004 = CARTESIAN_POINT('',(0.944372588732,-3.579320174959,
    9.090905134949));
#2005 = CARTESIAN_POINT('',(3.097297146797,-5.100003260669,
    9.295455406283));
#2006 = CARTESIAN_POINT('',(7.402702778583,-5.099996045269,
    9.704544655904));
#2007 = CARTESIAN_POINT('',(9.555628904615,-3.579355406146,
    9.909094927602));
#2008 = CARTESIAN_POINT('',(10.511901584376,-0.52826169441,
    10.113625640434));
#2009 = CARTESIAN_POINT('',(9.082479988414,2.950106580554,
    10.318201635686));
#2010 = CARTESIAN_POINT('',(5.130641520845,4.894586627091,
    10.522700788871));
#2011 = CARTESIAN_POINT('',(0.636077277022,3.032605175395,
    10.727299274457));
#2012 = CARTESIAN_POINT('',(-0.783549710624,-1.1363397063,
    10.931798423679));
#2013 = CARTESIAN_POINT('',(0.665434876338,-4.606903737527,
    11.136374425273));
#2014 = CARTESIAN_POINT('',(3.498986366942,-6.088062990267,
    11.340905131579));
#2015 = CARTESIAN_POINT('',(6.096619266975,-5.64100075809,
    11.545455408347));
#2016 = CARTESIAN_POINT('',(9.140995655931,-2.59661413777,
    11.954544651802));
#2017 = CARTESIAN_POINT('',(9.588089134552,9.898318392856E-04,
    12.159094951635));
#2018 = CARTESIAN_POINT('',(8.106826567545,2.834625785896,
    12.363625570846));
#2019 = CARTESIAN_POINT('',(4.636496001675,4.283449867852,
    12.568201779079));
#2020 = CARTESIAN_POINT('',(0.467167557342,2.864033132201,
    12.772700557879));
#2021 = CARTESIAN_POINT('',(-1.394347252088,-1.630723457258,
    12.977299576911));
#2022 = CARTESIAN_POINT('',(0.549711316522,-5.582440495589,
    13.18179809594));
#2023 = CARTESIAN_POINT('',(4.028360233327,-7.011913056735,
    13.386374721103));
#2024 = CARTESIAN_POINT('',(7.079319193317,-6.055627311782,
    13.590904909598));
#2025 = CARTESIAN_POINT('',(8.600003866255,-3.902702752881,
    13.795455545304));
#2026 = CARTESIAN_POINT('',(8.599999352953,-1.74999993747,13.99999996222
    ));
#2027 = DEFINITIONAL_REPRESENTATION('',(#2028),#2047);
#2028 = B_SPLINE_CURVE_WITH_KNOTS('',5,(#2029,#2030,#2031,#2032,#2033,
    #2034,#2035,#2036,#2037,#2038,#2039,#2040,#2041,#2042,#2043,#2044,
    #2045,#2046),.UNSPECIFIED.,.F.,.F.,(6,4,4,4,6),(0.,0.215261069743,
    0.438934196719,0.713494105261,1.),.UNSPECIFIED.);
#2029 = CARTESIAN_POINT('',(0.868066662547,52.958701902064));
#2030 = CARTESIAN_POINT('',(0.82707112705,53.011151066021));
#2031 = CARTESIAN_POINT('',(0.786539606288,53.063006567331));
#2032 = CARTESIAN_POINT('',(0.746453022533,53.114292812733));
#2033 = CARTESIAN_POINT('',(0.706792633478,53.165033784297));
#2034 = CARTESIAN_POINT('',(0.626760090831,53.267426343442));
#2035 = CARTESIAN_POINT('',(0.586420089174,53.31903679603));
#2036 = CARTESIAN_POINT('',(0.546505772078,53.37010263394));
#2037 = CARTESIAN_POINT('',(0.506999723853,53.420646141855));
#2038 = CARTESIAN_POINT('',(0.419878005041,53.532108511051));
#2039 = CARTESIAN_POINT('',(0.372461174142,53.592772982091));
#2040 = CARTESIAN_POINT('',(0.325611107529,53.652712352978));
#2041 = CARTESIAN_POINT('',(0.27930074571,53.711961242074));
#2042 = CARTESIAN_POINT('',(0.185726779799,53.831678600239));
#2043 = CARTESIAN_POINT('',(0.138508005843,53.892089714826));
#2044 = CARTESIAN_POINT('',(9.182959906711E-02,53.951809494696));
#2045 = CARTESIAN_POINT('',(4.566641797256E-02,54.010870100807));
#2046 = CARTESIAN_POINT('',(0.,54.069295150642));
#2047 = ( GEOMETRIC_REPRESENTATION_CONTEXT(2) 
PARAMETRIC_REPRESENTATION_CONTEXT() REPRESENTATION_CONTEXT('2D SPACE',''
  ) );
#2048 = ADVANCED_FACE('',(#2049),#848,.F.);
#2049 = FACE_BOUND('',#2050,.F.);
#2050 = EDGE_LOOP('',(#2051,#2052,#2073,#2074));
#2051 = ORIENTED_EDGE('',*,*,#831,.F.);
#2052 = ORIENTED_EDGE('',*,*,#2053,.F.);
#2053 = EDGE_CURVE('',#867,#832,#2054,.T.);
#2054 = SEAM_CURVE('',#2055,(#2059,#2066),.PCURVE_S1.);
#2055 = LINE('',#2056,#2057);
#2056 = CARTESIAN_POINT('',(-2.75000005,-1.74999995,30.0000001));
#2057 = VECTOR('',#2058,1.);
#2058 = DIRECTION('',(-1.,0.,1.110223024625E-16));
#2059 = PCURVE('',#848,#2060);
#2060 = DEFINITIONAL_REPRESENTATION('',(#2061),#2065);
#2061 = LINE('',#2062,#2063);
#2062 = CARTESIAN_POINT('',(6.28318530718,-0.));
#2063 = VECTOR('',#2064,1.);
#2064 = DIRECTION('',(0.,1.));
#2065 = ( GEOMETRIC_REPRESENTATION_CONTEXT(2) 
PARAMETRIC_REPRESENTATION_CONTEXT() REPRESENTATION_CONTEXT('2D SPACE',''
  ) );
#2066 = PCURVE('',#848,#2067);
#2067 = DEFINITIONAL_REPRESENTATION('',(#2068),#2072);
#2068 = LINE('',#2069,#2070);
#2069 = CARTESIAN_POINT('',(0.,-0.));
#2070 = VECTOR('',#2071,1.);
#2071 = DIRECTION('',(0.,1.));
#2072 = ( GEOMETRIC_REPRESENTATION_CONTEXT(2) 
PARAMETRIC_REPRESENTATION_CONTEXT() REPRESENTATION_CONTEXT('2D SPACE',''
  ) );
#2073 = ORIENTED_EDGE('',*,*,#866,.T.);
#2074 = ORIENTED_EDGE('',*,*,#2053,.T.);
#2075 = ADVANCED_FACE('',(#2076,#2107),#932,.F.);
#2076 = FACE_BOUND('',#2077,.F.);
#2077 = EDGE_LOOP('',(#2078));
#2078 = ORIENTED_EDGE('',*,*,#2079,.T.);
#2079 = EDGE_CURVE('',#2080,#2080,#2082,.T.);
#2080 = VERTEX_POINT('',#2081);
#2081 = CARTESIAN_POINT('',(-10.25000005,7.25000005,27.0000001));
#2082 = SURFACE_CURVE('',#2083,(#2088,#2095),.PCURVE_S1.);
#2083 = CIRCLE('',#2084,3.5);
#2084 = AXIS2_PLACEMENT_3D('',#2085,#2086,#2087);
#2085 = CARTESIAN_POINT('',(-6.75000005,7.25000005,27.0000001));
#2086 = DIRECTION('',(0.,1.,-0.));
#2087 = DIRECTION('',(-1.,0.,1.110223024625E-16));
#2088 = PCURVE('',#932,#2089);
#2089 = DEFINITIONAL_REPRESENTATION('',(#2090),#2094);
#2090 = CIRCLE('',#2091,3.5);
#2091 = AXIS2_PLACEMENT_2D('',#2092,#2093);
#2092 = CARTESIAN_POINT('',(0.,0.));
#2093 = DIRECTION('',(1.,0.));
#2094 = ( GEOMETRIC_REPRESENTATION_CONTEXT(2) 
PARAMETRIC_REPRESENTATION_CONTEXT() REPRESENTATION_CONTEXT('2D SPACE',''
  ) );
#2095 = PCURVE('',#2096,#2101);
#2096 = CYLINDRICAL_SURFACE('',#2097,3.5);
#2097 = AXIS2_PLACEMENT_3D('',#2098,#2099,#2100);
#2098 = CARTESIAN_POINT('',(-6.75000005,7.25000005,27.0000001));
#2099 = DIRECTION('',(0.,1.,0.));
#2100 = DIRECTION('',(-1.,0.,1.110223024625E-16));
#2101 = DEFINITIONAL_REPRESENTATION('',(#2102),#2106);
#2102 = LINE('',#2103,#2104);
#2103 = CARTESIAN_POINT('',(0.,0.));
#2104 = VECTOR('',#2105,1.);
#2105 = DIRECTION('',(1.,0.));
#2106 = ( GEOMETRIC_REPRESENTATION_CONTEXT(2) 
PARAMETRIC_REPRESENTATION_CONTEXT() REPRESENTATION_CONTEXT('2D SPACE',''
  ) );
#2107 = FACE_BOUND('',#2108,.F.);
#2108 = EDGE_LOOP('',(#2109));
#2109 = ORIENTED_EDGE('',*,*,#917,.F.);
#2110 = ADVANCED_FACE('',(#2111),#968,.F.);
#2111 = FACE_BOUND('',#2112,.F.);
#2112 = EDGE_LOOP('',(#2113,#2114,#2135,#2136));
#2113 = ORIENTED_EDGE('',*,*,#951,.F.);
#2114 = ORIENTED_EDGE('',*,*,#2115,.F.);
#2115 = EDGE_CURVE('',#987,#952,#2116,.T.);
#2116 = SEAM_CURVE('',#2117,(#2121,#2128),.PCURVE_S1.);
#2117 = LINE('',#2118,#2119);
#2118 = CARTESIAN_POINT('',(-10.00000005,-5.74999995,13.0000001));
#2119 = VECTOR('',#2120,1.);
#2120 = DIRECTION('',(0.,1.,0.));
#2121 = PCURVE('',#968,#2122);
#2122 = DEFINITIONAL_REPRESENTATION('',(#2123),#2127);
#2123 = LINE('',#2124,#2125);
#2124 = CARTESIAN_POINT('',(6.28318530718,-0.));
#2125 = VECTOR('',#2126,1.);
#2126 = DIRECTION('',(0.,1.));
#2127 = ( GEOMETRIC_REPRESENTATION_CONTEXT(2) 
PARAMETRIC_REPRESENTATION_CONTEXT() REPRESENTATION_CONTEXT('2D SPACE',''
  ) );
#2128 = PCURVE('',#968,#2129);
#2129 = DEFINITIONAL_REPRESENTATION('',(#2130),#2134);
#2130 = LINE('',#2131,#2132);
#2131 = CARTESIAN_POINT('',(0.,-0.));
#2132 = VECTOR('',#2133,1.);
#2133 = DIRECTION('',(0.,1.));
#2134 = ( GEOMETRIC_REPRESENTATION_CONTEXT(2) 
PARAMETRIC_REPRESENTATION_CONTEXT() REPRESENTATION_CONTEXT('2D SPACE',''
  ) );
#2135 = ORIENTED_EDGE('',*,*,#986,.T.);
#2136 = ORIENTED_EDGE('',*,*,#2115,.T.);
#2137 = ADVANCED_FACE('',(#2138),#1080,.F.);
#2138 = FACE_BOUND('',#2139,.F.);
#2139 = EDGE_LOOP('',(#2140,#2141,#2165,#2187,#2188));
#2140 = ORIENTED_EDGE('',*,*,#1064,.F.);
#2141 = ORIENTED_EDGE('',*,*,#2142,.F.);
#2142 = EDGE_CURVE('',#2143,#1037,#2145,.T.);
#2143 = VERTEX_POINT('',#2144);
#2144 = CARTESIAN_POINT('',(-0.95000005,-1.74999995,6.0000001));
#2145 = SURFACE_CURVE('',#2146,(#2151,#2158),.PCURVE_S1.);
#2146 = CIRCLE('',#2147,6.2);
#2147 = AXIS2_PLACEMENT_3D('',#2148,#2149,#2150);
#2148 = CARTESIAN_POINT('',(5.24999995,-1.74999995,6.0000001));
#2149 = DIRECTION('',(1.110223024625E-16,0.,1.));
#2150 = DIRECTION('',(-1.,0.,1.110223024625E-16));
#2151 = PCURVE('',#1080,#2152);
#2152 = DEFINITIONAL_REPRESENTATION('',(#2153),#2157);
#2153 = CIRCLE('',#2154,6.2);
#2154 = AXIS2_PLACEMENT_2D('',#2155,#2156);
#2155 = CARTESIAN_POINT('',(0.,-3.5));
#2156 = DIRECTION('',(1.,0.));
#2157 = ( GEOMETRIC_REPRESENTATION_CONTEXT(2) 
PARAMETRIC_REPRESENTATION_CONTEXT() REPRESENTATION_CONTEXT('2D SPACE',''
  ) );
#2158 = PCURVE('',#1052,#2159);
#2159 = DEFINITIONAL_REPRESENTATION('',(#2160),#2164);
#2160 = LINE('',#2161,#2162);
#2161 = CARTESIAN_POINT('',(0.,6.));
#2162 = VECTOR('',#2163,1.);
#2163 = DIRECTION('',(1.,0.));
#2164 = ( GEOMETRIC_REPRESENTATION_CONTEXT(2) 
PARAMETRIC_REPRESENTATION_CONTEXT() REPRESENTATION_CONTEXT('2D SPACE',''
  ) );
#2165 = ORIENTED_EDGE('',*,*,#2166,.F.);
#2166 = EDGE_CURVE('',#1190,#2143,#2167,.T.);
#2167 = SURFACE_CURVE('',#2168,(#2173,#2180),.PCURVE_S1.);
#2168 = CIRCLE('',#2169,6.2);
#2169 = AXIS2_PLACEMENT_3D('',#2170,#2171,#2172);
#2170 = CARTESIAN_POINT('',(5.24999995,-1.74999995,6.0000001));
#2171 = DIRECTION('',(1.110223024625E-16,0.,1.));
#2172 = DIRECTION('',(-1.,0.,1.110223024625E-16));
#2173 = PCURVE('',#1080,#2174);
#2174 = DEFINITIONAL_REPRESENTATION('',(#2175),#2179);
#2175 = CIRCLE('',#2176,6.2);
#2176 = AXIS2_PLACEMENT_2D('',#2177,#2178);
#2177 = CARTESIAN_POINT('',(0.,-3.5));
#2178 = DIRECTION('',(1.,0.));
#2179 = ( GEOMETRIC_REPRESENTATION_CONTEXT(2) 
PARAMETRIC_REPRESENTATION_CONTEXT() REPRESENTATION_CONTEXT('2D SPACE',''
  ) );
#2180 = PCURVE('',#1052,#2181);
#2181 = DEFINITIONAL_REPRESENTATION('',(#2182),#2186);
#2182 = LINE('',#2183,#2184);
#2183 = CARTESIAN_POINT('',(0.,6.));
#2184 = VECTOR('',#2185,1.);
#2185 = DIRECTION('',(1.,0.));
#2186 = ( GEOMETRIC_REPRESENTATION_CONTEXT(2) 
PARAMETRIC_REPRESENTATION_CONTEXT() REPRESENTATION_CONTEXT('2D SPACE',''
  ) );
#2187 = ORIENTED_EDGE('',*,*,#1212,.T.);
#2188 = ORIENTED_EDGE('',*,*,#1140,.F.);
#2189 = ADVANCED_FACE('',(#2190),#1052,.T.);
#2190 = FACE_BOUND('',#2191,.T.);
#2191 = EDGE_LOOP('',(#2192,#2193,#2194,#2195,#2218,#2245,#2246,#2247));
#2192 = ORIENTED_EDGE('',*,*,#1239,.F.);
#2193 = ORIENTED_EDGE('',*,*,#1036,.F.);
#2194 = ORIENTED_EDGE('',*,*,#2142,.F.);
#2195 = ORIENTED_EDGE('',*,*,#2196,.F.);
#2196 = EDGE_CURVE('',#2197,#2143,#2199,.T.);
#2197 = VERTEX_POINT('',#2198);
#2198 = CARTESIAN_POINT('',(-0.95000005,-1.74999995,1.000000127149E-07)
  );
#2199 = SEAM_CURVE('',#2200,(#2204,#2211),.PCURVE_S1.);
#2200 = LINE('',#2201,#2202);
#2201 = CARTESIAN_POINT('',(-0.95000005,-1.74999995,1.000000127149E-07)
  );
#2202 = VECTOR('',#2203,1.);
#2203 = DIRECTION('',(1.110223024625E-16,0.,1.));
#2204 = PCURVE('',#1052,#2205);
#2205 = DEFINITIONAL_REPRESENTATION('',(#2206),#2210);
#2206 = LINE('',#2207,#2208);
#2207 = CARTESIAN_POINT('',(6.28318530718,-0.));
#2208 = VECTOR('',#2209,1.);
#2209 = DIRECTION('',(0.,1.));
#2210 = ( GEOMETRIC_REPRESENTATION_CONTEXT(2) 
PARAMETRIC_REPRESENTATION_CONTEXT() REPRESENTATION_CONTEXT('2D SPACE',''
  ) );
#2211 = PCURVE('',#1052,#2212);
#2212 = DEFINITIONAL_REPRESENTATION('',(#2213),#2217);
#2213 = LINE('',#2214,#2215);
#2214 = CARTESIAN_POINT('',(0.,-0.));
#2215 = VECTOR('',#2216,1.);
#2216 = DIRECTION('',(0.,1.));
#2217 = ( GEOMETRIC_REPRESENTATION_CONTEXT(2) 
PARAMETRIC_REPRESENTATION_CONTEXT() REPRESENTATION_CONTEXT('2D SPACE',''
  ) );
#2218 = ORIENTED_EDGE('',*,*,#2219,.T.);
#2219 = EDGE_CURVE('',#2197,#2197,#2220,.T.);
#2220 = SURFACE_CURVE('',#2221,(#2226,#2233),.PCURVE_S1.);
#2221 = CIRCLE('',#2222,6.2);
#2222 = AXIS2_PLACEMENT_3D('',#2223,#2224,#2225);
#2223 = CARTESIAN_POINT('',(5.24999995,-1.74999995,1.000000118268E-07));
#2224 = DIRECTION('',(1.110223024625E-16,0.,1.));
#2225 = DIRECTION('',(-1.,0.,1.110223024625E-16));
#2226 = PCURVE('',#1052,#2227);
#2227 = DEFINITIONAL_REPRESENTATION('',(#2228),#2232);
#2228 = LINE('',#2229,#2230);
#2229 = CARTESIAN_POINT('',(0.,0.));
#2230 = VECTOR('',#2231,1.);
#2231 = DIRECTION('',(1.,0.));
#2232 = ( GEOMETRIC_REPRESENTATION_CONTEXT(2) 
PARAMETRIC_REPRESENTATION_CONTEXT() REPRESENTATION_CONTEXT('2D SPACE',''
  ) );
#2233 = PCURVE('',#2234,#2239);
#2234 = PLANE('',#2235);
#2235 = AXIS2_PLACEMENT_3D('',#2236,#2237,#2238);
#2236 = CARTESIAN_POINT('',(5.24999995,-1.74999995,1.000000118268E-07));
#2237 = DIRECTION('',(1.110223024625E-16,0.,1.));
#2238 = DIRECTION('',(-1.,0.,1.110223024625E-16));
#2239 = DEFINITIONAL_REPRESENTATION('',(#2240),#2244);
#2240 = CIRCLE('',#2241,6.2);
#2241 = AXIS2_PLACEMENT_2D('',#2242,#2243);
#2242 = CARTESIAN_POINT('',(0.,0.));
#2243 = DIRECTION('',(1.,0.));
#2244 = ( GEOMETRIC_REPRESENTATION_CONTEXT(2) 
PARAMETRIC_REPRESENTATION_CONTEXT() REPRESENTATION_CONTEXT('2D SPACE',''
  ) );
#2245 = ORIENTED_EDGE('',*,*,#2196,.T.);
#2246 = ORIENTED_EDGE('',*,*,#2166,.F.);
#2247 = ORIENTED_EDGE('',*,*,#1189,.T.);
#2248 = ADVANCED_FACE('',(#2249),#1284,.F.);
#2249 = FACE_BOUND('',#2250,.F.);
#2250 = EDGE_LOOP('',(#2251,#2252,#2275));
#2251 = ORIENTED_EDGE('',*,*,#1265,.F.);
#2252 = ORIENTED_EDGE('',*,*,#2253,.F.);
#2253 = EDGE_CURVE('',#2254,#1266,#2256,.T.);
#2254 = VERTEX_POINT('',#2255);
#2255 = CARTESIAN_POINT('',(8.74999995,-1.74999995,11.936837455807));
#2256 = SURFACE_CURVE('',#2257,(#2261,#2268),.PCURVE_S1.);
#2257 = LINE('',#2258,#2259);
#2258 = CARTESIAN_POINT('',(8.74999995,-1.74999995,-5.6499999));
#2259 = VECTOR('',#2260,1.);
#2260 = DIRECTION('',(0.,0.,1.));
#2261 = PCURVE('',#1284,#2262);
#2262 = DEFINITIONAL_REPRESENTATION('',(#2263),#2267);
#2263 = LINE('',#2264,#2265);
#2264 = CARTESIAN_POINT('',(0.,-0.));
#2265 = VECTOR('',#2266,1.);
#2266 = DIRECTION('',(0.,1.));
#2267 = ( GEOMETRIC_REPRESENTATION_CONTEXT(2) 
PARAMETRIC_REPRESENTATION_CONTEXT() REPRESENTATION_CONTEXT('2D SPACE',''
  ) );
#2268 = PCURVE('',#1313,#2269);
#2269 = DEFINITIONAL_REPRESENTATION('',(#2270),#2274);
#2270 = LINE('',#2271,#2272);
#2271 = CARTESIAN_POINT('',(6.28318530718,-0.));
#2272 = VECTOR('',#2273,1.);
#2273 = DIRECTION('',(0.,1.));
#2274 = ( GEOMETRIC_REPRESENTATION_CONTEXT(2) 
PARAMETRIC_REPRESENTATION_CONTEXT() REPRESENTATION_CONTEXT('2D SPACE',''
  ) );
#2275 = ORIENTED_EDGE('',*,*,#2276,.T.);
#2276 = EDGE_CURVE('',#2254,#1268,#2277,.T.);
#2277 = SURFACE_CURVE('',#2278,(#2344,#2413),.PCURVE_S1.);
#2278 = B_SPLINE_CURVE_WITH_KNOTS('',8,(#2279,#2280,#2281,#2282,#2283,
    #2284,#2285,#2286,#2287,#2288,#2289,#2290,#2291,#2292,#2293,#2294,
    #2295,#2296,#2297,#2298,#2299,#2300,#2301,#2302,#2303,#2304,#2305,
    #2306,#2307,#2308,#2309,#2310,#2311,#2312,#2313,#2314,#2315,#2316,
    #2317,#2318,#2319,#2320,#2321,#2322,#2323,#2324,#2325,#2326,#2327,
    #2328,#2329,#2330,#2331,#2332,#2333,#2334,#2335,#2336,#2337,#2338,
    #2339,#2340,#2341,#2342,#2343),.UNSPECIFIED.,.F.,.F.,(9,7,7,7,7,7,7,
    7,7,9),(0.,0.10646401504,0.221992585939,0.31755042421,0.439906278389
    ,0.556025985466,0.649453922865,0.750440098391,0.858010214842,1.),
  .UNSPECIFIED.);
#2279 = CARTESIAN_POINT('',(8.74999995,-1.74999995,11.936837455807));
#2280 = CARTESIAN_POINT('',(8.74999995,-1.457359487519,11.963449533888)
  );
#2281 = CARTESIAN_POINT('',(8.722035980671,-1.164636334633,
    11.990070174999));
#2282 = CARTESIAN_POINT('',(8.666082789946,-0.875076701665,
    12.016688942371));
#2283 = CARTESIAN_POINT('',(8.582592147946,-0.591795927567,
    12.043304698014));
#2284 = CARTESIAN_POINT('',(8.472405311373,-0.317791843347,
    12.069921058179));
#2285 = CARTESIAN_POINT('',(8.336720725103,-5.59389366447E-02,
    12.096541661373));
#2286 = CARTESIAN_POINT('',(8.177116960978,0.191036682568,12.12316524893
    ));
#2287 = CARTESIAN_POINT('',(7.79869274554,0.669711949531,12.178661947153
    ));
#2288 = CARTESIAN_POINT('',(7.575845432412,0.898500382301,
    12.207554189049));
#2289 = CARTESIAN_POINT('',(7.329644652505,1.103664543253,
    12.236439654573));
#2290 = CARTESIAN_POINT('',(7.063062542893,1.28247141735,12.265319424657
    ));
#2291 = CARTESIAN_POINT('',(6.779371393615,1.432663761813,
    12.294199157228));
#2292 = CARTESIAN_POINT('',(6.482108647651,1.552426653794,
    12.323084407335));
#2293 = CARTESIAN_POINT('',(6.175090073942,1.640434704704,
    12.351976001558));
#2294 = CARTESIAN_POINT('',(5.603832219798,1.741961110097,
    12.404743809652));
#2295 = CARTESIAN_POINT('',(5.341237744702,1.765750233359,
    12.428635985831));
#2296 = CARTESIAN_POINT('',(5.07694217467,1.766947923617,12.452526533129
    ));
#2297 = CARTESIAN_POINT('',(4.813214488345,1.745443461696,
    12.476414913775));
#2298 = CARTESIAN_POINT('',(4.552302725132,1.701390238643,
    12.500303321148));
#2299 = CARTESIAN_POINT('',(4.296426982343,1.635191355049,
    12.524193768488));
#2300 = CARTESIAN_POINT('',(4.047767727899,1.547516013813,
    12.548085060534));
#2301 = CARTESIAN_POINT('',(3.502017267076,1.30084265211,12.602552373265
    ));
#2302 = CARTESIAN_POINT('',(3.21062893272,1.128615435182,12.633151037418
    ));
#2303 = CARTESIAN_POINT('',(2.938864326262,0.92466341014,12.663741378046
    ));
#2304 = CARTESIAN_POINT('',(2.690709534906,0.691676583066,
    12.694324618978));
#2305 = CARTESIAN_POINT('',(2.469648123694,0.432844357176,
    12.724907725855));
#2306 = CARTESIAN_POINT('',(2.278698648092,0.151795987131,
    12.755497876847));
#2307 = CARTESIAN_POINT('',(2.120357705256,-0.14736673884,
    12.786096900471));
#2308 = CARTESIAN_POINT('',(1.878775367084,-0.756670089611,
    12.845707153449));
#2309 = CARTESIAN_POINT('',(1.79201331392,-1.065736772574,
    12.874745545587));
#2310 = CARTESIAN_POINT('',(1.73772769137,-1.383257589677,
    12.903778501664));
#2311 = CARTESIAN_POINT('',(1.716806113626,-1.70522913893,
    12.932806706063));
#2312 = CARTESIAN_POINT('',(1.729562486118,-2.027627617876,
    12.96183513156));
#2313 = CARTESIAN_POINT('',(1.775785132434,-2.346422573825,
    12.990868696585));
#2314 = CARTESIAN_POINT('',(1.854688200702,-2.657589463202,
    13.019907958242));
#2315 = CARTESIAN_POINT('',(2.053333061405,-3.19819214821,
    13.072289151399));
#2316 = CARTESIAN_POINT('',(2.162115704055,-3.431811485042,
    13.095644579185));
#2317 = CARTESIAN_POINT('',(2.29037569785,-3.655998111979,
    13.118997153851));
#2318 = CARTESIAN_POINT('',(2.437144906119,-3.868877507416,
    13.142347530157));
#2319 = CARTESIAN_POINT('',(2.601257696932,-4.068705948634,
    13.165698512821));
#2320 = CARTESIAN_POINT('',(2.781362161395,-4.253871182523,
    13.189052490424));
#2321 = CARTESIAN_POINT('',(2.975910327351,-4.42290989646,
    13.212408653952));
#2322 = CARTESIAN_POINT('',(3.407108086378,-4.738440985371,
    13.261000449412));
#2323 = CARTESIAN_POINT('',(3.645979152676,-4.882068050882,
    13.286245040825));
#2324 = CARTESIAN_POINT('',(3.89753361859,-5.003792177856,
    13.311486843064));
#2325 = CARTESIAN_POINT('',(4.15941897224,-5.102340488967,
    13.336726033346));
#2326 = CARTESIAN_POINT('',(4.429165916813,-5.17674462259,
    13.361966123921));
#2327 = CARTESIAN_POINT('',(4.704204880571,-5.226327731553,
    13.387210142242));
#2328 = CARTESIAN_POINT('',(4.981870258725,-5.250732095578,
    13.412456764664));
#2329 = CARTESIAN_POINT('',(5.555007975337,-5.249194044328,
    13.464581577725));
#2330 = CARTESIAN_POINT('',(5.850654323175,-5.219865056336,
    13.491476247924));
#2331 = CARTESIAN_POINT('',(6.142973815026,-5.161974721787,
    13.518367121078));
#2332 = CARTESIAN_POINT('',(6.428744203177,-5.076003018778,
    13.545254067167));
#2333 = CARTESIAN_POINT('',(6.70487692292,-4.96283508664,13.572140694739
    ));
#2334 = CARTESIAN_POINT('',(6.968416050985,-4.823727614746,
    13.599031024752));
#2335 = CARTESIAN_POINT('',(7.216557882554,-4.660334753349,
    13.625925915011));
#2336 = CARTESIAN_POINT('',(7.750507428308,-4.22986688773,
    13.688302998878));
#2337 = CARTESIAN_POINT('',(8.02338693864,-3.946002594727,
    13.723828918418));
#2338 = CARTESIAN_POINT('',(8.259044021534,-3.628064150043,
    13.759339604241));
#2339 = CARTESIAN_POINT('',(8.452714163307,-3.281890218154,
    13.794839613754));
#2340 = CARTESIAN_POINT('',(8.60065925018,-2.913848535387,
    13.830339190306));
#2341 = CARTESIAN_POINT('',(8.700273843606,-2.530843323635,
    13.86584230955));
#2342 = CARTESIAN_POINT('',(8.74999995,-2.140238011807,13.901351811295)
  );
#2343 = CARTESIAN_POINT('',(8.74999995,-1.74999995,13.936841978302));
#2344 = PCURVE('',#1284,#2345);
#2345 = DEFINITIONAL_REPRESENTATION('',(#2346),#2412);
#2346 = B_SPLINE_CURVE_WITH_KNOTS('',8,(#2347,#2348,#2349,#2350,#2351,
    #2352,#2353,#2354,#2355,#2356,#2357,#2358,#2359,#2360,#2361,#2362,
    #2363,#2364,#2365,#2366,#2367,#2368,#2369,#2370,#2371,#2372,#2373,
    #2374,#2375,#2376,#2377,#2378,#2379,#2380,#2381,#2382,#2383,#2384,
    #2385,#2386,#2387,#2388,#2389,#2390,#2391,#2392,#2393,#2394,#2395,
    #2396,#2397,#2398,#2399,#2400,#2401,#2402,#2403,#2404,#2405,#2406,
    #2407,#2408,#2409,#2410,#2411),.UNSPECIFIED.,.F.,.F.,(9,7,7,7,7,7,7,
    7,7,9),(0.,0.10646401504,0.221992585939,0.31755042421,0.439906278389
    ,0.556025985466,0.649453922865,0.750440098391,0.858010214842,1.),
  .UNSPECIFIED.);
#2347 = CARTESIAN_POINT('',(0.,17.586837355807));
#2348 = CARTESIAN_POINT('',(8.361156070896E-02,17.613449433888));
#2349 = CARTESIAN_POINT('',(0.167246114318,17.640070074999));
#2350 = CARTESIAN_POINT('',(0.250869776678,17.666688842371));
#2351 = CARTESIAN_POINT('',(0.334480255445,17.693304598014));
#2352 = CARTESIAN_POINT('',(0.418091044208,17.719920958179));
#2353 = CARTESIAN_POINT('',(0.50171549786,17.746541561373));
#2354 = CARTESIAN_POINT('',(0.585350789217,17.77316514893));
#2355 = CARTESIAN_POINT('',(0.759691506073,17.828661847153));
#2356 = CARTESIAN_POINT('',(0.850457348108,17.857554089049));
#2357 = CARTESIAN_POINT('',(0.941204287894,17.886439554573));
#2358 = CARTESIAN_POINT('',(1.031935026227,17.915319324657));
#2359 = CARTESIAN_POINT('',(1.122665957376,17.944199057228));
#2360 = CARTESIAN_POINT('',(1.213413373455,17.973084307335));
#2361 = CARTESIAN_POINT('',(1.304179567334,18.001975901558));
#2362 = CARTESIAN_POINT('',(1.469953730633,18.054743709652));
#2363 = CARTESIAN_POINT('',(1.545012172932,18.078635885831));
#2364 = CARTESIAN_POINT('',(1.62006488459,18.102526433129));
#2365 = CARTESIAN_POINT('',(1.695110553681,18.126414813775));
#2366 = CARTESIAN_POINT('',(1.770156569903,18.150303221148));
#2367 = CARTESIAN_POINT('',(1.845209718805,18.174193668488));
#2368 = CARTESIAN_POINT('',(1.920266534892,18.198084960534));
#2369 = CARTESIAN_POINT('',(2.091383230451,18.252552273265));
#2370 = CARTESIAN_POINT('',(2.187514909473,18.283150937418));
#2371 = CARTESIAN_POINT('',(2.283622188127,18.313741278046));
#2372 = CARTESIAN_POINT('',(2.379708359391,18.344324518978));
#2373 = CARTESIAN_POINT('',(2.475794010989,18.374907625855));
#2374 = CARTESIAN_POINT('',(2.571900307842,18.405497776847));
#2375 = CARTESIAN_POINT('',(2.668032231305,18.436096800471));
#2376 = CARTESIAN_POINT('',(2.855303201494,18.495707053449));
#2377 = CARTESIAN_POINT('',(2.946527814243,18.524745445587));
#2378 = CARTESIAN_POINT('',(3.037733163025,18.553778401664));
#2379 = CARTESIAN_POINT('',(3.12892184801,18.582806606063));
#2380 = CARTESIAN_POINT('',(3.220110582937,18.61183503156));
#2381 = CARTESIAN_POINT('',(3.311316084145,18.640868596585));
#2382 = CARTESIAN_POINT('',(3.402540981152,18.669907858242));
#2383 = CARTESIAN_POINT('',(3.567096298747,18.722289051399));
#2384 = CARTESIAN_POINT('',(3.640468469674,18.745644479185));
#2385 = CARTESIAN_POINT('',(3.713833047537,18.768997053851));
#2386 = CARTESIAN_POINT('',(3.787192027041,18.792347430157));
#2387 = CARTESIAN_POINT('',(3.860553902989,18.815698412821));
#2388 = CARTESIAN_POINT('',(3.933925678806,18.839052390424));
#2389 = CARTESIAN_POINT('',(4.007304274219,18.862408553952));
#2390 = CARTESIAN_POINT('',(4.159965396987,18.911000349412));
#2391 = CARTESIAN_POINT('',(4.239276001378,18.936244940825));
#2392 = CARTESIAN_POINT('',(4.318576904138,18.961486743064));
#2393 = CARTESIAN_POINT('',(4.397868382273,18.986725933346));
#2394 = CARTESIAN_POINT('',(4.477161616702,19.011966023921));
#2395 = CARTESIAN_POINT('',(4.556466692681,19.037210042242));
#2396 = CARTESIAN_POINT('',(4.635780214873,19.062456664664));
#2397 = CARTESIAN_POINT('',(4.799534437827,19.114581477725));
#2398 = CARTESIAN_POINT('',(4.884027016735,19.141476147924));
#2399 = CARTESIAN_POINT('',(4.968509083641,19.168367021078));
#2400 = CARTESIAN_POINT('',(5.052980575271,19.195253967167));
#2401 = CARTESIAN_POINT('',(5.137452268141,19.222140594739));
#2402 = CARTESIAN_POINT('',(5.221935169926,19.249030924752));
#2403 = CARTESIAN_POINT('',(5.306429907545,19.275925815011));
#2404 = CARTESIAN_POINT('',(5.502390066083,19.338302898878));
#2405 = CARTESIAN_POINT('',(5.613990403335,19.373828818418));
#2406 = CARTESIAN_POINT('',(5.725534725112,19.409339504241));
#2407 = CARTESIAN_POINT('',(5.837039696518,19.444839513754));
#2408 = CARTESIAN_POINT('',(5.948544152393,19.480339090306));
#2409 = CARTESIAN_POINT('',(6.060087377774,19.51584220955));
#2410 = CARTESIAN_POINT('',(6.171688718092,19.551351711295));
#2411 = CARTESIAN_POINT('',(6.28318530718,19.586841878302));
#2412 = ( GEOMETRIC_REPRESENTATION_CONTEXT(2) 
PARAMETRIC_REPRESENTATION_CONTEXT() REPRESENTATION_CONTEXT('2D SPACE',''
  ) );
#2413 = PCURVE('',#1862,#2414);
#2414 = DEFINITIONAL_REPRESENTATION('',(#2415),#2481);
#2415 = B_SPLINE_CURVE_WITH_KNOTS('',8,(#2416,#2417,#2418,#2419,#2420,
    #2421,#2422,#2423,#2424,#2425,#2426,#2427,#2428,#2429,#2430,#2431,
    #2432,#2433,#2434,#2435,#2436,#2437,#2438,#2439,#2440,#2441,#2442,
    #2443,#2444,#2445,#2446,#2447,#2448,#2449,#2450,#2451,#2452,#2453,
    #2454,#2455,#2456,#2457,#2458,#2459,#2460,#2461,#2462,#2463,#2464,
    #2465,#2466,#2467,#2468,#2469,#2470,#2471,#2472,#2473,#2474,#2475,
    #2476,#2477,#2478,#2479,#2480),.UNSPECIFIED.,.F.,.F.,(9,7,7,7,7,7,7,
    7,7,9),(0.,0.10646401504,0.221992585939,0.31755042421,0.439906278389
    ,0.556025985466,0.649453922865,0.750440098391,0.858010214842,1.),
  .UNSPECIFIED.);
#2416 = CARTESIAN_POINT('',(0.868011521489,52.750531002344));
#2417 = CARTESIAN_POINT('',(0.868006345928,52.838275205248));
#2418 = CARTESIAN_POINT('',(0.868004242498,52.926043709231));
#2419 = CARTESIAN_POINT('',(0.868005815452,53.013801332147));
#2420 = CARTESIAN_POINT('',(0.868009852385,53.101545873285));
#2421 = CARTESIAN_POINT('',(0.868014650684,53.189291433399));
#2422 = CARTESIAN_POINT('',(0.868018865679,53.277051728667));
#2423 = CARTESIAN_POINT('',(0.86802188048,53.364823398612));
#2424 = CARTESIAN_POINT('',(0.868025669281,53.547786076793));
#2425 = CARTESIAN_POINT('',(0.868026222686,53.643040441157));
#2426 = CARTESIAN_POINT('',(0.868025285618,53.73827437134));
#2427 = CARTESIAN_POINT('',(0.868023600508,53.833490481213));
#2428 = CARTESIAN_POINT('',(0.86802223798,53.928706054704));
#2429 = CARTESIAN_POINT('',(0.868021919136,54.023938483727));
#2430 = CARTESIAN_POINT('',(0.868022639438,54.119190499249));
#2431 = CARTESIAN_POINT('',(0.868025284519,54.293157740146));
#2432 = CARTESIAN_POINT('',(0.868026974404,54.371925892305));
#2433 = CARTESIAN_POINT('',(0.868028988086,54.450688259928));
#2434 = CARTESIAN_POINT('',(0.868030934781,54.529443570005));
#2435 = CARTESIAN_POINT('',(0.86803238035,54.60819960933));
#2436 = CARTESIAN_POINT('',(0.868032981996,54.686963453947));
#2437 = CARTESIAN_POINT('',(0.868032578901,54.765731368933));
#2438 = CARTESIAN_POINT('',(0.868029522916,54.945309014658));
#2439 = CARTESIAN_POINT('',(0.868026265571,55.046194172165));
#2440 = CARTESIAN_POINT('',(0.868021580968,55.147053713792));
#2441 = CARTESIAN_POINT('',(0.868016116188,55.247890846518));
#2442 = CARTESIAN_POINT('',(0.868011027626,55.34872705595));
#2443 = CARTESIAN_POINT('',(0.868007407319,55.449584610719));
#2444 = CARTESIAN_POINT('',(0.868005741177,55.550468917605));
#2445 = CARTESIAN_POINT('',(0.86800620887,55.74699785762));
#2446 = CARTESIAN_POINT('',(0.868008153362,55.842732286197));
#2447 = CARTESIAN_POINT('',(0.868011773255,55.938446649092));
#2448 = CARTESIAN_POINT('',(0.8680165907,56.034143814008));
#2449 = CARTESIAN_POINT('',(0.868021682184,56.129841357261));
#2450 = CARTESIAN_POINT('',(0.86802609144,56.2255567179));
#2451 = CARTESIAN_POINT('',(0.868029256785,56.321292451259));
#2452 = CARTESIAN_POINT('',(0.868032484203,56.49398431312));
#2453 = CARTESIAN_POINT('',(0.868033034757,56.570984312688));
#2454 = CARTESIAN_POINT('',(0.868032616541,56.647976145212));
#2455 = CARTESIAN_POINT('',(0.868031354645,56.724961809338));
#2456 = CARTESIAN_POINT('',(0.868029547582,56.801950170051));
#2457 = CARTESIAN_POINT('',(0.868027591883,56.878948594966));
#2458 = CARTESIAN_POINT('',(0.868025863311,56.955953936092));
#2459 = CARTESIAN_POINT('',(0.868023140206,57.116160114219));
#2460 = CARTESIAN_POINT('',(0.868022217284,57.199390398193));
#2461 = CARTESIAN_POINT('',(0.868022053398,57.282610515413));
#2462 = CARTESIAN_POINT('',(0.868022703843,57.365820979408));
#2463 = CARTESIAN_POINT('',(0.868023889351,57.449033727034));
#2464 = CARTESIAN_POINT('',(0.868025047906,57.532259458559));
#2465 = CARTESIAN_POINT('',(0.868025560786,57.615494601637));
#2466 = CARTESIAN_POINT('',(0.868024718237,57.787346408895));
#2467 = CARTESIAN_POINT('',(0.868023230693,57.876017573699));
#2468 = CARTESIAN_POINT('',(0.868020351062,57.964678001013));
#2469 = CARTESIAN_POINT('',(0.868016028177,58.053327327633));
#2470 = CARTESIAN_POINT('',(0.868011045067,58.141976448815));
#2471 = CARTESIAN_POINT('',(0.868006967968,58.230636617465));
#2472 = CARTESIAN_POINT('',(0.868005483508,58.319308503834));
#2473 = CARTESIAN_POINT('',(0.868009255769,58.524955203774));
#2474 = CARTESIAN_POINT('',(0.868016799218,58.64207125214));
#2475 = CARTESIAN_POINT('',(0.868031288235,58.759128190153));
#2476 = CARTESIAN_POINT('',(0.868049821598,58.876144755444));
#2477 = CARTESIAN_POINT('',(0.868066062547,58.993162825472));
#2478 = CARTESIAN_POINT('',(0.868057740555,59.110224001597));
#2479 = CARTESIAN_POINT('',(0.868022417775,59.227340764468));
#2480 = CARTESIAN_POINT('',(0.868021652105,59.344349570561));
#2481 = ( GEOMETRIC_REPRESENTATION_CONTEXT(2) 
PARAMETRIC_REPRESENTATION_CONTEXT() REPRESENTATION_CONTEXT('2D SPACE',''
  ) );
#2482 = ADVANCED_FACE('',(#2483),#1862,.T.);
#2483 = FACE_BOUND('',#2484,.T.);
#2484 = EDGE_LOOP('',(#2485,#2587,#2655,#2869,#3083,#3318,#3532,#3746,
    #3953,#3954));
#2485 = ORIENTED_EDGE('',*,*,#2486,.F.);
#2486 = EDGE_CURVE('',#2487,#1559,#2489,.T.);
#2487 = VERTEX_POINT('',#2488);
#2488 = CARTESIAN_POINT('',(6.578781894424,2.339572965725,
    1.000000109386E-07));
#2489 = SURFACE_CURVE('',#2490,(#2573,#2580),.PCURVE_S1.);
#2490 = B_SPLINE_CURVE_WITH_KNOTS('',11,(#2491,#2492,#2493,#2494,#2495,
    #2496,#2497,#2498,#2499,#2500,#2501,#2502,#2503,#2504,#2505,#2506,
    #2507,#2508,#2509,#2510,#2511,#2512,#2513,#2514,#2515,#2516,#2517,
    #2518,#2519,#2520,#2521,#2522,#2523,#2524,#2525,#2526,#2527,#2528,
    #2529,#2530,#2531,#2532,#2533,#2534,#2535,#2536,#2537,#2538,#2539,
    #2540,#2541,#2542,#2543,#2544,#2545,#2546,#2547,#2548,#2549,#2550,
    #2551,#2552,#2553,#2554,#2555,#2556,#2557,#2558,#2559,#2560,#2561,
    #2562,#2563,#2564,#2565,#2566,#2567,#2568,#2569,#2570,#2571,#2572),
  .UNSPECIFIED.,.F.,.F.,(12,10,10,10,10,10,10,10,12),(0.,7.41804369632,
    14.83608739264,22.25413108896,29.672174785281,37.090218481601,
    44.508262177921,51.926305874241,59.344349570561),.UNSPECIFIED.);
#2491 = CARTESIAN_POINT('',(9.54999995,-1.74999995,-4.3999999));
#2492 = CARTESIAN_POINT('',(9.549998214746,1.013183864624,
    -4.195448911419));
#2493 = CARTESIAN_POINT('',(7.598121259042,3.776554360867,
    -3.990931089741));
#2494 = CARTESIAN_POINT('',(3.681794954515,5.004305031703,
    -3.786304216246));
#2495 = CARTESIAN_POINT('',(-0.782928975341,3.168871321903,
    -3.581925005051));
#2496 = CARTESIAN_POINT('',(-3.2789762862,-1.902613054788,
    -3.377129227568));
#2497 = CARTESIAN_POINT('',(-0.888722922494,-7.67294016679,
    -3.172869450632));
#2498 = CARTESIAN_POINT('',(4.462181444954,-9.494130894811,
    -2.968075058347));
#2499 = CARTESIAN_POINT('',(8.917156482567,-7.634879613205,
    -2.763693623826));
#2500 = CARTESIAN_POINT('',(10.818226029235,-3.997500944145,
    -2.559069047306));
#2501 = CARTESIAN_POINT('',(10.244426095419,-0.663306011819,
    -2.354549434344));
#2502 = CARTESIAN_POINT('',(6.33669199653,3.244424213552,-1.945449641888
    ));
#2503 = CARTESIAN_POINT('',(3.002508214311,3.818236226341,
    -1.740929905665));
#2504 = CARTESIAN_POINT('',(-0.634903016055,1.91712699019,
    -1.536305794475));
#2505 = CARTESIAN_POINT('',(-2.494092540726,-2.537758194413,
    -1.331923256268));
#2506 = CARTESIAN_POINT('',(-0.672982940328,-7.888810161703,
    -1.127130841771));
#2507 = CARTESIAN_POINT('',(5.097418355805,-10.27888408161,
    -0.92286821757));
#2508 = CARTESIAN_POINT('',(10.168855781748,-7.78299903375,
    -0.718075823932));
#2509 = CARTESIAN_POINT('',(12.004309453359,-3.318167125608,
    -0.513693252249));
#2510 = CARTESIAN_POINT('',(10.776553585873,0.598107314508,
    -0.309069175639));
#2511 = CARTESIAN_POINT('',(8.01318388898,2.550001291776,-0.104549412452
    ));
#2512 = CARTESIAN_POINT('',(2.486816072912,2.549998562621,0.304550347119
    ));
#2513 = CARTESIAN_POINT('',(-0.276554259612,0.598120957244,
    0.509070112147));
#2514 = CARTESIAN_POINT('',(-1.504305166668,-3.31820440994,
    0.713694181788));
#2515 = CARTESIAN_POINT('',(0.331128827658,-7.782929468759,
    0.918076770034));
#2516 = CARTESIAN_POINT('',(5.402612916723,-10.27897563844,
    1.122869133949));
#2517 = CARTESIAN_POINT('',(11.172940272266,-7.888723240916,
    1.327131800979));
#2518 = CARTESIAN_POINT('',(12.994130829319,-2.537818195253,
    1.531924164551));
#2519 = CARTESIAN_POINT('',(11.134879644992,1.917156456475,1.73630675334
    ));
#2520 = CARTESIAN_POINT('',(7.497500933167,3.818226172784,1.940930822431
    ));
#2521 = CARTESIAN_POINT('',(4.163306013691,3.24442618799,2.145450587877)
  );
#2522 = CARTESIAN_POINT('',(0.255575785508,-0.663307899739,
    2.554550346953));
#2523 = CARTESIAN_POINT('',(-0.318236224819,-3.997491691733,
    2.759070112412));
#2524 = CARTESIAN_POINT('',(1.582873007783,-7.634902908006,
    2.963694181442));
#2525 = CARTESIAN_POINT('',(6.037758196654,-9.494092449636,
    3.168076770407));
#2526 = CARTESIAN_POINT('',(11.388810159643,-7.672982832111,
    3.372869133616));
#2527 = CARTESIAN_POINT('',(13.778884083183,-1.902581550471,
    3.577131801227));
#2528 = CARTESIAN_POINT('',(11.282999032785,3.168855885646,
    3.781924164398));
#2529 = CARTESIAN_POINT('',(6.818167126075,5.004309551465,3.986306753417
    ));
#2530 = CARTESIAN_POINT('',(2.901892685329,3.776553686529,4.1909308224)
  );
#2531 = CARTESIAN_POINT('',(0.949998708255,1.013183988868,4.395450587888
    ));
#2532 = CARTESIAN_POINT('',(0.950001437359,-4.513183827032,
    4.804550346934));
#2533 = CARTESIAN_POINT('',(2.901879042807,-7.276554159709,
    5.009070112486));
#2534 = CARTESIAN_POINT('',(6.818204409853,-8.504305066527,
    5.213694181291));
#2535 = CARTESIAN_POINT('',(11.282929468866,-6.668871072503,
    5.418076770627));
#2536 = CARTESIAN_POINT('',(13.778975638355,-1.59738698314,
    5.622869133363));
#2537 = CARTESIAN_POINT('',(11.388723240969,4.172940372191,5.82713180146
    ));
#2538 = CARTESIAN_POINT('',(6.037818195234,5.994130929335,6.031924164222
    ));
#2539 = CARTESIAN_POINT('',(1.58284354353,4.134879745004,6.236306753522)
  );
#2540 = CARTESIAN_POINT('',(-0.318226172787,0.497501033155,
    6.440930822356));
#2541 = CARTESIAN_POINT('',(0.255573812013,-2.836693886305,
    6.645450587895));
#2542 = CARTESIAN_POINT('',(4.163307899734,-6.744424114496,
    7.054550346942));
#2543 = CARTESIAN_POINT('',(7.497491691756,-7.318236124805,
    7.259070112427));
#2544 = CARTESIAN_POINT('',(11.134902907947,-5.417126892245,
    7.46369418145));
#2545 = CARTESIAN_POINT('',(12.994092449736,-0.962241703301,
    7.66807677033));
#2546 = CARTESIAN_POINT('',(11.172982831984,4.388810259579,
    7.872869133796));
#2547 = CARTESIAN_POINT('',(5.4025815506,6.778884183256,8.077131800943)
  );
#2548 = CARTESIAN_POINT('',(0.331144114238,4.282999132716,8.281924164741
    ));
#2549 = CARTESIAN_POINT('',(-1.504309551367,-0.181832773873,
    8.486306753083));
#2550 = CARTESIAN_POINT('',(-0.276553686603,-4.098107214702,
    8.690930822667));
#2551 = CARTESIAN_POINT('',(2.48681601118,-6.050001191731,8.895450587713
    ));
#2552 = CARTESIAN_POINT('',(8.013183826936,-6.049998462664,
    9.304550347295));
#2553 = CARTESIAN_POINT('',(10.776554160269,-4.098120857047,
    9.509070110409));
#2554 = CARTESIAN_POINT('',(12.004305064903,-0.181795490606,
    9.713694187219));
#2555 = CARTESIAN_POINT('',(10.168871075876,4.282929569878,
    9.918076758549));
#2556 = CARTESIAN_POINT('',(5.097386977652,6.778975736634,
    10.122869152654));
#2557 = CARTESIAN_POINT('',(-0.672940364948,4.388723343308,
    10.327131776364));
#2558 = CARTESIAN_POINT('',(-2.494130937208,-0.962181707351,
    10.531924191283));
#2559 = CARTESIAN_POINT('',(-0.634879737906,-5.417156354119,
    10.736306729192));
#2560 = CARTESIAN_POINT('',(3.002498961541,-7.318226074552,
    10.940930840549));
#2561 = CARTESIAN_POINT('',(6.336693889561,-6.744426086898,
    11.145450576707));
#2562 = CARTESIAN_POINT('',(10.244424108028,-2.836692002435,
    11.554550369178));
#2563 = CARTESIAN_POINT('',(10.818236162695,0.497491804475,
    11.75906998214));
#2564 = CARTESIAN_POINT('',(8.917126782551,4.134902971119,
    11.963694558647));
#2565 = CARTESIAN_POINT('',(4.462241929302,5.994092625623,
    12.168075993198));
#2566 = CARTESIAN_POINT('',(-0.888810623578,4.172982809745,
    12.37287038543));
#2567 = CARTESIAN_POINT('',(-3.27888370674,-1.597418189358,
    12.577130162449));
#2568 = CARTESIAN_POINT('',(-0.782999648966,-6.668855959165,
    12.781925939825));
#2569 = CARTESIAN_POINT('',(3.681833239777,-8.504309294864,
    12.986305151127));
#2570 = CARTESIAN_POINT('',(7.598106865152,-7.276553704025,
    13.190932024542));
#2571 = CARTESIAN_POINT('',(9.550001407372,-4.51318381638,
    13.395449846265));
#2572 = CARTESIAN_POINT('',(9.549999720366,-1.75000001683,
    13.600000834827));
#2573 = PCURVE('',#1862,#2574);
#2574 = DEFINITIONAL_REPRESENTATION('',(#2575),#2579);
#2575 = LINE('',#2576,#2577);
#2576 = CARTESIAN_POINT('',(0.,0.));
#2577 = VECTOR('',#2578,1.);
#2578 = DIRECTION('',(0.,1.));
#2579 = ( GEOMETRIC_REPRESENTATION_CONTEXT(2) 
PARAMETRIC_REPRESENTATION_CONTEXT() REPRESENTATION_CONTEXT('2D SPACE',''
  ) );
#2580 = PCURVE('',#1622,#2581);
#2581 = DEFINITIONAL_REPRESENTATION('',(#2582),#2586);
#2582 = LINE('',#2583,#2584);
#2583 = CARTESIAN_POINT('',(0.5,0.));
#2584 = VECTOR('',#2585,1.);
#2585 = DIRECTION('',(0.,1.));
#2586 = ( GEOMETRIC_REPRESENTATION_CONTEXT(2) 
PARAMETRIC_REPRESENTATION_CONTEXT() REPRESENTATION_CONTEXT('2D SPACE',''
  ) );
#2587 = ORIENTED_EDGE('',*,*,#2588,.F.);
#2588 = EDGE_CURVE('',#2589,#2487,#2591,.T.);
#2589 = VERTEX_POINT('',#2590);
#2590 = CARTESIAN_POINT('',(8.681328648763,-1.060084431731,
    1.000000100504E-07));
#2591 = SURFACE_CURVE('',#2592,(#2611,#2633),.PCURVE_S1.);
#2592 = B_SPLINE_CURVE_WITH_KNOTS('',5,(#2593,#2594,#2595,#2596,#2597,
    #2598,#2599,#2600,#2601,#2602,#2603,#2604,#2605,#2606,#2607,#2608,
    #2609,#2610),.UNSPECIFIED.,.F.,.F.,(6,4,4,4,6),(0.,0.215258067714,
    0.437938920033,0.712453863266,1.),.UNSPECIFIED.);
#2593 = CARTESIAN_POINT('',(8.681325790484,-1.060281880063,
    1.000000109386E-07));
#2594 = CARTESIAN_POINT('',(8.683895983397,-0.88134650004,
    1.000000109386E-07));
#2595 = CARTESIAN_POINT('',(8.674792950204,-0.701962211341,
    1.000000109386E-07));
#2596 = CARTESIAN_POINT('',(8.654147013013,-0.523166852438,
    1.000000109386E-07));
#2597 = CARTESIAN_POINT('',(8.622215331123,-0.345923033324,
    1.000000109386E-07));
#2598 = CARTESIAN_POINT('',(8.535007218287,9.713164853129E-03,
    1.000000109386E-07));
#2599 = CARTESIAN_POINT('',(8.478963113317,0.187937005182,
    1.000000109386E-07));
#2600 = CARTESIAN_POINT('',(8.411608486763,0.362571222639,
    1.000000109386E-07));
#2601 = CARTESIAN_POINT('',(8.333437675099,0.532737050363,
    1.000000109386E-07));
#2602 = CARTESIAN_POINT('',(8.136020479609,0.900950627675,
    1.000000109386E-07));
#2603 = CARTESIAN_POINT('',(8.011446102401,1.096272286936,
    1.000000109386E-07));
#2604 = CARTESIAN_POINT('',(7.872363908311,1.282147283525,
    1.000000109386E-07));
#2605 = CARTESIAN_POINT('',(7.719991887359,1.457359653792,
    1.000000109386E-07));
#2606 = CARTESIAN_POINT('',(7.383487764004,1.792226108383,
    1.000000109386E-07));
#2607 = CARTESIAN_POINT('',(7.198186466054,1.950751661269,
    1.000000118268E-07));
#2608 = CARTESIAN_POINT('',(7.001241896774,2.095344309788,
    1.000000118268E-07));
#2609 = CARTESIAN_POINT('',(6.794235629934,2.225153168608,
    1.000000118268E-07));
#2610 = CARTESIAN_POINT('',(6.578781894424,2.339572965725,
    1.000000118268E-07));
#2611 = PCURVE('',#1862,#2612);
#2612 = DEFINITIONAL_REPRESENTATION('',(#2613),#2632);
#2613 = B_SPLINE_CURVE_WITH_KNOTS('',5,(#2614,#2615,#2616,#2617,#2618,
    #2619,#2620,#2621,#2622,#2623,#2624,#2625,#2626,#2627,#2628,#2629,
    #2630,#2631),.UNSPECIFIED.,.F.,.F.,(6,4,4,4,6),(0.,0.215258067714,
    0.437938920033,0.712453863266,1.),.UNSPECIFIED.);
#2614 = CARTESIAN_POINT('',(0.868066662547,13.395802188358));
#2615 = CARTESIAN_POINT('',(0.827070896555,13.448251645827));
#2616 = CARTESIAN_POINT('',(0.7865392112,13.500107362118));
#2617 = CARTESIAN_POINT('',(0.746452596061,13.551393655798));
#2618 = CARTESIAN_POINT('',(0.70679233628,13.602134467453));
#2619 = CARTESIAN_POINT('',(0.626940757259,13.704295503779));
#2620 = CARTESIAN_POINT('',(0.586777693353,13.755679578365));
#2621 = CARTESIAN_POINT('',(0.547036802228,13.806523521466));
#2622 = CARTESIAN_POINT('',(0.507700873944,13.856849354994));
#2623 = CARTESIAN_POINT('',(0.420745805241,13.968098453062));
#2624 = CARTESIAN_POINT('',(0.373328974567,14.028762886843));
#2625 = CARTESIAN_POINT('',(0.326479021859,14.08870208368));
#2626 = CARTESIAN_POINT('',(0.280168792682,14.147950812613));
#2627 = CARTESIAN_POINT('',(0.186413522018,14.267900269291));
#2628 = CARTESIAN_POINT('',(0.139017592,14.328538170975));
#2629 = CARTESIAN_POINT('',(9.216585035475E-02,14.388479933997));
#2630 = CARTESIAN_POINT('',(4.583284205476E-02,14.447758133954));
#2631 = CARTESIAN_POINT('',(0.,14.506396423573));
#2632 = ( GEOMETRIC_REPRESENTATION_CONTEXT(2) 
PARAMETRIC_REPRESENTATION_CONTEXT() REPRESENTATION_CONTEXT('2D SPACE',''
  ) );
#2633 = PCURVE('',#2234,#2634);
#2634 = DEFINITIONAL_REPRESENTATION('',(#2635),#2654);
#2635 = B_SPLINE_CURVE_WITH_KNOTS('',5,(#2636,#2637,#2638,#2639,#2640,
    #2641,#2642,#2643,#2644,#2645,#2646,#2647,#2648,#2649,#2650,#2651,
    #2652,#2653),.UNSPECIFIED.,.F.,.F.,(6,4,4,4,6),(0.,0.215258067714,
    0.437938920033,0.712453863266,1.),.UNSPECIFIED.);
#2636 = CARTESIAN_POINT('',(-3.431325840484,-0.689718069937));
#2637 = CARTESIAN_POINT('',(-3.433896033397,-0.86865344996));
#2638 = CARTESIAN_POINT('',(-3.424793000204,-1.048037738659));
#2639 = CARTESIAN_POINT('',(-3.404147063013,-1.226833097562));
#2640 = CARTESIAN_POINT('',(-3.372215381123,-1.404076916676));
#2641 = CARTESIAN_POINT('',(-3.285007268287,-1.759713114853));
#2642 = CARTESIAN_POINT('',(-3.228963163317,-1.937936955182));
#2643 = CARTESIAN_POINT('',(-3.161608536763,-2.112571172639));
#2644 = CARTESIAN_POINT('',(-3.083437725099,-2.282737000363));
#2645 = CARTESIAN_POINT('',(-2.886020529609,-2.650950577675));
#2646 = CARTESIAN_POINT('',(-2.761446152401,-2.846272236936));
#2647 = CARTESIAN_POINT('',(-2.622363958311,-3.032147233525));
#2648 = CARTESIAN_POINT('',(-2.469991937359,-3.207359603792));
#2649 = CARTESIAN_POINT('',(-2.133487814004,-3.542226058383));
#2650 = CARTESIAN_POINT('',(-1.948186516054,-3.700751611269));
#2651 = CARTESIAN_POINT('',(-1.751241946774,-3.845344259788));
#2652 = CARTESIAN_POINT('',(-1.544235679934,-3.975153118608));
#2653 = CARTESIAN_POINT('',(-1.328781944424,-4.089572915725));
#2654 = ( GEOMETRIC_REPRESENTATION_CONTEXT(2) 
PARAMETRIC_REPRESENTATION_CONTEXT() REPRESENTATION_CONTEXT('2D SPACE',''
  ) );
#2655 = ORIENTED_EDGE('',*,*,#2656,.T.);
#2656 = EDGE_CURVE('',#2589,#2657,#2659,.T.);
#2657 = VERTEX_POINT('',#2658);
#2658 = CARTESIAN_POINT('',(8.74999995,-1.74999995,1.936845124562));
#2659 = SURFACE_CURVE('',#2660,(#2726,#2795),.PCURVE_S1.);
#2660 = B_SPLINE_CURVE_WITH_KNOTS('',8,(#2661,#2662,#2663,#2664,#2665,
    #2666,#2667,#2668,#2669,#2670,#2671,#2672,#2673,#2674,#2675,#2676,
    #2677,#2678,#2679,#2680,#2681,#2682,#2683,#2684,#2685,#2686,#2687,
    #2688,#2689,#2690,#2691,#2692,#2693,#2694,#2695,#2696,#2697,#2698,
    #2699,#2700,#2701,#2702,#2703,#2704,#2705,#2706,#2707,#2708,#2709,
    #2710,#2711,#2712,#2713,#2714,#2715,#2716,#2717,#2718,#2719,#2720,
    #2721,#2722,#2723,#2724,#2725),.UNSPECIFIED.,.F.,.F.,(9,7,7,7,7,7,7,
    7,7,9),(0.,9.906525396119E-02,0.202922335189,0.270692836904,
    0.350416016889,0.459502413543,0.583455928517,0.701354359568,
    0.82084848828,1.),.UNSPECIFIED.);
#2661 = CARTESIAN_POINT('',(8.74999995,-1.74999995,-6.315780280211E-02)
  );
#2662 = CARTESIAN_POINT('',(8.74999995,-1.477810157607,
    -3.840320290393E-02));
#2663 = CARTESIAN_POINT('',(8.725807956142,-1.205544237892,
    -1.364202615788E-02));
#2664 = CARTESIAN_POINT('',(8.677401669774,-0.935811426788,
    1.111698783557E-02));
#2665 = CARTESIAN_POINT('',(8.605115932631,-0.671127690957,
    3.587261694064E-02));
#2666 = CARTESIAN_POINT('',(8.509582072901,-0.413922268781,
    6.062768213392E-02));
#2667 = CARTESIAN_POINT('',(8.391704153429,-0.166533360246,
    8.538546417895E-02));
#2668 = CARTESIAN_POINT('',(8.252672122075,6.880703428851E-02,
    0.110146011328));
#2669 = CARTESIAN_POINT('',(7.927677144118,0.521890371457,0.160856138524
    ));
#2670 = CARTESIAN_POINT('',(7.739688820412,0.738343774674,0.186817603617
    ));
#2671 = CARTESIAN_POINT('',(7.5317795793,0.936904242542,0.212777352599)
  );
#2672 = CARTESIAN_POINT('',(7.305964509773,1.115459514534,0.238735082771
    ));
#2673 = CARTESIAN_POINT('',(7.064485959505,1.272187875741,0.264694070163
    ));
#2674 = CARTESIAN_POINT('',(6.809787638463,1.405546695791,0.290656522317
    ));
#2675 = CARTESIAN_POINT('',(6.544517970194,1.514301794085,0.316619783184
    ));
#2676 = CARTESIAN_POINT('',(6.093449499007,1.651951177718,0.359509057293
    ));
#2677 = CARTESIAN_POINT('',(5.912014421333,1.69547930199,0.376445493872)
  );
#2678 = CARTESIAN_POINT('',(5.728037929188,1.727939830169,0.393379273883
    ));
#2679 = CARTESIAN_POINT('',(5.542311471581,1.74916418882,0.410318617347)
  );
#2680 = CARTESIAN_POINT('',(5.355631838194,1.759050555102,0.427245245851
    ));
#2681 = CARTESIAN_POINT('',(5.168808178649,1.75756466493,0.444190365245)
  );
#2682 = CARTESIAN_POINT('',(4.982647798044,1.744740188134,0.461131669747
    ));
#2683 = CARTESIAN_POINT('',(4.580712664397,1.692390839911,0.498000520839
    ));
#2684 = CARTESIAN_POINT('',(4.365457455409,1.648549426084,0.517931182447
    ));
#2685 = CARTESIAN_POINT('',(4.153540165886,1.589330748141,0.53785879926)
  );
#2686 = CARTESIAN_POINT('',(3.946245583462,1.515043626287,0.557782511304
    ));
#2687 = CARTESIAN_POINT('',(3.744807027767,1.426118069188,0.577703883158
    ));
#2688 = CARTESIAN_POINT('',(3.550406249631,1.323095534936,0.59762516353)
  );
#2689 = CARTESIAN_POINT('',(3.364170049397,1.206628767499,0.617547901113
    ));
#2690 = CARTESIAN_POINT('',(2.944963112728,0.900790392562,0.66473423954)
  );
#2691 = CARTESIAN_POINT('',(2.719980889824,0.700320320514,0.692005954803
    ));
#2692 = CARTESIAN_POINT('',(2.515067918417,0.478120986409,0.719274198348
    ));
#2693 = CARTESIAN_POINT('',(2.332640170933,0.236579738823,0.746539628308
    ));
#2694 = CARTESIAN_POINT('',(2.17474561142,-2.165814821203E-02,
    0.773805887984));
#2695 = CARTESIAN_POINT('',(2.043087526822,-0.293718366341,
    0.801076522398));
#2696 = CARTESIAN_POINT('',(1.938993518645,-0.576489311902,
    0.828352205535));
#2697 = CARTESIAN_POINT('',(1.777332003295,-1.196249290247,
    0.886606480904));
#2698 = CARTESIAN_POINT('',(1.727973876358,-1.535626368157,
    0.917606720808));
#2699 = CARTESIAN_POINT('',(1.716612284147,-1.879730049043,0.94859708509
    ));
#2700 = CARTESIAN_POINT('',(1.743662400665,-2.223586765243,
    0.979579406639));
#2701 = CARTESIAN_POINT('',(1.808803484026,-2.562301505882,
    1.010561380674));
#2702 = CARTESIAN_POINT('',(1.911048527033,-2.891066559272,
    1.041550679094));
#2703 = CARTESIAN_POINT('',(2.04867571841,-3.205190016851,1.072549006694
    ));
#2704 = CARTESIAN_POINT('',(2.381062485861,-3.780810440493,
    1.132999897554));
#2705 = CARTESIAN_POINT('',(2.572859881125,-4.044401014803,
    1.162482618289));
#2706 = CARTESIAN_POINT('',(2.792241032947,-4.287095688926,
    1.191959313656));
#2707 = CARTESIAN_POINT('',(3.036485044895,-4.505568131647,
    1.221430503085));
#2708 = CARTESIAN_POINT('',(3.302477633307,-4.696961159622,
    1.250901342904));
#2709 = CARTESIAN_POINT('',(3.586756977004,-4.858853203437,
    1.280377117062));
#2710 = CARTESIAN_POINT('',(3.885492313628,-4.989307018212,1.30985870007
    ));
#2711 = CARTESIAN_POINT('',(4.50754611182,-5.18607546089,1.369193245699)
  );
#2712 = CARTESIAN_POINT('',(4.831426265964,-5.251587754635,
    1.399072908048));
#2713 = CARTESIAN_POINT('',(5.161667796686,-5.282120011343,
    1.428944940654));
#2714 = CARTESIAN_POINT('',(5.493846443883,-5.277040721404,
    1.458810835323));
#2715 = CARTESIAN_POINT('',(5.823565426405,-5.236359452321,1.48867704102
    ));
#2716 = CARTESIAN_POINT('',(6.146466549823,-5.160670192481,
    1.518549870823));
#2717 = CARTESIAN_POINT('',(6.458249955372,-5.051208639383,
    1.548430396184));
#2718 = CARTESIAN_POINT('',(7.199278927331,-4.69834256977,1.623075168943
    ));
#2719 = CARTESIAN_POINT('',(7.610825421346,-4.414698238133,
    1.667959998896));
#2720 = CARTESIAN_POINT('',(7.974034258456,-4.065686234786,
    1.712786241477));
#2721 = CARTESIAN_POINT('',(8.277492556272,-3.661503199482,
    1.757581195379));
#2722 = CARTESIAN_POINT('',(8.511892230072,-3.213771837822,
    1.802371999863));
#2723 = CARTESIAN_POINT('',(8.670829238618,-2.73587786757,1.847187274099
    ));
#2724 = CARTESIAN_POINT('',(8.74999995,-2.242398112044,1.892065338826));
#2725 = CARTESIAN_POINT('',(8.74999995,-1.74999995,1.936845124562));
#2726 = PCURVE('',#1862,#2727);
#2727 = DEFINITIONAL_REPRESENTATION('',(#2728),#2794);
#2728 = B_SPLINE_CURVE_WITH_KNOTS('',8,(#2729,#2730,#2731,#2732,#2733,
    #2734,#2735,#2736,#2737,#2738,#2739,#2740,#2741,#2742,#2743,#2744,
    #2745,#2746,#2747,#2748,#2749,#2750,#2751,#2752,#2753,#2754,#2755,
    #2756,#2757,#2758,#2759,#2760,#2761,#2762,#2763,#2764,#2765,#2766,
    #2767,#2768,#2769,#2770,#2771,#2772,#2773,#2774,#2775,#2776,#2777,
    #2778,#2779,#2780,#2781,#2782,#2783,#2784,#2785,#2786,#2787,#2788,
    #2789,#2790,#2791,#2792,#2793),.UNSPECIFIED.,.F.,.F.,(9,7,7,7,7,7,7,
    7,7,9),(0.,9.906525396119E-02,0.202922335189,0.270692836904,
    0.350416016889,0.459502413543,0.583455928517,0.701354359568,
    0.82084848828,1.),.UNSPECIFIED.);
#2729 = CARTESIAN_POINT('',(0.868025166149,13.187629463761));
#2730 = CARTESIAN_POINT('',(0.8680247928,13.269243587521));
#2731 = CARTESIAN_POINT('',(0.868023533121,13.350880528504));
#2732 = CARTESIAN_POINT('',(0.868021120879,13.432511813665));
#2733 = CARTESIAN_POINT('',(0.868017483898,13.514133506076));
#2734 = CARTESIAN_POINT('',(0.868013120593,13.595754268569));
#2735 = CARTESIAN_POINT('',(0.868009100996,13.677383548535));
#2736 = CARTESIAN_POINT('',(0.868006692267,13.759019883871));
#2737 = CARTESIAN_POINT('',(0.868006521072,13.926206742619));
#2738 = CARTESIAN_POINT('',(0.868009054516,14.011796071356));
#2739 = CARTESIAN_POINT('',(0.868014734154,14.097375717034));
#2740 = CARTESIAN_POINT('',(0.868024272493,14.182943770117));
#2741 = CARTESIAN_POINT('',(0.868036192164,14.268512921489));
#2742 = CARTESIAN_POINT('',(0.868046607189,14.354095420874));
#2743 = CARTESIAN_POINT('',(0.868051162768,14.439688082989));
#2744 = CARTESIAN_POINT('',(0.868047809458,14.58109437735));
#2745 = CARTESIAN_POINT('',(0.868044433112,14.636936575498));
#2746 = CARTESIAN_POINT('',(0.868032893511,14.692780459129));
#2747 = CARTESIAN_POINT('',(0.868036847365,14.748622862927));
#2748 = CARTESIAN_POINT('',(0.868005684237,14.804468274768));
#2749 = CARTESIAN_POINT('',(0.868021246378,14.860314869677));
#2750 = CARTESIAN_POINT('',(0.868026700465,14.9161618194));
#2751 = CARTESIAN_POINT('',(0.868041842511,15.037695668421));
#2752 = CARTESIAN_POINT('',(0.868049792151,15.103395061642));
#2753 = CARTESIAN_POINT('',(0.86805310278,15.169090351513));
#2754 = CARTESIAN_POINT('',(0.868051411167,15.234779167512));
#2755 = CARTESIAN_POINT('',(0.868046172593,15.300464806061));
#2756 = CARTESIAN_POINT('',(0.868039180878,15.366152385958));
#2757 = CARTESIAN_POINT('',(0.868031830771,15.431845228676));
#2758 = CARTESIAN_POINT('',(0.868015943954,15.587434585318));
#2759 = CARTESIAN_POINT('',(0.868007947877,15.677357160065));
#2760 = CARTESIAN_POINT('',(0.86800369025,15.767263505949));
#2761 = CARTESIAN_POINT('',(0.868003900806,15.857154859157));
#2762 = CARTESIAN_POINT('',(0.868007205368,15.947044989434));
#2763 = CARTESIAN_POINT('',(0.868011596174,16.036948153096));
#2764 = CARTESIAN_POINT('',(0.868015878309,16.126868100969));
#2765 = CARTESIAN_POINT('',(0.868023231055,16.318917698488));
#2766 = CARTESIAN_POINT('',(0.868026074011,16.421119009783));
#2767 = CARTESIAN_POINT('',(0.868026817135,16.523290448558));
#2768 = CARTESIAN_POINT('',(0.868025570952,16.625437916269));
#2769 = CARTESIAN_POINT('',(0.868023637623,16.727585117381));
#2770 = CARTESIAN_POINT('',(0.868022374905,16.829755608355));
#2771 = CARTESIAN_POINT('',(0.868022195992,16.931954481097));
#2772 = CARTESIAN_POINT('',(0.868023816151,17.13125345268));
#2773 = CARTESIAN_POINT('',(0.86802551444,17.228453106887));
#2774 = CARTESIAN_POINT('',(0.868028041252,17.325631836006));
#2775 = CARTESIAN_POINT('',(0.868030805395,17.422792108917));
#2776 = CARTESIAN_POINT('',(0.868032860216,17.519952136694));
#2777 = CARTESIAN_POINT('',(0.868033447863,17.617130309615));
#2778 = CARTESIAN_POINT('',(0.868032423526,17.714329696136));
#2779 = CARTESIAN_POINT('',(0.868027646561,17.909956364245));
#2780 = CARTESIAN_POINT('',(0.868023856735,18.008471719982));
#2781 = CARTESIAN_POINT('',(0.868018958545,18.10696333918));
#2782 = CARTESIAN_POINT('',(0.868013700105,18.205435183063));
#2783 = CARTESIAN_POINT('',(0.868009170292,18.303907120182));
#2784 = CARTESIAN_POINT('',(0.868006282024,18.4023987962));
#2785 = CARTESIAN_POINT('',(0.868005343557,18.500913349215));
#2786 = CARTESIAN_POINT('',(0.868007464233,18.747007607621));
#2787 = CARTESIAN_POINT('',(0.868012761863,18.894981998743));
#2788 = CARTESIAN_POINT('',(0.868021506317,19.042758822851));
#2789 = CARTESIAN_POINT('',(0.868030852367,19.190431721371));
#2790 = CARTESIAN_POINT('',(0.86803525527,19.338097263854));
#2791 = CARTESIAN_POINT('',(0.868034363668,19.485850254578));
#2792 = CARTESIAN_POINT('',(0.868031139211,19.633813244418));
#2793 = CARTESIAN_POINT('',(0.868027858591,19.781452289291));
#2794 = ( GEOMETRIC_REPRESENTATION_CONTEXT(2) 
PARAMETRIC_REPRESENTATION_CONTEXT() REPRESENTATION_CONTEXT('2D SPACE',''
  ) );
#2795 = PCURVE('',#2796,#2801);
#2796 = CYLINDRICAL_SURFACE('',#2797,3.5);
#2797 = AXIS2_PLACEMENT_3D('',#2798,#2799,#2800);
#2798 = CARTESIAN_POINT('',(5.24999995,-1.74999995,-5.6499999));
#2799 = DIRECTION('',(0.,0.,1.));
#2800 = DIRECTION('',(1.,0.,0.));
#2801 = DEFINITIONAL_REPRESENTATION('',(#2802),#2868);
#2802 = B_SPLINE_CURVE_WITH_KNOTS('',8,(#2803,#2804,#2805,#2806,#2807,
    #2808,#2809,#2810,#2811,#2812,#2813,#2814,#2815,#2816,#2817,#2818,
    #2819,#2820,#2821,#2822,#2823,#2824,#2825,#2826,#2827,#2828,#2829,
    #2830,#2831,#2832,#2833,#2834,#2835,#2836,#2837,#2838,#2839,#2840,
    #2841,#2842,#2843,#2844,#2845,#2846,#2847,#2848,#2849,#2850,#2851,
    #2852,#2853,#2854,#2855,#2856,#2857,#2858,#2859,#2860,#2861,#2862,
    #2863,#2864,#2865,#2866,#2867),.UNSPECIFIED.,.F.,.F.,(9,7,7,7,7,7,7,
    7,7,9),(0.,9.906525396119E-02,0.202922335189,0.270692836904,
    0.350416016889,0.459502413543,0.583455928517,0.701354359568,
    0.82084848828,1.),.UNSPECIFIED.);
#2803 = CARTESIAN_POINT('',(0.,5.586842097198));
#2804 = CARTESIAN_POINT('',(7.776851211223E-02,5.611596697096));
#2805 = CARTESIAN_POINT('',(0.155558395276,5.636357873842));
#2806 = CARTESIAN_POINT('',(0.233342622485,5.661116887836));
#2807 = CARTESIAN_POINT('',(0.311117682296,5.685872516941));
#2808 = CARTESIAN_POINT('',(0.388892107555,5.710627582134));
#2809 = CARTESIAN_POINT('',(0.466675126927,5.735385364179));
#2810 = CARTESIAN_POINT('',(0.544465439247,5.760145911328));
#2811 = CARTESIAN_POINT('',(0.703776775077,5.810856038524));
#2812 = CARTESIAN_POINT('',(0.785334808667,5.836817503617));
#2813 = CARTESIAN_POINT('',(0.866884058675,5.862777252599));
#2814 = CARTESIAN_POINT('',(0.948422293136,5.888734982771));
#2815 = CARTESIAN_POINT('',(1.029961142214,5.914693970163));
#2816 = CARTESIAN_POINT('',(1.111512013185,5.940656422317));
#2817 = CARTESIAN_POINT('',(1.193071979059,5.966619683184));
#2818 = CARTESIAN_POINT('',(1.327815914143,6.009508957293));
#2819 = CARTESIAN_POINT('',(1.381027206027,6.026445393872));
#2820 = CARTESIAN_POINT('',(1.434239566253,6.043379173883));
#2821 = CARTESIAN_POINT('',(1.487452324656,6.060318517347));
#2822 = CARTESIAN_POINT('',(1.540666768457,6.077245145851));
#2823 = CARTESIAN_POINT('',(1.593882323762,6.094190265245));
#2824 = CARTESIAN_POINT('',(1.647098767525,6.111131569747));
#2825 = CARTESIAN_POINT('',(1.762907302659,6.148000420839));
#2826 = CARTESIAN_POINT('',(1.825511397982,6.167931082447));
#2827 = CARTESIAN_POINT('',(1.888111267888,6.18785869926));
#2828 = CARTESIAN_POINT('',(1.950704988842,6.207782411304));
#2829 = CARTESIAN_POINT('',(2.01329600148,6.227703783158));
#2830 = CARTESIAN_POINT('',(2.075889255952,6.24762506353));
#2831 = CARTESIAN_POINT('',(2.138487788559,6.267547801113));
#2832 = CARTESIAN_POINT('',(2.286748884047,6.31473413954));
#2833 = CARTESIAN_POINT('',(2.372436416626,6.342005854803));
#2834 = CARTESIAN_POINT('',(2.458108491137,6.369274098348));
#2835 = CARTESIAN_POINT('',(2.543765752153,6.396539528308));
#2836 = CARTESIAN_POINT('',(2.629421053259,6.423805787984));
#2837 = CARTESIAN_POINT('',(2.71508806445,6.451076422398));
#2838 = CARTESIAN_POINT('',(2.80077065212,6.478352105535));
#2839 = CARTESIAN_POINT('',(2.983769899648,6.536606380904));
#2840 = CARTESIAN_POINT('',(3.081154810958,6.567606620807));
#2841 = CARTESIAN_POINT('',(3.178511531143,6.59859698509));
#2842 = CARTESIAN_POINT('',(3.275846187538,6.629579306639));
#2843 = CARTESIAN_POINT('',(3.373181535881,6.660561280673));
#2844 = CARTESIAN_POINT('',(3.470539830745,6.691550579094));
#2845 = CARTESIAN_POINT('',(3.567925557373,6.722548906694));
#2846 = CARTESIAN_POINT('',(3.757838498822,6.782999797554));
#2847 = CARTESIAN_POINT('',(3.850460572582,6.812482518289));
#2848 = CARTESIAN_POINT('',(3.943062489582,6.841959213656));
#2849 = CARTESIAN_POINT('',(4.035646332844,6.871430403085));
#2850 = CARTESIAN_POINT('',(4.128229366208,6.900901242904));
#2851 = CARTESIAN_POINT('',(4.220829212701,6.930377017062));
#2852 = CARTESIAN_POINT('',(4.313448995347,6.95985860007));
#2853 = CARTESIAN_POINT('',(4.499858408239,7.019193145699));
#2854 = CARTESIAN_POINT('',(4.593731961146,7.049072808048));
#2855 = CARTESIAN_POINT('',(4.687582985448,7.078944840654));
#2856 = CARTESIAN_POINT('',(4.781415447241,7.108810735323));
#2857 = CARTESIAN_POINT('',(4.875248338227,7.13867694102));
#2858 = CARTESIAN_POINT('',(4.969100289303,7.168549770823));
#2859 = CARTESIAN_POINT('',(5.062974120362,7.198430296184));
#2860 = CARTESIAN_POINT('',(5.297475484592,7.273075068943));
#2861 = CARTESIAN_POINT('',(5.438479038918,7.317959898896));
#2862 = CARTESIAN_POINT('',(5.57929374304,7.362786141477));
#2863 = CARTESIAN_POINT('',(5.720008434628,7.407581095379));
#2864 = CARTESIAN_POINT('',(5.860715628938,7.452371899863));
#2865 = CARTESIAN_POINT('',(6.001507163037,7.497187174099));
#2866 = CARTESIAN_POINT('',(6.142500118024,7.542065238826));
#2867 = CARTESIAN_POINT('',(6.28318530718,7.586845024562));
#2868 = ( GEOMETRIC_REPRESENTATION_CONTEXT(2) 
PARAMETRIC_REPRESENTATION_CONTEXT() REPRESENTATION_CONTEXT('2D SPACE',''
  ) );
#2869 = ORIENTED_EDGE('',*,*,#2870,.T.);
#2870 = EDGE_CURVE('',#2657,#2871,#2873,.T.);
#2871 = VERTEX_POINT('',#2872);
#2872 = CARTESIAN_POINT('',(8.74999995,-1.74999995,3.936840385646));
#2873 = SURFACE_CURVE('',#2874,(#2940,#3009),.PCURVE_S1.);
#2874 = B_SPLINE_CURVE_WITH_KNOTS('',8,(#2875,#2876,#2877,#2878,#2879,
    #2880,#2881,#2882,#2883,#2884,#2885,#2886,#2887,#2888,#2889,#2890,
    #2891,#2892,#2893,#2894,#2895,#2896,#2897,#2898,#2899,#2900,#2901,
    #2902,#2903,#2904,#2905,#2906,#2907,#2908,#2909,#2910,#2911,#2912,
    #2913,#2914,#2915,#2916,#2917,#2918,#2919,#2920,#2921,#2922,#2923,
    #2924,#2925,#2926,#2927,#2928,#2929,#2930,#2931,#2932,#2933,#2934,
    #2935,#2936,#2937,#2938,#2939),.UNSPECIFIED.,.F.,.F.,(9,7,7,7,7,7,7,
    7,7,9),(0.,0.139673439757,0.243764560292,0.359512245076,
    0.422524250375,0.580884291813,0.697455478898,0.803119768184,
    0.898660717643,1.),.UNSPECIFIED.);
#2875 = CARTESIAN_POINT('',(8.74999995,-1.74999995,1.936845124562));
#2876 = CARTESIAN_POINT('',(8.74999995,-1.366134357919,1.971754716616));
#2877 = CARTESIAN_POINT('',(8.701884631437,-0.9819241422,2.006695406079)
  );
#2878 = CARTESIAN_POINT('',(8.605503955389,-0.604942002182,
    2.041619287011));
#2879 = CARTESIAN_POINT('',(8.462312117789,-0.242205979333,
    2.076531736809));
#2880 = CARTESIAN_POINT('',(8.274756542636,9.970196542788E-02,
    2.111444862363));
#2881 = CARTESIAN_POINT('',(8.046340039358,0.414693819173,2.146369633181
    ));
#2882 = CARTESIAN_POINT('',(7.781537476654,0.697175201807,2.181310326612
    ));
#2883 = CARTESIAN_POINT('',(7.266182396231,1.125212133193,2.24223714848)
  );
#2884 = CARTESIAN_POINT('',(7.028978710214,1.287488246917,2.268261046725
    ));
#2885 = CARTESIAN_POINT('',(6.776953056008,1.427303964215,2.294281809434
    ));
#2886 = CARTESIAN_POINT('',(6.512610889309,1.543112641214,2.320298467846
    ));
#2887 = CARTESIAN_POINT('',(6.238604038385,1.633711894623,2.346315000897
    ));
#2888 = CARTESIAN_POINT('',(5.957707748199,1.698224109798,2.372335690579
    ));
#2889 = CARTESIAN_POINT('',(5.672816476902,1.736124877891,2.398360283919
    ));
#2890 = CARTESIAN_POINT('',(5.069088820099,1.759767452016,2.4533113209)
  );
#2891 = CARTESIAN_POINT('',(4.749796274484,1.739201877561,2.482256874092
    ));
#2892 = CARTESIAN_POINT('',(4.433276810795,1.68541381665,2.511197792515)
  );
#2893 = CARTESIAN_POINT('',(4.12356236477,1.598887587285,2.540134302006)
  );
#2894 = CARTESIAN_POINT('',(3.824516091052,1.480649492429,2.569069863708
    ));
#2895 = CARTESIAN_POINT('',(3.539834537679,1.332217458784,2.598006619425
    ));
#2896 = CARTESIAN_POINT('',(3.273020375796,1.155640795764,2.626943582381
    ));
#2897 = CARTESIAN_POINT('',(2.893515577611,0.843640758921,2.671617367092
    ));
#2898 = CARTESIAN_POINT('',(2.765955979733,0.726092418469,2.687366372005
    ));
#2899 = CARTESIAN_POINT('',(2.645117293612,0.601392396576,2.703116993417
    ));
#2900 = CARTESIAN_POINT('',(2.531466539358,0.469991092504,2.718868949299
    ));
#2901 = CARTESIAN_POINT('',(2.425431021403,0.332371287848,2.734621751194
    ));
#2902 = CARTESIAN_POINT('',(2.327398328503,0.18904814654,2.750374704211)
  );
#2903 = CARTESIAN_POINT('',(2.237716333738,4.056921484616E-02,
    2.766126907031));
#2904 = CARTESIAN_POINT('',(1.953068065853,-0.497138682797,
    2.821460586139));
#2905 = CARTESIAN_POINT('',(1.803840648487,-0.911234965602,2.8610899337)
  );
#2906 = CARTESIAN_POINT('',(1.714498647874,-1.345008727426,
    2.900680288157));
#2907 = CARTESIAN_POINT('',(1.687597917599,-1.788310922731,
    2.940256144592));
#2908 = CARTESIAN_POINT('',(1.724018691565,-2.230949042393,
    2.979839039623));
#2909 = CARTESIAN_POINT('',(1.822677937209,-2.662750210754,
    3.019446050696));
#2910 = CARTESIAN_POINT('',(1.980823637226,-3.073582734408,
    3.059088107916));
#2911 = CARTESIAN_POINT('',(2.348599633552,-3.733556709486,
    3.127804882469));
#2912 = CARTESIAN_POINT('',(2.533870707058,-3.997186544546,
    3.156952279824));
#2913 = CARTESIAN_POINT('',(2.746425488014,-4.240847534455,
    3.186092308707));
#2914 = CARTESIAN_POINT('',(2.983693822549,-4.461287090392,3.21522573249
    ));
#2915 = CARTESIAN_POINT('',(3.242722523032,-4.655690633562,
    3.244358364159));
#2916 = CARTESIAN_POINT('',(3.520217764251,-4.821653099342,
    3.273496259366));
#2917 = CARTESIAN_POINT('',(3.812525452842,-4.957224860377,
    3.302640956354));
#2918 = CARTESIAN_POINT('',(4.390284020203,-5.155173586717,3.35818339725
    ));
#2919 = CARTESIAN_POINT('',(4.67400729237,-5.223277230095,3.384601090704
    ));
#2920 = CARTESIAN_POINT('',(4.963752594609,-5.264305830044,
    3.411016791779));
#2921 = CARTESIAN_POINT('',(5.256489585284,-5.27768259828,3.437429055838
    ));
#2922 = CARTESIAN_POINT('',(5.549175264371,-5.263229085915,
    3.463841483429));
#2923 = CARTESIAN_POINT('',(5.838770267714,-5.221135243272,
    3.490257801419));
#2924 = CARTESIAN_POINT('',(6.122253380817,-5.151986210453,
    3.516676959914));
#2925 = CARTESIAN_POINT('',(6.644727654035,-4.970820545559,
    3.566969153737));
#2926 = CARTESIAN_POINT('',(6.885511041721,-4.86350022437,3.590856036905
    ));
#2927 = CARTESIAN_POINT('',(7.116769542295,-4.735631644102,
    3.614741505052));
#2928 = CARTESIAN_POINT('',(7.336461513286,-4.588227165371,
    3.638624505087));
#2929 = CARTESIAN_POINT('',(7.542698474088,-4.42251939577,3.662507282548
    ));
#2930 = CARTESIAN_POINT('',(7.733742663323,-4.239941794416,
    3.686392324981));
#2931 = CARTESIAN_POINT('',(7.908022242165,-4.042135225667,
    3.710279286414));
#2932 = CARTESIAN_POINT('',(8.229782219722,-3.607010820343,
    3.759493922986));
#2933 = CARTESIAN_POINT('',(8.375064188618,-3.367928989247,
    3.784831499815));
#2934 = CARTESIAN_POINT('',(8.498338223947,-3.115966746956,
    3.810166352288));
#2935 = CARTESIAN_POINT('',(8.598304025964,-2.853504288504,3.83549810185
    ));
#2936 = CARTESIAN_POINT('',(8.673975480534,-2.583037606558,
    3.860830245305));
#2937 = CARTESIAN_POINT('',(8.724663629154,-2.307159295162,
    3.886166230808));
#2938 = CARTESIAN_POINT('',(8.74999995,-2.028552776405,3.911505627051));
#2939 = CARTESIAN_POINT('',(8.74999995,-1.74999995,3.936840385646));
#2940 = PCURVE('',#1862,#2941);
#2941 = DEFINITIONAL_REPRESENTATION('',(#2942),#3008);
#2942 = B_SPLINE_CURVE_WITH_KNOTS('',8,(#2943,#2944,#2945,#2946,#2947,
    #2948,#2949,#2950,#2951,#2952,#2953,#2954,#2955,#2956,#2957,#2958,
    #2959,#2960,#2961,#2962,#2963,#2964,#2965,#2966,#2967,#2968,#2969,
    #2970,#2971,#2972,#2973,#2974,#2975,#2976,#2977,#2978,#2979,#2980,
    #2981,#2982,#2983,#2984,#2985,#2986,#2987,#2988,#2989,#2990,#2991,
    #2992,#2993,#2994,#2995,#2996,#2997,#2998,#2999,#3000,#3001,#3002,
    #3003,#3004,#3005,#3006,#3007),.UNSPECIFIED.,.F.,.F.,(9,7,7,7,7,7,7,
    7,7,9),(0.,0.139673439757,0.243764560292,0.359512245076,
    0.422524250375,0.580884291813,0.697455478898,0.803119768184,
    0.898660717643,1.),.UNSPECIFIED.);
#2943 = CARTESIAN_POINT('',(0.868027858591,19.781452289291));
#2944 = CARTESIAN_POINT('',(0.868025301073,19.896549285468));
#2945 = CARTESIAN_POINT('',(0.868022705392,20.011748855777));
#2946 = CARTESIAN_POINT('',(0.868021175099,20.126891646858));
#2947 = CARTESIAN_POINT('',(0.868021615912,20.241994228732));
#2948 = CARTESIAN_POINT('',(0.868023952153,20.357096613525));
#2949 = CARTESIAN_POINT('',(0.868025991041,20.47223777211));
#2950 = CARTESIAN_POINT('',(0.868026095108,20.587433901482));
#2951 = CARTESIAN_POINT('',(0.868022677157,20.788308419651));
#2952 = CARTESIAN_POINT('',(0.868020075441,20.874110154621));
#2953 = CARTESIAN_POINT('',(0.868016256168,20.959903109746));
#2954 = CARTESIAN_POINT('',(0.868011627426,21.045683568999));
#2955 = CARTESIAN_POINT('',(0.868007299112,21.131463230585));
#2956 = CARTESIAN_POINT('',(0.868004836413,21.217254209359));
#2957 = CARTESIAN_POINT('',(0.86800554843,21.303053996442));
#2958 = CARTESIAN_POINT('',(0.868013496887,21.484212357732));
#2959 = CARTESIAN_POINT('',(0.868021492097,21.579632963608));
#2960 = CARTESIAN_POINT('',(0.868033125774,21.675033634076));
#2961 = CARTESIAN_POINT('',(0.868046710888,21.770417272055));
#2962 = CARTESIAN_POINT('',(0.868057129934,21.865801835841));
#2963 = CARTESIAN_POINT('',(0.868056642057,21.961204290336));
#2964 = CARTESIAN_POINT('',(0.868041833624,22.056625749715));
#2965 = CARTESIAN_POINT('',(0.868023763706,22.203934240198));
#2966 = CARTESIAN_POINT('',(0.868021372086,22.255860325172));
#2967 = CARTESIAN_POINT('',(0.868022855512,22.307786781911));
#2968 = CARTESIAN_POINT('',(0.868027595146,22.359713472329));
#2969 = CARTESIAN_POINT('',(0.86803445622,22.411640237835));
#2970 = CARTESIAN_POINT('',(0.86804178803,22.463566899327));
#2971 = CARTESIAN_POINT('',(0.868047423939,22.515493257196));
#2972 = CARTESIAN_POINT('',(0.868051841539,22.697917671801));
#2973 = CARTESIAN_POINT('',(0.868039982161,22.828587169756));
#2974 = CARTESIAN_POINT('',(0.868014142473,22.959145997312));
#2975 = CARTESIAN_POINT('',(0.868000891098,23.089640920959));
#2976 = CARTESIAN_POINT('',(0.868000764599,23.22014225827));
#2977 = CARTESIAN_POINT('',(0.868006453545,23.350715663848));
#2978 = CARTESIAN_POINT('',(0.868013177362,23.481403289331));
#2979 = CARTESIAN_POINT('',(0.868022279663,23.707944548992));
#2980 = CARTESIAN_POINT('',(0.868025353214,23.804036913271));
#2981 = CARTESIAN_POINT('',(0.868026670672,23.900107231094));
#2982 = CARTESIAN_POINT('',(0.868026100788,23.996158187149));
#2983 = CARTESIAN_POINT('',(0.86802454454,24.092207793617));
#2984 = CARTESIAN_POINT('',(0.868023141732,24.188274557183));
#2985 = CARTESIAN_POINT('',(0.868022463267,24.284362818878));
#2986 = CARTESIAN_POINT('',(0.868022841022,24.467480670501));
#2987 = CARTESIAN_POINT('',(0.868023731819,24.554576243894));
#2988 = CARTESIAN_POINT('',(0.868025470608,24.641664163683));
#2989 = CARTESIAN_POINT('',(0.868027778241,24.728740024176));
#2990 = CARTESIAN_POINT('',(0.868030120466,24.815816379564));
#2991 = CARTESIAN_POINT('',(0.868031893464,24.902906289498));
#2992 = CARTESIAN_POINT('',(0.868032634065,24.990006885154));
#2993 = CARTESIAN_POINT('',(0.868031911566,25.155816561228));
#2994 = CARTESIAN_POINT('',(0.868030648239,25.234571041118));
#2995 = CARTESIAN_POINT('',(0.8680283624,25.313322163998));
#2996 = CARTESIAN_POINT('',(0.868025166229,25.392066314408));
#2997 = CARTESIAN_POINT('',(0.868021378153,25.470810488288));
#2998 = CARTESIAN_POINT('',(0.868017459628,25.549562296468));
#2999 = CARTESIAN_POINT('',(0.868013896884,25.628319976231));
#3000 = CARTESIAN_POINT('',(0.868007984262,25.790583685023));
#3001 = CARTESIAN_POINT('',(0.868005722267,25.874122246581));
#3002 = CARTESIAN_POINT('',(0.868004663961,25.957650286202));
#3003 = CARTESIAN_POINT('',(0.86800508346,26.041166205127));
#3004 = CARTESIAN_POINT('',(0.86800696801,26.124681548313));
#3005 = CARTESIAN_POINT('',(0.868010000263,26.208208090022));
#3006 = CARTESIAN_POINT('',(0.868013661486,26.29174507193));
#3007 = CARTESIAN_POINT('',(0.868017455722,26.375266593765));
#3008 = ( GEOMETRIC_REPRESENTATION_CONTEXT(2) 
PARAMETRIC_REPRESENTATION_CONTEXT() REPRESENTATION_CONTEXT('2D SPACE',''
  ) );
#3009 = PCURVE('',#3010,#3015);
#3010 = CYLINDRICAL_SURFACE('',#3011,3.5);
#3011 = AXIS2_PLACEMENT_3D('',#3012,#3013,#3014);
#3012 = CARTESIAN_POINT('',(5.24999995,-1.74999995,-5.6499999));
#3013 = DIRECTION('',(0.,0.,1.));
#3014 = DIRECTION('',(1.,0.,0.));
#3015 = DEFINITIONAL_REPRESENTATION('',(#3016),#3082);
#3016 = B_SPLINE_CURVE_WITH_KNOTS('',8,(#3017,#3018,#3019,#3020,#3021,
    #3022,#3023,#3024,#3025,#3026,#3027,#3028,#3029,#3030,#3031,#3032,
    #3033,#3034,#3035,#3036,#3037,#3038,#3039,#3040,#3041,#3042,#3043,
    #3044,#3045,#3046,#3047,#3048,#3049,#3050,#3051,#3052,#3053,#3054,
    #3055,#3056,#3057,#3058,#3059,#3060,#3061,#3062,#3063,#3064,#3065,
    #3066,#3067,#3068,#3069,#3070,#3071,#3072,#3073,#3074,#3075,#3076,
    #3077,#3078,#3079,#3080,#3081),.UNSPECIFIED.,.F.,.F.,(9,7,7,7,7,7,7,
    7,7,9),(0.,0.139673439757,0.243764560292,0.359512245076,
    0.422524250375,0.580884291813,0.697455478898,0.803119768184,
    0.898660717643,1.),.UNSPECIFIED.);
#3017 = CARTESIAN_POINT('',(0.,7.586845024562));
#3018 = CARTESIAN_POINT('',(0.109675883452,7.621754616616));
#3019 = CARTESIAN_POINT('',(0.219450069112,7.656695306079));
#3020 = CARTESIAN_POINT('',(0.329170519396,7.691619187011));
#3021 = CARTESIAN_POINT('',(0.438852568365,7.726531636809));
#3022 = CARTESIAN_POINT('',(0.548533631318,7.761444762363));
#3023 = CARTESIAN_POINT('',(0.6582504072,7.796369533181));
#3024 = CARTESIAN_POINT('',(0.768018578301,7.831310226612));
#3025 = CARTESIAN_POINT('',(0.959427207016,7.89223704848));
#3026 = CARTESIAN_POINT('',(1.04118541507,7.918260946725));
#3027 = CARTESIAN_POINT('',(1.122935185836,7.944281709434));
#3028 = CARTESIAN_POINT('',(1.204673318775,7.970298367845));
#3029 = CARTESIAN_POINT('',(1.286411252478,7.996314900897));
#3030 = CARTESIAN_POINT('',(1.368160648089,8.022335590579));
#3031 = CARTESIAN_POINT('',(1.449919008739,8.048360183919));
#3032 = CARTESIAN_POINT('',(1.622544840963,8.1033112209));
#3033 = CARTESIAN_POINT('',(1.713471504726,8.132256774092));
#3034 = CARTESIAN_POINT('',(1.804379079365,8.161197692515));
#3035 = CARTESIAN_POINT('',(1.895269940683,8.190134202006));
#3036 = CARTESIAN_POINT('',(1.986160424668,8.219069763708));
#3037 = CARTESIAN_POINT('',(2.077067128253,8.248006519425));
#3038 = CARTESIAN_POINT('',(2.167993086496,8.276943482381));
#3039 = CARTESIAN_POINT('',(2.308362254235,8.321617267092));
#3040 = CARTESIAN_POINT('',(2.35784232716,8.337366272005));
#3041 = CARTESIAN_POINT('',(2.407322746831,8.353116893417));
#3042 = CARTESIAN_POINT('',(2.456803312262,8.368868849299));
#3043 = CARTESIAN_POINT('',(2.506283832812,8.384621651194));
#3044 = CARTESIAN_POINT('',(2.555764128174,8.400374604211));
#3045 = CARTESIAN_POINT('',(2.605244028383,8.416126807031));
#3046 = CARTESIAN_POINT('',(2.779073506074,8.471460486139));
#3047 = CARTESIAN_POINT('',(2.903586546934,8.5110898337));
#3048 = CARTESIAN_POINT('',(3.027995905093,8.550680188157));
#3049 = CARTESIAN_POINT('',(3.15234685386,8.590256044592));
#3050 = CARTESIAN_POINT('',(3.276701822713,8.629838939623));
#3051 = CARTESIAN_POINT('',(3.40112372043,8.669445950696));
#3052 = CARTESIAN_POINT('',(3.525653097377,8.709088007916));
#3053 = CARTESIAN_POINT('',(3.741518669918,8.777804782469));
#3054 = CARTESIAN_POINT('',(3.833082507694,8.806952179824));
#3055 = CARTESIAN_POINT('',(3.924625487005,8.836092208707));
#3056 = CARTESIAN_POINT('',(4.016150599171,8.86522563249));
#3057 = CARTESIAN_POINT('',(4.107675222499,8.894358264159));
#3058 = CARTESIAN_POINT('',(4.199216924861,8.923496159366));
#3059 = CARTESIAN_POINT('',(4.290779588844,8.952640856354));
#3060 = CARTESIAN_POINT('',(4.465273296214,9.00818329725));
#3061 = CARTESIAN_POINT('',(4.548267176959,9.034600990704));
#3062 = CARTESIAN_POINT('',(4.631253738563,9.061016691779));
#3063 = CARTESIAN_POINT('',(4.714228559173,9.087428955838));
#3064 = CARTESIAN_POINT('',(4.797203452797,9.113841383429));
#3065 = CARTESIAN_POINT('',(4.880190833265,9.140257701419));
#3066 = CARTESIAN_POINT('',(4.963188041555,9.166676859914));
#3067 = CARTESIAN_POINT('',(5.121185810671,9.216969053737));
#3068 = CARTESIAN_POINT('',(5.196229677225,9.240855936905));
#3069 = CARTESIAN_POINT('',(5.271270226731,9.264741405052));
#3070 = CARTESIAN_POINT('',(5.346304130039,9.288624405087));
#3071 = CARTESIAN_POINT('',(5.421338157154,9.312507182548));
#3072 = CARTESIAN_POINT('',(5.496379622685,9.336392224981));
#3073 = CARTESIAN_POINT('',(5.57142685788,9.360279186414));
#3074 = CARTESIAN_POINT('',(5.726046267192,9.409493822986));
#3075 = CARTESIAN_POINT('',(5.805649458443,9.434831399815));
#3076 = CARTESIAN_POINT('',(5.885242753245,9.460166252288));
#3077 = CARTESIAN_POINT('',(5.964824534712,9.48549800185));
#3078 = CARTESIAN_POINT('',(6.044405694578,9.510830145305));
#3079 = CARTESIAN_POINT('',(6.123997364848,9.536166130808));
#3080 = CARTESIAN_POINT('',(6.203598785349,9.561505527051));
#3081 = CARTESIAN_POINT('',(6.28318530718,9.586840285646));
#3082 = ( GEOMETRIC_REPRESENTATION_CONTEXT(2) 
PARAMETRIC_REPRESENTATION_CONTEXT() REPRESENTATION_CONTEXT('2D SPACE',''
  ) );
#3083 = ORIENTED_EDGE('',*,*,#3084,.T.);
#3084 = EDGE_CURVE('',#2871,#3085,#3087,.T.);
#3085 = VERTEX_POINT('',#3086);
#3086 = CARTESIAN_POINT('',(8.74999995,-1.74999995,5.936840364647));
#3087 = SURFACE_CURVE('',#3088,(#3161,#3237),.PCURVE_S1.);
#3088 = B_SPLINE_CURVE_WITH_KNOTS('',8,(#3089,#3090,#3091,#3092,#3093,
    #3094,#3095,#3096,#3097,#3098,#3099,#3100,#3101,#3102,#3103,#3104,
    #3105,#3106,#3107,#3108,#3109,#3110,#3111,#3112,#3113,#3114,#3115,
    #3116,#3117,#3118,#3119,#3120,#3121,#3122,#3123,#3124,#3125,#3126,
    #3127,#3128,#3129,#3130,#3131,#3132,#3133,#3134,#3135,#3136,#3137,
    #3138,#3139,#3140,#3141,#3142,#3143,#3144,#3145,#3146,#3147,#3148,
    #3149,#3150,#3151,#3152,#3153,#3154,#3155,#3156,#3157,#3158,#3159,
    #3160),.UNSPECIFIED.,.F.,.F.,(9,7,7,7,7,7,7,7,7,7,9),(0.,
    9.66138856452E-02,0.187194716736,0.261719097731,0.375607185201,
    0.479917145499,0.533458850446,0.596019472222,0.721899123548,
    0.844848084867,1.),.UNSPECIFIED.);
#3089 = CARTESIAN_POINT('',(8.74999995,-1.74999995,3.936840385646));
#3090 = CARTESIAN_POINT('',(8.74999995,-1.483478977055,3.961080830797));
#3091 = CARTESIAN_POINT('',(8.72680516326,-1.216899425914,3.985326592719
    ));
#3092 = CARTESIAN_POINT('',(8.680398934804,-0.952700416565,
    4.009570333563));
#3093 = CARTESIAN_POINT('',(8.611088155914,-0.693239474965,
    4.033811176348));
#3094 = CARTESIAN_POINT('',(8.519451596989,-0.440798391164,
    4.058051553992));
#3095 = CARTESIAN_POINT('',(8.406320556355,-0.197579065095,
    4.082294026446));
#3096 = CARTESIAN_POINT('',(8.272791825025,3.431065995014E-02,
    4.106538065947));
#3097 = CARTESIAN_POINT('',(7.977278150566,0.457803055471,4.153501966296
    ));
#3098 = CARTESIAN_POINT('',(7.817541137587,0.65108855279,4.17623021401)
  );
#3099 = CARTESIAN_POINT('',(7.642197176149,0.83109301487,4.198956716231)
  );
#3100 = CARTESIAN_POINT('',(7.452550079823,0.996359101446,4.221681279328
    ));
#3101 = CARTESIAN_POINT('',(7.250045665154,1.145594526614,4.24440599349)
  );
#3102 = CARTESIAN_POINT('',(7.036259473723,1.277667748389,4.267132869821
    ));
#3103 = CARTESIAN_POINT('',(6.812898779182,1.391621606485,4.28986147437)
  );
#3104 = CARTESIAN_POINT('',(6.391700437033,1.564933647467,4.331283372225
    ));
#3105 = CARTESIAN_POINT('',(6.196306052968,1.630409904438,4.349982741217
    ));
#3106 = CARTESIAN_POINT('',(5.996655298068,1.682707523024,4.368682533617
    ));
#3107 = CARTESIAN_POINT('',(5.793791122082,1.721509968112,4.387382293367
    ));
#3108 = CARTESIAN_POINT('',(5.588775699885,1.746600213556,4.406082367317
    ));
#3109 = CARTESIAN_POINT('',(5.382687549731,1.757858086071,4.424783005289
    ));
#3110 = CARTESIAN_POINT('',(5.176619923418,1.755265065126,4.443483433693
    ));
#3111 = CARTESIAN_POINT('',(4.658492189836,1.713932736675,4.490754356889
    ));
#3112 = CARTESIAN_POINT('',(4.347739768345,1.656808251101,4.51933900403)
  );
#3113 = CARTESIAN_POINT('',(4.043459435888,1.567821610054,4.547917622669
    ));
#3114 = CARTESIAN_POINT('',(3.749455834102,1.447887400543,4.576490749076
    ));
#3115 = CARTESIAN_POINT('',(3.469314103419,1.298414929736,4.605063744291
    ));
#3116 = CARTESIAN_POINT('',(3.2064075765,1.121261633331,4.633642390324)
  );
#3117 = CARTESIAN_POINT('',(2.963868457254,0.918766949946,4.662228140285
    ));
#3118 = CARTESIAN_POINT('',(2.543559367702,0.487853400379,4.716976877078
    ));
#3119 = CARTESIAN_POINT('',(2.349721822059,0.2504033192,4.74474857038));
#3120 = CARTESIAN_POINT('',(2.180814321063,-8.51136455563E-03,
    4.772601835386));
#3121 = CARTESIAN_POINT('',(2.043187964424,-0.278100466385,
    4.799854441518));
#3122 = CARTESIAN_POINT('',(1.936036123876,-0.549940508637,
    4.826207077083));
#3123 = CARTESIAN_POINT('',(1.856394723566,-0.820661808024,
    4.851719639877));
#3124 = CARTESIAN_POINT('',(1.800492743506,-1.092640978378,
    4.876852610442));
#3125 = CARTESIAN_POINT('',(1.754407876335,-1.521449350194,
    4.916069112323));
#3126 = CARTESIAN_POINT('',(1.745724031197,-1.66764746384,4.929371622266
    ));
#3127 = CARTESIAN_POINT('',(1.744029305233,-1.814202958924,
    4.942675215956));
#3128 = CARTESIAN_POINT('',(1.749339242881,-1.960724881082,
    4.955980033634));
#3129 = CARTESIAN_POINT('',(1.761643494392,-2.106824545928,
    4.969285937049));
#3130 = CARTESIAN_POINT('',(1.780905815837,-2.252115539053,4.98259250946
    ));
#3131 = CARTESIAN_POINT('',(1.807064069099,-2.396213716022,
    4.995899055633));
#3132 = CARTESIAN_POINT('',(1.878549410191,-2.705268281904,
    5.024751421745));
#3133 = CARTESIAN_POINT('',(1.926365183962,-2.869654822352,
    5.040297444461));
#3134 = CARTESIAN_POINT('',(1.983334281062,-3.031282446516,
    5.055842626344));
#3135 = CARTESIAN_POINT('',(2.049269168405,-3.189556661947,
    5.071387000624));
#3136 = CARTESIAN_POINT('',(2.123938041938,-3.343902860961,
    5.086930677407));
#3137 = CARTESIAN_POINT('',(2.207064826648,-3.493766320639,
    5.102473843674));
#3138 = CARTESIAN_POINT('',(2.298329176561,-3.638612202821,
    5.118016763282));
#3139 = CARTESIAN_POINT('',(2.596641677076,-4.058241119844,
    5.164834228652));
#3140 = CARTESIAN_POINT('',(2.827507077288,-4.316330459034,
    5.196126136442));
#3141 = CARTESIAN_POINT('',(3.086919072094,-4.54779285872,5.227410857754
    ));
#3142 = CARTESIAN_POINT('',(3.371217332845,-4.749015872842,
    5.258690706561));
#3143 = CARTESIAN_POINT('',(3.676318040305,-4.917031102947,
    5.289972181993));
#3144 = CARTESIAN_POINT('',(3.997768406678,-5.049459968565,
    5.321261384041));
#3145 = CARTESIAN_POINT('',(4.330721869757,-5.144586021123,
    5.352559455374));
#3146 = CARTESIAN_POINT('',(5.001168335936,-5.257267532631,
    5.414392060114));
#3147 = CARTESIAN_POINT('',(5.338710181566,-5.276633798617,
    5.444958335086));
#3148 = CARTESIAN_POINT('',(5.677630557089,-5.258808742631,5.47551551933
    ));
#3149 = CARTESIAN_POINT('',(6.013144622818,-5.203804509514,
    5.506065395272));
#3150 = CARTESIAN_POINT('',(6.340601676052,-5.112321293938,
    5.536615306396));
#3151 = CARTESIAN_POINT('',(6.655486142566,-4.985681372687,
    5.567172441061));
#3152 = CARTESIAN_POINT('',(6.953447178747,-4.825891025701,
    5.597738090952));
#3153 = CARTESIAN_POINT('',(7.579926951214,-4.395964635026,
    5.666839942776));
#3154 = CARTESIAN_POINT('',(7.89669472975,-4.107418642121,5.705442467687
    ));
#3155 = CARTESIAN_POINT('',(8.172027107788,-3.775825304802,
    5.744016078944));
#3156 = CARTESIAN_POINT('',(8.39942443737,-3.408358954326,5.782571156752
    ));
#3157 = CARTESIAN_POINT('',(8.573723789632,-3.012945527469,
    5.821124066749));
#3158 = CARTESIAN_POINT('',(8.691321125318,-2.598327963212,
    5.859692831667));
#3159 = CARTESIAN_POINT('',(8.74999995,-2.173913986499,5.898289284101));
#3160 = CARTESIAN_POINT('',(8.74999995,-1.74999995,5.936840364647));
#3161 = PCURVE('',#1862,#3162);
#3162 = DEFINITIONAL_REPRESENTATION('',(#3163),#3236);
#3163 = B_SPLINE_CURVE_WITH_KNOTS('',8,(#3164,#3165,#3166,#3167,#3168,
    #3169,#3170,#3171,#3172,#3173,#3174,#3175,#3176,#3177,#3178,#3179,
    #3180,#3181,#3182,#3183,#3184,#3185,#3186,#3187,#3188,#3189,#3190,
    #3191,#3192,#3193,#3194,#3195,#3196,#3197,#3198,#3199,#3200,#3201,
    #3202,#3203,#3204,#3205,#3206,#3207,#3208,#3209,#3210,#3211,#3212,
    #3213,#3214,#3215,#3216,#3217,#3218,#3219,#3220,#3221,#3222,#3223,
    #3224,#3225,#3226,#3227,#3228,#3229,#3230,#3231,#3232,#3233,#3234,
    #3235),.UNSPECIFIED.,.F.,.F.,(9,7,7,7,7,7,7,7,7,7,9),(0.,
    9.66138856452E-02,0.187194716736,0.261719097731,0.375607185201,
    0.479917145499,0.533458850446,0.596019472222,0.721899123548,
    0.844848084867,1.),.UNSPECIFIED.);
#3164 = CARTESIAN_POINT('',(0.868017455722,26.375266593765));
#3165 = CARTESIAN_POINT('',(0.868021086069,26.455180474189));
#3166 = CARTESIAN_POINT('',(0.868024836458,26.53511172994));
#3167 = CARTESIAN_POINT('',(0.868028273151,26.61503672372));
#3168 = CARTESIAN_POINT('',(0.868030937375,26.694953151154));
#3169 = CARTESIAN_POINT('',(0.868032530305,26.77486941566));
#3170 = CARTESIAN_POINT('',(0.868032999884,26.854794023763));
#3171 = CARTESIAN_POINT('',(0.868032529485,26.934725000871));
#3172 = CARTESIAN_POINT('',(0.868030396095,27.08956340361));
#3173 = CARTESIAN_POINT('',(0.868028810928,27.1644983804));
#3174 = CARTESIAN_POINT('',(0.868026911638,27.239428004344));
#3175 = CARTESIAN_POINT('',(0.86802506231,27.314351171253));
#3176 = CARTESIAN_POINT('',(0.868023601729,27.389274338851));
#3177 = CARTESIAN_POINT('',(0.868022739811,27.464203869002));
#3178 = CARTESIAN_POINT('',(0.868022501112,27.539138299591));
#3179 = CARTESIAN_POINT('',(0.868022891742,27.675701999058));
#3180 = CARTESIAN_POINT('',(0.868023375643,27.737351484973));
#3181 = CARTESIAN_POINT('',(0.868024082823,27.799002081163));
#3182 = CARTESIAN_POINT('',(0.868024843298,27.860652501526));
#3183 = CARTESIAN_POINT('',(0.868025436582,27.922304171681));
#3184 = CARTESIAN_POINT('',(0.868025639781,27.983958200433));
#3185 = CARTESIAN_POINT('',(0.868025288593,28.045612247535));
#3186 = CARTESIAN_POINT('',(0.86802291874,28.201463178974));
#3187 = CARTESIAN_POINT('',(0.868020105459,28.295707738932));
#3188 = CARTESIAN_POINT('',(0.868015826372,28.389934298805));
#3189 = CARTESIAN_POINT('',(0.868010458425,28.484144144367));
#3190 = CARTESIAN_POINT('',(0.868005687973,28.578352792969));
#3191 = CARTESIAN_POINT('',(0.868003806677,28.672576375447));
#3192 = CARTESIAN_POINT('',(0.868006255619,28.766817838881));
#3193 = CARTESIAN_POINT('',(0.86801767777,28.947304790802));
#3194 = CARTESIAN_POINT('',(0.868026463085,29.038854277409));
#3195 = CARTESIAN_POINT('',(0.868038036114,29.13066913187));
#3196 = CARTESIAN_POINT('',(0.868050768164,29.220502186272));
#3197 = CARTESIAN_POINT('',(0.868055816501,29.307377950611));
#3198 = CARTESIAN_POINT('',(0.868053799509,29.391493111371));
#3199 = CARTESIAN_POINT('',(0.868042085298,29.474369197905));
#3200 = CARTESIAN_POINT('',(0.868025917571,29.603683093636));
#3201 = CARTESIAN_POINT('',(0.868021772271,29.647545552648));
#3202 = CARTESIAN_POINT('',(0.86802042581,29.691408003874));
#3203 = CARTESIAN_POINT('',(0.868022451976,29.735270175586));
#3204 = CARTESIAN_POINT('',(0.868027538132,29.779132011968));
#3205 = CARTESIAN_POINT('',(0.868034485219,29.82299367312));
#3206 = CARTESIAN_POINT('',(0.868041207758,29.866855535053));
#3207 = CARTESIAN_POINT('',(0.868048853888,29.961969358282));
#3208 = CARTESIAN_POINT('',(0.868050602155,30.013220933036));
#3209 = CARTESIAN_POINT('',(0.868050037072,30.06447269531));
#3210 = CARTESIAN_POINT('',(0.868047386971,30.115724462535));
#3211 = CARTESIAN_POINT('',(0.868043050091,30.166976088218));
#3212 = CARTESIAN_POINT('',(0.86803759458,30.218227461943));
#3213 = CARTESIAN_POINT('',(0.868031758492,30.269478509368));
#3214 = CARTESIAN_POINT('',(0.868015768024,30.423851857976));
#3215 = CARTESIAN_POINT('',(0.86800626382,30.527030568351));
#3216 = CARTESIAN_POINT('',(0.868002085038,30.630178772282));
#3217 = CARTESIAN_POINT('',(0.86800410683,30.733302979072));
#3218 = CARTESIAN_POINT('',(0.868009551582,30.836428169407));
#3219 = CARTESIAN_POINT('',(0.868015089894,30.939578713994));
#3220 = CARTESIAN_POINT('',(0.868019557347,31.042759869839));
#3221 = CARTESIAN_POINT('',(0.868025219767,31.246609053781));
#3222 = CARTESIAN_POINT('',(0.868026516253,31.347381601016));
#3223 = CARTESIAN_POINT('',(0.868025903922,31.448126619071));
#3224 = CARTESIAN_POINT('',(0.868024085453,31.548849085444));
#3225 = CARTESIAN_POINT('',(0.868022402608,31.649571494293));
#3226 = CARTESIAN_POINT('',(0.868021858029,31.750316262211));
#3227 = CARTESIAN_POINT('',(0.868022490069,31.851087598698));
#3228 = CARTESIAN_POINT('',(0.868025816981,32.078905811768));
#3229 = CARTESIAN_POINT('',(0.868029005559,32.206170717488));
#3230 = CARTESIAN_POINT('',(0.868032793868,32.333339530253));
#3231 = CARTESIAN_POINT('',(0.868035236037,32.460448962175));
#3232 = CARTESIAN_POINT('',(0.868033968946,32.5875559926));
#3233 = CARTESIAN_POINT('',(0.868029418116,32.714719496415));
#3234 = CARTESIAN_POINT('',(0.868023362167,32.841976209063));
#3235 = CARTESIAN_POINT('',(0.868017585748,32.969082977127));
#3236 = ( GEOMETRIC_REPRESENTATION_CONTEXT(2) 
PARAMETRIC_REPRESENTATION_CONTEXT() REPRESENTATION_CONTEXT('2D SPACE',''
  ) );
#3237 = PCURVE('',#3238,#3243);
#3238 = CYLINDRICAL_SURFACE('',#3239,3.5);
#3239 = AXIS2_PLACEMENT_3D('',#3240,#3241,#3242);
#3240 = CARTESIAN_POINT('',(5.24999995,-1.74999995,-5.6499999));
#3241 = DIRECTION('',(0.,0.,1.));
#3242 = DIRECTION('',(1.,0.,0.));
#3243 = DEFINITIONAL_REPRESENTATION('',(#3244),#3317);
#3244 = B_SPLINE_CURVE_WITH_KNOTS('',8,(#3245,#3246,#3247,#3248,#3249,
    #3250,#3251,#3252,#3253,#3254,#3255,#3256,#3257,#3258,#3259,#3260,
    #3261,#3262,#3263,#3264,#3265,#3266,#3267,#3268,#3269,#3270,#3271,
    #3272,#3273,#3274,#3275,#3276,#3277,#3278,#3279,#3280,#3281,#3282,
    #3283,#3284,#3285,#3286,#3287,#3288,#3289,#3290,#3291,#3292,#3293,
    #3294,#3295,#3296,#3297,#3298,#3299,#3300,#3301,#3302,#3303,#3304,
    #3305,#3306,#3307,#3308,#3309,#3310,#3311,#3312,#3313,#3314,#3315,
    #3316),.UNSPECIFIED.,.F.,.F.,(9,7,7,7,7,7,7,7,7,7,9),(0.,
    9.66138856452E-02,0.187194716736,0.261719097731,0.375607185201,
    0.479917145499,0.533458850446,0.596019472222,0.721899123548,
    0.844848084867,1.),.UNSPECIFIED.);
#3245 = CARTESIAN_POINT('',(0.,9.586840285646));
#3246 = CARTESIAN_POINT('',(7.614884941295E-02,9.611080730797));
#3247 = CARTESIAN_POINT('',(0.152314102527,9.635326492719));
#3248 = CARTESIAN_POINT('',(0.228473255002,9.659570233563));
#3249 = CARTESIAN_POINT('',(0.304624187144,9.683811076348));
#3250 = CARTESIAN_POINT('',(0.380775019248,9.708051453992));
#3251 = CARTESIAN_POINT('',(0.456933978676,9.732293926446));
#3252 = CARTESIAN_POINT('',(0.533099278687,9.756537965947));
#3253 = CARTESIAN_POINT('',(0.680643569057,9.803501866296));
#3254 = CARTESIAN_POINT('',(0.752048777409,9.82623011401));
#3255 = CARTESIAN_POINT('',(0.823449171372,9.848956616231));
#3256 = CARTESIAN_POINT('',(0.894843677032,9.871681179328));
#3257 = CARTESIAN_POINT('',(0.966238367631,9.89440589349));
#3258 = CARTESIAN_POINT('',(1.037639175908,9.917132769821));
#3259 = CARTESIAN_POINT('',(1.109044560414,9.93986137437));
#3260 = CARTESIAN_POINT('',(1.239176395287,9.981283272225));
#3261 = CARTESIAN_POINT('',(1.297922177554,9.999982641217));
#3262 = CARTESIAN_POINT('',(1.356668811356,10.018682433617));
#3263 = CARTESIAN_POINT('',(1.415415016255,10.037382193367));
#3264 = CARTESIAN_POINT('',(1.474162124901,10.056082267317));
#3265 = CARTESIAN_POINT('',(1.532911206384,10.074782905289));
#3266 = CARTESIAN_POINT('',(1.591660080674,10.093483333693));
#3267 = CARTESIAN_POINT('',(1.74016685498,10.140754256889));
#3268 = CARTESIAN_POINT('',(1.829969985319,10.16933890403));
#3269 = CARTESIAN_POINT('',(1.919755887276,10.197917522669));
#3270 = CARTESIAN_POINT('',(2.009526185453,10.226490649076));
#3271 = CARTESIAN_POINT('',(2.099296102816,10.255063644291));
#3272 = CARTESIAN_POINT('',(2.1890811535,10.283642290324));
#3273 = CARTESIAN_POINT('',(2.278883821174,10.312228040285));
#3274 = CARTESIAN_POINT('',(2.450870108705,10.366976777078));
#3275 = CARTESIAN_POINT('',(2.538107882824,10.39474847038));
#3276 = CARTESIAN_POINT('',(2.625598417816,10.422601735386));
#3277 = CARTESIAN_POINT('',(2.711199635406,10.449854341518));
#3278 = CARTESIAN_POINT('',(2.793982028851,10.476206977083));
#3279 = CARTESIAN_POINT('',(2.874133616595,10.501719539877));
#3280 = CARTESIAN_POINT('',(2.953105186572,10.526852510442));
#3281 = CARTESIAN_POINT('',(3.076327380015,10.566069012323));
#3282 = CARTESIAN_POINT('',(3.118123618783,10.579371522266));
#3283 = CARTESIAN_POINT('',(3.159919873633,10.592675115956));
#3284 = CARTESIAN_POINT('',(3.201715859422,10.605979933634));
#3285 = CARTESIAN_POINT('',(3.243511493845,10.619285837049));
#3286 = CARTESIAN_POINT('',(3.28530689743,10.63259240946));
#3287 = CARTESIAN_POINT('',(3.327102393543,10.645898955633));
#3288 = CARTESIAN_POINT('',(3.417735035626,10.674751321745));
#3289 = CARTESIAN_POINT('',(3.466571831548,10.690297344461));
#3290 = CARTESIAN_POINT('',(3.515408827158,10.705842526344));
#3291 = CARTESIAN_POINT('',(3.564245947523,10.721386900624));
#3292 = CARTESIAN_POINT('',(3.613083111767,10.736930577407));
#3293 = CARTESIAN_POINT('',(3.661920233071,10.752473743674));
#3294 = CARTESIAN_POINT('',(3.710757218674,10.768016663282));
#3295 = CARTESIAN_POINT('',(3.857859508773,10.814834128652));
#3296 = CARTESIAN_POINT('',(3.956178905802,10.846126036442));
#3297 = CARTESIAN_POINT('',(4.054469261076,10.877410757754));
#3298 = CARTESIAN_POINT('',(4.152735879892,10.908690606561));
#3299 = CARTESIAN_POINT('',(4.251002261308,10.939972081993));
#3300 = CARTESIAN_POINT('',(4.349291964381,10.971261284041));
#3301 = CARTESIAN_POINT('',(4.447610553857,11.002559355374));
#3302 = CARTESIAN_POINT('',(4.641853319498,11.064391960114));
#3303 = CARTESIAN_POINT('',(4.737877085601,11.094958235085));
#3304 = CARTESIAN_POINT('',(4.833875158776,11.12551541933));
#3305 = CARTESIAN_POINT('',(4.929852621974,11.156065295272));
#3306 = CARTESIAN_POINT('',(5.025830882955,11.186615206396));
#3307 = CARTESIAN_POINT('',(5.121830987326,11.217172341061));
#3308 = CARTESIAN_POINT('',(5.217856572702,11.247737990952));
#3309 = CARTESIAN_POINT('',(5.434945589844,11.316839842776));
#3310 = CARTESIAN_POINT('',(5.556216711333,11.355442367687));
#3311 = CARTESIAN_POINT('',(5.677395509147,11.394015978944));
#3312 = CARTESIAN_POINT('',(5.798516578362,11.432571056752));
#3313 = CARTESIAN_POINT('',(5.919634543158,11.471123966749));
#3314 = CARTESIAN_POINT('',(6.040806224239,11.509692731667));
#3315 = CARTESIAN_POINT('',(6.162067011037,11.548289184101));
#3316 = CARTESIAN_POINT('',(6.28318530718,11.586840264647));
#3317 = ( GEOMETRIC_REPRESENTATION_CONTEXT(2) 
PARAMETRIC_REPRESENTATION_CONTEXT() REPRESENTATION_CONTEXT('2D SPACE',''
  ) );
#3318 = ORIENTED_EDGE('',*,*,#3319,.T.);
#3319 = EDGE_CURVE('',#3085,#3320,#3322,.T.);
#3320 = VERTEX_POINT('',#3321);
#3321 = CARTESIAN_POINT('',(8.74999995,-1.74999995,7.936843606501));
#3322 = SURFACE_CURVE('',#3323,(#3389,#3458),.PCURVE_S1.);
#3323 = B_SPLINE_CURVE_WITH_KNOTS('',8,(#3324,#3325,#3326,#3327,#3328,
    #3329,#3330,#3331,#3332,#3333,#3334,#3335,#3336,#3337,#3338,#3339,
    #3340,#3341,#3342,#3343,#3344,#3345,#3346,#3347,#3348,#3349,#3350,
    #3351,#3352,#3353,#3354,#3355,#3356,#3357,#3358,#3359,#3360,#3361,
    #3362,#3363,#3364,#3365,#3366,#3367,#3368,#3369,#3370,#3371,#3372,
    #3373,#3374,#3375,#3376,#3377,#3378,#3379,#3380,#3381,#3382,#3383,
    #3384,#3385,#3386,#3387,#3388),.UNSPECIFIED.,.F.,.F.,(9,7,7,7,7,7,7,
    7,7,9),(0.,0.101357932727,0.213889797122,0.382922703805,
    0.481339467618,0.596879870762,0.691843943082,0.788133144578,
    0.89277760999,1.),.UNSPECIFIED.);
#3324 = CARTESIAN_POINT('',(8.74999995,-1.74999995,5.936840364647));
#3325 = CARTESIAN_POINT('',(8.74999995,-1.466465955852,5.962625172189));
#3326 = CARTESIAN_POINT('',(8.723749307812,-1.182847866748,5.98841745946
    ));
#3327 = CARTESIAN_POINT('',(8.671222822494,-0.902101938514,
    6.014207166391));
#3328 = CARTESIAN_POINT('',(8.592818044971,-0.627069263661,
    6.039993361334));
#3329 = CARTESIAN_POINT('',(8.489279355233,-0.360485484591,
    6.065779667435));
#3330 = CARTESIAN_POINT('',(8.361668030917,-0.104975847857,
    6.091569826353));
#3331 = CARTESIAN_POINT('',(8.211378307274,0.136964400507,6.117363399325
    ));
#3332 = CARTESIAN_POINT('',(7.850149396397,0.613963312822,6.171782762997
    ));
#3333 = CARTESIAN_POINT('',(7.634230258945,0.845481771176,6.200425237433
    ));
#3334 = CARTESIAN_POINT('',(7.394863017465,1.054295802113,6.229062146794
    ));
#3335 = CARTESIAN_POINT('',(7.134880846772,1.23768052549,6.257694080439)
  );
#3336 = CARTESIAN_POINT('',(6.857418641564,1.393361844399,6.286325697114
    ));
#3337 = CARTESIAN_POINT('',(6.565879576852,1.519486695796,6.314961648486
    ));
#3338 = CARTESIAN_POINT('',(6.263948520908,1.614669586733,6.343602436351
    ));
#3339 = CARTESIAN_POINT('',(5.492488387798,1.773461370534,6.415233187046
    ));
#3340 = CARTESIAN_POINT('',(5.013679751097,1.797478571623,6.458322886788
    ));
#3341 = CARTESIAN_POINT('',(4.533535503612,1.746704222336,6.501357747938
    ));
#3342 = CARTESIAN_POINT('',(4.065502692198,1.622094212954,6.544365665761
    ));
#3343 = CARTESIAN_POINT('',(3.622357585988,1.42663919636,6.587375319972)
  );
#3344 = CARTESIAN_POINT('',(3.21595056244,1.165994502448,6.630412916666)
  );
#3345 = CARTESIAN_POINT('',(2.857359544872,0.847856492308,6.673501711308
    ));
#3346 = CARTESIAN_POINT('',(2.379855308708,0.271896375944,6.741542951126
    ));
#3347 = CARTESIAN_POINT('',(2.223153201524,4.410610237677E-02,
    6.766586460163));
#3348 = CARTESIAN_POINT('',(2.087194878314,-0.197471313055,
    6.791627340942));
#3349 = CARTESIAN_POINT('',(1.973367858011,-0.450613980546,
    6.816664982115));
#3350 = CARTESIAN_POINT('',(1.88276755405,-0.712969606965,6.841702676126
    ));
#3351 = CARTESIAN_POINT('',(1.81621112139,-0.982072520498,6.866743748453
    ));
#3352 = CARTESIAN_POINT('',(1.774212024721,-1.25534619609,6.891787461467
    ));
#3353 = CARTESIAN_POINT('',(1.736609159928,-1.852639562263,
    6.946218179433));
#3354 = CARTESIAN_POINT('',(1.750332284819,-2.177487568343,
    6.975627341034));
#3355 = CARTESIAN_POINT('',(1.798417291953,-2.500224761927,7.00503199351
    ));
#3356 = CARTESIAN_POINT('',(1.880444564533,-2.816604186964,
    7.034432115026));
#3357 = CARTESIAN_POINT('',(1.995411361762,-3.122551989597,
    7.063831404356));
#3358 = CARTESIAN_POINT('',(2.141790577332,-3.414165496605,7.09323224299
    ));
#3359 = CARTESIAN_POINT('',(2.317488433105,-3.687740356809,
    7.122633535392));
#3360 = CARTESIAN_POINT('',(2.685919050865,-4.147093431606,
    7.176178381751));
#3361 = CARTESIAN_POINT('',(2.870134182097,-4.339941145802,
    7.200336218315));
#3362 = CARTESIAN_POINT('',(3.070858460611,-4.51652109032,7.224508104271
    ));
#3363 = CARTESIAN_POINT('',(3.286397311437,-4.675205398206,
    7.248673923481));
#3364 = CARTESIAN_POINT('',(3.514894143891,-4.814589641133,
    7.272833454845));
#3365 = CARTESIAN_POINT('',(3.754345213421,-4.933484744181,
    7.296996116306));
#3366 = CARTESIAN_POINT('',(4.002597143725,-5.030937534801,
    7.321157782952));
#3367 = CARTESIAN_POINT('',(4.515617735919,-5.18267107238,7.369806715797
    ));
#3368 = CARTESIAN_POINT('',(4.784405759042,-5.237465997223,
    7.394657375474));
#3369 = CARTESIAN_POINT('',(5.059651727883,-5.268199251953,
    7.419672002595));
#3370 = CARTESIAN_POINT('',(5.336896404152,-5.273678715708,
    7.444679497659));
#3371 = CARTESIAN_POINT('',(5.611321768301,-5.253928547904,
    7.469497686643));
#3372 = CARTESIAN_POINT('',(5.877833052187,-5.210388982914,
    7.493905083544));
#3373 = CARTESIAN_POINT('',(6.131165528156,-5.146313360018,7.51760104721
    ));
#3374 = CARTESIAN_POINT('',(6.621246573846,-4.981438916478,
    7.564629080552));
#3375 = CARTESIAN_POINT('',(6.868978356382,-4.873113609874,
    7.589126240233));
#3376 = CARTESIAN_POINT('',(7.106825008658,-4.743114712764,
    7.613621227722));
#3377 = CARTESIAN_POINT('',(7.332586760808,-4.592519982163,
    7.638113158089));
#3378 = CARTESIAN_POINT('',(7.544227675709,-4.422649809572,7.66260461307
    ));
#3379 = CARTESIAN_POINT('',(7.739873639837,-4.235047367311,
    7.687098321143));
#3380 = CARTESIAN_POINT('',(7.917831808307,-4.031487450435,
    7.711593716753));
#3381 = CARTESIAN_POINT('',(8.239343242836,-3.591183102906,
    7.761176345338));
#3382 = CARTESIAN_POINT('',(8.382015757385,-3.353642127567,
    7.786274589043));
#3383 = CARTESIAN_POINT('',(8.50303673207,-3.103568613861,7.811370131967
    ));
#3384 = CARTESIAN_POINT('',(8.601151643783,-2.843281124579,7.83646264893
    ));
#3385 = CARTESIAN_POINT('',(8.675408624645,-2.575210002492,
    7.861555481284));
#3386 = CARTESIAN_POINT('',(8.725142778324,-2.301880234027,
    7.886651759119));
#3387 = CARTESIAN_POINT('',(8.74999995,-2.0259064338,7.911750631748));
#3388 = CARTESIAN_POINT('',(8.74999995,-1.74999995,7.936843606501));
#3389 = PCURVE('',#1862,#3390);
#3390 = DEFINITIONAL_REPRESENTATION('',(#3391),#3457);
#3391 = B_SPLINE_CURVE_WITH_KNOTS('',8,(#3392,#3393,#3394,#3395,#3396,
    #3397,#3398,#3399,#3400,#3401,#3402,#3403,#3404,#3405,#3406,#3407,
    #3408,#3409,#3410,#3411,#3412,#3413,#3414,#3415,#3416,#3417,#3418,
    #3419,#3420,#3421,#3422,#3423,#3424,#3425,#3426,#3427,#3428,#3429,
    #3430,#3431,#3432,#3433,#3434,#3435,#3436,#3437,#3438,#3439,#3440,
    #3441,#3442,#3443,#3444,#3445,#3446,#3447,#3448,#3449,#3450,#3451,
    #3452,#3453,#3454,#3455,#3456),.UNSPECIFIED.,.F.,.F.,(9,7,7,7,7,7,7,
    7,7,9),(0.,0.101357932727,0.213889797122,0.382922703805,
    0.481339467618,0.596879870762,0.691843943082,0.788133144578,
    0.89277760999,1.),.UNSPECIFIED.);
#3392 = CARTESIAN_POINT('',(0.868017585748,32.969082977127));
#3393 = CARTESIAN_POINT('',(0.868013722202,33.054098066343));
#3394 = CARTESIAN_POINT('',(0.868009981322,33.139137658597));
#3395 = CARTESIAN_POINT('',(0.868006886279,33.224167917434));
#3396 = CARTESIAN_POINT('',(0.868004988981,33.309185065191));
#3397 = CARTESIAN_POINT('',(0.868004622987,33.394200620295));
#3398 = CARTESIAN_POINT('',(0.868005791339,33.479226914761));
#3399 = CARTESIAN_POINT('',(0.868008189322,33.564262891876));
#3400 = CARTESIAN_POINT('',(0.86801488472,33.743669978159));
#3401 = CARTESIAN_POINT('',(0.868019364627,33.838095858596));
#3402 = CARTESIAN_POINT('',(0.868024189725,33.932502949856));
#3403 = CARTESIAN_POINT('',(0.868028505758,34.02689428793));
#3404 = CARTESIAN_POINT('',(0.868031529505,34.121286234319));
#3405 = CARTESIAN_POINT('',(0.868032903345,34.215694582674));
#3406 = CARTESIAN_POINT('',(0.868032836828,34.310120719277));
#3407 = CARTESIAN_POINT('',(0.868030194629,34.546284116852));
#3408 = CARTESIAN_POINT('',(0.868026366505,34.688351803638));
#3409 = CARTESIAN_POINT('',(0.86802189228,34.830239519223));
#3410 = CARTESIAN_POINT('',(0.868019483231,34.972035762973));
#3411 = CARTESIAN_POINT('',(0.868022213969,35.113831155662));
#3412 = CARTESIAN_POINT('',(0.868025858352,35.255717503241));
#3413 = CARTESIAN_POINT('',(0.868026551245,35.397776421863));
#3414 = CARTESIAN_POINT('',(0.868022705481,35.622107071029));
#3415 = CARTESIAN_POINT('',(0.86802023079,35.704676390157));
#3416 = CARTESIAN_POINT('',(0.868016637011,35.787238475912));
#3417 = CARTESIAN_POINT('',(0.868012270467,35.869790869643));
#3418 = CARTESIAN_POINT('',(0.868008075227,35.952343218412));
#3419 = CARTESIAN_POINT('',(0.868005405645,36.03490475327));
#3420 = CARTESIAN_POINT('',(0.868005459576,36.117471509805));
#3421 = CARTESIAN_POINT('',(0.868011704808,36.296916606088));
#3422 = CARTESIAN_POINT('',(0.86801899314,36.393866590753));
#3423 = CARTESIAN_POINT('',(0.868030333243,36.490796525467));
#3424 = CARTESIAN_POINT('',(0.868044360241,36.587708084452));
#3425 = CARTESIAN_POINT('',(0.868056157144,36.684619752901));
#3426 = CARTESIAN_POINT('',(0.86805753308,36.781549861676));
#3427 = CARTESIAN_POINT('',(0.868043861504,36.878500718178));
#3428 = CARTESIAN_POINT('',(0.868021720437,37.055061494104));
#3429 = CARTESIAN_POINT('',(0.868006133717,37.134727607651));
#3430 = CARTESIAN_POINT('',(0.868033979941,37.2143844732));
#3431 = CARTESIAN_POINT('',(0.868051317355,37.294034782175));
#3432 = CARTESIAN_POINT('',(0.868051247232,37.373686631633));
#3433 = CARTESIAN_POINT('',(0.868053098042,37.453346342996));
#3434 = CARTESIAN_POINT('',(0.868046917227,37.533013050188));
#3435 = CARTESIAN_POINT('',(0.868031798056,37.693423464387));
#3436 = CARTESIAN_POINT('',(0.868022103232,37.775366214206));
#3437 = CARTESIAN_POINT('',(0.868012838482,37.85784899943));
#3438 = CARTESIAN_POINT('',(0.868006860474,37.940304065896));
#3439 = CARTESIAN_POINT('',(0.868004738652,38.02213007401));
#3440 = CARTESIAN_POINT('',(0.868005362374,38.102598225683));
#3441 = CARTESIAN_POINT('',(0.868007537095,38.180718862881));
#3442 = CARTESIAN_POINT('',(0.868013345643,38.335758545401));
#3443 = CARTESIAN_POINT('',(0.868017266851,38.41651841797));
#3444 = CARTESIAN_POINT('',(0.868021089848,38.497271254671));
#3445 = CARTESIAN_POINT('',(0.868023959551,38.578015231953));
#3446 = CARTESIAN_POINT('',(0.868025485472,38.658759361147));
#3447 = CARTESIAN_POINT('',(0.868025811446,38.739512453777));
#3448 = CARTESIAN_POINT('',(0.868025429793,38.82027201539));
#3449 = CARTESIAN_POINT('',(0.868024033028,38.983743182578));
#3450 = CARTESIAN_POINT('',(0.868023010276,39.066491099296));
#3451 = CARTESIAN_POINT('',(0.86802214698,39.149229907786));
#3452 = CARTESIAN_POINT('',(0.868021935346,39.231957906227));
#3453 = CARTESIAN_POINT('',(0.86802261215,39.314685807831));
#3454 = CARTESIAN_POINT('',(0.868024063372,39.397424078085));
#3455 = CARTESIAN_POINT('',(0.868025905778,39.480170402664));
#3456 = CARTESIAN_POINT('',(0.868027745429,39.562897286013));
#3457 = ( GEOMETRIC_REPRESENTATION_CONTEXT(2) 
PARAMETRIC_REPRESENTATION_CONTEXT() REPRESENTATION_CONTEXT('2D SPACE',''
  ) );
#3458 = PCURVE('',#3459,#3464);
#3459 = CYLINDRICAL_SURFACE('',#3460,3.5);
#3460 = AXIS2_PLACEMENT_3D('',#3461,#3462,#3463);
#3461 = CARTESIAN_POINT('',(5.24999995,-1.74999995,-5.6499999));
#3462 = DIRECTION('',(0.,0.,1.));
#3463 = DIRECTION('',(1.,0.,0.));
#3464 = DEFINITIONAL_REPRESENTATION('',(#3465),#3531);
#3465 = B_SPLINE_CURVE_WITH_KNOTS('',8,(#3466,#3467,#3468,#3469,#3470,
    #3471,#3472,#3473,#3474,#3475,#3476,#3477,#3478,#3479,#3480,#3481,
    #3482,#3483,#3484,#3485,#3486,#3487,#3488,#3489,#3490,#3491,#3492,
    #3493,#3494,#3495,#3496,#3497,#3498,#3499,#3500,#3501,#3502,#3503,
    #3504,#3505,#3506,#3507,#3508,#3509,#3510,#3511,#3512,#3513,#3514,
    #3515,#3516,#3517,#3518,#3519,#3520,#3521,#3522,#3523,#3524,#3525,
    #3526,#3527,#3528,#3529,#3530),.UNSPECIFIED.,.F.,.F.,(9,7,7,7,7,7,7,
    7,7,9),(0.,0.101357932727,0.213889797122,0.382922703805,
    0.481339467618,0.596879870762,0.691843943082,0.788133144578,
    0.89277760999,1.),.UNSPECIFIED.);
#3466 = CARTESIAN_POINT('',(0.,11.586840264647));
#3467 = CARTESIAN_POINT('',(8.100971261383E-02,11.612625072189));
#3468 = CARTESIAN_POINT('',(0.16204294662,11.63841735946));
#3469 = CARTESIAN_POINT('',(0.243067494551,11.664207066391));
#3470 = CARTESIAN_POINT('',(0.32407971694,11.689993261334));
#3471 = CARTESIAN_POINT('',(0.405090496113,11.715779567435));
#3472 = CARTESIAN_POINT('',(0.486111466974,11.741569726353));
#3473 = CARTESIAN_POINT('',(0.567141524807,11.767363299325));
#3474 = CARTESIAN_POINT('',(0.738096653996,11.821782662997));
#3475 = CARTESIAN_POINT('',(0.828073875423,11.850425137433));
#3476 = CARTESIAN_POINT('',(0.9180329387,11.879062046794));
#3477 = CARTESIAN_POINT('',(1.007976765947,11.907693980439));
#3478 = CARTESIAN_POINT('',(1.097921106558,11.936325597114));
#3479 = CARTESIAN_POINT('',(1.187881232521,11.964961548486));
#3480 = CARTESIAN_POINT('',(1.277858643696,11.993602336351));
#3481 = CARTESIAN_POINT('',(1.502896611936,12.065233087046));
#3482 = CARTESIAN_POINT('',(1.638272535446,12.108322786788));
#3483 = CARTESIAN_POINT('',(1.773478099425,12.151357647938));
#3484 = CARTESIAN_POINT('',(1.908597372793,12.194365565761));
#3485 = CARTESIAN_POINT('',(2.043715332377,12.237375219972));
#3486 = CARTESIAN_POINT('',(2.17891789005,12.280412816666));
#3487 = CARTESIAN_POINT('',(2.314283222783,12.323501611308));
#3488 = CARTESIAN_POINT('',(2.528042643379,12.391542851126));
#3489 = CARTESIAN_POINT('',(2.60672077561,12.416586360163));
#3490 = CARTESIAN_POINT('',(2.685391946739,12.441627240942));
#3491 = CARTESIAN_POINT('',(2.764054109958,12.466664882115));
#3492 = CARTESIAN_POINT('',(2.842716719252,12.491702576126));
#3493 = CARTESIAN_POINT('',(2.921388693147,12.516743648453));
#3494 = CARTESIAN_POINT('',(3.000066189562,12.541787361467));
#3495 = CARTESIAN_POINT('',(3.171059289009,12.596218079433));
#3496 = CARTESIAN_POINT('',(3.263443295414,12.625627241034));
#3497 = CARTESIAN_POINT('',(3.355808199627,12.65503189351));
#3498 = CARTESIAN_POINT('',(3.448155195984,12.684432015026));
#3499 = CARTESIAN_POINT('',(3.54050099984,12.713831304356));
#3500 = CARTESIAN_POINT('',(3.632863386782,12.74323214299));
#3501 = CARTESIAN_POINT('',(3.725246558286,12.772633435392));
#3502 = CARTESIAN_POINT('',(3.893489911535,12.826178281751));
#3503 = CARTESIAN_POINT('',(3.96940312441,12.850336118315));
#3504 = CARTESIAN_POINT('',(4.045308055183,12.874508004271));
#3505 = CARTESIAN_POINT('',(4.12120623665,12.898673823481));
#3506 = CARTESIAN_POINT('',(4.197104961677,12.922833354845));
#3507 = CARTESIAN_POINT('',(4.273010989516,12.946996016306));
#3508 = CARTESIAN_POINT('',(4.348924559111,12.971157682952));
#3509 = CARTESIAN_POINT('',(4.501778549584,13.019806615797));
#3510 = CARTESIAN_POINT('',(4.579861663373,13.044657275474));
#3511 = CARTESIAN_POINT('',(4.658459825284,13.069671902595));
#3512 = CARTESIAN_POINT('',(4.737031694716,13.094679397659));
#3513 = CARTESIAN_POINT('',(4.815003807507,13.119497586643));
#3514 = CARTESIAN_POINT('',(4.891681449854,13.143904983544));
#3515 = CARTESIAN_POINT('',(4.966121683609,13.16760094721));
#3516 = CARTESIAN_POINT('',(5.113856419269,13.214628980552));
#3517 = CARTESIAN_POINT('',(5.190810718647,13.239126140233));
#3518 = CARTESIAN_POINT('',(5.267757956661,13.263621127722));
#3519 = CARTESIAN_POINT('',(5.344696637067,13.288113058089));
#3520 = CARTESIAN_POINT('',(5.421635615484,13.31260451307));
#3521 = CARTESIAN_POINT('',(5.498583495831,13.337098221143));
#3522 = CARTESIAN_POINT('',(5.575538000349,13.361593616753));
#3523 = CARTESIAN_POINT('',(5.731307982782,13.411176245338));
#3524 = CARTESIAN_POINT('',(5.810158083138,13.436274489043));
#3525 = CARTESIAN_POINT('',(5.888999972,13.461370031967));
#3526 = CARTESIAN_POINT('',(5.967831895396,13.48646254893));
#3527 = CARTESIAN_POINT('',(6.046663864114,13.511555381284));
#3528 = CARTESIAN_POINT('',(6.125505647306,13.536651659119));
#3529 = CARTESIAN_POINT('',(6.204354883237,13.561750531748));
#3530 = CARTESIAN_POINT('',(6.28318530718,13.586843506501));
#3531 = ( GEOMETRIC_REPRESENTATION_CONTEXT(2) 
PARAMETRIC_REPRESENTATION_CONTEXT() REPRESENTATION_CONTEXT('2D SPACE',''
  ) );
#3532 = ORIENTED_EDGE('',*,*,#3533,.T.);
#3533 = EDGE_CURVE('',#3320,#3534,#3536,.T.);
#3534 = VERTEX_POINT('',#3535);
#3535 = CARTESIAN_POINT('',(8.74999995,-1.74999995,9.936844503085));
#3536 = SURFACE_CURVE('',#3537,(#3603,#3672),.PCURVE_S1.);
#3537 = B_SPLINE_CURVE_WITH_KNOTS('',8,(#3538,#3539,#3540,#3541,#3542,
    #3543,#3544,#3545,#3546,#3547,#3548,#3549,#3550,#3551,#3552,#3553,
    #3554,#3555,#3556,#3557,#3558,#3559,#3560,#3561,#3562,#3563,#3564,
    #3565,#3566,#3567,#3568,#3569,#3570,#3571,#3572,#3573,#3574,#3575,
    #3576,#3577,#3578,#3579,#3580,#3581,#3582,#3583,#3584,#3585,#3586,
    #3587,#3588,#3589,#3590,#3591,#3592,#3593,#3594,#3595,#3596,#3597,
    #3598,#3599,#3600,#3601,#3602),.UNSPECIFIED.,.F.,.F.,(9,7,7,7,7,7,7,
    7,7,9),(0.,0.121320764612,0.225171302717,0.33567772933,
    0.436953370402,0.605328296094,0.696892070184,0.753314401338,
    0.81369649295,1.),.UNSPECIFIED.);
#3538 = CARTESIAN_POINT('',(8.74999995,-1.74999995,7.936843606501));
#3539 = CARTESIAN_POINT('',(8.74999995,-1.416657273264,7.967160253129));
#3540 = CARTESIAN_POINT('',(8.713716091324,-1.083144943269,
    7.997492469821));
#3541 = CARTESIAN_POINT('',(8.641087729658,-0.754322948164,
    8.027817021815));
#3542 = CARTESIAN_POINT('',(8.532895239047,-0.434807142397,
    8.058134597111));
#3543 = CARTESIAN_POINT('',(8.390559088166,-0.128972466099,
    8.088451311179));
#3544 = CARTESIAN_POINT('',(8.216073586141,0.159038915355,8.118773711503
    ));
#3545 = CARTESIAN_POINT('',(8.01205688322,0.425354503296,8.149103625593)
  );
#3546 = CARTESIAN_POINT('',(7.58488357127,0.872926673503,8.205369315349)
  );
#3547 = CARTESIAN_POINT('',(7.368570508927,1.061059513586,8.231327620425
    ));
#3548 = CARTESIAN_POINT('',(7.135025096965,1.22869732632,8.257283215262)
  );
#3549 = CARTESIAN_POINT('',(6.886545419423,1.374024982432,8.283234842788
    ));
#3550 = CARTESIAN_POINT('',(6.625610865178,1.495554178368,8.309186119854
    ));
#3551 = CARTESIAN_POINT('',(6.354855035002,1.592104466388,8.335140949416
    ));
#3552 = CARTESIAN_POINT('',(6.077062862445,1.662827894584,8.361099109954
    ));
#3553 = CARTESIAN_POINT('',(5.495255635936,1.754575424681,8.414668283331
    ));
#3554 = CARTESIAN_POINT('',(5.190531564425,1.772150479588,8.442294026361
    ));
#3555 = CARTESIAN_POINT('',(4.884604444253,1.759404208299,8.469915249488
    ));
#3556 = CARTESIAN_POINT('',(4.580998599173,1.716315084827,8.497532325648
    ));
#3557 = CARTESIAN_POINT('',(4.283161725839,1.643325882985,8.525149174569
    ));
#3558 = CARTESIAN_POINT('',(3.994460718982,1.54130739685,8.552769701936)
  );
#3559 = CARTESIAN_POINT('',(3.718163169006,1.4115929531,8.580394173513)
  );
#3560 = CARTESIAN_POINT('',(3.218376915447,1.11355423452,8.633315565841)
  );
#3561 = CARTESIAN_POINT('',(2.992250549564,0.949268181099,8.65863036986)
  );
#3562 = CARTESIAN_POINT('',(2.781412171595,0.764628482426,8.683942993052
    ));
#3563 = CARTESIAN_POINT('',(2.587984102339,0.561327344864,8.709252308938
    ));
#3564 = CARTESIAN_POINT('',(2.413840002534,0.34128530154,8.734561519611)
  );
#3565 = CARTESIAN_POINT('',(2.260614685043,0.106625541528,8.759874038679
    ));
#3566 = CARTESIAN_POINT('',(2.129681589468,-0.14032179568,8.785189413229
    ));
#3567 = CARTESIAN_POINT('',(1.843235635124,-0.823699110938,
    8.852577989043));
#3568 = CARTESIAN_POINT('',(1.728529114769,-1.278181662604,
    8.894730886532));
#3569 = CARTESIAN_POINT('',(1.683641941953,-1.748016289176,
    8.936839613656));
#3570 = CARTESIAN_POINT('',(1.710277024395,-2.220685950466,
    8.978923142249));
#3571 = CARTESIAN_POINT('',(1.80808817869,-2.683898177255,9.021005599054
    ));
#3572 = CARTESIAN_POINT('',(1.974188873378,-3.125708838983,
    9.063111459967));
#3573 = CARTESIAN_POINT('',(2.203738931327,-3.534475282027,
    9.105268847712));
#3574 = CARTESIAN_POINT('',(2.642419918712,-4.098154429034,
    9.170228831834));
#3575 = CARTESIAN_POINT('',(2.813294691575,-4.284062478333,
    9.193117119998));
#3576 = CARTESIAN_POINT('',(2.999271479618,-4.455693262356,
    9.216005565775));
#3577 = CARTESIAN_POINT('',(3.198938268123,-4.611625048046,
    9.238893378289));
#3578 = CARTESIAN_POINT('',(3.410746732449,-4.750617151943,
    9.261781919775));
#3579 = CARTESIAN_POINT('',(3.633026240397,-4.871603425741,
    9.284672174746));
#3580 = CARTESIAN_POINT('',(3.863982912495,-4.973704983749,
    9.307562628757));
#3581 = CARTESIAN_POINT('',(4.248156894588,-5.107134573225,
    9.344549432736));
#3582 = CARTESIAN_POINT('',(4.397196629124,-5.150589300007,
    9.358649600507));
#3583 = CARTESIAN_POINT('',(4.548369851717,-5.186475039343,
    9.372748730543));
#3584 = CARTESIAN_POINT('',(4.701234082853,-5.214672169862,
    9.386847422511));
#3585 = CARTESIAN_POINT('',(4.855337455611,-5.235092762096,
    9.400946205265));
#3586 = CARTESIAN_POINT('',(5.010218715663,-5.247680578472,
    9.415045536851));
#3587 = CARTESIAN_POINT('',(5.165407221275,-5.252411073316,
    9.429145804507));
#3588 = CARTESIAN_POINT('',(5.486317782061,-5.245952770931,
    9.458338499809));
#3589 = CARTESIAN_POINT('',(5.6520432559,-5.233624637992,9.473432115597)
  );
#3590 = CARTESIAN_POINT('',(5.81701960091,-5.212319119087,9.488526639106
    ));
#3591 = CARTESIAN_POINT('',(5.980676839632,-5.182090677588,
    9.503620946415));
#3592 = CARTESIAN_POINT('',(6.142454781057,-5.143036115196,
    9.518714322607));
#3593 = CARTESIAN_POINT('',(6.301803020626,-5.095294571936,
    9.533806461766));
#3594 = CARTESIAN_POINT('',(6.458180940233,-5.039047526159,
    9.548897466977));
#3595 = CARTESIAN_POINT('',(7.082745211294,-4.775421203094,
    9.610547869459));
#3596 = CARTESIAN_POINT('',(7.522435187432,-4.496921947135,
    9.657227979748));
#3597 = CARTESIAN_POINT('',(7.912283485493,-4.145684680543,
    9.703825451527));
#3598 = CARTESIAN_POINT('',(8.239219679484,-3.732851630419,
    9.750399819514));
#3599 = CARTESIAN_POINT('',(8.492419359074,-3.271108767907,
    9.796977388501));
#3600 = CARTESIAN_POINT('',(8.664406267641,-2.775359308076,
    9.843589882867));
#3601 = CARTESIAN_POINT('',(8.74999995,-2.261981428109,9.890281228237));
#3602 = CARTESIAN_POINT('',(8.74999995,-1.74999995,9.936844503085));
#3603 = PCURVE('',#1862,#3604);
#3604 = DEFINITIONAL_REPRESENTATION('',(#3605),#3671);
#3605 = B_SPLINE_CURVE_WITH_KNOTS('',8,(#3606,#3607,#3608,#3609,#3610,
    #3611,#3612,#3613,#3614,#3615,#3616,#3617,#3618,#3619,#3620,#3621,
    #3622,#3623,#3624,#3625,#3626,#3627,#3628,#3629,#3630,#3631,#3632,
    #3633,#3634,#3635,#3636,#3637,#3638,#3639,#3640,#3641,#3642,#3643,
    #3644,#3645,#3646,#3647,#3648,#3649,#3650,#3651,#3652,#3653,#3654,
    #3655,#3656,#3657,#3658,#3659,#3660,#3661,#3662,#3663,#3664,#3665,
    #3666,#3667,#3668,#3669,#3670),.UNSPECIFIED.,.F.,.F.,(9,7,7,7,7,7,7,
    7,7,9),(0.,0.121320764612,0.225171302717,0.33567772933,
    0.436953370402,0.605328296094,0.696892070184,0.753314401338,
    0.81369649295,1.),.UNSPECIFIED.);
#3606 = CARTESIAN_POINT('',(0.868027745429,39.562897286013));
#3607 = CARTESIAN_POINT('',(0.868029968045,39.662845646608));
#3608 = CARTESIAN_POINT('',(0.868032182341,39.762845350923));
#3609 = CARTESIAN_POINT('',(0.868033686557,39.862820693902));
#3610 = CARTESIAN_POINT('',(0.868033617805,39.962775047779));
#3611 = CARTESIAN_POINT('',(0.868031569062,40.06272909544));
#3612 = CARTESIAN_POINT('',(0.868027834276,40.162704047267));
#3613 = CARTESIAN_POINT('',(0.868023262353,40.262704842316));
#3614 = CARTESIAN_POINT('',(0.868014796035,40.448218494107));
#3615 = CARTESIAN_POINT('',(0.8680109001,40.533805630217));
#3616 = CARTESIAN_POINT('',(0.868007541571,40.619383143373));
#3617 = CARTESIAN_POINT('',(0.868005310486,40.70494613423));
#3618 = CARTESIAN_POINT('',(0.868004593941,40.790506031969));
#3619 = CARTESIAN_POINT('',(0.86800544832,40.876075632142));
#3620 = CARTESIAN_POINT('',(0.868007608112,40.961654544111));
#3621 = CARTESIAN_POINT('',(0.868013848294,41.138259213341));
#3622 = CARTESIAN_POINT('',(0.868018045392,41.229333385378));
#3623 = CARTESIAN_POINT('',(0.868022700017,41.320392070356));
#3624 = CARTESIAN_POINT('',(0.868027061762,41.411437457872));
#3625 = CARTESIAN_POINT('',(0.868030391247,41.502483416861));
#3626 = CARTESIAN_POINT('',(0.868032270948,41.593543358185));
#3627 = CARTESIAN_POINT('',(0.868032763489,41.684618077923));
#3628 = CARTESIAN_POINT('',(0.868031669889,41.859096455177));
#3629 = CARTESIAN_POINT('',(0.868030259684,41.942558847095));
#3630 = CARTESIAN_POINT('',(0.868028187736,42.026014895655));
#3631 = CARTESIAN_POINT('',(0.868025946813,42.109460256516));
#3632 = CARTESIAN_POINT('',(0.868024054743,42.19290482418));
#3633 = CARTESIAN_POINT('',(0.868022874984,42.276359387995));
#3634 = CARTESIAN_POINT('',(0.868022500004,42.359822336452));
#3635 = CARTESIAN_POINT('',(0.868023025665,42.58199561949));
#3636 = CARTESIAN_POINT('',(0.868024968618,42.720967371703));
#3637 = CARTESIAN_POINT('',(0.868027461474,42.859792794734));
#3638 = CARTESIAN_POINT('',(0.868028067865,42.998537554024));
#3639 = CARTESIAN_POINT('',(0.868021536692,43.137287911462));
#3640 = CARTESIAN_POINT('',(0.868010828557,43.276120774029));
#3641 = CARTESIAN_POINT('',(0.868005144007,43.415117088722));
#3642 = CARTESIAN_POINT('',(0.868007751622,43.629280864007));
#3643 = CARTESIAN_POINT('',(0.868010885434,43.704737442087));
#3644 = CARTESIAN_POINT('',(0.868016529802,43.780191327833));
#3645 = CARTESIAN_POINT('',(0.868024821765,43.855639738474));
#3646 = CARTESIAN_POINT('',(0.868034658695,43.931088575855));
#3647 = CARTESIAN_POINT('',(0.868043629704,44.006544170277));
#3648 = CARTESIAN_POINT('',(0.868048959899,44.082005078911));
#3649 = CARTESIAN_POINT('',(0.868049780263,44.203946130708));
#3650 = CARTESIAN_POINT('',(0.868048470083,44.250434767219));
#3651 = CARTESIAN_POINT('',(0.868044833623,44.296922958635));
#3652 = CARTESIAN_POINT('',(0.868038955688,44.343412573497));
#3653 = CARTESIAN_POINT('',(0.868031709201,44.389904238584));
#3654 = CARTESIAN_POINT('',(0.868024755211,44.436397338903));
#3655 = CARTESIAN_POINT('',(0.868020542889,44.4828900177));
#3656 = CARTESIAN_POINT('',(0.868024200156,44.579130978361));
#3657 = CARTESIAN_POINT('',(0.868030693592,44.628884938072));
#3658 = CARTESIAN_POINT('',(0.868038505299,44.678640203873));
#3659 = CARTESIAN_POINT('',(0.868045275931,44.728396088819));
#3660 = CARTESIAN_POINT('',(0.868049571335,44.778152070724));
#3661 = CARTESIAN_POINT('',(0.868050882553,44.827907792164));
#3662 = CARTESIAN_POINT('',(0.86804962582,44.877663060479));
#3663 = CARTESIAN_POINT('',(0.868039480711,45.080931764186));
#3664 = CARTESIAN_POINT('',(0.86801602709,45.234861813919));
#3665 = CARTESIAN_POINT('',(0.867991741155,45.388520477044));
#3666 = CARTESIAN_POINT('',(0.867999525856,45.542061938118));
#3667 = CARTESIAN_POINT('',(0.868011542156,45.695608538883));
#3668 = CARTESIAN_POINT('',(0.868020651454,45.849274004562));
#3669 = CARTESIAN_POINT('',(0.86802450405,46.003206160133));
#3670 = CARTESIAN_POINT('',(0.868025223976,46.156720086834));
#3671 = ( GEOMETRIC_REPRESENTATION_CONTEXT(2) 
PARAMETRIC_REPRESENTATION_CONTEXT() REPRESENTATION_CONTEXT('2D SPACE',''
  ) );
#3672 = PCURVE('',#3673,#3678);
#3673 = CYLINDRICAL_SURFACE('',#3674,3.5);
#3674 = AXIS2_PLACEMENT_3D('',#3675,#3676,#3677);
#3675 = CARTESIAN_POINT('',(5.24999995,-1.74999995,-5.6499999));
#3676 = DIRECTION('',(0.,0.,1.));
#3677 = DIRECTION('',(1.,0.,0.));
#3678 = DEFINITIONAL_REPRESENTATION('',(#3679),#3745);
#3679 = B_SPLINE_CURVE_WITH_KNOTS('',8,(#3680,#3681,#3682,#3683,#3684,
    #3685,#3686,#3687,#3688,#3689,#3690,#3691,#3692,#3693,#3694,#3695,
    #3696,#3697,#3698,#3699,#3700,#3701,#3702,#3703,#3704,#3705,#3706,
    #3707,#3708,#3709,#3710,#3711,#3712,#3713,#3714,#3715,#3716,#3717,
    #3718,#3719,#3720,#3721,#3722,#3723,#3724,#3725,#3726,#3727,#3728,
    #3729,#3730,#3731,#3732,#3733,#3734,#3735,#3736,#3737,#3738,#3739,
    #3740,#3741,#3742,#3743,#3744),.UNSPECIFIED.,.F.,.F.,(9,7,7,7,7,7,7,
    7,7,9),(0.,0.121320764612,0.225171302717,0.33567772933,
    0.436953370402,0.605328296094,0.696892070184,0.753314401338,
    0.81369649295,1.),.UNSPECIFIED.);
#3680 = CARTESIAN_POINT('',(0.,13.586843506501));
#3681 = CARTESIAN_POINT('',(9.524076478164E-02,13.617160153129));
#3682 = CARTESIAN_POINT('',(0.190530034561,13.647492369821));
#3683 = CARTESIAN_POINT('',(0.285795543411,13.677816921815));
#3684 = CARTESIAN_POINT('',(0.381040534768,13.708134497111));
#3685 = CARTESIAN_POINT('',(0.476284942757,13.738451211179));
#3686 = CARTESIAN_POINT('',(0.571549258043,13.768773611503));
#3687 = CARTESIAN_POINT('',(0.666838363513,13.799103525593));
#3688 = CARTESIAN_POINT('',(0.843611684519,13.855369215349));
#3689 = CARTESIAN_POINT('',(0.925166616954,13.881327520425));
#3690 = CARTESIAN_POINT('',(1.006712593733,13.907283115262));
#3691 = CARTESIAN_POINT('',(1.088244917548,13.933234742788));
#3692 = CARTESIAN_POINT('',(1.169774391047,13.959186019854));
#3693 = CARTESIAN_POINT('',(1.251313088922,13.985140849416));
#3694 = CARTESIAN_POINT('',(1.332860533551,14.011099009954));
#3695 = CARTESIAN_POINT('',(1.501145340266,14.064668183331));
#3696 = CARTESIAN_POINT('',(1.587928813063,14.092293926361));
#3697 = CARTESIAN_POINT('',(1.674697291644,14.119915149488));
#3698 = CARTESIAN_POINT('',(1.761452873706,14.147532225648));
#3699 = CARTESIAN_POINT('',(1.848208896841,14.175149074569));
#3700 = CARTESIAN_POINT('',(1.934978328727,14.202769601936));
#3701 = CARTESIAN_POINT('',(2.021762099873,14.230394073513));
#3702 = CARTESIAN_POINT('',(2.188020658534,14.283315465841));
#3703 = CARTESIAN_POINT('',(2.267551358291,14.308630269859));
#3704 = CARTESIAN_POINT('',(2.347076372131,14.333942893052));
#3705 = CARTESIAN_POINT('',(2.42659157322,14.359252208938));
#3706 = CARTESIAN_POINT('',(2.506106309343,14.384561419611));
#3707 = CARTESIAN_POINT('',(2.585630692761,14.409873938679));
#3708 = CARTESIAN_POINT('',(2.66516297814,14.435189313229));
#3709 = CARTESIAN_POINT('',(2.876872413167,14.502577889043));
#3710 = CARTESIAN_POINT('',(3.009298228382,14.544730786532));
#3711 = CARTESIAN_POINT('',(3.141583150902,14.586839513656));
#3712 = CARTESIAN_POINT('',(3.273789319493,14.628923042249));
#3713 = CARTESIAN_POINT('',(3.405999495477,14.671005499054));
#3714 = CARTESIAN_POINT('',(3.538289708658,14.713111359967));
#3715 = CARTESIAN_POINT('',(3.670737588669,14.755268747712));
#3716 = CARTESIAN_POINT('',(3.874813442807,14.820228731834));
#3717 = CARTESIAN_POINT('',(3.946716075227,14.843117019998));
#3718 = CARTESIAN_POINT('',(4.018616398451,14.866005465775));
#3719 = CARTESIAN_POINT('',(4.090511489402,14.888893278289));
#3720 = CARTESIAN_POINT('',(4.162406677381,14.911781819775));
#3721 = CARTESIAN_POINT('',(4.234307810531,14.934672074746));
#3722 = CARTESIAN_POINT('',(4.306213547113,14.957562528757));
#3723 = CARTESIAN_POINT('',(4.42240940705,14.994549332736));
#3724 = CARTESIAN_POINT('',(4.466707687461,15.008649500507));
#3725 = CARTESIAN_POINT('',(4.511005593602,15.022748630543));
#3726 = CARTESIAN_POINT('',(4.555304975631,15.036847322511));
#3727 = CARTESIAN_POINT('',(4.599606453068,15.050946105265));
#3728 = CARTESIAN_POINT('',(4.6439094148,15.065045436851));
#3729 = CARTESIAN_POINT('',(4.688212019077,15.079145704507));
#3730 = CARTESIAN_POINT('',(4.779919316404,15.108338399809));
#3731 = CARTESIAN_POINT('',(4.827329570903,15.123432015597));
#3732 = CARTESIAN_POINT('',(4.874740989576,15.138526539106));
#3733 = CARTESIAN_POINT('',(4.922152833401,15.153620846415));
#3734 = CARTESIAN_POINT('',(4.969564591769,15.168714222607));
#3735 = CARTESIAN_POINT('',(5.016975982481,15.183806361766));
#3736 = CARTESIAN_POINT('',(5.064386951752,15.198897366977));
#3737 = CARTESIAN_POINT('',(5.258079189625,15.260547769459));
#3738 = CARTESIAN_POINT('',(5.404758395405,15.307227879748));
#3739 = CARTESIAN_POINT('',(5.551181985085,15.353825351527));
#3740 = CARTESIAN_POINT('',(5.697493363616,15.400399719514));
#3741 = CARTESIAN_POINT('',(5.843804127579,15.446977288501));
#3742 = CARTESIAN_POINT('',(5.990227285548,15.493589782867));
#3743 = CARTESIAN_POINT('',(6.136904884863,15.540281128237));
#3744 = CARTESIAN_POINT('',(6.28318530718,15.586844403085));
#3745 = ( GEOMETRIC_REPRESENTATION_CONTEXT(2) 
PARAMETRIC_REPRESENTATION_CONTEXT() REPRESENTATION_CONTEXT('2D SPACE',''
  ) );
#3746 = ORIENTED_EDGE('',*,*,#3747,.T.);
#3747 = EDGE_CURVE('',#3534,#2254,#3748,.T.);
#3748 = SURFACE_CURVE('',#3749,(#3815,#3884),.PCURVE_S1.);
#3749 = B_SPLINE_CURVE_WITH_KNOTS('',8,(#3750,#3751,#3752,#3753,#3754,
    #3755,#3756,#3757,#3758,#3759,#3760,#3761,#3762,#3763,#3764,#3765,
    #3766,#3767,#3768,#3769,#3770,#3771,#3772,#3773,#3774,#3775,#3776,
    #3777,#3778,#3779,#3780,#3781,#3782,#3783,#3784,#3785,#3786,#3787,
    #3788,#3789,#3790,#3791,#3792,#3793,#3794,#3795,#3796,#3797,#3798,
    #3799,#3800,#3801,#3802,#3803,#3804,#3805,#3806,#3807,#3808,#3809,
    #3810,#3811,#3812,#3813,#3814),.UNSPECIFIED.,.F.,.F.,(9,7,7,7,7,7,7,
    7,7,9),(0.,8.376747919561E-02,0.194858179525,0.320853966358,
    0.451062873709,0.594887675084,0.703440482955,0.820695841876,
    0.901754496115,1.),.UNSPECIFIED.);
#3750 = CARTESIAN_POINT('',(8.74999995,-1.74999995,9.936844503085));
#3751 = CARTESIAN_POINT('',(8.74999995,-1.51975360031,9.957784760735));
#3752 = CARTESIAN_POINT('',(8.732689434604,-1.289498196418,
    9.978725477228));
#3753 = CARTESIAN_POINT('',(8.69806620993,-1.060772279428,9.99966501553)
  );
#3754 = CARTESIAN_POINT('',(8.646295534287,-0.835085402834,10.0206040517
    ));
#3755 = CARTESIAN_POINT('',(8.57769374259,-0.613919117844,
    10.041544173776));
#3756 = CARTESIAN_POINT('',(8.492725153772,-0.398723437558,
    10.062486360615));
#3757 = CARTESIAN_POINT('',(8.392012261187,-0.190908779955,
    10.083429340685));
#3758 = CARTESIAN_POINT('',(8.122982513526,0.272176280003,
    10.132136023869));
#3759 = CARTESIAN_POINT('',(7.943228766739,0.520989326402,
    10.159914518536));
#3760 = CARTESIAN_POINT('',(7.738926375918,0.751386277751,
    10.187688649668));
#3761 = CARTESIAN_POINT('',(7.512324009661,0.960571976963,
    10.215458761685));
#3762 = CARTESIAN_POINT('',(7.265988321086,1.146114383891,
    10.243228828388));
#3763 = CARTESIAN_POINT('',(7.002771529751,1.305922765477,
    10.271002779822));
#3764 = CARTESIAN_POINT('',(6.725827300717,1.438283985618,
    10.298780810034));
#3765 = CARTESIAN_POINT('',(6.112949174219,1.659579576603,
    10.358040596655));
#3766 = CARTESIAN_POINT('',(5.773762886888,1.740420863479,10.38955048622
    ));
#3767 = CARTESIAN_POINT('',(5.426209945765,1.782575599077,
    10.421050322256));
#3768 = CARTESIAN_POINT('',(5.075463837757,1.78514916661,10.452542131623
    ));
#3769 = CARTESIAN_POINT('',(4.726676927438,1.748038534241,
    10.484034072189));
#3770 = CARTESIAN_POINT('',(4.384966423495,1.671853687999,
    10.515534298186));
#3771 = CARTESIAN_POINT('',(4.055392638929,1.557994513955,
    10.547044822819));
#3772 = CARTESIAN_POINT('',(3.419870019858,1.25477824963,10.611084931786
    ));
#3773 = CARTESIAN_POINT('',(3.11467102663,1.06282874648,10.643654578958)
  );
#3774 = CARTESIAN_POINT('',(2.832772760039,0.835558227775,
    10.676214158099));
#3775 = CARTESIAN_POINT('',(2.57887722206,0.576375445922,10.708765376268
    ));
#3776 = CARTESIAN_POINT('',(2.357015318597,0.289296635066,
    10.741316332766));
#3777 = CARTESIAN_POINT('',(2.17060731533,-2.113469540604E-02,
    10.773875395883));
#3778 = CARTESIAN_POINT('',(2.022381248883,-0.349801099003,
    10.806444997637));
#3779 = CARTESIAN_POINT('',(1.794467887131,-1.067677159407,
    10.874944452703));
#3780 = CARTESIAN_POINT('',(1.72336265395,-1.460268196613,
    10.910931019449));
#3781 = CARTESIAN_POINT('',(1.70344609841,-1.860839699499,
    10.946899029042));
#3782 = CARTESIAN_POINT('',(1.735485543356,-2.261578391519,
    10.982853404512));
#3783 = CARTESIAN_POINT('',(1.819023449353,-2.654803241125,
    11.018807088375));
#3784 = CARTESIAN_POINT('',(1.952292600114,-3.033042392596,
    11.054773164324));
#3785 = CARTESIAN_POINT('',(2.13234469193,-3.389053765122,
    11.090758279357));
#3786 = CARTESIAN_POINT('',(2.522012785833,-3.96294087533,
    11.153845869681));
#3787 = CARTESIAN_POINT('',(2.713702075861,-4.193505958064,
    11.180987126399));
#3788 = CARTESIAN_POINT('',(2.927571463965,-4.404953636756,
    11.208123471644));
#3789 = CARTESIAN_POINT('',(3.161366763391,-4.594832998085,
    11.235256115667));
#3790 = CARTESIAN_POINT('',(3.412563338685,-4.761032275302,
    11.262389182084));
#3791 = CARTESIAN_POINT('',(3.678389655397,-4.901762130799,
    11.289526605263));
#3792 = CARTESIAN_POINT('',(3.955813273493,-5.015592071897,
    11.316668573056));
#3793 = CARTESIAN_POINT('',(4.550104451879,-5.194415902503,
    11.373108538734));
#3794 = CARTESIAN_POINT('',(4.868580148019,-5.254831798787,
    11.402426688593));
#3795 = CARTESIAN_POINT('',(5.192781015398,-5.2815163539,11.431739178414
    ));
#3796 = CARTESIAN_POINT('',(5.518534091992,-5.273917048546,
    11.46104845666));
#3797 = CARTESIAN_POINT('',(5.841689924592,-5.232071552377,
    11.490360861495));
#3798 = CARTESIAN_POINT('',(6.158132310803,-5.156561317823,
    11.519680751747));
#3799 = CARTESIAN_POINT('',(6.463797365766,-5.048566412765,
    11.549005504926));
#3800 = CARTESIAN_POINT('',(6.955876985748,-4.814247098587,11.5985738166
    ));
#3801 = CARTESIAN_POINT('',(7.150060323076,-4.703832377032,
    11.618834802447));
#3802 = CARTESIAN_POINT('',(7.336025540422,-4.579377090588,
    11.639092273658));
#3803 = CARTESIAN_POINT('',(7.512594611628,-4.441604774384,
    11.659352951675));
#3804 = CARTESIAN_POINT('',(7.678672427754,-4.291344851843,
    11.679597553943));
#3805 = CARTESIAN_POINT('',(7.833245953852,-4.129537695229,
    11.699870307799));
#3806 = CARTESIAN_POINT('',(7.975398274344,-3.957221324685,
    11.720134734498));
#3807 = CARTESIAN_POINT('',(8.260569227591,-3.555372065518,
    11.764955150491));
#3808 = CARTESIAN_POINT('',(8.397441223316,-3.321369031647,
    11.789517191868));
#3809 = CARTESIAN_POINT('',(8.513454790346,-3.075602680552,11.8140737007
    ));
#3810 = CARTESIAN_POINT('',(8.607457613796,-2.820255817819,
    11.838624878489));
#3811 = CARTESIAN_POINT('',(8.67857513846,-2.55761197408,11.863175143809
    ));
#3812 = CARTESIAN_POINT('',(8.726197348804,-2.290040104764,
    11.887728585993));
#3813 = CARTESIAN_POINT('',(8.74999995,-2.019990220762,11.912285136194)
  );
#3814 = CARTESIAN_POINT('',(8.74999995,-1.74999995,11.936837455807));
#3815 = PCURVE('',#1862,#3816);
#3816 = DEFINITIONAL_REPRESENTATION('',(#3817),#3883);
#3817 = B_SPLINE_CURVE_WITH_KNOTS('',8,(#3818,#3819,#3820,#3821,#3822,
    #3823,#3824,#3825,#3826,#3827,#3828,#3829,#3830,#3831,#3832,#3833,
    #3834,#3835,#3836,#3837,#3838,#3839,#3840,#3841,#3842,#3843,#3844,
    #3845,#3846,#3847,#3848,#3849,#3850,#3851,#3852,#3853,#3854,#3855,
    #3856,#3857,#3858,#3859,#3860,#3861,#3862,#3863,#3864,#3865,#3866,
    #3867,#3868,#3869,#3870,#3871,#3872,#3873,#3874,#3875,#3876,#3877,
    #3878,#3879,#3880,#3881,#3882),.UNSPECIFIED.,.F.,.F.,(9,7,7,7,7,7,7,
    7,7,9),(0.,8.376747919561E-02,0.194858179525,0.320853966358,
    0.451062873709,0.594887675084,0.703440482955,0.820695841876,
    0.901754496115,1.),.UNSPECIFIED.);
#3818 = CARTESIAN_POINT('',(0.868025223976,46.156720086834));
#3819 = CARTESIAN_POINT('',(0.868025547739,46.225757782065));
#3820 = CARTESIAN_POINT('',(0.86802523449,46.294797805043));
#3821 = CARTESIAN_POINT('',(0.868024447712,46.36383454946));
#3822 = CARTESIAN_POINT('',(0.868023504148,46.432869838984));
#3823 = CARTESIAN_POINT('',(0.868022727486,46.501908495111));
#3824 = CARTESIAN_POINT('',(0.868022351391,46.570953446089));
#3825 = CARTESIAN_POINT('',(0.868022471887,46.640000376947));
#3826 = CARTESIAN_POINT('',(0.868023814579,46.800580127638));
#3827 = CARTESIAN_POINT('',(0.868025385324,46.89216126794));
#3828 = CARTESIAN_POINT('',(0.868027685149,46.983727089291));
#3829 = CARTESIAN_POINT('',(0.868030241835,47.075279331367));
#3830 = CARTESIAN_POINT('',(0.868032295008,47.166832068231));
#3831 = CARTESIAN_POINT('',(0.868033190327,47.25839909404));
#3832 = CARTESIAN_POINT('',(0.868032707144,47.349981330846));
#3833 = CARTESIAN_POINT('',(0.868028993099,47.545360165477));
#3834 = CARTESIAN_POINT('',(0.86802540168,47.64924997703));
#3835 = CARTESIAN_POINT('',(0.868020369682,47.753108486074));
#3836 = CARTESIAN_POINT('',(0.868014675673,47.856941378896));
#3837 = CARTESIAN_POINT('',(0.868009626107,47.96077387978));
#3838 = CARTESIAN_POINT('',(0.868006368805,48.064631403968));
#3839 = CARTESIAN_POINT('',(0.868005290943,48.168520093472));
#3840 = CARTESIAN_POINT('',(0.868007137384,48.379652098552));
#3841 = CARTESIAN_POINT('',(0.868010196543,48.487027325103));
#3842 = CARTESIAN_POINT('',(0.868015166095,48.594366914147));
#3843 = CARTESIAN_POINT('',(0.868021140223,48.701677652587));
#3844 = CARTESIAN_POINT('',(0.868026632972,48.808988144196));
#3845 = CARTESIAN_POINT('',(0.868030419181,48.91632754591));
#3846 = CARTESIAN_POINT('',(0.868032220354,49.023704232169));
#3847 = CARTESIAN_POINT('',(0.868032503253,49.249540292837));
#3848 = CARTESIAN_POINT('',(0.868030618109,49.3681871156));
#3849 = CARTESIAN_POINT('',(0.868027140952,49.486774793932));
#3850 = CARTESIAN_POINT('',(0.8680233945,49.605317866342));
#3851 = CARTESIAN_POINT('',(0.868021434733,49.723856372726));
#3852 = CARTESIAN_POINT('',(0.868021808794,49.842432748811));
#3853 = CARTESIAN_POINT('',(0.868023237381,49.961070545865));
#3854 = CARTESIAN_POINT('',(0.868025205405,50.169062028765));
#3855 = CARTESIAN_POINT('',(0.868025875846,50.258543405815));
#3856 = CARTESIAN_POINT('',(0.868025783475,50.34800956612));
#3857 = CARTESIAN_POINT('',(0.868024273538,50.437465337453));
#3858 = CARTESIAN_POINT('',(0.86802100387,50.526924752756));
#3859 = CARTESIAN_POINT('',(0.868016472484,50.616400146131));
#3860 = CARTESIAN_POINT('',(0.86801208278,50.70589034141));
#3861 = CARTESIAN_POINT('',(0.868005955032,50.891975572999));
#3862 = CARTESIAN_POINT('',(0.868004449235,50.988636751382));
#3863 = CARTESIAN_POINT('',(0.86800633278,51.085274932855));
#3864 = CARTESIAN_POINT('',(0.868013045101,51.181896348197));
#3865 = CARTESIAN_POINT('',(0.868025184998,51.278521127658));
#3866 = CARTESIAN_POINT('',(0.868039371513,51.375167967428));
#3867 = CARTESIAN_POINT('',(0.868048255111,51.471837624269));
#3868 = CARTESIAN_POINT('',(0.868050194412,51.635257321768));
#3869 = CARTESIAN_POINT('',(0.868047649885,51.702059189807));
#3870 = CARTESIAN_POINT('',(0.868036838731,51.768860046542));
#3871 = CARTESIAN_POINT('',(0.868038950739,51.835654942387));
#3872 = CARTESIAN_POINT('',(0.867995921144,51.902454591194));
#3873 = CARTESIAN_POINT('',(0.86802504589,51.969254740036));
#3874 = CARTESIAN_POINT('',(0.868030877894,52.03605723545));
#3875 = CARTESIAN_POINT('',(0.868047898023,52.183804262071));
#3876 = CARTESIAN_POINT('',(0.868054259276,52.264774921883));
#3877 = CARTESIAN_POINT('',(0.868052200576,52.345738113745));
#3878 = CARTESIAN_POINT('',(0.868043817924,52.426691820435));
#3879 = CARTESIAN_POINT('',(0.868033298086,52.50764525311));
#3880 = CARTESIAN_POINT('',(0.868023745458,52.588607922195));
#3881 = CARTESIAN_POINT('',(0.868016296464,52.669578146751));
#3882 = CARTESIAN_POINT('',(0.868011521489,52.750531002344));
#3883 = ( GEOMETRIC_REPRESENTATION_CONTEXT(2) 
PARAMETRIC_REPRESENTATION_CONTEXT() REPRESENTATION_CONTEXT('2D SPACE',''
  ) );
#3884 = PCURVE('',#1313,#3885);
#3885 = DEFINITIONAL_REPRESENTATION('',(#3886),#3952);
#3886 = B_SPLINE_CURVE_WITH_KNOTS('',8,(#3887,#3888,#3889,#3890,#3891,
    #3892,#3893,#3894,#3895,#3896,#3897,#3898,#3899,#3900,#3901,#3902,
    #3903,#3904,#3905,#3906,#3907,#3908,#3909,#3910,#3911,#3912,#3913,
    #3914,#3915,#3916,#3917,#3918,#3919,#3920,#3921,#3922,#3923,#3924,
    #3925,#3926,#3927,#3928,#3929,#3930,#3931,#3932,#3933,#3934,#3935,
    #3936,#3937,#3938,#3939,#3940,#3941,#3942,#3943,#3944,#3945,#3946,
    #3947,#3948,#3949,#3950,#3951),.UNSPECIFIED.,.F.,.F.,(9,7,7,7,7,7,7,
    7,7,9),(0.,8.376747919561E-02,0.194858179525,0.320853966358,
    0.451062873709,0.594887675084,0.703440482955,0.820695841876,
    0.901754496115,1.),.UNSPECIFIED.);
#3887 = CARTESIAN_POINT('',(0.,15.586844403085));
#3888 = CARTESIAN_POINT('',(6.578467134003E-02,15.607784660735));
#3889 = CARTESIAN_POINT('',(0.131571826238,15.628725377228));
#3890 = CARTESIAN_POINT('',(0.197356197875,15.64966491553));
#3891 = CARTESIAN_POINT('',(0.263139544057,15.6706039517));
#3892 = CARTESIAN_POINT('',(0.328926420804,15.691544073776));
#3893 = CARTESIAN_POINT('',(0.394719532025,15.712486260615));
#3894 = CARTESIAN_POINT('',(0.460514655306,15.733429240685));
#3895 = CARTESIAN_POINT('',(0.613531868659,15.782135923869));
#3896 = CARTESIAN_POINT('',(0.70080002323,15.809914418536));
#3897 = CARTESIAN_POINT('',(0.788053396148,15.837688549668));
#3898 = CARTESIAN_POINT('',(0.875293422483,15.865458661685));
#3899 = CARTESIAN_POINT('',(0.962533423411,15.893228728388));
#3900 = CARTESIAN_POINT('',(1.049786600669,15.921002679822));
#3901 = CARTESIAN_POINT('',(1.13705398166,15.948780710034));
#3902 = CARTESIAN_POINT('',(1.323227334393,16.008040496655));
#3903 = CARTESIAN_POINT('',(1.422222089363,16.03955038622));
#3904 = CARTESIAN_POINT('',(1.521187057736,16.071050222256));
#3905 = CARTESIAN_POINT('',(1.620127911424,16.102542031623));
#3906 = CARTESIAN_POINT('',(1.71906878494,16.134033972189));
#3907 = CARTESIAN_POINT('',(1.818033803542,16.165534198186));
#3908 = CARTESIAN_POINT('',(1.917028615327,16.197044722819));
#3909 = CARTESIAN_POINT('',(2.118214710985,16.261084831786));
#3910 = CARTESIAN_POINT('',(2.220531685815,16.293654478958));
#3911 = CARTESIAN_POINT('',(2.32281445871,16.326214058099));
#3912 = CARTESIAN_POINT('',(2.42506933183,16.358765276268));
#3913 = CARTESIAN_POINT('',(2.527323605342,16.391316232766));
#3914 = CARTESIAN_POINT('',(2.629605315931,16.423875295883));
#3915 = CARTESIAN_POINT('',(2.731922769781,16.456444897637));
#3916 = CARTESIAN_POINT('',(2.947119033038,16.524944352703));
#3917 = CARTESIAN_POINT('',(3.060176549385,16.560930919449));
#3918 = CARTESIAN_POINT('',(3.173178463737,16.596898929042));
#3919 = CARTESIAN_POINT('',(3.286138722245,16.632853304512));
#3920 = CARTESIAN_POINT('',(3.399095166403,16.668806988375));
#3921 = CARTESIAN_POINT('',(3.512087412917,16.704773064324));
#3922 = CARTESIAN_POINT('',(3.62513735455,16.740758179357));
#3923 = CARTESIAN_POINT('',(3.823330753947,16.803845769681));
#3924 = CARTESIAN_POINT('',(3.908596293911,16.830987026399));
#3925 = CARTESIAN_POINT('',(3.993846749111,16.858123371644));
#3926 = CARTESIAN_POINT('',(4.079086798814,16.885256015667));
#3927 = CARTESIAN_POINT('',(4.164330109601,16.912389082084));
#3928 = CARTESIAN_POINT('',(4.249588830943,16.939526505263));
#3929 = CARTESIAN_POINT('',(4.334862149339,16.966668473056));
#3930 = CARTESIAN_POINT('',(4.512180027646,17.023108438734));
#3931 = CARTESIAN_POINT('',(4.604287716974,17.052426588593));
#3932 = CARTESIAN_POINT('',(4.696374232071,17.081739078415));
#3933 = CARTESIAN_POINT('',(4.788445443476,17.11104835666));
#3934 = CARTESIAN_POINT('',(4.880519791737,17.140360761494));
#3935 = CARTESIAN_POINT('',(4.972614312915,17.169680651747));
#3936 = CARTESIAN_POINT('',(5.06472969744,17.199005404926));
#3937 = CARTESIAN_POINT('',(5.220449983929,17.2485737166));
#3938 = CARTESIAN_POINT('',(5.284104652542,17.268834702447));
#3939 = CARTESIAN_POINT('',(5.347756997502,17.289092173657));
#3940 = CARTESIAN_POINT('',(5.411407384926,17.309352851675));
#3941 = CARTESIAN_POINT('',(5.475059044893,17.329597453943));
#3942 = CARTESIAN_POINT('',(5.538712827974,17.349870207799));
#3943 = CARTESIAN_POINT('',(5.602368578238,17.370134634498));
#3944 = CARTESIAN_POINT('',(5.743155086076,17.414955050491));
#3945 = CARTESIAN_POINT('',(5.820310695329,17.439517091868));
#3946 = CARTESIAN_POINT('',(5.897459033156,17.4640736007));
#3947 = CARTESIAN_POINT('',(5.974598766521,17.488624778489));
#3948 = CARTESIAN_POINT('',(6.051738963338,17.513175043809));
#3949 = CARTESIAN_POINT('',(6.128888481201,17.537728485993));
#3950 = CARTESIAN_POINT('',(6.206045229819,17.562285036194));
#3951 = CARTESIAN_POINT('',(6.28318530718,17.586837355807));
#3952 = ( GEOMETRIC_REPRESENTATION_CONTEXT(2) 
PARAMETRIC_REPRESENTATION_CONTEXT() REPRESENTATION_CONTEXT('2D SPACE',''
  ) );
#3953 = ORIENTED_EDGE('',*,*,#2276,.T.);
#3954 = ORIENTED_EDGE('',*,*,#1818,.T.);
#3955 = ADVANCED_FACE('',(#3956),#1622,.T.);
#3956 = FACE_BOUND('',#3957,.T.);
#3957 = EDGE_LOOP('',(#3958,#4060,#4198,#4199));
#3958 = ORIENTED_EDGE('',*,*,#3959,.F.);
#3959 = EDGE_CURVE('',#3960,#1326,#3962,.T.);
#3960 = VERTEX_POINT('',#3961);
#3961 = CARTESIAN_POINT('',(1.160462245911,-0.421228244121,
    1.000000118268E-07));
#3962 = SURFACE_CURVE('',#3963,(#4046,#4053),.PCURVE_S1.);
#3963 = B_SPLINE_CURVE_WITH_KNOTS('',11,(#3964,#3965,#3966,#3967,#3968,
    #3969,#3970,#3971,#3972,#3973,#3974,#3975,#3976,#3977,#3978,#3979,
    #3980,#3981,#3982,#3983,#3984,#3985,#3986,#3987,#3988,#3989,#3990,
    #3991,#3992,#3993,#3994,#3995,#3996,#3997,#3998,#3999,#4000,#4001,
    #4002,#4003,#4004,#4005,#4006,#4007,#4008,#4009,#4010,#4011,#4012,
    #4013,#4014,#4015,#4016,#4017,#4018,#4019,#4020,#4021,#4022,#4023,
    #4024,#4025,#4026,#4027,#4028,#4029,#4030,#4031,#4032,#4033,#4034,
    #4035,#4036,#4037,#4038,#4039,#4040,#4041,#4042,#4043,#4044,#4045),
  .UNSPECIFIED.,.F.,.F.,(12,10,10,10,10,10,10,10,12),(0.,7.41804369632,
    14.83608739264,22.25413108896,29.672174785281,37.090218481601,
    44.508262177921,51.926305874241,59.344349570561),.UNSPECIFIED.);
#3964 = CARTESIAN_POINT('',(9.54999995,-1.74999995,-4.8999999));
#3965 = CARTESIAN_POINT('',(9.550001679953,1.013183997115,
    -4.695448911419));
#3966 = CARTESIAN_POINT('',(7.59810707645,3.776554062664,-4.490931089742
    ));
#3967 = CARTESIAN_POINT('',(3.681833260972,5.004309779952,
    -4.286304216242));
#3968 = CARTESIAN_POINT('',(-0.782999894623,3.168856415595,
    -4.081925005066));
#3969 = CARTESIAN_POINT('',(-3.278884164695,-1.902581586219,
    -3.877129227534));
#3970 = CARTESIAN_POINT('',(-0.888811043354,-7.672982930654,
    -3.672869450678));
#3971 = CARTESIAN_POINT('',(4.462241766794,-9.494092926938,
    -3.468075058304));
#3972 = CARTESIAN_POINT('',(8.917126886969,-7.634903242386,
    -3.263693623853));
#3973 = CARTESIAN_POINT('',(10.818236425112,-3.997491911041,
    -3.059069047295));
#3974 = CARTESIAN_POINT('',(10.244424391642,-0.663307917153,
    -2.854549434346));
#3975 = CARTESIAN_POINT('',(6.336694025208,3.244426436726,
    -2.445449641887));
#3976 = CARTESIAN_POINT('',(3.002498928104,3.818226506855,
    -2.240929905666));
#3977 = CARTESIAN_POINT('',(-0.634879995303,1.917156741393,
    -2.03630579447));
#3978 = CARTESIAN_POINT('',(-2.494131362825,-2.537818114303,
    -1.831923256284));
#3979 = CARTESIAN_POINT('',(-0.672940776873,-7.888723479189,
    -1.627130841737));
#3980 = CARTESIAN_POINT('',(5.097386837113,-10.2789760896,
    -1.422868217616));
#3981 = CARTESIAN_POINT('',(10.168871244705,-7.782929868629,
    -1.21807582389));
#3982 = CARTESIAN_POINT('',(12.004305401272,-3.318204598036,
    -1.013693252276));
#3983 = CARTESIAN_POINT('',(10.776554491889,0.598120996517,
    -0.809069175628));
#3984 = CARTESIAN_POINT('',(8.013184041331,2.549998749362,
    -0.604549412454));
#3985 = CARTESIAN_POINT('',(2.486815930445,2.550001564308,
    -0.195449652881));
#3986 = CARTESIAN_POINT('',(-0.276553945241,0.598107526003,
    9.070112146274E-03));
#3987 = CARTESIAN_POINT('',(-1.504309936461,-3.318167104935,
    0.213694181793));
#3988 = CARTESIAN_POINT('',(0.331143757832,-7.782999278373,
    0.418076770018));
#3989 = CARTESIAN_POINT('',(5.402581426129,-10.27888454121,
    0.622869133982));
#3990 = CARTESIAN_POINT('',(11.172983052956,-7.888810579352,
    0.827131800934));
#3991 = CARTESIAN_POINT('',(12.994092850995,-2.537758359207,
    1.031924164593));
#3992 = CARTESIAN_POINT('',(11.134903279249,1.917127096659,
    1.236306753314));
#3993 = CARTESIAN_POINT('',(7.497491898309,3.818236487227,1.440930822442
    ));
#3994 = CARTESIAN_POINT('',(4.163307919325,3.244424498105,1.645450587876
    ));
#3995 = CARTESIAN_POINT('',(0.255573562182,-0.663305878037,
    2.054550346954));
#3996 = CARTESIAN_POINT('',(-0.318226505082,-3.997500966643,
    2.259070112411));
#3997 = CARTESIAN_POINT('',(1.582843256242,-7.634879902294,
    2.463694181448));
#3998 = CARTESIAN_POINT('',(6.037818116921,-9.494131255089,
    2.668076770388));
#3999 = CARTESIAN_POINT('',(11.388723476778,-7.672940684007,
    2.872869133653));
#4000 = CARTESIAN_POINT('',(13.778976091438,-1.902613057439,
    3.077131801177));
#4001 = CARTESIAN_POINT('',(11.282929867496,3.168871341322,
    3.281924164445));
#4002 = CARTESIAN_POINT('',(6.818204598581,5.004305502914,3.486306753388
    ));
#4003 = CARTESIAN_POINT('',(2.901879003297,3.776554591322,3.690930822411
    ));
#4004 = CARTESIAN_POINT('',(0.950001250668,1.013184141428,3.895450587886
    ));
#4005 = CARTESIAN_POINT('',(0.949998435683,-4.513183969605,
    4.304550346935));
#4006 = CARTESIAN_POINT('',(2.90189247399,-7.276553845151,4.509070112484
    ));
#4007 = CARTESIAN_POINT('',(6.818167104978,-8.504309836593,
    4.713694181297));
#4008 = CARTESIAN_POINT('',(11.282999278285,-6.668856142021,
    4.918076770611));
#4009 = CARTESIAN_POINT('',(13.778884541333,-1.597418473985,
    5.122869133397));
#4010 = CARTESIAN_POINT('',(11.388810579232,4.172983153005,
    5.327131801414));
#4011 = CARTESIAN_POINT('',(6.037758359299,5.994092950998,5.531924164265
    ));
#4012 = CARTESIAN_POINT('',(1.582872903287,4.134903379231,5.736306753495
    ));
#4013 = CARTESIAN_POINT('',(-0.318236487204,0.49749199832,5.940930822366
    ));
#4014 = CARTESIAN_POINT('',(0.255575501888,-2.836691980677,
    6.145450587893));
#4015 = CARTESIAN_POINT('',(4.163305878045,-6.744426337816,
    6.554550346943));
#4016 = CARTESIAN_POINT('',(7.497500966608,-7.318226405086,
    6.759070112427));
#4017 = CARTESIAN_POINT('',(11.134879902378,-5.417156643755,
    6.963694181453));
#4018 = CARTESIAN_POINT('',(12.994131254942,-0.962181783077,
    7.168076770318));
#4019 = CARTESIAN_POINT('',(11.172940684202,4.388723576768,
    7.372869133824));
#4020 = CARTESIAN_POINT('',(5.402613057231,6.778976191454,7.577131800904
    ));
#4021 = CARTESIAN_POINT('',(0.331128658865,4.282929967475,7.781924164778
    ));
#4022 = CARTESIAN_POINT('',(-1.504305503059,-0.181795301394,
    7.986306753059));
#4023 = CARTESIAN_POINT('',(-0.276554591223,-4.098120896726,
    8.190930822677));
#4024 = CARTESIAN_POINT('',(2.486815858515,-6.049998649314,
    8.395450587711));
#4025 = CARTESIAN_POINT('',(8.013183969716,-6.050001464355,
    8.804550347296));
#4026 = CARTESIAN_POINT('',(10.776553844508,-4.098107425795,
    9.009070110409));
#4027 = CARTESIAN_POINT('',(12.004309838463,-0.181832795617,
    9.213694187221));
#4028 = CARTESIAN_POINT('',(10.168856138133,4.28299937946,9.418076758538
    ));
#4029 = CARTESIAN_POINT('',(5.097418480308,6.778884639513,9.622869152681
    ));
#4030 = CARTESIAN_POINT('',(-0.672983161334,4.38881068153,9.827131776324
    ));
#4031 = CARTESIAN_POINT('',(-2.49409294196,-0.962241543118,
    10.031924191322));
#4032 = CARTESIAN_POINT('',(-0.634903387369,-5.417126994583,
    10.236306729167));
#4033 = CARTESIAN_POINT('',(3.002508007762,-7.318236388771,
    10.440930840559));
#4034 = CARTESIAN_POINT('',(6.336691976939,-6.74442439716,
    10.645450576705));
#4035 = CARTESIAN_POINT('',(10.244426345249,-2.836694023834,
    11.05455036918));
#4036 = CARTESIAN_POINT('',(10.818226361531,0.497501077599,
    11.259069982136));
#4037 = CARTESIAN_POINT('',(8.917156769854,4.134879970573,11.46369455866
    ));
#4038 = CARTESIAN_POINT('',(4.462181523275,5.994131420451,11.66807599317
    ));
#4039 = CARTESIAN_POINT('',(-0.888723158336,4.172940678717,
    11.872870385479));
#4040 = CARTESIAN_POINT('',(-3.278976739216,-1.597386704703,
    12.077130162388));
#4041 = CARTESIAN_POINT('',(-0.782929374051,-6.668871390696,
    12.281925939879));
#4042 = CARTESIAN_POINT('',(3.68179476585,-8.504305268093,
    12.486305151092));
#4043 = CARTESIAN_POINT('',(7.59812129852,-7.276554592479,
    12.690932024556));
#4044 = CARTESIAN_POINT('',(9.549998401444,-4.513183979021,
    12.895449846262));
#4045 = CARTESIAN_POINT('',(9.550000179633,-1.750000016829,
    13.100000834827));
#4046 = PCURVE('',#1622,#4047);
#4047 = DEFINITIONAL_REPRESENTATION('',(#4048),#4052);
#4048 = LINE('',#4049,#4050);
#4049 = CARTESIAN_POINT('',(0.,0.));
#4050 = VECTOR('',#4051,1.);
#4051 = DIRECTION('',(0.,1.));
#4052 = ( GEOMETRIC_REPRESENTATION_CONTEXT(2) 
PARAMETRIC_REPRESENTATION_CONTEXT() REPRESENTATION_CONTEXT('2D SPACE',''
  ) );
#4053 = PCURVE('',#1371,#4054);
#4054 = DEFINITIONAL_REPRESENTATION('',(#4055),#4059);
#4055 = LINE('',#4056,#4057);
#4056 = CARTESIAN_POINT('',(1.030776406404,0.));
#4057 = VECTOR('',#4058,1.);
#4058 = DIRECTION('',(0.,1.));
#4059 = ( GEOMETRIC_REPRESENTATION_CONTEXT(2) 
PARAMETRIC_REPRESENTATION_CONTEXT() REPRESENTATION_CONTEXT('2D SPACE',''
  ) );
#4060 = ORIENTED_EDGE('',*,*,#4061,.F.);
#4061 = EDGE_CURVE('',#2487,#3960,#4062,.T.);
#4062 = SURFACE_CURVE('',#4063,(#4106,#4152),.PCURVE_S1.);
#4063 = B_SPLINE_CURVE_WITH_KNOTS('',6,(#4064,#4065,#4066,#4067,#4068,
    #4069,#4070,#4071,#4072,#4073,#4074,#4075,#4076,#4077,#4078,#4079,
    #4080,#4081,#4082,#4083,#4084,#4085,#4086,#4087,#4088,#4089,#4090,
    #4091,#4092,#4093,#4094,#4095,#4096,#4097,#4098,#4099,#4100,#4101,
    #4102,#4103,#4104,#4105),.UNSPECIFIED.,.F.,.F.,(7,5,5,5,5,5,5,5,7),(
    0.,1.900104801299E-02,0.200009079688,0.232010289722,0.25301123652,
    0.282012654281,0.557022101065,0.969998970843,1.),.UNSPECIFIED.);
#4064 = CARTESIAN_POINT('',(6.578781894424,2.339572965725,
    1.000000118268E-07));
#4065 = CARTESIAN_POINT('',(6.558439615102,2.346182511061,
    1.000000118268E-07));
#4066 = CARTESIAN_POINT('',(6.538057874516,2.352670605695,
    1.000000118268E-07));
#4067 = CARTESIAN_POINT('',(6.517637579023,2.359036954812,
    1.000000118268E-07));
#4068 = CARTESIAN_POINT('',(6.497179637809,2.365281272753,
    1.000000118268E-07));
#4069 = CARTESIAN_POINT('',(6.476684962888,2.371403283018,
    1.000000118268E-07));
#4070 = CARTESIAN_POINT('',(6.260576611127,2.434554616595,
    1.000000118268E-07));
#4071 = CARTESIAN_POINT('',(6.061744955173,2.480583702666,
    1.000000118268E-07));
#4072 = CARTESIAN_POINT('',(5.860457237689,2.51525727894,
    1.000000118268E-07));
#4073 = CARTESIAN_POINT('',(5.657522949186,2.538420921073,
    1.000000118268E-07));
#4074 = CARTESIAN_POINT('',(5.453762245973,2.549999794853,
    1.000000118268E-07));
#4075 = CARTESIAN_POINT('',(5.213981693302,2.550000004642,
    1.000000118268E-07));
#4076 = CARTESIAN_POINT('',(5.17795852123,2.549638138792,
    1.000000118268E-07));
#4077 = CARTESIAN_POINT('',(5.141939892471,2.548914339589,
    1.000000118268E-07));
#4078 = CARTESIAN_POINT('',(5.105930353259,2.547828650485,
    1.000000118268E-07));
#4079 = CARTESIAN_POINT('',(5.069934449276,2.546381194376,
    1.000000118268E-07));
#4080 = CARTESIAN_POINT('',(5.010346172838,2.543384995075,
    1.000000118268E-07));
#4081 = CARTESIAN_POINT('',(4.986743449402,2.542042101343,
    1.000000118268E-07));
#4082 = CARTESIAN_POINT('',(4.963149839701,2.540543549559,
    1.000000118268E-07));
#4083 = CARTESIAN_POINT('',(4.939566627311,2.538889411526,
    1.000000118268E-07));
#4084 = CARTESIAN_POINT('',(4.915995095035,2.537079773683,
    1.000000118268E-07));
#4085 = CARTESIAN_POINT('',(4.859903137674,2.532401104862,
    1.000000118268E-07));
#4086 = CARTESIAN_POINT('',(4.827394469294,2.529391120319,
    1.000000118268E-07));
#4087 = CARTESIAN_POINT('',(4.794913896428,2.526085049768,
    1.000000118268E-07));
#4088 = CARTESIAN_POINT('',(4.762464790674,2.522483212315,
    1.000000118268E-07));
#4089 = CARTESIAN_POINT('',(4.730050518564,2.518585979894,
    1.000000118268E-07));
#4090 = CARTESIAN_POINT('',(4.390664380924,2.474640709465,
    1.000000118268E-07));
#4091 = CARTESIAN_POINT('',(4.0870637752,2.408360591881,
    1.000000118268E-07));
#4092 = CARTESIAN_POINT('',(3.789795838418,2.315915128259,
    1.000000118268E-07));
#4093 = CARTESIAN_POINT('',(3.501635557567,2.198108939692,
    1.000000118268E-07));
#4094 = CARTESIAN_POINT('',(3.225233718177,2.056092520195,
    1.000000118268E-07));
#4095 = CARTESIAN_POINT('',(2.569405087163,1.644187817612,
    1.000000118268E-07));
#4096 = CARTESIAN_POINT('',(2.207651771645,1.345760926954,
    1.000000118268E-07));
#4097 = CARTESIAN_POINT('',(1.88650008009,1.001525413728,
    1.000000118268E-07));
#4098 = CARTESIAN_POINT('',(1.61273732868,0.61852484473,
    1.000000118268E-07));
#4099 = CARTESIAN_POINT('',(1.391925494039,0.204803557646,
    1.000000118268E-07));
#4100 = CARTESIAN_POINT('',(1.215659326554,-0.261654765364,
    1.000000118268E-07));
#4101 = CARTESIAN_POINT('',(1.204019297203,-0.293358533814,
    1.000000118268E-07));
#4102 = CARTESIAN_POINT('',(1.192678331114,-0.32517130326,
    1.000000118268E-07));
#4103 = CARTESIAN_POINT('',(1.181637699442,-0.357089546147,
    1.000000118268E-07));
#4104 = CARTESIAN_POINT('',(1.170898617732,-0.389109715339,
    1.000000118268E-07));
#4105 = CARTESIAN_POINT('',(1.160462245911,-0.421228244121,
    1.000000118268E-07));
#4106 = PCURVE('',#1622,#4107);
#4107 = DEFINITIONAL_REPRESENTATION('',(#4108),#4151);
#4108 = B_SPLINE_CURVE_WITH_KNOTS('',6,(#4109,#4110,#4111,#4112,#4113,
    #4114,#4115,#4116,#4117,#4118,#4119,#4120,#4121,#4122,#4123,#4124,
    #4125,#4126,#4127,#4128,#4129,#4130,#4131,#4132,#4133,#4134,#4135,
    #4136,#4137,#4138,#4139,#4140,#4141,#4142,#4143,#4144,#4145,#4146,
    #4147,#4148,#4149,#4150),.UNSPECIFIED.,.F.,.F.,(7,5,5,5,5,5,5,5,7),(
    0.,1.900104801299E-02,0.200009079688,0.232010289722,0.25301123652,
    0.282012654281,0.557022101065,0.969998970843,1.),.UNSPECIFIED.);
#4109 = CARTESIAN_POINT('',(0.5,14.506396423573));
#4110 = CARTESIAN_POINT('',(0.498416667212,14.511616552666));
#4111 = CARTESIAN_POINT('',(0.49683333419,14.516836682231));
#4112 = CARTESIAN_POINT('',(0.495250000942,14.522056812187));
#4113 = CARTESIAN_POINT('',(0.493666667474,14.527276942448));
#4114 = CARTESIAN_POINT('',(0.492083333794,14.532497072926));
#4115 = CARTESIAN_POINT('',(0.475416823972,14.587445279846));
#4116 = CARTESIAN_POINT('',(0.460333380578,14.637174188161));
#4117 = CARTESIAN_POINT('',(0.445250203931,14.686902106115));
#4118 = CARTESIAN_POINT('',(0.43016702809,14.736629819007));
#4119 = CARTESIAN_POINT('',(0.4150835169,14.786358285224));
#4120 = CARTESIAN_POINT('',(0.397333311213,14.844877819822));
#4121 = CARTESIAN_POINT('',(0.394666636451,14.853669430205));
#4122 = CARTESIAN_POINT('',(0.39199996847,14.862461035325));
#4123 = CARTESIAN_POINT('',(0.389333306271,14.871252637256));
#4124 = CARTESIAN_POINT('',(0.386666649008,14.880044237636));
#4125 = CARTESIAN_POINT('',(0.38224999223,14.894605367134));
#4126 = CARTESIAN_POINT('',(0.380499990284,14.90037489649));
#4127 = CARTESIAN_POINT('',(0.378749989959,14.906144426083));
#4128 = CARTESIAN_POINT('',(0.376999991078,14.911913956207));
#4129 = CARTESIAN_POINT('',(0.375249993486,14.917683487099));
#4130 = CARTESIAN_POINT('',(0.371083326116,14.931420497966));
#4131 = CARTESIAN_POINT('',(0.36866665737,14.939387978851));
#4132 = CARTESIAN_POINT('',(0.366249990464,14.947355462052));
#4133 = CARTESIAN_POINT('',(0.363833325109,14.955322947884));
#4134 = CARTESIAN_POINT('',(0.361416661071,14.963290436518));
#4135 = CARTESIAN_POINT('',(0.336083700332,15.046810628126));
#4136 = CARTESIAN_POINT('',(0.313165656644,15.122369676039));
#4137 = CARTESIAN_POINT('',(0.290249793912,15.197921649422));
#4138 = CARTESIAN_POINT('',(0.267333942441,15.273473542531));
#4139 = CARTESIAN_POINT('',(0.244416004006,15.349032216101));
#4140 = CARTESIAN_POINT('',(0.187087437057,15.53803981386));
#4141 = CARTESIAN_POINT('',(0.152661489426,15.651539111544));
#4142 = CARTESIAN_POINT('',(0.118251052625,15.764987023593));
#4143 = CARTESIAN_POINT('',(8.384032384712E-02,15.87843585522));
#4144 = CARTESIAN_POINT('',(4.941353407647E-02,15.991937655702));
#4145 = CARTESIAN_POINT('',(1.250000032625E-02,16.11363806621));
#4146 = CARTESIAN_POINT('',(1.000000132234E-02,16.121880325457));
#4147 = CARTESIAN_POINT('',(7.500001709108E-03,16.130122586992));
#4148 = CARTESIAN_POINT('',(5.000001564479E-03,16.138364850567));
#4149 = CARTESIAN_POINT('',(2.500000967826E-03,16.146607115928));
#4150 = CARTESIAN_POINT('',(0.,16.154849382816));
#4151 = ( GEOMETRIC_REPRESENTATION_CONTEXT(2) 
PARAMETRIC_REPRESENTATION_CONTEXT() REPRESENTATION_CONTEXT('2D SPACE',''
  ) );
#4152 = PCURVE('',#2234,#4153);
#4153 = DEFINITIONAL_REPRESENTATION('',(#4154),#4197);
#4154 = B_SPLINE_CURVE_WITH_KNOTS('',6,(#4155,#4156,#4157,#4158,#4159,
    #4160,#4161,#4162,#4163,#4164,#4165,#4166,#4167,#4168,#4169,#4170,
    #4171,#4172,#4173,#4174,#4175,#4176,#4177,#4178,#4179,#4180,#4181,
    #4182,#4183,#4184,#4185,#4186,#4187,#4188,#4189,#4190,#4191,#4192,
    #4193,#4194,#4195,#4196),.UNSPECIFIED.,.F.,.F.,(7,5,5,5,5,5,5,5,7),(
    0.,1.900104801299E-02,0.200009079688,0.232010289722,0.25301123652,
    0.282012654281,0.557022101065,0.969998970843,1.),.UNSPECIFIED.);
#4155 = CARTESIAN_POINT('',(-1.328781944424,-4.089572915725));
#4156 = CARTESIAN_POINT('',(-1.308439665102,-4.096182461061));
#4157 = CARTESIAN_POINT('',(-1.288057924516,-4.102670555695));
#4158 = CARTESIAN_POINT('',(-1.267637629023,-4.109036904812));
#4159 = CARTESIAN_POINT('',(-1.247179687809,-4.115281222753));
#4160 = CARTESIAN_POINT('',(-1.226685012888,-4.121403233018));
#4161 = CARTESIAN_POINT('',(-1.010576661127,-4.184554566595));
#4162 = CARTESIAN_POINT('',(-0.811745005173,-4.230583652666));
#4163 = CARTESIAN_POINT('',(-0.610457287689,-4.26525722894));
#4164 = CARTESIAN_POINT('',(-0.407522999186,-4.288420871073));
#4165 = CARTESIAN_POINT('',(-0.203762295973,-4.299999744853));
#4166 = CARTESIAN_POINT('',(3.601825669762E-02,-4.299999954642));
#4167 = CARTESIAN_POINT('',(7.204142877038E-02,-4.299638088792));
#4168 = CARTESIAN_POINT('',(0.108060057529,-4.298914289589));
#4169 = CARTESIAN_POINT('',(0.144069596741,-4.297828600485));
#4170 = CARTESIAN_POINT('',(0.180065500724,-4.296381144376));
#4171 = CARTESIAN_POINT('',(0.239653777162,-4.293384945075));
#4172 = CARTESIAN_POINT('',(0.263256500598,-4.292042051343));
#4173 = CARTESIAN_POINT('',(0.286850110299,-4.290543499559));
#4174 = CARTESIAN_POINT('',(0.310433322689,-4.288889361526));
#4175 = CARTESIAN_POINT('',(0.334004854965,-4.287079723683));
#4176 = CARTESIAN_POINT('',(0.390096812326,-4.282401054862));
#4177 = CARTESIAN_POINT('',(0.422605480706,-4.279391070319));
#4178 = CARTESIAN_POINT('',(0.455086053572,-4.276084999768));
#4179 = CARTESIAN_POINT('',(0.487535159326,-4.272483162315));
#4180 = CARTESIAN_POINT('',(0.519949431436,-4.268585929894));
#4181 = CARTESIAN_POINT('',(0.859335569076,-4.224640659465));
#4182 = CARTESIAN_POINT('',(1.1629361748,-4.158360541881));
#4183 = CARTESIAN_POINT('',(1.460204111582,-4.065915078259));
#4184 = CARTESIAN_POINT('',(1.748364392433,-3.948108889692));
#4185 = CARTESIAN_POINT('',(2.024766231823,-3.806092470195));
#4186 = CARTESIAN_POINT('',(2.680594862837,-3.394187767612));
#4187 = CARTESIAN_POINT('',(3.042348178355,-3.095760876954));
#4188 = CARTESIAN_POINT('',(3.36349986991,-2.751525363728));
#4189 = CARTESIAN_POINT('',(3.63726262132,-2.36852479473));
#4190 = CARTESIAN_POINT('',(3.858074455961,-1.954803507646));
#4191 = CARTESIAN_POINT('',(4.034340623446,-1.488345184636));
#4192 = CARTESIAN_POINT('',(4.045980652797,-1.456641416186));
#4193 = CARTESIAN_POINT('',(4.057321618886,-1.42482864674));
#4194 = CARTESIAN_POINT('',(4.068362250558,-1.392910403853));
#4195 = CARTESIAN_POINT('',(4.079101332268,-1.360890234661));
#4196 = CARTESIAN_POINT('',(4.089537704089,-1.328771705879));
#4197 = ( GEOMETRIC_REPRESENTATION_CONTEXT(2) 
PARAMETRIC_REPRESENTATION_CONTEXT() REPRESENTATION_CONTEXT('2D SPACE',''
  ) );
#4198 = ORIENTED_EDGE('',*,*,#2486,.T.);
#4199 = ORIENTED_EDGE('',*,*,#1558,.T.);
#4200 = ADVANCED_FACE('',(#4201),#1371,.T.);
#4201 = FACE_BOUND('',#4202,.T.);
#4202 = EDGE_LOOP('',(#4203,#4271,#4272,#4273,#4461,#4649,#4858,#5088,
    #5288,#5518));
#4203 = ORIENTED_EDGE('',*,*,#4204,.F.);
#4204 = EDGE_CURVE('',#3960,#4205,#4207,.T.);
#4205 = VERTEX_POINT('',#4206);
#4206 = CARTESIAN_POINT('',(2.67498590798,-4.120506784472,
    1.000000136031E-07));
#4207 = SURFACE_CURVE('',#4208,(#4227,#4249),.PCURVE_S1.);
#4208 = B_SPLINE_CURVE_WITH_KNOTS('',5,(#4209,#4210,#4211,#4212,#4213,
    #4214,#4215,#4216,#4217,#4218,#4219,#4220,#4221,#4222,#4223,#4224,
    #4225,#4226),.UNSPECIFIED.,.F.,.F.,(6,4,4,4,6),(0.,0.287539027346,
    0.561058235946,0.784735709427,1.),.UNSPECIFIED.);
#4209 = CARTESIAN_POINT('',(1.160462245911,-0.421228244121,
    1.000000118268E-07));
#4210 = CARTESIAN_POINT('',(1.126388468471,-0.662781943833,
    1.000000118268E-07));
#4211 = CARTESIAN_POINT('',(1.10972597052,-0.906546454627,
    1.000000118268E-07));
#4212 = CARTESIAN_POINT('',(1.110934803363,-1.15086092448,
    1.000000118268E-07));
#4213 = CARTESIAN_POINT('',(1.130258582162,-1.393946152555,
    1.000000118268E-07));
#4214 = CARTESIAN_POINT('',(1.203233765264,-1.862178165141,
    1.000000118268E-07));
#4215 = CARTESIAN_POINT('',(1.25516642541,-2.087627841207,
    1.000000118268E-07));
#4216 = CARTESIAN_POINT('',(1.323419881557,-2.308631671692,
    1.000000118268E-07));
#4217 = CARTESIAN_POINT('',(1.407729982868,-2.523507988762,
    1.000000118268E-07));
#4218 = CARTESIAN_POINT('',(1.589169677723,-2.899862538166,
    1.000000118268E-07));
#4219 = CARTESIAN_POINT('',(1.681164924667,-3.063938869903,
    1.000000118268E-07));
#4220 = CARTESIAN_POINT('',(1.783226575714,-3.221844364864,
    1.000000118268E-07));
#4221 = CARTESIAN_POINT('',(1.894928863126,-3.372650270656,
    1.000000118268E-07));
#4222 = CARTESIAN_POINT('',(2.131927533788,-3.652882286524,
    1.000000118268E-07));
#4223 = CARTESIAN_POINT('',(2.256556194008,-3.782901125692,
    1.000000118268E-07));
#4224 = CARTESIAN_POINT('',(2.389073935608,-3.904701349088,
    1.000000118268E-07));
#4225 = CARTESIAN_POINT('',(2.52885304969,-4.017509080476,
    1.000000118268E-07));
#4226 = CARTESIAN_POINT('',(2.675130534116,-4.120608731215,
    1.000000118268E-07));
#4227 = PCURVE('',#1371,#4228);
#4228 = DEFINITIONAL_REPRESENTATION('',(#4229),#4248);
#4229 = B_SPLINE_CURVE_WITH_KNOTS('',5,(#4230,#4231,#4232,#4233,#4234,
    #4235,#4236,#4237,#4238,#4239,#4240,#4241,#4242,#4243,#4244,#4245,
    #4246,#4247),.UNSPECIFIED.,.F.,.F.,(6,4,4,4,6),(0.,0.287539027346,
    0.561058235946,0.784735709427,1.),.UNSPECIFIED.);
#4230 = CARTESIAN_POINT('',(1.030776406404,16.154849382816));
#4231 = CARTESIAN_POINT('',(0.984943682404,16.213487255929));
#4232 = CARTESIAN_POINT('',(0.938610587249,16.272765320888));
#4233 = CARTESIAN_POINT('',(0.891758635163,16.332707227749));
#4234 = CARTESIAN_POINT('',(0.844362519368,16.393345346789));
#4235 = CARTESIAN_POINT('',(0.750772214602,16.513083867198));
#4236 = CARTESIAN_POINT('',(0.704630860519,16.572116671389));
#4237 = CARTESIAN_POINT('',(0.657954068189,16.631834511384));
#4238 = CARTESIAN_POINT('',(0.610715078108,16.692271617813));
#4239 = CARTESIAN_POINT('',(0.523775694384,16.803501012515));
#4240 = CARTESIAN_POINT('',(0.484269555618,16.854044774956));
#4241 = CARTESIAN_POINT('',(0.444355251755,16.905110734652));
#4242 = CARTESIAN_POINT('',(0.404015291878,16.956721269441));
#4243 = CARTESIAN_POINT('',(0.323982887652,17.059113906716));
#4244 = CARTESIAN_POINT('',(0.284322606272,17.109854860506));
#4245 = CARTESIAN_POINT('',(0.24423601011,17.161141234458));
#4246 = CARTESIAN_POINT('',(0.203704300999,17.212997080405));
#4247 = CARTESIAN_POINT('',(0.16270838804,17.26544682449));
#4248 = ( GEOMETRIC_REPRESENTATION_CONTEXT(2) 
PARAMETRIC_REPRESENTATION_CONTEXT() REPRESENTATION_CONTEXT('2D SPACE',''
  ) );
#4249 = PCURVE('',#2234,#4250);
#4250 = DEFINITIONAL_REPRESENTATION('',(#4251),#4270);
#4251 = B_SPLINE_CURVE_WITH_KNOTS('',5,(#4252,#4253,#4254,#4255,#4256,
    #4257,#4258,#4259,#4260,#4261,#4262,#4263,#4264,#4265,#4266,#4267,
    #4268,#4269),.UNSPECIFIED.,.F.,.F.,(6,4,4,4,6),(0.,0.287539027346,
    0.561058235946,0.784735709427,1.),.UNSPECIFIED.);
#4252 = CARTESIAN_POINT('',(4.089537704089,-1.328771705879));
#4253 = CARTESIAN_POINT('',(4.123611481529,-1.087218006167));
#4254 = CARTESIAN_POINT('',(4.14027397948,-0.843453495373));
#4255 = CARTESIAN_POINT('',(4.139065146637,-0.59913902552));
#4256 = CARTESIAN_POINT('',(4.119741367838,-0.356053797445));
#4257 = CARTESIAN_POINT('',(4.046766184736,0.112178215141));
#4258 = CARTESIAN_POINT('',(3.99483352459,0.337627891207));
#4259 = CARTESIAN_POINT('',(3.926580068443,0.558631721692));
#4260 = CARTESIAN_POINT('',(3.842269967132,0.773508038762));
#4261 = CARTESIAN_POINT('',(3.660830272277,1.149862588166));
#4262 = CARTESIAN_POINT('',(3.568835025333,1.313938919903));
#4263 = CARTESIAN_POINT('',(3.466773374286,1.471844414864));
#4264 = CARTESIAN_POINT('',(3.355071086874,1.622650320656));
#4265 = CARTESIAN_POINT('',(3.118072416212,1.902882336524));
#4266 = CARTESIAN_POINT('',(2.993443755992,2.032901175692));
#4267 = CARTESIAN_POINT('',(2.860926014392,2.154701399088));
#4268 = CARTESIAN_POINT('',(2.72114690031,2.267509130476));
#4269 = CARTESIAN_POINT('',(2.574869415884,2.370608781215));
#4270 = ( GEOMETRIC_REPRESENTATION_CONTEXT(2) 
PARAMETRIC_REPRESENTATION_CONTEXT() REPRESENTATION_CONTEXT('2D SPACE',''
  ) );
#4271 = ORIENTED_EDGE('',*,*,#3959,.T.);
#4272 = ORIENTED_EDGE('',*,*,#1325,.T.);
#4273 = ORIENTED_EDGE('',*,*,#4274,.F.);
#4274 = EDGE_CURVE('',#4275,#1297,#4277,.T.);
#4275 = VERTEX_POINT('',#4276);
#4276 = CARTESIAN_POINT('',(8.74999995,-1.74999995,10.763161362848));
#4277 = SURFACE_CURVE('',#4278,(#4337,#4399),.PCURVE_S1.);
#4278 = B_SPLINE_CURVE_WITH_KNOTS('',8,(#4279,#4280,#4281,#4282,#4283,
    #4284,#4285,#4286,#4287,#4288,#4289,#4290,#4291,#4292,#4293,#4294,
    #4295,#4296,#4297,#4298,#4299,#4300,#4301,#4302,#4303,#4304,#4305,
    #4306,#4307,#4308,#4309,#4310,#4311,#4312,#4313,#4314,#4315,#4316,
    #4317,#4318,#4319,#4320,#4321,#4322,#4323,#4324,#4325,#4326,#4327,
    #4328,#4329,#4330,#4331,#4332,#4333,#4334,#4335,#4336),
  .UNSPECIFIED.,.F.,.F.,(9,7,7,7,7,7,7,7,9),(0.,0.104637607626,
    0.225478014881,0.348081142758,0.472121908828,0.586897042229,
    0.709039862941,0.851112555562,1.),.UNSPECIFIED.);
#4279 = CARTESIAN_POINT('',(8.74999995,-1.74999995,10.763161362848));
#4280 = CARTESIAN_POINT('',(8.74999995,-1.462426196993,10.789316622881)
  );
#4281 = CARTESIAN_POINT('',(8.722996019738,-1.174781081366,
    10.815477082307));
#4282 = CARTESIAN_POINT('',(8.668966519285,-0.890136027722,
    10.841633183092));
#4283 = CARTESIAN_POINT('',(8.588331167061,-0.611445314476,
    10.86778493253));
#4284 = CARTESIAN_POINT('',(8.481872611277,-0.341556934657,
    10.893936953386));
#4285 = CARTESIAN_POINT('',(8.350708420116,-8.320676132879E-02,
    10.920093577621));
#4286 = CARTESIAN_POINT('',(8.196313490676,0.161003982394,
    10.946253983671));
#4287 = CARTESIAN_POINT('',(7.817662486322,0.651541856798,
    11.002610540473));
#4288 = CARTESIAN_POINT('',(7.586126608461,0.89255361569,11.032828533984
    ));
#4289 = CARTESIAN_POINT('',(7.328872183344,1.107851713264,
    11.063039371291));
#4290 = CARTESIAN_POINT('',(7.049293568107,1.294295290279,
    11.093243921982));
#4291 = CARTESIAN_POINT('',(6.751140500684,1.449313180771,11.12344809982
    ));
#4292 = CARTESIAN_POINT('',(6.438474002076,1.570859499656,
    11.153658035478));
#4293 = CARTESIAN_POINT('',(6.115684298049,1.657474272696,
    11.183875009902));
#4294 = CARTESIAN_POINT('',(5.454578464067,1.760224929904,
    11.244719399315));
#4295 = CARTESIAN_POINT('',(5.115763137427,1.775367278789,
    11.275377812031));
#4296 = CARTESIAN_POINT('',(4.776036017454,1.75306927372,11.30602799406)
  );
#4297 = CARTESIAN_POINT('',(4.440233060001,1.693407245223,
    11.336671492957));
#4298 = CARTESIAN_POINT('',(4.113039892499,1.597154417909,11.36731540421
    ));
#4299 = CARTESIAN_POINT('',(3.798991621539,1.465710411415,
    11.397966719898));
#4300 = CARTESIAN_POINT('',(3.502443048221,1.301160238311,
    11.428626932931));
#4301 = CARTESIAN_POINT('',(2.949233932222,0.909452538943,
    11.490277688804));
#4302 = CARTESIAN_POINT('',(2.692796543617,0.68138139527,11.521299713788
    ));
#4303 = CARTESIAN_POINT('',(2.462425885541,0.425188565033,
    11.552313049341));
#4304 = CARTESIAN_POINT('',(2.261653262663,0.144424799901,
    11.583318706761));
#4305 = CARTESIAN_POINT('',(2.093389630602,-0.156945984594,
    11.614323409091));
#4306 = CARTESIAN_POINT('',(1.959976500265,-0.474599828318,
    11.645334192655));
#4307 = CARTESIAN_POINT('',(1.863117409751,-0.803829815423,
    11.676352880657));
#4308 = CARTESIAN_POINT('',(1.748634833855,-1.450099194235,
    11.73604081037));
#4309 = CARTESIAN_POINT('',(1.7255848348,-1.766483136986,11.764737520124
    ));
#4310 = CARTESIAN_POINT('',(1.735258899349,-2.084634122434,
    11.793428251501));
#4311 = CARTESIAN_POINT('',(1.777729132923,-2.400597699596,
    11.822114257224));
#4312 = CARTESIAN_POINT('',(1.852527582253,-2.71050573083,11.85080087686
    ));
#4313 = CARTESIAN_POINT('',(1.958691455944,-3.010580698694,
    11.87949313808));
#4314 = CARTESIAN_POINT('',(2.09471953617,-3.297157658798,
    11.908191448596));
#4315 = CARTESIAN_POINT('',(2.432684977245,-3.853666027503,
    11.967406187001));
#4316 = CARTESIAN_POINT('',(2.638463007118,-4.121628123887,
    11.99795089861));
#4317 = CARTESIAN_POINT('',(2.873257634521,-4.366365348758,
    12.028488027571));
#4318 = CARTESIAN_POINT('',(3.133935112964,-4.584265308883,
    12.059018271623));
#4319 = CARTESIAN_POINT('',(3.416929635278,-4.772270438594,
    12.089547844484));
#4320 = CARTESIAN_POINT('',(3.718296920674,-4.927833949096,
    12.120083389808));
#4321 = CARTESIAN_POINT('',(4.03368853066,-5.048979808031,
    12.150626715423));
#4322 = CARTESIAN_POINT('',(4.735860697005,-5.233979660149,
    12.216664279827));
#4323 = CARTESIAN_POINT('',(5.126453187432,-5.285408497311,
    12.252205855828));
#4324 = CARTESIAN_POINT('',(5.522406989923,-5.286608725354,
    12.287729627479));
#4325 = CARTESIAN_POINT('',(5.916192930966,-5.237207588722,
    12.323242183833));
#4326 = CARTESIAN_POINT('',(6.300460752041,-5.137971038654,
    12.358756603565));
#4327 = CARTESIAN_POINT('',(6.668093953782,-4.990894362758,
    12.394284129849));
#4328 = CARTESIAN_POINT('',(7.012225825512,-4.799099945967,
    12.429828604422));
#4329 = CARTESIAN_POINT('',(7.655914219962,-4.324685021631,
    12.502550617613));
#4330 = CARTESIAN_POINT('',(7.953229170779,-4.037641764659,
    12.539802356936));
#4331 = CARTESIAN_POINT('',(8.210909169764,-3.711632873568,
    12.577027195797));
#4332 = CARTESIAN_POINT('',(8.423260135785,-3.353228117751,
    12.61423476927));
#4333 = CARTESIAN_POINT('',(8.585780932849,-2.969649808131,
    12.651442579387));
#4334 = CARTESIAN_POINT('',(8.695330394483,-2.568805732599,
    12.688676856397));
#4335 = CARTESIAN_POINT('',(8.74999995,-2.159175809622,12.725945299229)
  );
#4336 = CARTESIAN_POINT('',(8.74999995,-1.74999995,12.763157767775));
#4337 = PCURVE('',#1371,#4338);
#4338 = DEFINITIONAL_REPRESENTATION('',(#4339),#4398);
#4339 = B_SPLINE_CURVE_WITH_KNOTS('',8,(#4340,#4341,#4342,#4343,#4344,
    #4345,#4346,#4347,#4348,#4349,#4350,#4351,#4352,#4353,#4354,#4355,
    #4356,#4357,#4358,#4359,#4360,#4361,#4362,#4363,#4364,#4365,#4366,
    #4367,#4368,#4369,#4370,#4371,#4372,#4373,#4374,#4375,#4376,#4377,
    #4378,#4379,#4380,#4381,#4382,#4383,#4384,#4385,#4386,#4387,#4388,
    #4389,#4390,#4391,#4392,#4393,#4394,#4395,#4396,#4397),
  .UNSPECIFIED.,.F.,.F.,(9,7,7,7,7,7,7,7,9),(0.,0.104637607626,
    0.225478014881,0.348081142758,0.472121908828,0.586897042229,
    0.709039862941,0.851112555562,1.),.UNSPECIFIED.);
#4340 = CARTESIAN_POINT('',(0.162764401986,52.750530964545));
#4341 = CARTESIAN_POINT('',(0.162769463143,52.836755983492));
#4342 = CARTESIAN_POINT('',(0.162771534058,52.923001970047));
#4343 = CARTESIAN_POINT('',(0.162770072475,53.009238106));
#4344 = CARTESIAN_POINT('',(0.162766211904,53.095462965198));
#4345 = CARTESIAN_POINT('',(0.162761553154,53.181689740425));
#4346 = CARTESIAN_POINT('',(0.162757384127,53.267931066026));
#4347 = CARTESIAN_POINT('',(0.16275432786,53.354183436266));
#4348 = CARTESIAN_POINT('',(0.162750214192,53.539991099667));
#4349 = CARTESIAN_POINT('',(0.162749546648,53.639617907616));
#4350 = CARTESIAN_POINT('',(0.162750560752,53.739218970738));
#4351 = CARTESIAN_POINT('',(0.16275239347,53.838798260135));
#4352 = CARTESIAN_POINT('',(0.162753787411,53.938376881634));
#4353 = CARTESIAN_POINT('',(0.162753942419,54.037976071217));
#4354 = CARTESIAN_POINT('',(0.162752965105,54.137599915647));
#4355 = CARTESIAN_POINT('',(0.162749562072,54.338202642493));
#4356 = CARTESIAN_POINT('',(0.162747120365,54.439283742028));
#4357 = CARTESIAN_POINT('',(0.162744400096,54.54033806213));
#4358 = CARTESIAN_POINT('',(0.162742340393,54.641369503438));
#4359 = CARTESIAN_POINT('',(0.162741884583,54.742400252244));
#4360 = CARTESIAN_POINT('',(0.162743418042,54.843452867741));
#4361 = CARTESIAN_POINT('',(0.162746536569,54.944532789047));
#4362 = CARTESIAN_POINT('',(0.162754615301,55.147779342524));
#4363 = CARTESIAN_POINT('',(0.162759596445,55.250049741643));
#4364 = CARTESIAN_POINT('',(0.162764781084,55.352291232157));
#4365 = CARTESIAN_POINT('',(0.162769056953,55.454508571243));
#4366 = CARTESIAN_POINT('',(0.162771377849,55.556725262658));
#4367 = CARTESIAN_POINT('',(0.162771299914,55.658965072386));
#4368 = CARTESIAN_POINT('',(0.162769198425,55.761233531231));
#4369 = CARTESIAN_POINT('',(0.162762603393,55.958027600296));
#4370 = CARTESIAN_POINT('',(0.162758299984,56.052643526874));
#4371 = CARTESIAN_POINT('',(0.16275341914,56.147240482057));
#4372 = CARTESIAN_POINT('',(0.162748806019,56.241821514669));
#4373 = CARTESIAN_POINT('',(0.162745314342,56.336403136534));
#4374 = CARTESIAN_POINT('',(0.162743420489,56.431001313943));
#4375 = CARTESIAN_POINT('',(0.162743026198,56.525617516804));
#4376 = CARTESIAN_POINT('',(0.162744508189,56.720841183852));
#4377 = CARTESIAN_POINT('',(0.162746530461,56.821541710093));
#4378 = CARTESIAN_POINT('',(0.162749346283,56.922216221778));
#4379 = CARTESIAN_POINT('',(0.162752067461,57.022868155636));
#4380 = CARTESIAN_POINT('',(0.162753713223,57.123519252515));
#4381 = CARTESIAN_POINT('',(0.162753885508,57.224191925206));
#4382 = CARTESIAN_POINT('',(0.162753105095,57.324891467679));
#4383 = CARTESIAN_POINT('',(0.162750985045,57.542613974871));
#4384 = CARTESIAN_POINT('',(0.162749571006,57.659793101226));
#4385 = CARTESIAN_POINT('',(0.162749122325,57.776912293207));
#4386 = CARTESIAN_POINT('',(0.162751230387,57.893991238302));
#4387 = CARTESIAN_POINT('',(0.162757383365,58.011071151777));
#4388 = CARTESIAN_POINT('',(0.162765036665,58.128192356837));
#4389 = CARTESIAN_POINT('',(0.162769581988,58.24537341517));
#4390 = CARTESIAN_POINT('',(0.162768719867,58.485132327725));
#4391 = CARTESIAN_POINT('',(0.162762866849,58.607955384959));
#4392 = CARTESIAN_POINT('',(0.162748990615,58.73070001851));
#4393 = CARTESIAN_POINT('',(0.162729307816,58.853395158988));
#4394 = CARTESIAN_POINT('',(0.16270898804,58.976091893773));
#4395 = CARTESIAN_POINT('',(0.162715350309,59.098841751467));
#4396 = CARTESIAN_POINT('',(0.162754387393,59.221662446668));
#4397 = CARTESIAN_POINT('',(0.162753584565,59.344349570561));
#4398 = ( GEOMETRIC_REPRESENTATION_CONTEXT(2) 
PARAMETRIC_REPRESENTATION_CONTEXT() REPRESENTATION_CONTEXT('2D SPACE',''
  ) );
#4399 = PCURVE('',#1313,#4400);
#4400 = DEFINITIONAL_REPRESENTATION('',(#4401),#4460);
#4401 = B_SPLINE_CURVE_WITH_KNOTS('',8,(#4402,#4403,#4404,#4405,#4406,
    #4407,#4408,#4409,#4410,#4411,#4412,#4413,#4414,#4415,#4416,#4417,
    #4418,#4419,#4420,#4421,#4422,#4423,#4424,#4425,#4426,#4427,#4428,
    #4429,#4430,#4431,#4432,#4433,#4434,#4435,#4436,#4437,#4438,#4439,
    #4440,#4441,#4442,#4443,#4444,#4445,#4446,#4447,#4448,#4449,#4450,
    #4451,#4452,#4453,#4454,#4455,#4456,#4457,#4458,#4459),
  .UNSPECIFIED.,.F.,.F.,(9,7,7,7,7,7,7,7,9),(0.,0.104637607626,
    0.225478014881,0.348081142758,0.472121908828,0.586897042229,
    0.709039862941,0.851112555562,1.),.UNSPECIFIED.);
#4402 = CARTESIAN_POINT('',(0.,16.413161262848));
#4403 = CARTESIAN_POINT('',(8.216392943044E-02,16.439316522881));
#4404 = CARTESIAN_POINT('',(0.164347671416,16.465476982307));
#4405 = CARTESIAN_POINT('',(0.246521521894,16.491633083092));
#4406 = CARTESIAN_POINT('',(0.328683937192,16.51778483253));
#4407 = CARTESIAN_POINT('',(0.410847538998,16.543936853386));
#4408 = CARTESIAN_POINT('',(0.493024630293,16.570093477621));
#4409 = CARTESIAN_POINT('',(0.575212222238,16.596253883671));
#4410 = CARTESIAN_POINT('',(0.752263809169,16.652610440473));
#4411 = CARTESIAN_POINT('',(0.84719601947,16.682828433984));
#4412 = CARTESIAN_POINT('',(0.942104316949,16.713039271291));
#4413 = CARTESIAN_POINT('',(1.036992738921,16.743243821982));
#4414 = CARTESIAN_POINT('',(1.131881297091,16.77344799982));
#4415 = CARTESIAN_POINT('',(1.226789883751,16.803657935478));
#4416 = CARTESIAN_POINT('',(1.321722035933,16.833874909902));
#4417 = CARTESIAN_POINT('',(1.512877197032,16.894719299315));
#4418 = CARTESIAN_POINT('',(1.609197603052,16.925377712031));
#4419 = CARTESIAN_POINT('',(1.705492038057,16.95602789406));
#4420 = CARTESIAN_POINT('',(1.801764046891,16.986671392957));
#4421 = CARTESIAN_POINT('',(1.898034846508,17.01731530421));
#4422 = CARTESIAN_POINT('',(1.99432617637,17.047966619898));
#4423 = CARTESIAN_POINT('',(2.090643467111,17.078626832931));
#4424 = CARTESIAN_POINT('',(2.284313762953,17.140277588804));
#4425 = CARTESIAN_POINT('',(2.381765649016,17.171299613788));
#4426 = CARTESIAN_POINT('',(2.479190260248,17.202312949341));
#4427 = CARTESIAN_POINT('',(2.576592222548,17.233318606761));
#4428 = CARTESIAN_POINT('',(2.673993831497,17.264323309091));
#4429 = CARTESIAN_POINT('',(2.771417515494,17.295334092655));
#4430 = CARTESIAN_POINT('',(2.868868354011,17.326352780657));
#4431 = CARTESIAN_POINT('',(3.05639149439,17.38604071037));
#4432 = CARTESIAN_POINT('',(3.146549889721,17.414737420124));
#4433 = CARTESIAN_POINT('',(3.236689948922,17.443428151501));
#4434 = CARTESIAN_POINT('',(3.326814579851,17.472114157224));
#4435 = CARTESIAN_POINT('',(3.416939652349,17.50080077686));
#4436 = CARTESIAN_POINT('',(3.50708059673,17.52949303808));
#4437 = CARTESIAN_POINT('',(3.597239007945,17.558191348596));
#4438 = CARTESIAN_POINT('',(3.783265603323,17.617406087001));
#4439 = CARTESIAN_POINT('',(3.879222517052,17.64795079861));
#4440 = CARTESIAN_POINT('',(3.975155182379,17.678487927571));
#4441 = CARTESIAN_POINT('',(4.071066877528,17.709018171623));
#4442 = CARTESIAN_POINT('',(4.166978077355,17.739547744484));
#4443 = CARTESIAN_POINT('',(4.262909738068,17.770083289808));
#4444 = CARTESIAN_POINT('',(4.358866537179,17.800626615423));
#4445 = CARTESIAN_POINT('',(4.566333416064,17.866664179827));
#4446 = CARTESIAN_POINT('',(4.677992081452,17.902205755828));
#4447 = CARTESIAN_POINT('',(4.789592538979,17.937729527479));
#4448 = CARTESIAN_POINT('',(4.901153646951,17.973242083833));
#4449 = CARTESIAN_POINT('',(5.012715377141,18.008756503565));
#4450 = CARTESIAN_POINT('',(5.124317408298,18.044284029849));
#4451 = CARTESIAN_POINT('',(5.235977727354,18.079828504422));
#4452 = CARTESIAN_POINT('',(5.464442750727,18.152550517613));
#4453 = CARTESIAN_POINT('',(5.581481192447,18.189802256936));
#4454 = CARTESIAN_POINT('',(5.698445523832,18.227027095798));
#4455 = CARTESIAN_POINT('',(5.815361964762,18.264234669269));
#4456 = CARTESIAN_POINT('',(5.932277857337,18.301442479388));
#4457 = CARTESIAN_POINT('',(6.049241058841,18.338676756397));
#4458 = CARTESIAN_POINT('',(6.166277918716,18.375945199229));
#4459 = CARTESIAN_POINT('',(6.28318530718,18.413157667775));
#4460 = ( GEOMETRIC_REPRESENTATION_CONTEXT(2) 
PARAMETRIC_REPRESENTATION_CONTEXT() REPRESENTATION_CONTEXT('2D SPACE',''
  ) );
#4461 = ORIENTED_EDGE('',*,*,#4462,.F.);
#4462 = EDGE_CURVE('',#4463,#4275,#4465,.T.);
#4463 = VERTEX_POINT('',#4464);
#4464 = CARTESIAN_POINT('',(8.74999995,-1.74999995,8.763157775836));
#4465 = SURFACE_CURVE('',#4466,(#4525,#4587),.PCURVE_S1.);
#4466 = B_SPLINE_CURVE_WITH_KNOTS('',8,(#4467,#4468,#4469,#4470,#4471,
    #4472,#4473,#4474,#4475,#4476,#4477,#4478,#4479,#4480,#4481,#4482,
    #4483,#4484,#4485,#4486,#4487,#4488,#4489,#4490,#4491,#4492,#4493,
    #4494,#4495,#4496,#4497,#4498,#4499,#4500,#4501,#4502,#4503,#4504,
    #4505,#4506,#4507,#4508,#4509,#4510,#4511,#4512,#4513,#4514,#4515,
    #4516,#4517,#4518,#4519,#4520,#4521,#4522,#4523,#4524),
  .UNSPECIFIED.,.F.,.F.,(9,7,7,7,7,7,7,7,9),(0.,0.176823524326,
    0.330755619975,0.472126306566,0.568009708901,0.663080047338,
    0.832678056634,0.92088843491,1.),.UNSPECIFIED.);
#4467 = CARTESIAN_POINT('',(8.74999995,-1.74999995,8.763157775836));
#4468 = CARTESIAN_POINT('',(8.74999995,-1.264140232367,8.80734482198));
#4469 = CARTESIAN_POINT('',(8.672918214411,-0.777227850137,
    8.851627990974));
#4470 = CARTESIAN_POINT('',(8.518180368323,-0.305274663599,
    8.895850444495));
#4471 = CARTESIAN_POINT('',(8.289866761377,0.137659323107,8.940041878503
    ));
#4472 = CARTESIAN_POINT('',(7.994095566442,0.538714065101,8.984231935565
    ));
#4473 = CARTESIAN_POINT('',(7.639672358621,0.886701241902,9.028453406925
    ));
#4474 = CARTESIAN_POINT('',(7.23738609762,1.171702097377,9.072737835542)
  );
#4475 = CARTESIAN_POINT('',(6.42281275348,1.574664838958,9.155389579186)
  );
#4476 = CARTESIAN_POINT('',(6.017334793177,1.710083076503,9.19390494528)
  );
#4477 = CARTESIAN_POINT('',(5.594555253231,1.788605513527,9.232394114531
    ));
#4478 = CARTESIAN_POINT('',(5.163843950426,1.808054020874,9.270866626641
    ));
#4479 = CARTESIAN_POINT('',(4.734572900152,1.767782636929,9.309339325623
    ));
#4480 = CARTESIAN_POINT('',(4.316069695312,1.668892297656,9.347828602483
    ));
#4481 = CARTESIAN_POINT('',(3.917585628135,1.513978878592,9.38634648142)
  );
#4482 = CARTESIAN_POINT('',(3.208597226253,1.119417488433,9.460136370795
    ));
#4483 = CARTESIAN_POINT('',(2.892813278318,0.887296539197,9.495495034977
    ));
#4484 = CARTESIAN_POINT('',(2.607618590432,0.615627417889,9.530834741672
    ));
#4485 = CARTESIAN_POINT('',(2.358620275572,0.309286151849,9.566161449363
    ));
#4486 = CARTESIAN_POINT('',(2.150520109553,-2.617477976175E-02,
    9.601488429636));
#4487 = CARTESIAN_POINT('',(1.987023484941,-0.384495078133,
    9.636828345881));
#4488 = CARTESIAN_POINT('',(1.870892054384,-0.758782987035,
    9.672186533441));
#4489 = CARTESIAN_POINT('',(1.757519297153,-1.400735142171,9.73147376155
    ));
#4490 = CARTESIAN_POINT('',(1.734008633584,-1.66417476207,9.755439641267
    ));
#4491 = CARTESIAN_POINT('',(1.733232948914,-1.929297329819,
    9.779403887824));
#4492 = CARTESIAN_POINT('',(1.75530042128,-2.193806602567,9.803365472318
    ));
#4493 = CARTESIAN_POINT('',(1.800049753391,-2.455433336856,
    9.827326629307));
#4494 = CARTESIAN_POINT('',(1.867068479747,-2.711942487814,
    9.851289845928));
#4495 = CARTESIAN_POINT('',(1.955679835998,-2.961143752002,
    9.875254836529));
#4496 = CARTESIAN_POINT('',(2.173190404399,-3.438634044976,
    9.922972989431));
#4497 = CARTESIAN_POINT('',(2.301788316092,-3.667184847288,
    9.946736269458));
#4498 = CARTESIAN_POINT('',(2.449751114891,-3.88444861794,9.97049752784)
  );
#4499 = CARTESIAN_POINT('',(2.615895202748,-4.088516637537,
    9.994255747967));
#4500 = CARTESIAN_POINT('',(2.798838216185,-4.277654834407,
    10.018013401673));
#4501 = CARTESIAN_POINT('',(2.997020203542,-4.450297061409,
    10.041773377062));
#4502 = CARTESIAN_POINT('',(3.208701957497,-4.605057525341,
    10.065536144106));
#4503 = CARTESIAN_POINT('',(3.830180516631,-4.982849140775,
    10.131684938753));
#4504 = CARTESIAN_POINT('',(4.265998583981,-5.164779590233,
    10.174151745164));
#4505 = CARTESIAN_POINT('',(4.727664919235,-5.278893781039,
    10.216569966302));
#4506 = CARTESIAN_POINT('',(5.202780522961,-5.321619585584,
    10.258959906974));
#4507 = CARTESIAN_POINT('',(5.678861896035,-5.291470053923,
    10.30134286954));
#4508 = CARTESIAN_POINT('',(6.143387709522,-5.189599599463,
    10.34374601897));
#4509 = CARTESIAN_POINT('',(6.583866591275,-5.019250623798,
    10.386206249843));
#4510 = CARTESIAN_POINT('',(7.198751885338,-4.667382798406,
    10.450640857757));
#4511 = CARTESIAN_POINT('',(7.399644152043,-4.530316863431,
    10.472691812434));
#4512 = CARTESIAN_POINT('',(7.589451300666,-4.377477108282,
    10.49474758732));
#4513 = CARTESIAN_POINT('',(7.766736173999,-4.209924943034,
    10.516797191511));
#4514 = CARTESIAN_POINT('',(7.930197048059,-4.028861319722,
    10.538837115388));
#4515 = CARTESIAN_POINT('',(8.078663702327,-3.835615799795,
    10.560875819813));
#4516 = CARTESIAN_POINT('',(8.211108397411,-3.631647709096,
    10.582923766189));
#4517 = CARTESIAN_POINT('',(8.430314876415,-3.227450901795,
    10.624740265782));
#4518 = CARTESIAN_POINT('',(8.520395432077,-3.028977426028,
    10.644513770073));
#4519 = CARTESIAN_POINT('',(8.596294045278,-2.8242769655,10.664287913152
    ));
#4520 = CARTESIAN_POINT('',(8.657519413324,-2.614530938667,
    10.684062372034));
#4521 = CARTESIAN_POINT('',(8.703697175991,-2.400959010827,
    10.703837528467));
#4522 = CARTESIAN_POINT('',(8.734568723622,-2.184815724798,
    10.723613607357));
#4523 = CARTESIAN_POINT('',(8.74999995,-1.967388921434,10.74338951296));
#4524 = CARTESIAN_POINT('',(8.74999995,-1.74999995,10.763161362848));
#4525 = PCURVE('',#1371,#4526);
#4526 = DEFINITIONAL_REPRESENTATION('',(#4527),#4586);
#4527 = B_SPLINE_CURVE_WITH_KNOTS('',8,(#4528,#4529,#4530,#4531,#4532,
    #4533,#4534,#4535,#4536,#4537,#4538,#4539,#4540,#4541,#4542,#4543,
    #4544,#4545,#4546,#4547,#4548,#4549,#4550,#4551,#4552,#4553,#4554,
    #4555,#4556,#4557,#4558,#4559,#4560,#4561,#4562,#4563,#4564,#4565,
    #4566,#4567,#4568,#4569,#4570,#4571,#4572,#4573,#4574,#4575,#4576,
    #4577,#4578,#4579,#4580,#4581,#4582,#4583,#4584,#4585),
  .UNSPECIFIED.,.F.,.F.,(9,7,7,7,7,7,7,7,9),(0.,0.176823524326,
    0.330755619975,0.472126306566,0.568009708901,0.663080047338,
    0.832678056634,0.92088843491,1.),.UNSPECIFIED.);
#4528 = CARTESIAN_POINT('',(0.162750655384,46.1567201068));
#4529 = CARTESIAN_POINT('',(0.162749988954,46.302401599028));
#4530 = CARTESIAN_POINT('',(0.162752123417,46.448396416044));
#4531 = CARTESIAN_POINT('',(0.162755538317,46.594189421533));
#4532 = CARTESIAN_POINT('',(0.162755651515,46.739884382702));
#4533 = CARTESIAN_POINT('',(0.162750641038,46.885581359371));
#4534 = CARTESIAN_POINT('',(0.162745574013,47.031381978457));
#4535 = CARTESIAN_POINT('',(0.16274296894,47.177387012048));
#4536 = CARTESIAN_POINT('',(0.162743991249,47.449880924531));
#4537 = CARTESIAN_POINT('',(0.162746849999,47.576858897596));
#4538 = CARTESIAN_POINT('',(0.16275250167,47.703746928833));
#4539 = CARTESIAN_POINT('',(0.162760150944,47.830577487291));
#4540 = CARTESIAN_POINT('',(0.162767071944,47.957409593593));
#4541 = CARTESIAN_POINT('',(0.162770852823,48.084300373081));
#4542 = CARTESIAN_POINT('',(0.162771113834,48.211289954281));
#4543 = CARTESIAN_POINT('',(0.162766386259,48.454574502128));
#4544 = CARTESIAN_POINT('',(0.162761819947,48.571154617975));
#4545 = CARTESIAN_POINT('',(0.162755566389,48.687674391367));
#4546 = CARTESIAN_POINT('',(0.162749089644,48.804151593781));
#4547 = CARTESIAN_POINT('',(0.162744426334,48.920627374781));
#4548 = CARTESIAN_POINT('',(0.162742497548,49.037142305978));
#4549 = CARTESIAN_POINT('',(0.162742840219,49.153714569941));
#4550 = CARTESIAN_POINT('',(0.162745617259,49.349175572024));
#4551 = CARTESIAN_POINT('',(0.162747340007,49.42818667594));
#4552 = CARTESIAN_POINT('',(0.162749382054,49.507191986971));
#4553 = CARTESIAN_POINT('',(0.162751303624,49.586188675561));
#4554 = CARTESIAN_POINT('',(0.162752713253,49.665184609675));
#4555 = CARTESIAN_POINT('',(0.16275340117,49.744188257564));
#4556 = CARTESIAN_POINT('',(0.162753399107,49.823198636849));
#4557 = CARTESIAN_POINT('',(0.162752537658,49.980522113797));
#4558 = CARTESIAN_POINT('',(0.162751688592,50.058868555462));
#4559 = CARTESIAN_POINT('',(0.162750626892,50.137208603995));
#4560 = CARTESIAN_POINT('',(0.162749817984,50.215538312255));
#4561 = CARTESIAN_POINT('',(0.162749765339,50.293865185526));
#4562 = CARTESIAN_POINT('',(0.162750817038,50.372198300288));
#4563 = CARTESIAN_POINT('',(0.162752998746,50.450539173158));
#4564 = CARTESIAN_POINT('',(0.162761000722,50.668615446244));
#4565 = CARTESIAN_POINT('',(0.162768390973,50.808615158162));
#4566 = CARTESIAN_POINT('',(0.162775573227,50.948454955035));
#4567 = CARTESIAN_POINT('',(0.162777039709,51.088208826369));
#4568 = CARTESIAN_POINT('',(0.162762590982,51.227960053497));
#4569 = CARTESIAN_POINT('',(0.162731210393,51.367799497204));
#4570 = CARTESIAN_POINT('',(0.162721326102,51.507799630987));
#4571 = CARTESIAN_POINT('',(0.16273213527,51.720220796087));
#4572 = CARTESIAN_POINT('',(0.162737686027,51.792913670245));
#4573 = CARTESIAN_POINT('',(0.162758999046,51.865602270087));
#4574 = CARTESIAN_POINT('',(0.16276885963,51.938285177831));
#4575 = CARTESIAN_POINT('',(0.162753811218,52.010968038793));
#4576 = CARTESIAN_POINT('',(0.162731300509,52.083656426541));
#4577 = CARTESIAN_POINT('',(0.162729084956,52.156349318727));
#4578 = CARTESIAN_POINT('',(0.162724945434,52.294219779755));
#4579 = CARTESIAN_POINT('',(0.162726789617,52.359408850911));
#4580 = CARTESIAN_POINT('',(0.162732330916,52.424595298047));
#4581 = CARTESIAN_POINT('',(0.16273998552,52.489780082622));
#4582 = CARTESIAN_POINT('',(0.162747968194,52.554966747238));
#4583 = CARTESIAN_POINT('',(0.162755018632,52.620157645807));
#4584 = CARTESIAN_POINT('',(0.162760576046,52.685349883223));
#4585 = CARTESIAN_POINT('',(0.162764401986,52.750530964545));
#4586 = ( GEOMETRIC_REPRESENTATION_CONTEXT(2) 
PARAMETRIC_REPRESENTATION_CONTEXT() REPRESENTATION_CONTEXT('2D SPACE',''
  ) );
#4587 = PCURVE('',#3673,#4588);
#4588 = DEFINITIONAL_REPRESENTATION('',(#4589),#4648);
#4589 = B_SPLINE_CURVE_WITH_KNOTS('',8,(#4590,#4591,#4592,#4593,#4594,
    #4595,#4596,#4597,#4598,#4599,#4600,#4601,#4602,#4603,#4604,#4605,
    #4606,#4607,#4608,#4609,#4610,#4611,#4612,#4613,#4614,#4615,#4616,
    #4617,#4618,#4619,#4620,#4621,#4622,#4623,#4624,#4625,#4626,#4627,
    #4628,#4629,#4630,#4631,#4632,#4633,#4634,#4635,#4636,#4637,#4638,
    #4639,#4640,#4641,#4642,#4643,#4644,#4645,#4646,#4647),
  .UNSPECIFIED.,.F.,.F.,(9,7,7,7,7,7,7,7,9),(0.,0.176823524326,
    0.330755619975,0.472126306566,0.568009708901,0.663080047338,
    0.832678056634,0.92088843491,1.),.UNSPECIFIED.);
#4590 = CARTESIAN_POINT('',(0.,14.413157675836));
#4591 = CARTESIAN_POINT('',(0.138817062181,14.45734472198));
#4592 = CARTESIAN_POINT('',(0.277933879511,14.501627890974));
#4593 = CARTESIAN_POINT('',(0.416860261299,14.545850344495));
#4594 = CARTESIAN_POINT('',(0.555694833519,14.590041778503));
#4595 = CARTESIAN_POINT('',(0.694530828969,14.634231835565));
#4596 = CARTESIAN_POINT('',(0.833464173704,14.678453306925));
#4597 = CARTESIAN_POINT('',(0.972591093157,14.722737735542));
#4598 = CARTESIAN_POINT('',(1.232246862785,14.805389479186));
#4599 = CARTESIAN_POINT('',(1.353241933205,14.84390484528));
#4600 = CARTESIAN_POINT('',(1.474151111741,14.882394014531));
#4601 = CARTESIAN_POINT('',(1.595005882187,14.920866526641));
#4602 = CARTESIAN_POINT('',(1.715862873229,14.959339225623));
#4603 = CARTESIAN_POINT('',(1.836776226918,14.997828502483));
#4604 = CARTESIAN_POINT('',(1.957783778537,15.03634638142));
#4605 = CARTESIAN_POINT('',(2.189607646338,15.110136270795));
#4606 = CARTESIAN_POINT('',(2.30069571212,15.145494934977));
#4607 = CARTESIAN_POINT('',(2.411725896258,15.180834641672));
#4608 = CARTESIAN_POINT('',(2.522715027816,15.216161349363));
#4609 = CARTESIAN_POINT('',(2.6337025043,15.251488329636));
#4610 = CARTESIAN_POINT('',(2.744727490588,15.286828245881));
#4611 = CARTESIAN_POINT('',(2.855807660937,15.322186433441));
#4612 = CARTESIAN_POINT('',(3.04206093409,15.38147366155));
#4613 = CARTESIAN_POINT('',(3.117350294426,15.405439541267));
#4614 = CARTESIAN_POINT('',(3.192634455323,15.429403787824));
#4615 = CARTESIAN_POINT('',(3.267910688975,15.453365372318));
#4616 = CARTESIAN_POINT('',(3.343186388588,15.477326529307));
#4617 = CARTESIAN_POINT('',(3.4184694616,15.501289745928));
#4618 = CARTESIAN_POINT('',(3.493758794424,15.525254736529));
#4619 = CARTESIAN_POINT('',(3.643672464071,15.572972889431));
#4620 = CARTESIAN_POINT('',(3.718328577951,15.596736169458));
#4621 = CARTESIAN_POINT('',(3.792978204269,15.62049742784));
#4622 = CARTESIAN_POINT('',(3.867617495463,15.644255647967));
#4623 = CARTESIAN_POINT('',(3.942253615812,15.668013301673));
#4624 = CARTESIAN_POINT('',(4.016895340279,15.691773277062));
#4625 = CARTESIAN_POINT('',(4.091544318885,15.715536044106));
#4626 = CARTESIAN_POINT('',(4.299343693117,15.781684838753));
#4627 = CARTESIAN_POINT('',(4.432746058537,15.824151645164));
#4628 = CARTESIAN_POINT('',(4.565997501394,15.866569866302));
#4629 = CARTESIAN_POINT('',(4.699169055505,15.908959806974));
#4630 = CARTESIAN_POINT('',(4.832341173498,15.95134276954));
#4631 = CARTESIAN_POINT('',(4.96559365234,15.99374591897));
#4632 = CARTESIAN_POINT('',(5.09899735641,16.036206149843));
#4633 = CARTESIAN_POINT('',(5.301410329173,16.100640757757));
#4634 = CARTESIAN_POINT('',(5.370678447521,16.122691712434));
#4635 = CARTESIAN_POINT('',(5.439942876979,16.14474748732));
#4636 = CARTESIAN_POINT('',(5.509202167922,16.166797091511));
#4637 = CARTESIAN_POINT('',(5.578461390619,16.188837015388));
#4638 = CARTESIAN_POINT('',(5.647725522084,16.210875719813));
#4639 = CARTESIAN_POINT('',(5.716993486493,16.232923666189));
#4640 = CARTESIAN_POINT('',(5.848368177147,16.274740165782));
#4641 = CARTESIAN_POINT('',(5.910485855981,16.294513670073));
#4642 = CARTESIAN_POINT('',(5.97260125793,16.314287813152));
#4643 = CARTESIAN_POINT('',(6.034715433109,16.334062272034));
#4644 = CARTESIAN_POINT('',(6.096831749063,16.353837428467));
#4645 = CARTESIAN_POINT('',(6.1589523124,16.373613507357));
#4646 = CARTESIAN_POINT('',(6.221074172484,16.39338941296));
#4647 = CARTESIAN_POINT('',(6.28318530718,16.413161262848));
#4648 = ( GEOMETRIC_REPRESENTATION_CONTEXT(2) 
PARAMETRIC_REPRESENTATION_CONTEXT() REPRESENTATION_CONTEXT('2D SPACE',''
  ) );
#4649 = ORIENTED_EDGE('',*,*,#4650,.F.);
#4650 = EDGE_CURVE('',#4651,#4463,#4653,.T.);
#4651 = VERTEX_POINT('',#4652);
#4652 = CARTESIAN_POINT('',(8.74999995,-1.74999995,6.763154848469));
#4653 = SURFACE_CURVE('',#4654,(#4720,#4789),.PCURVE_S1.);
#4654 = B_SPLINE_CURVE_WITH_KNOTS('',8,(#4655,#4656,#4657,#4658,#4659,
    #4660,#4661,#4662,#4663,#4664,#4665,#4666,#4667,#4668,#4669,#4670,
    #4671,#4672,#4673,#4674,#4675,#4676,#4677,#4678,#4679,#4680,#4681,
    #4682,#4683,#4684,#4685,#4686,#4687,#4688,#4689,#4690,#4691,#4692,
    #4693,#4694,#4695,#4696,#4697,#4698,#4699,#4700,#4701,#4702,#4703,
    #4704,#4705,#4706,#4707,#4708,#4709,#4710,#4711,#4712,#4713,#4714,
    #4715,#4716,#4717,#4718,#4719),.UNSPECIFIED.,.F.,.F.,(9,7,7,7,7,7,7,
    7,7,9),(0.,0.120655069032,0.229619100574,0.337637146948,
    0.437007026419,0.517798438196,0.643896976977,0.730856227817,
    0.815073130755,1.),.UNSPECIFIED.);
#4655 = CARTESIAN_POINT('',(8.74999995,-1.74999995,6.763154848469));
#4656 = CARTESIAN_POINT('',(8.74999995,-1.418449258168,6.793306806953));
#4657 = CARTESIAN_POINT('',(8.714105170655,-1.086732041835,
    6.823474063174));
#4658 = CARTESIAN_POINT('',(8.642256348023,-0.759628669501,
    6.853634443233));
#4659 = CARTESIAN_POINT('',(8.535216537948,-0.441681604138,
    6.883789195766));
#4660 = CARTESIAN_POINT('',(8.394376109128,-0.137198465861,
    6.913944571753));
#4661 = CARTESIAN_POINT('',(8.221688226351,0.149740402651,6.944106729753
    ));
#4662 = CARTESIAN_POINT('',(8.01971711776,0.415317717596,6.974276794504)
  );
#4663 = CARTESIAN_POINT('',(7.585931862523,0.873563214809,7.031666982406
    ));
#4664 = CARTESIAN_POINT('',(7.358739949305,1.070977939544,7.058911637261
    ));
#4665 = CARTESIAN_POINT('',(7.112587152812,1.245779104137,7.086151607781
    ));
#4666 = CARTESIAN_POINT('',(6.850145023933,1.395875471213,7.113386190673
    ));
#4667 = CARTESIAN_POINT('',(6.574292254162,1.519577241525,7.140618978144
    ));
#4668 = CARTESIAN_POINT('',(6.288087374667,1.615566441652,7.167854226819
    ));
#4669 = CARTESIAN_POINT('',(5.994773156276,1.682925962556,7.195093388085
    ));
#4670 = CARTESIAN_POINT('',(5.403382700443,1.759215207438,7.249320869394
    ));
#4671 = CARTESIAN_POINT('',(5.105205068743,1.768668183212,7.276324213528
    ));
#4672 = CARTESIAN_POINT('',(4.806618728318,1.74913366118,7.303323810734)
  );
#4673 = CARTESIAN_POINT('',(4.510910799006,1.700671095595,7.330319059194
    ));
#4674 = CARTESIAN_POINT('',(4.221295306942,1.623764890153,7.357314734615
    ));
#4675 = CARTESIAN_POINT('',(3.940902585425,1.519289667808,7.384315479246
    ));
#4676 = CARTESIAN_POINT('',(3.672755441216,1.388537466975,7.411320359815
    ));
#4677 = CARTESIAN_POINT('',(3.186966348197,1.090504371176,7.46315317781)
  );
#4678 = CARTESIAN_POINT('',(2.966879556349,0.9269126667,7.487994798666)
  );
#4679 = CARTESIAN_POINT('',(2.761720419617,0.743889495644,7.512834309893
    ));
#4680 = CARTESIAN_POINT('',(2.573472328033,0.543049522548,7.537670828551
    ));
#4681 = CARTESIAN_POINT('',(2.403890307938,0.326217734345,7.562507123917
    ));
#4682 = CARTESIAN_POINT('',(2.254508497908,9.540824897138E-02,
    7.587346059173));
#4683 = CARTESIAN_POINT('',(2.126618145407,-0.14717147025,7.612186986664
    ));
#4684 = CARTESIAN_POINT('',(1.93552035657,-0.603910947193,7.657213965893
    ));
#4685 = CARTESIAN_POINT('',(1.864657811516,-0.814981497705,
    7.677409444223));
#4686 = CARTESIAN_POINT('',(1.809179226158,-1.031012629231,
    7.697604991586));
#4687 = CARTESIAN_POINT('',(1.769480726182,-1.250685082348,
    7.717799893568));
#4688 = CARTESIAN_POINT('',(1.745821252464,-1.472657183699,7.7379948887)
  );
#4689 = CARTESIAN_POINT('',(1.73832845181,-1.695569690721,7.758190793544
    ));
#4690 = CARTESIAN_POINT('',(1.746993031812,-1.918048652388,7.77838712566
    ));
#4691 = CARTESIAN_POINT('',(1.810138428887,-2.483106817579,
    7.830098719278));
#4692 = CARTESIAN_POINT('',(1.88762090065,-2.823360994385,7.861636604978
    ));
#4693 = CARTESIAN_POINT('',(2.003566901805,-3.154005327377,
    7.893165782931));
#4694 = CARTESIAN_POINT('',(2.156485737022,-3.469984659519,
    7.924687012574));
#4695 = CARTESIAN_POINT('',(2.344181609611,-3.766619326017,
    7.956206401423));
#4696 = CARTESIAN_POINT('',(2.563834750169,-4.039582988683,
    7.987730485351));
#4697 = CARTESIAN_POINT('',(2.811945909232,-4.284954130885,
    8.019261644952));
#4698 = CARTESIAN_POINT('',(3.271916211351,-4.64729185547,8.072507209642
    ));
#4699 = CARTESIAN_POINT('',(3.471221614834,-4.780551363692,
    8.094242113996));
#4700 = CARTESIAN_POINT('',(3.680727729326,-4.898092902845,8.11597582968
    ));
#4701 = CARTESIAN_POINT('',(3.898976051016,-4.999017929183,
    8.137708531327));
#4702 = CARTESIAN_POINT('',(4.124433915504,-5.082596161558,8.15944260546
    ));
#4703 = CARTESIAN_POINT('',(4.355503515243,-5.14825863816,8.181180367434
    ));
#4704 = CARTESIAN_POINT('',(4.590524022324,-5.195606845006,
    8.202921445358));
#4705 = CARTESIAN_POINT('',(5.05752791945,-5.252359770434,8.245712674621
    ));
#4706 = CARTESIAN_POINT('',(5.289414736677,-5.26291910075,8.266768451643
    ));
#4707 = CARTESIAN_POINT('',(5.52186807259,-5.255922273626,8.287814105784
    ));
#4708 = CARTESIAN_POINT('',(5.753339846257,-5.231353291229,
    8.308855642754));
#4709 = CARTESIAN_POINT('',(5.982296293423,-5.189354243017,
    8.329901097048));
#4710 = CARTESIAN_POINT('',(6.20722248779,-5.130220012075,8.350952035781
    ));
#4711 = CARTESIAN_POINT('',(6.426628181633,-5.054407236164,8.37200359954
    ));
#4712 = CARTESIAN_POINT('',(7.105510258743,-4.760870223132,
    8.439274378241));
#4713 = CARTESIAN_POINT('',(7.539735263108,-4.481242294311,
    8.485623168299));
#4714 = CARTESIAN_POINT('',(7.924380797581,-4.130339477507,
    8.531893156447));
#4715 = CARTESIAN_POINT('',(8.246720301274,-3.719120722603,
    8.578116622411));
#4716 = CARTESIAN_POINT('',(8.496237736613,-3.260053139322,
    8.624340239753));
#4717 = CARTESIAN_POINT('',(8.665667291101,-2.767737079167,
    8.670599848449));
#4718 = CARTESIAN_POINT('',(8.74999995,-2.258196123249,8.71693931618));
#4719 = CARTESIAN_POINT('',(8.74999995,-1.74999995,8.763157775836));
#4720 = PCURVE('',#1371,#4721);
#4721 = DEFINITIONAL_REPRESENTATION('',(#4722),#4788);
#4722 = B_SPLINE_CURVE_WITH_KNOTS('',8,(#4723,#4724,#4725,#4726,#4727,
    #4728,#4729,#4730,#4731,#4732,#4733,#4734,#4735,#4736,#4737,#4738,
    #4739,#4740,#4741,#4742,#4743,#4744,#4745,#4746,#4747,#4748,#4749,
    #4750,#4751,#4752,#4753,#4754,#4755,#4756,#4757,#4758,#4759,#4760,
    #4761,#4762,#4763,#4764,#4765,#4766,#4767,#4768,#4769,#4770,#4771,
    #4772,#4773,#4774,#4775,#4776,#4777,#4778,#4779,#4780,#4781,#4782,
    #4783,#4784,#4785,#4786,#4787),.UNSPECIFIED.,.F.,.F.,(9,7,7,7,7,7,7,
    7,7,9),(0.,0.120655069032,0.229619100574,0.337637146948,
    0.437007026419,0.517798438196,0.643896976977,0.730856227817,
    0.815073130755,1.),.UNSPECIFIED.);
#4723 = CARTESIAN_POINT('',(0.16274796294,39.56289728127));
#4724 = CARTESIAN_POINT('',(0.162745753972,39.662308349877));
#4725 = CARTESIAN_POINT('',(0.162743572395,39.761769818671));
#4726 = CARTESIAN_POINT('',(0.162742109688,39.861207697678));
#4727 = CARTESIAN_POINT('',(0.16274220708,39.960625027274));
#4728 = CARTESIAN_POINT('',(0.162744257627,40.060041913492));
#4729 = CARTESIAN_POINT('',(0.162747970452,40.159479032683));
#4730 = CARTESIAN_POINT('',(0.162752513895,40.258941157023));
#4731 = CARTESIAN_POINT('',(0.162761154687,40.448140289458));
#4732 = CARTESIAN_POINT('',(0.162765253225,40.537958174812));
#4733 = CARTESIAN_POINT('',(0.162768731103,40.627761410406));
#4734 = CARTESIAN_POINT('',(0.162770915952,40.717548537776));
#4735 = CARTESIAN_POINT('',(0.162771372991,40.807331956348));
#4736 = CARTESIAN_POINT('',(0.162770084226,40.89712572285));
#4737 = CARTESIAN_POINT('',(0.162767443196,40.986934118877));
#4738 = CARTESIAN_POINT('',(0.16276057244,41.165725942982));
#4739 = CARTESIAN_POINT('',(0.162756360992,41.254758880723));
#4740 = CARTESIAN_POINT('',(0.16275186563,41.343779828424));
#4741 = CARTESIAN_POINT('',(0.162747827458,41.432785853784));
#4742 = CARTESIAN_POINT('',(0.162744871906,41.5217919017));
#4743 = CARTESIAN_POINT('',(0.162743305644,41.610812884898));
#4744 = CARTESIAN_POINT('',(0.162743060074,41.699845814223));
#4745 = CARTESIAN_POINT('',(0.162744444951,41.870732090777));
#4746 = CARTESIAN_POINT('',(0.162745925578,41.952630742699));
#4747 = CARTESIAN_POINT('',(0.1627479865,42.034521696943));
#4748 = CARTESIAN_POINT('',(0.162750155113,42.116402647184));
#4749 = CARTESIAN_POINT('',(0.162751949481,42.198283340057));
#4750 = CARTESIAN_POINT('',(0.162753042337,42.280173633911));
#4751 = CARTESIAN_POINT('',(0.162753362568,42.362071484471));
#4752 = CARTESIAN_POINT('',(0.162752948538,42.510521836148));
#4753 = CARTESIAN_POINT('',(0.162752398553,42.577105180112));
#4754 = CARTESIAN_POINT('',(0.16275158497,42.643689088918));
#4755 = CARTESIAN_POINT('',(0.162750731345,42.710270921191));
#4756 = CARTESIAN_POINT('',(0.162750126168,42.776852742706));
#4757 = CARTESIAN_POINT('',(0.16275004959,42.843436887176));
#4758 = CARTESIAN_POINT('',(0.162750684802,42.91002152967));
#4759 = CARTESIAN_POINT('',(0.162754088724,43.080505557424));
#4760 = CARTESIAN_POINT('',(0.162757881325,43.184478222635));
#4761 = CARTESIAN_POINT('',(0.162763235028,43.288420181951));
#4762 = CARTESIAN_POINT('',(0.1627694099,43.392334885813));
#4763 = CARTESIAN_POINT('',(0.162773353783,43.496246375049));
#4764 = CARTESIAN_POINT('',(0.162771837663,43.600180329003));
#4765 = CARTESIAN_POINT('',(0.162764461671,43.704145107875));
#4766 = CARTESIAN_POINT('',(0.162747694243,43.879712304627));
#4767 = CARTESIAN_POINT('',(0.162739614129,43.951380629013));
#4768 = CARTESIAN_POINT('',(0.162731381563,44.023045229507));
#4769 = CARTESIAN_POINT('',(0.162724643558,44.094704574676));
#4770 = CARTESIAN_POINT('',(0.162721830821,44.166363422841));
#4771 = CARTESIAN_POINT('',(0.162725151496,44.238026582469));
#4772 = CARTESIAN_POINT('',(0.16273435791,44.309693144366));
#4773 = CARTESIAN_POINT('',(0.162751933142,44.45074941816));
#4774 = CARTESIAN_POINT('',(0.16276466942,44.520152089719));
#4775 = CARTESIAN_POINT('',(0.162754241657,44.589551022911));
#4776 = CARTESIAN_POINT('',(0.162735528216,44.658946982799));
#4777 = CARTESIAN_POINT('',(0.162725507758,44.728344736035));
#4778 = CARTESIAN_POINT('',(0.162725395445,44.797747894563));
#4779 = CARTESIAN_POINT('',(0.162724946888,44.867153543898));
#4780 = CARTESIAN_POINT('',(0.162737675784,45.088922847923));
#4781 = CARTESIAN_POINT('',(0.162761158416,45.241700515543));
#4782 = CARTESIAN_POINT('',(0.16278387639,45.394219358908));
#4783 = CARTESIAN_POINT('',(0.162775853895,45.546624151726));
#4784 = CARTESIAN_POINT('',(0.162764008045,45.699034335334));
#4785 = CARTESIAN_POINT('',(0.162755101482,45.851559418595));
#4786 = CARTESIAN_POINT('',(0.162751352451,46.00434119129));
#4787 = CARTESIAN_POINT('',(0.162750655384,46.1567201068));
#4788 = ( GEOMETRIC_REPRESENTATION_CONTEXT(2) 
PARAMETRIC_REPRESENTATION_CONTEXT() REPRESENTATION_CONTEXT('2D SPACE',''
  ) );
#4789 = PCURVE('',#3459,#4790);
#4790 = DEFINITIONAL_REPRESENTATION('',(#4791),#4857);
#4791 = B_SPLINE_CURVE_WITH_KNOTS('',8,(#4792,#4793,#4794,#4795,#4796,
    #4797,#4798,#4799,#4800,#4801,#4802,#4803,#4804,#4805,#4806,#4807,
    #4808,#4809,#4810,#4811,#4812,#4813,#4814,#4815,#4816,#4817,#4818,
    #4819,#4820,#4821,#4822,#4823,#4824,#4825,#4826,#4827,#4828,#4829,
    #4830,#4831,#4832,#4833,#4834,#4835,#4836,#4837,#4838,#4839,#4840,
    #4841,#4842,#4843,#4844,#4845,#4846,#4847,#4848,#4849,#4850,#4851,
    #4852,#4853,#4854,#4855,#4856),.UNSPECIFIED.,.F.,.F.,(9,7,7,7,7,7,7,
    7,7,9),(0.,0.120655069032,0.229619100574,0.337637146948,
    0.437007026419,0.517798438196,0.643896976977,0.730856227817,
    0.815073130755,1.),.UNSPECIFIED.);
#4792 = CARTESIAN_POINT('',(0.,12.413154748469));
#4793 = CARTESIAN_POINT('',(9.472876909489E-02,12.443306706953));
#4794 = CARTESIAN_POINT('',(0.189505147552,12.473473963174));
#4795 = CARTESIAN_POINT('',(0.284258508525,12.503634343233));
#4796 = CARTESIAN_POINT('',(0.378991780951,12.533789095766));
#4797 = CARTESIAN_POINT('',(0.473724345105,12.563944471753));
#4798 = CARTESIAN_POINT('',(0.56847617672,12.594106629753));
#4799 = CARTESIAN_POINT('',(0.663251996564,12.624276694504));
#4800 = CARTESIAN_POINT('',(0.84353716373,12.681666882406));
#4801 = CARTESIAN_POINT('',(0.929123536094,12.708911537261));
#4802 = CARTESIAN_POINT('',(1.0146961808,12.736151507781));
#4803 = CARTESIAN_POINT('',(1.100253683566,12.763386090673));
#4804 = CARTESIAN_POINT('',(1.185807743572,12.790618878144));
#4805 = CARTESIAN_POINT('',(1.27137160794,12.817854126819));
#4806 = CARTESIAN_POINT('',(1.356949253171,12.845093288085));
#4807 = CARTESIAN_POINT('',(1.527318053643,12.899320769394));
#4808 = CARTESIAN_POINT('',(1.612156390633,12.926324113528));
#4809 = CARTESIAN_POINT('',(1.696983074501,12.953323710734));
#4810 = CARTESIAN_POINT('',(1.781795351305,12.980318959194));
#4811 = CARTESIAN_POINT('',(1.866607583109,13.007314634615));
#4812 = CARTESIAN_POINT('',(1.951434153339,13.034315379246));
#4813 = CARTESIAN_POINT('',(2.036272379154,13.061320259815));
#4814 = CARTESIAN_POINT('',(2.199108159479,13.11315307781));
#4815 = CARTESIAN_POINT('',(2.277148833287,13.137994698666));
#4816 = CARTESIAN_POINT('',(2.355182519871,13.162834209893));
#4817 = CARTESIAN_POINT('',(2.433207024815,13.187670728551));
#4818 = CARTESIAN_POINT('',(2.511231552434,13.212507023917));
#4819 = CARTESIAN_POINT('',(2.589265334064,13.237345959173));
#4820 = CARTESIAN_POINT('',(2.667306223873,13.262186886664));
#4821 = CARTESIAN_POINT('',(2.80876489735,13.307213865893));
#4822 = CARTESIAN_POINT('',(2.872212153305,13.327409344223));
#4823 = CARTESIAN_POINT('',(2.935659703734,13.347604891586));
#4824 = CARTESIAN_POINT('',(2.999104961888,13.367799793568));
#4825 = CARTESIAN_POINT('',(3.062549867977,13.3879947887));
#4826 = CARTESIAN_POINT('',(3.125996671905,13.408190693544));
#4827 = CARTESIAN_POINT('',(3.189443711338,13.42838702566));
#4828 = CARTESIAN_POINT('',(3.351893847166,13.480098619278));
#4829 = CARTESIAN_POINT('',(3.450966580262,13.511636504978));
#4830 = CARTESIAN_POINT('',(3.55001012661,13.543165682931));
#4831 = CARTESIAN_POINT('',(3.649028349003,13.574686912574));
#4832 = CARTESIAN_POINT('',(3.748044663646,13.606206301423));
#4833 = CARTESIAN_POINT('',(3.847083450818,13.637730385351));
#4834 = CARTESIAN_POINT('',(3.946151871565,13.669261544952));
#4835 = CARTESIAN_POINT('',(4.113450042503,13.722507109642));
#4836 = CARTESIAN_POINT('',(4.181742721784,13.744242013996));
#4837 = CARTESIAN_POINT('',(4.25003159076,13.76597572968));
#4838 = CARTESIAN_POINT('',(4.318314954648,13.787708431327));
#4839 = CARTESIAN_POINT('',(4.386597396206,13.80944250546));
#4840 = CARTESIAN_POINT('',(4.454883892145,13.831180267434));
#4841 = CARTESIAN_POINT('',(4.523174039332,13.852921345358));
#4842 = CARTESIAN_POINT('',(4.657585389216,13.895712574621));
#4843 = CARTESIAN_POINT('',(4.72371872088,13.916768351643));
#4844 = CARTESIAN_POINT('',(4.789848718522,13.937814005784));
#4845 = CARTESIAN_POINT('',(4.85597569901,13.958855542754));
#4846 = CARTESIAN_POINT('',(4.922103925105,13.979900997048));
#4847 = CARTESIAN_POINT('',(4.988236970035,14.000951935781));
#4848 = CARTESIAN_POINT('',(5.05437248489,14.02200349954));
#4849 = CARTESIAN_POINT('',(5.265693857838,14.089274278241));
#4850 = CARTESIAN_POINT('',(5.411275141719,14.135623068299));
#4851 = CARTESIAN_POINT('',(5.556612602691,14.181893056447));
#4852 = CARTESIAN_POINT('',(5.701840590866,14.228116522411));
#4853 = CARTESIAN_POINT('',(5.847068450951,14.274340139753));
#4854 = CARTESIAN_POINT('',(5.992404951522,14.320599748449));
#4855 = CARTESIAN_POINT('',(6.137986400537,14.36693921618));
#4856 = CARTESIAN_POINT('',(6.28318530718,14.413157675836));
#4857 = ( GEOMETRIC_REPRESENTATION_CONTEXT(2) 
PARAMETRIC_REPRESENTATION_CONTEXT() REPRESENTATION_CONTEXT('2D SPACE',''
  ) );
#4858 = ORIENTED_EDGE('',*,*,#4859,.F.);
#4859 = EDGE_CURVE('',#4860,#4651,#4862,.T.);
#4860 = VERTEX_POINT('',#4861);
#4861 = CARTESIAN_POINT('',(8.74999995,-1.74999995,4.763159587395));
#4862 = SURFACE_CURVE('',#4863,(#4936,#5012),.PCURVE_S1.);
#4863 = B_SPLINE_CURVE_WITH_KNOTS('',8,(#4864,#4865,#4866,#4867,#4868,
    #4869,#4870,#4871,#4872,#4873,#4874,#4875,#4876,#4877,#4878,#4879,
    #4880,#4881,#4882,#4883,#4884,#4885,#4886,#4887,#4888,#4889,#4890,
    #4891,#4892,#4893,#4894,#4895,#4896,#4897,#4898,#4899,#4900,#4901,
    #4902,#4903,#4904,#4905,#4906,#4907,#4908,#4909,#4910,#4911,#4912,
    #4913,#4914,#4915,#4916,#4917,#4918,#4919,#4920,#4921,#4922,#4923,
    #4924,#4925,#4926,#4927,#4928,#4929,#4930,#4931,#4932,#4933,#4934,
    #4935),.UNSPECIFIED.,.F.,.F.,(9,7,7,7,7,7,7,7,7,7,9),(0.,
    0.101431598165,0.214723242343,0.316524704665,0.417626026543,
    0.539434091866,0.591033082832,0.651614418806,0.804368287953,
    0.901822666765,1.),.UNSPECIFIED.);
#4864 = CARTESIAN_POINT('',(8.74999995,-1.74999995,4.763159587395));
#4865 = CARTESIAN_POINT('',(8.74999995,-1.469246314192,4.788694512604));
#4866 = CARTESIAN_POINT('',(8.724261633121,-1.188409210289,
    4.814236771893));
#4867 = CARTESIAN_POINT('',(8.672760121826,-0.910358758552,
    4.839776180465));
#4868 = CARTESIAN_POINT('',(8.595877184711,-0.637854878382,
    4.865311321265));
#4869 = CARTESIAN_POINT('',(8.494328822669,-0.373556063759,4.89084534863
    ));
#4870 = CARTESIAN_POINT('',(8.369136413932,-0.120014662145,
    4.916381834582));
#4871 = CARTESIAN_POINT('',(8.221641417979,0.120341343147,4.941920657765
    ));
#4872 = CARTESIAN_POINT('',(7.865833105119,0.596435378823,4.995972730119
    ));
#4873 = CARTESIAN_POINT('',(7.652310135984,0.828500980072,5.024501873312
    ));
#4874 = CARTESIAN_POINT('',(7.415366931585,1.038196806393,5.053025290056
    ));
#4875 = CARTESIAN_POINT('',(7.157784777087,1.222809848949,5.081544210013
    ));
#4876 = CARTESIAN_POINT('',(6.882645710193,1.380068613425,5.110063807841
    ));
#4877 = CARTESIAN_POINT('',(6.593299575589,1.508114483863,5.138588914749
    ));
#4878 = CARTESIAN_POINT('',(6.293377390655,1.605547371324,5.167119825974
    ));
#4879 = CARTESIAN_POINT('',(5.711357744803,1.730883329854,5.221266158768
    ));
#4880 = CARTESIAN_POINT('',(5.43036231386,1.764873731651,5.246899946775)
  );
#4881 = CARTESIAN_POINT('',(5.146658427567,1.772903676321,5.272531247056
    ));
#4882 = CARTESIAN_POINT('',(4.863048982019,1.754764034531,5.298159085729
    ));
#4883 = CARTESIAN_POINT('',(4.582312208047,1.710596106159,5.323786721211
    ));
#4884 = CARTESIAN_POINT('',(4.307191313775,1.640867374473,5.349417454975
    ));
#4885 = CARTESIAN_POINT('',(4.040378558016,1.546394032293,5.375050393223
    ));
#4886 = CARTESIAN_POINT('',(3.530368800961,1.311237962242,5.42612568426)
  );
#4887 = CARTESIAN_POINT('',(3.28687376507,1.170809141268,5.451582681263)
  );
#4888 = CARTESIAN_POINT('',(3.056601261779,1.008291447159,5.477037302343
    ));
#4889 = CARTESIAN_POINT('',(2.841876084479,0.825171754334,5.502488552298
    ));
#4890 = CARTESIAN_POINT('',(2.644793438698,0.623194490496,5.527939871482
    ));
#4891 = CARTESIAN_POINT('',(2.467227128601,0.404333712633,5.553394870109
    ));
#4892 = CARTESIAN_POINT('',(2.310807696319,0.17079895021,5.578853214219)
  );
#4893 = CARTESIAN_POINT('',(2.015501416844,-0.370976520792,
    5.634973279083));
#4894 = CARTESIAN_POINT('',(1.886645110363,-0.684945661723,5.66565578883
    ));
#4895 = CARTESIAN_POINT('',(1.7927646453,-1.012443588201,5.696329497937)
  );
#4896 = CARTESIAN_POINT('',(1.735424410635,-1.348887144703,
    5.726994972826));
#4897 = CARTESIAN_POINT('',(1.715482741802,-1.689597253188,5.75765788994
    ));
#4898 = CARTESIAN_POINT('',(1.733156246326,-2.029822611133,5.78832499817
    ));
#4899 = CARTESIAN_POINT('',(1.787952280657,-2.364748765214,
    5.818999702079));
#4900 = CARTESIAN_POINT('',(1.91680844178,-2.827142212469,5.862649078492
    ));
#4901 = CARTESIAN_POINT('',(1.961571423008,-2.96295254898,5.875638218635
    ));
#4902 = CARTESIAN_POINT('',(2.012654449182,-3.096625257994,
    5.888627933227));
#4903 = CARTESIAN_POINT('',(2.069935977008,-3.227813790777,
    5.901618032332));
#4904 = CARTESIAN_POINT('',(2.133273426319,-3.356183253584,
    5.914608396524));
#4905 = CARTESIAN_POINT('',(2.202503180068,-3.481410407655,
    5.927598976889));
#4906 = CARTESIAN_POINT('',(2.277440584336,-3.603183669214,5.94058979502
    ));
#4907 = CARTESIAN_POINT('',(2.452322185356,-3.859767357103,
    5.968833588225));
#4908 = CARTESIAN_POINT('',(2.554366125261,-3.993175339348,
    5.984088842971));
#4909 = CARTESIAN_POINT('',(2.663665478727,-4.120925694103,
    5.999343593106));
#4910 = CARTESIAN_POINT('',(2.779846569215,-4.242552945411,
    6.014595997969));
#4911 = CARTESIAN_POINT('',(2.902508332959,-4.35762750346,6.029845490386
    ));
#4912 = CARTESIAN_POINT('',(3.031222318967,-4.465755664587,6.04509277668
    ));
#4913 = CARTESIAN_POINT('',(3.165532689016,-4.566579611277,
    6.060339836662));
#4914 = CARTESIAN_POINT('',(3.656508112455,-4.894772637208,
    6.114042522162));
#4915 = CARTESIAN_POINT('',(4.04093569752,-5.081512509,6.152546264846));
#4916 = CARTESIAN_POINT('',(4.449874587161,-5.214109802649,
    6.191032822879));
#4917 = CARTESIAN_POINT('',(4.874334258747,-5.289187996417,
    6.229500784314));
#4918 = CARTESIAN_POINT('',(5.305094871742,-5.304885934951,
    6.267963804807));
#4919 = CARTESIAN_POINT('',(5.732751920336,-5.261090040503,
    6.306440177872));
#4920 = CARTESIAN_POINT('',(6.147809587009,-5.159214989762,
    6.344942173083));
#4921 = CARTESIAN_POINT('',(6.791615462136,-4.903759771273,
    6.407931621962));
#4922 = CARTESIAN_POINT('',(7.036705726361,-4.780943669926,
    6.432768527493));
#4923 = CARTESIAN_POINT('',(7.271792118281,-4.635423899815,6.45774384123
    ));
#4924 = CARTESIAN_POINT('',(7.492943909684,-4.468924344849,
    6.482712419773));
#4925 = CARTESIAN_POINT('',(7.696660335997,-4.284205372152,
    6.507519984572));
#4926 = CARTESIAN_POINT('',(7.880021286832,-4.08514026246,6.531980180528
    ));
#4927 = CARTESIAN_POINT('',(8.04097074674,-3.876920918198,6.555841043405
    ));
#4928 = CARTESIAN_POINT('',(8.317530332343,-3.454262535069,
    6.601778098406));
#4929 = CARTESIAN_POINT('',(8.438785312483,-3.23063303673,6.624834764236
    ));
#4930 = CARTESIAN_POINT('',(8.541353829013,-2.997224329612,
    6.647889434426));
#4931 = CARTESIAN_POINT('',(8.624336001367,-2.75586726157,6.670941784952
    ));
#4932 = CARTESIAN_POINT('',(8.687049562351,-2.508466802961,
    6.693993950576));
#4933 = CARTESIAN_POINT('',(8.729020851844,-2.256991946073,
    6.717048024211));
#4934 = CARTESIAN_POINT('',(8.74999995,-2.003472095575,6.74010352691));
#4935 = CARTESIAN_POINT('',(8.74999995,-1.74999995,6.763154848469));
#4936 = PCURVE('',#1371,#4937);
#4937 = DEFINITIONAL_REPRESENTATION('',(#4938),#5011);
#4938 = B_SPLINE_CURVE_WITH_KNOTS('',8,(#4939,#4940,#4941,#4942,#4943,
    #4944,#4945,#4946,#4947,#4948,#4949,#4950,#4951,#4952,#4953,#4954,
    #4955,#4956,#4957,#4958,#4959,#4960,#4961,#4962,#4963,#4964,#4965,
    #4966,#4967,#4968,#4969,#4970,#4971,#4972,#4973,#4974,#4975,#4976,
    #4977,#4978,#4979,#4980,#4981,#4982,#4983,#4984,#4985,#4986,#4987,
    #4988,#4989,#4990,#4991,#4992,#4993,#4994,#4995,#4996,#4997,#4998,
    #4999,#5000,#5001,#5002,#5003,#5004,#5005,#5006,#5007,#5008,#5009,
    #5010),.UNSPECIFIED.,.F.,.F.,(9,7,7,7,7,7,7,7,7,7,9),(0.,
    0.101431598165,0.214723242343,0.316524704665,0.417626026543,
    0.539434091866,0.591033082832,0.651614418806,0.804368287953,
    0.901822666765,1.),.UNSPECIFIED.);
#4939 = CARTESIAN_POINT('',(0.162758365814,32.969082976797));
#4940 = CARTESIAN_POINT('',(0.162762190029,33.053264391238));
#4941 = CARTESIAN_POINT('',(0.162765879529,33.137470157821));
#4942 = CARTESIAN_POINT('',(0.162768926117,33.221667348387));
#4943 = CARTESIAN_POINT('',(0.162770797955,33.305851971465));
#4944 = CARTESIAN_POINT('',(0.162771173314,33.390034838231));
#4945 = CARTESIAN_POINT('',(0.162770046994,33.474227731961));
#4946 = CARTESIAN_POINT('',(0.162767709418,33.558429881));
#4947 = CARTESIAN_POINT('',(0.162761123598,33.736643033318));
#4948 = CARTESIAN_POINT('',(0.162756681767,33.830706685406));
#4949 = CARTESIAN_POINT('',(0.162751873134,33.924751927199));
#4950 = CARTESIAN_POINT('',(0.162747540342,34.018781734711));
#4951 = CARTESIAN_POINT('',(0.162744465434,34.112812167781));
#4952 = CARTESIAN_POINT('',(0.162743018451,34.20685868103));
#4953 = CARTESIAN_POINT('',(0.162743010916,34.300922488963));
#4954 = CARTESIAN_POINT('',(0.162744903034,34.479435562725));
#4955 = CARTESIAN_POINT('',(0.162746602869,34.563945636658));
#4956 = CARTESIAN_POINT('',(0.16274881659,34.648446851323));
#4957 = CARTESIAN_POINT('',(0.162750998223,34.732936694439));
#4958 = CARTESIAN_POINT('',(0.162752634688,34.817426565134));
#4959 = CARTESIAN_POINT('',(0.162753435902,34.901927719196));
#4960 = CARTESIAN_POINT('',(0.162753426541,34.986437178276));
#4961 = CARTESIAN_POINT('',(0.162752455769,35.154828971702));
#4962 = CARTESIAN_POINT('',(0.162751505921,35.238759571881));
#4963 = CARTESIAN_POINT('',(0.162750340739,35.322682614355));
#4964 = CARTESIAN_POINT('',(0.162749574695,35.406594031886));
#4965 = CARTESIAN_POINT('',(0.16274983274,35.490504367452));
#4966 = CARTESIAN_POINT('',(0.162751470602,35.574425068478));
#4967 = CARTESIAN_POINT('',(0.162754368592,35.658355187064));
#4968 = CARTESIAN_POINT('',(0.162761931767,35.843368218995));
#4969 = CARTESIAN_POINT('',(0.162766877146,35.944519313268));
#4970 = CARTESIAN_POINT('',(0.162771341779,36.045642007697));
#4971 = CARTESIAN_POINT('',(0.162773505169,36.146740498843));
#4972 = CARTESIAN_POINT('',(0.162770175906,36.247837584492));
#4973 = CARTESIAN_POINT('',(0.162760364364,36.348956781245));
#4974 = CARTESIAN_POINT('',(0.16274793573,36.450104368525));
#4975 = CARTESIAN_POINT('',(0.162733801516,36.594030443482));
#4976 = CARTESIAN_POINT('',(0.162729900253,36.636859438782));
#4977 = CARTESIAN_POINT('',(0.162726940469,36.679689123466));
#4978 = CARTESIAN_POINT('',(0.162725366085,36.722518303388));
#4979 = CARTESIAN_POINT('',(0.162725427975,36.765346263848));
#4980 = CARTESIAN_POINT('',(0.162727183971,36.80817276959));
#4981 = CARTESIAN_POINT('',(0.162730498855,36.850998064807));
#4982 = CARTESIAN_POINT('',(0.162740381163,36.944102618008));
#4983 = CARTESIAN_POINT('',(0.162748750164,36.994387086934));
#4984 = CARTESIAN_POINT('',(0.16275542956,37.044672053872));
#4985 = CARTESIAN_POINT('',(0.162757628018,37.094955021525));
#4986 = CARTESIAN_POINT('',(0.162754484686,37.145235221348));
#4987 = CARTESIAN_POINT('',(0.162747069193,37.195513613544));
#4988 = CARTESIAN_POINT('',(0.162738381643,37.245792887066));
#4989 = CARTESIAN_POINT('',(0.162720672114,37.422868374545));
#4990 = CARTESIAN_POINT('',(0.162718717626,37.549814184267));
#4991 = CARTESIAN_POINT('',(0.16274223931,37.676670743733));
#4992 = CARTESIAN_POINT('',(0.162763983446,37.803468266364));
#4993 = CARTESIAN_POINT('',(0.162772858821,37.930265963106));
#4994 = CARTESIAN_POINT('',(0.162773039978,38.057118805425));
#4995 = CARTESIAN_POINT('',(0.162768602657,38.184062030424));
#4996 = CARTESIAN_POINT('',(0.162759819809,38.391743704526));
#4997 = CARTESIAN_POINT('',(0.162755969908,38.473633630275));
#4998 = CARTESIAN_POINT('',(0.162752587197,38.555979277475));
#4999 = CARTESIAN_POINT('',(0.16275052984,38.638301023712));
#5000 = CARTESIAN_POINT('',(0.162749894198,38.720090103468));
#5001 = CARTESIAN_POINT('',(0.162750200247,38.800732735212));
#5002 = CARTESIAN_POINT('',(0.162750901495,38.879398915131));
#5003 = CARTESIAN_POINT('',(0.16275237341,39.030847290326));
#5004 = CARTESIAN_POINT('',(0.162753176096,39.106861976538));
#5005 = CARTESIAN_POINT('',(0.162753681553,39.182870463586));
#5006 = CARTESIAN_POINT('',(0.162753581442,39.258872077668));
#5007 = CARTESIAN_POINT('',(0.162752763993,39.3348739999));
#5008 = CARTESIAN_POINT('',(0.162751354364,39.410882970301));
#5009 = CARTESIAN_POINT('',(0.162749651708,39.486897027087));
#5010 = CARTESIAN_POINT('',(0.16274796294,39.56289728127));
#5011 = ( GEOMETRIC_REPRESENTATION_CONTEXT(2) 
PARAMETRIC_REPRESENTATION_CONTEXT() REPRESENTATION_CONTEXT('2D SPACE',''
  ) );
#5012 = PCURVE('',#3238,#5013);
#5013 = DEFINITIONAL_REPRESENTATION('',(#5014),#5087);
#5014 = B_SPLINE_CURVE_WITH_KNOTS('',8,(#5015,#5016,#5017,#5018,#5019,
    #5020,#5021,#5022,#5023,#5024,#5025,#5026,#5027,#5028,#5029,#5030,
    #5031,#5032,#5033,#5034,#5035,#5036,#5037,#5038,#5039,#5040,#5041,
    #5042,#5043,#5044,#5045,#5046,#5047,#5048,#5049,#5050,#5051,#5052,
    #5053,#5054,#5055,#5056,#5057,#5058,#5059,#5060,#5061,#5062,#5063,
    #5064,#5065,#5066,#5067,#5068,#5069,#5070,#5071,#5072,#5073,#5074,
    #5075,#5076,#5077,#5078,#5079,#5080,#5081,#5082,#5083,#5084,#5085,
    #5086),.UNSPECIFIED.,.F.,.F.,(9,7,7,7,7,7,7,7,7,7,9),(0.,
    0.101431598165,0.214723242343,0.316524704665,0.417626026543,
    0.539434091866,0.591033082832,0.651614418806,0.804368287953,
    0.901822666765,1.),.UNSPECIFIED.);
#5015 = CARTESIAN_POINT('',(0.,10.413159487395));
#5016 = CARTESIAN_POINT('',(8.021532451669E-02,10.438694412604));
#5017 = CARTESIAN_POINT('',(0.160454023439,10.464236671893));
#5018 = CARTESIAN_POINT('',(0.240684752087,10.489776080464));
#5019 = CARTESIAN_POINT('',(0.320903667773,10.515311221265));
#5020 = CARTESIAN_POINT('',(0.401120981754,10.54084524863));
#5021 = CARTESIAN_POINT('',(0.481347809866,10.566381734582));
#5022 = CARTESIAN_POINT('',(0.561583321844,10.591920557765));
#5023 = CARTESIAN_POINT('',(0.731400771563,10.645972630119));
#5024 = CARTESIAN_POINT('',(0.821032835353,10.674501773312));
#5025 = CARTESIAN_POINT('',(0.910647102701,10.703025190056));
#5026 = CARTESIAN_POINT('',(1.00024643569,10.731544110013));
#5027 = CARTESIAN_POINT('',(1.089846291537,10.760063707841));
#5028 = CARTESIAN_POINT('',(1.179461615711,10.788588814749));
#5029 = CARTESIAN_POINT('',(1.26909374509,10.817119725974));
#5030 = CARTESIAN_POINT('',(1.439197187966,10.871266058768));
#5031 = CARTESIAN_POINT('',(1.519726368406,10.896899846775));
#5032 = CARTESIAN_POINT('',(1.600247481248,10.922531147056));
#5033 = CARTESIAN_POINT('',(1.680758116316,10.948158985729));
#5034 = CARTESIAN_POINT('',(1.761269021314,10.973786621211));
#5035 = CARTESIAN_POINT('',(1.841790724508,10.999417354975));
#5036 = CARTESIAN_POINT('',(1.92232016525,11.025050293223));
#5037 = CARTESIAN_POINT('',(2.082780810708,11.07612558426));
#5038 = CARTESIAN_POINT('',(2.162758010909,11.101582581263));
#5039 = CARTESIAN_POINT('',(2.242727540971,11.127037202343));
#5040 = CARTESIAN_POINT('',(2.322685426216,11.152488452298));
#5041 = CARTESIAN_POINT('',(2.402641751259,11.177939771482));
#5042 = CARTESIAN_POINT('',(2.482607614044,11.203394770109));
#5043 = CARTESIAN_POINT('',(2.562582391912,11.228853114219));
#5044 = CARTESIAN_POINT('',(2.738876779213,11.284973179083));
#5045 = CARTESIAN_POINT('',(2.83526144107,11.31565568883));
#5046 = CARTESIAN_POINT('',(2.931619691182,11.346329397937));
#5047 = CARTESIAN_POINT('',(3.027955928072,11.376994872826));
#5048 = CARTESIAN_POINT('',(3.124291766061,11.40765778994));
#5049 = CARTESIAN_POINT('',(3.220648921131,11.43832489817));
#5050 = CARTESIAN_POINT('',(3.317032521847,11.468999602079));
#5051 = CARTESIAN_POINT('',(3.4541788344,11.512648978492));
#5052 = CARTESIAN_POINT('',(3.494990203806,11.525638118635));
#5053 = CARTESIAN_POINT('',(3.535802108609,11.538627833227));
#5054 = CARTESIAN_POINT('',(3.576613432072,11.551617932332));
#5055 = CARTESIAN_POINT('',(3.617423528011,11.564608296524));
#5056 = CARTESIAN_POINT('',(3.658232220798,11.577598876889));
#5057 = CARTESIAN_POINT('',(3.699039805358,11.59058969502));
#5058 = CARTESIAN_POINT('',(3.787758007832,11.618833488225));
#5059 = CARTESIAN_POINT('',(3.835673644408,11.634088742971));
#5060 = CARTESIAN_POINT('',(3.883589866486,11.649343493106));
#5061 = CARTESIAN_POINT('',(3.931504233265,11.664595897969));
#5062 = CARTESIAN_POINT('',(3.979415953554,11.679845390386));
#5063 = CARTESIAN_POINT('',(4.027325885774,11.69509267668));
#5064 = CARTESIAN_POINT('',(4.075236537954,11.710339736662));
#5065 = CARTESIAN_POINT('',(4.243969518336,11.764042422162));
#5066 = CARTESIAN_POINT('',(4.364933734327,11.802546164846));
#5067 = CARTESIAN_POINT('',(4.485813200182,11.841032722879));
#5068 = CARTESIAN_POINT('',(4.606640271672,11.879500684314));
#5069 = CARTESIAN_POINT('',(4.727467009032,11.917963704807));
#5070 = CARTESIAN_POINT('',(4.848345044769,11.956440077872));
#5071 = CARTESIAN_POINT('',(4.969307644787,11.994942073083));
#5072 = CARTESIAN_POINT('',(5.167203385942,12.057931521962));
#5073 = CARTESIAN_POINT('',(5.245234290982,12.082768427493));
#5074 = CARTESIAN_POINT('',(5.323699191414,12.10774374123));
#5075 = CARTESIAN_POINT('',(5.402141338333,12.132712319773));
#5076 = CARTESIAN_POINT('',(5.480076234455,12.157519884572));
#5077 = CARTESIAN_POINT('',(5.556919182987,12.181980080528));
#5078 = CARTESIAN_POINT('',(5.631879253306,12.205840943405));
#5079 = CARTESIAN_POINT('',(5.776193341949,12.251777998406));
#5080 = CARTESIAN_POINT('',(5.848627581895,12.274834664236));
#5081 = CARTESIAN_POINT('',(5.921056259856,12.297889334426));
#5082 = CARTESIAN_POINT('',(5.993478613888,12.320941684952));
#5083 = CARTESIAN_POINT('',(6.065901331697,12.343993850576));
#5084 = CARTESIAN_POINT('',(6.138330685757,12.367047924211));
#5085 = CARTESIAN_POINT('',(6.210764694158,12.39010342691));
#5086 = CARTESIAN_POINT('',(6.28318530718,12.413154748469));
#5087 = ( GEOMETRIC_REPRESENTATION_CONTEXT(2) 
PARAMETRIC_REPRESENTATION_CONTEXT() REPRESENTATION_CONTEXT('2D SPACE',''
  ) );
#5088 = ORIENTED_EDGE('',*,*,#5089,.F.);
#5089 = EDGE_CURVE('',#5090,#4860,#5092,.T.);
#5090 = VERTEX_POINT('',#5091);
#5091 = CARTESIAN_POINT('',(8.74999995,-1.74999995,2.763159608395));
#5092 = SURFACE_CURVE('',#5093,(#5156,#5222),.PCURVE_S1.);
#5093 = B_SPLINE_CURVE_WITH_KNOTS('',7,(#5094,#5095,#5096,#5097,#5098,
    #5099,#5100,#5101,#5102,#5103,#5104,#5105,#5106,#5107,#5108,#5109,
    #5110,#5111,#5112,#5113,#5114,#5115,#5116,#5117,#5118,#5119,#5120,
    #5121,#5122,#5123,#5124,#5125,#5126,#5127,#5128,#5129,#5130,#5131,
    #5132,#5133,#5134,#5135,#5136,#5137,#5138,#5139,#5140,#5141,#5142,
    #5143,#5144,#5145,#5146,#5147,#5148,#5149,#5150,#5151,#5152,#5153,
    #5154,#5155),.UNSPECIFIED.,.F.,.F.,(8,6,6,6,6,6,6,6,6,6,8),(0.,
    9.474587939054E-02,0.209509899502,0.33416208203,0.461393753021,
    0.505569432578,0.56766915831,0.683023430108,0.81288092732,
    0.893060907937,1.),.UNSPECIFIED.);
#5094 = CARTESIAN_POINT('',(8.74999995,-1.74999995,2.763159608395));
#5095 = CARTESIAN_POINT('',(8.74999995,-1.452379378803,2.790225460484));
#5096 = CARTESIAN_POINT('',(8.72047373813,-1.15468849118,2.817297592495)
  );
#5097 = CARTESIAN_POINT('',(8.661397740754,-0.860560329224,
    2.844366195196));
#5098 = CARTESIAN_POINT('',(8.573334520478,-0.573485023726,
    2.871432809085));
#5099 = CARTESIAN_POINT('',(8.457314015287,-0.296823399623,
    2.898502543633));
#5100 = CARTESIAN_POINT('',(8.314828939484,-3.378485334829E-02,
    2.925576291623));
#5101 = CARTESIAN_POINT('',(7.945799969099,0.511109086294,2.985428292825
    ));
#5102 = CARTESIAN_POINT('',(7.707691772634,0.785440858476,3.018229748075
    ));
#5103 = CARTESIAN_POINT('',(7.43723541063,1.030160617164,3.051019065903)
  );
#5104 = CARTESIAN_POINT('',(7.13893905208,1.240852034456,3.083803844006)
  );
#5105 = CARTESIAN_POINT('',(6.817884426214,1.413928355315,3.116591620688
    ));
#5106 = CARTESIAN_POINT('',(6.479735781605,1.546620522009,3.14939129482)
  );
#5107 = CARTESIAN_POINT('',(5.751891043173,1.735888918323,3.217785843976
    ));
#5108 = CARTESIAN_POINT('',(5.359842949371,1.785030938674,3.253417636882
    ));
#5109 = CARTESIAN_POINT('',(4.962853639821,1.782542721753,3.289031265686
    ));
#5110 = CARTESIAN_POINT('',(4.569013089984,1.728156248288,3.324641271149
    ));
#5111 = CARTESIAN_POINT('',(4.186203580797,1.622959321444,3.360258174777
    ));
#5112 = CARTESIAN_POINT('',(3.822143354354,1.469400394265,3.395893730177
    ));
#5113 = CARTESIAN_POINT('',(3.139028175462,1.070198982024,3.467853154404
    ));
#5114 = CARTESIAN_POINT('',(2.820610308089,0.822453499795,3.504223458924
    ));
#5115 = CARTESIAN_POINT('',(2.536657144804,0.533046669028,3.540570288395
    ));
#5116 = CARTESIAN_POINT('',(2.293434843794,0.207876025831,3.576908888866
    ));
#5117 = CARTESIAN_POINT('',(2.096021301292,-0.146284520077,
    3.613252045598));
#5118 = CARTESIAN_POINT('',(1.948320329976,-0.521739877328,
    3.649623245585));
#5119 = CARTESIAN_POINT('',(1.819057555006,-1.04438826652,3.698592611976
    ));
#5120 = CARTESIAN_POINT('',(1.791973052287,-1.180630260081,
    3.711214050453));
#5121 = CARTESIAN_POINT('',(1.771203930484,-1.318070215383,
    3.723835779446));
#5122 = CARTESIAN_POINT('',(1.756812075483,-1.456357092071,
    3.736458506962));
#5123 = CARTESIAN_POINT('',(1.748835477901,-1.59513447697,3.749081231305
    ));
#5124 = CARTESIAN_POINT('',(1.747286982791,-1.734040900914,
    3.761701584253));
#5125 = CARTESIAN_POINT('',(1.758990308461,-2.067643668108,
    3.792057147308));
#5126 = CARTESIAN_POINT('',(1.778503726421,-2.262151930825,3.80979434239
    ));
#5127 = CARTESIAN_POINT('',(1.810661264577,-2.455230751632,
    3.827532543555));
#5128 = CARTESIAN_POINT('',(1.855330506795,-2.64589388756,3.845272563404
    ));
#5129 = CARTESIAN_POINT('',(1.912286344199,-2.833173157164,
    3.863014612256));
#5130 = CARTESIAN_POINT('',(1.981209973659,-3.016120959318,
    3.880757887428));
#5131 = CARTESIAN_POINT('',(2.211152253626,-3.523893720898,
    3.931456387033));
#5132 = CARTESIAN_POINT('',(2.400569275523,-3.836082952782,
    3.964431946643));
#5133 = CARTESIAN_POINT('',(2.62724912184,-4.124285090467,3.997394885429
    ));
#5134 = CARTESIAN_POINT('',(2.88742966671,-4.383305548922,4.030349978579
    ));
#5135 = CARTESIAN_POINT('',(3.176628626427,-4.608689202306,
    4.063306331133));
#5136 = CARTESIAN_POINT('',(3.489641631255,-4.79670837936,4.096273698624
    ));
#5137 = CARTESIAN_POINT('',(4.192703062395,-5.111325115763,
    4.166321250335));
#5138 = CARTESIAN_POINT('',(4.587967823522,-5.227441624466,
    4.203445093435));
#5139 = CARTESIAN_POINT('',(4.997447569393,-5.288998983193,
    4.240546122117));
#5140 = CARTESIAN_POINT('',(5.412131475156,-5.294290159861,
    4.277642079284));
#5141 = CARTESIAN_POINT('',(5.823033719196,-5.24320594334,4.31474352445)
  );
#5142 = CARTESIAN_POINT('',(6.221118690833,-5.13722880299,4.351867814564
    ));
#5143 = CARTESIAN_POINT('',(6.830027713798,-4.883200716878,
    4.411870775725));
#5144 = CARTESIAN_POINT('',(7.054327870262,-4.76671469054,4.434775679685
    ));
#5145 = CARTESIAN_POINT('',(7.268505261127,-4.631542117137,
    4.457678874824));
#5146 = CARTESIAN_POINT('',(7.470725238259,-4.478746799651,
    4.480582441706));
#5147 = CARTESIAN_POINT('',(7.65928376082,-4.309603062067,4.503488856242
    ));
#5148 = CARTESIAN_POINT('',(7.832623736369,-4.125601229873,
    4.526397651085));
#5149 = CARTESIAN_POINT('',(8.198450968016,-3.665584530004,
    4.579849066524));
#5150 = CARTESIAN_POINT('',(8.378140671565,-3.379205630545,4.61040485073
    ));
#5151 = CARTESIAN_POINT('',(8.52516149171,-3.073431067031,4.640953492568
    ));
#5152 = CARTESIAN_POINT('',(8.63713589326,-2.752738571974,4.671498844741
    ));
#5153 = CARTESIAN_POINT('',(8.712394320307,-2.421887080201,4.70205066611
    ));
#5154 = CARTESIAN_POINT('',(8.74999995,-2.085879146186,4.732610917459));
#5155 = CARTESIAN_POINT('',(8.74999995,-1.74999995,4.763159587395));
#5156 = PCURVE('',#1371,#5157);
#5157 = DEFINITIONAL_REPRESENTATION('',(#5158),#5221);
#5158 = B_SPLINE_CURVE_WITH_KNOTS('',7,(#5159,#5160,#5161,#5162,#5163,
    #5164,#5165,#5166,#5167,#5168,#5169,#5170,#5171,#5172,#5173,#5174,
    #5175,#5176,#5177,#5178,#5179,#5180,#5181,#5182,#5183,#5184,#5185,
    #5186,#5187,#5188,#5189,#5190,#5191,#5192,#5193,#5194,#5195,#5196,
    #5197,#5198,#5199,#5200,#5201,#5202,#5203,#5204,#5205,#5206,#5207,
    #5208,#5209,#5210,#5211,#5212,#5213,#5214,#5215,#5216,#5217,#5218,
    #5219,#5220),.UNSPECIFIED.,.F.,.F.,(8,6,6,6,6,6,6,6,6,6,8),(0.,
    9.474587939054E-02,0.209509899502,0.33416208203,0.461393753021,
    0.505569432578,0.56766915831,0.683023430108,0.81288092732,
    0.893060907937,1.),.UNSPECIFIED.);
#5159 = CARTESIAN_POINT('',(0.162758235788,26.375266593434));
#5160 = CARTESIAN_POINT('',(0.162754180291,26.46450541465));
#5161 = CARTESIAN_POINT('',(0.162749988579,26.553765114466));
#5162 = CARTESIAN_POINT('',(0.162746308749,26.643012523573));
#5163 = CARTESIAN_POINT('',(0.162743828105,26.732251841522));
#5164 = CARTESIAN_POINT('',(0.162742837416,26.821499541767));
#5165 = CARTESIAN_POINT('',(0.162743136049,26.910758824419));
#5166 = CARTESIAN_POINT('',(0.162745661228,27.10808215383));
#5167 = CARTESIAN_POINT('',(0.162748283405,27.216222189421));
#5168 = CARTESIAN_POINT('',(0.16275137251,27.324321611662));
#5169 = CARTESIAN_POINT('',(0.162753621705,27.432407141414));
#5170 = CARTESIAN_POINT('',(0.162753996975,27.540504954692));
#5171 = CARTESIAN_POINT('',(0.162753150589,27.648643555744));
#5172 = CARTESIAN_POINT('',(0.162750942444,27.874136938256));
#5173 = CARTESIAN_POINT('',(0.16274954626,27.991613478633));
#5174 = CARTESIAN_POINT('',(0.162749195131,28.109028796595));
#5175 = CARTESIAN_POINT('',(0.162751849538,28.226428323488));
#5176 = CARTESIAN_POINT('',(0.162758431543,28.34384556807));
#5177 = CARTESIAN_POINT('',(0.162764756722,28.46132463441));
#5178 = CARTESIAN_POINT('',(0.16277090194,28.698560395955));
#5179 = CARTESIAN_POINT('',(0.162770588741,28.81847035585));
#5180 = CARTESIAN_POINT('',(0.162763499128,28.938311590308));
#5181 = CARTESIAN_POINT('',(0.162747578205,29.058136993292));
#5182 = CARTESIAN_POINT('',(0.162725521744,29.177985267491));
#5183 = CARTESIAN_POINT('',(0.162721618017,29.297902773294));
#5184 = CARTESIAN_POINT('',(0.16273277336,29.459336012229));
#5185 = CARTESIAN_POINT('',(0.162737433804,29.500941775104));
#5186 = CARTESIAN_POINT('',(0.162742092147,29.542548498477));
#5187 = CARTESIAN_POINT('',(0.162748852183,29.584155825009));
#5188 = CARTESIAN_POINT('',(0.162755147376,29.625763735788));
#5189 = CARTESIAN_POINT('',(0.162755326454,29.667371653169));
#5190 = CARTESIAN_POINT('',(0.162748253194,29.767460210708));
#5191 = CARTESIAN_POINT('',(0.162738626443,29.825950432948));
#5192 = CARTESIAN_POINT('',(0.162730160945,29.88444248646));
#5193 = CARTESIAN_POINT('',(0.162725305539,29.942935917268));
#5194 = CARTESIAN_POINT('',(0.162724225296,30.00143120759));
#5195 = CARTESIAN_POINT('',(0.162726135459,30.059926715089));
#5196 = CARTESIAN_POINT('',(0.162737313012,30.227060719238));
#5197 = CARTESIAN_POINT('',(0.162751492253,30.335759974943));
#5198 = CARTESIAN_POINT('',(0.162766103522,30.444417068253));
#5199 = CARTESIAN_POINT('',(0.162772071492,30.553059353332));
#5200 = CARTESIAN_POINT('',(0.162771910513,30.661713631869));
#5201 = CARTESIAN_POINT('',(0.162768322176,30.77040861057));
#5202 = CARTESIAN_POINT('',(0.162758745249,31.001361218481));
#5203 = CARTESIAN_POINT('',(0.162752488337,31.123763130307));
#5204 = CARTESIAN_POINT('',(0.162748478902,31.246086949695));
#5205 = CARTESIAN_POINT('',(0.162749144548,31.368388067503));
#5206 = CARTESIAN_POINT('',(0.162751244736,31.490705443404));
#5207 = CARTESIAN_POINT('',(0.162752814788,31.613098815258));
#5208 = CARTESIAN_POINT('',(0.162753308146,31.810922445303));
#5209 = CARTESIAN_POINT('',(0.162753016802,31.88643818624));
#5210 = CARTESIAN_POINT('',(0.162752073534,31.961949127416));
#5211 = CARTESIAN_POINT('',(0.162750527974,32.037462064757));
#5212 = CARTESIAN_POINT('',(0.162748658528,32.112984804932));
#5213 = CARTESIAN_POINT('',(0.162746867646,32.188515292247));
#5214 = CARTESIAN_POINT('',(0.162743595332,32.364743894525));
#5215 = CARTESIAN_POINT('',(0.162742417318,32.465485020516));
#5216 = CARTESIAN_POINT('',(0.162742693539,32.56620073824));
#5217 = CARTESIAN_POINT('',(0.162744985422,32.666903031425));
#5218 = CARTESIAN_POINT('',(0.162749021283,32.767624421726));
#5219 = CARTESIAN_POINT('',(0.16275379072,32.868372666368));
#5220 = CARTESIAN_POINT('',(0.162758365814,32.969082976797));
#5221 = ( GEOMETRIC_REPRESENTATION_CONTEXT(2) 
PARAMETRIC_REPRESENTATION_CONTEXT() REPRESENTATION_CONTEXT('2D SPACE',''
  ) );
#5222 = PCURVE('',#3010,#5223);
#5223 = DEFINITIONAL_REPRESENTATION('',(#5224),#5287);
#5224 = B_SPLINE_CURVE_WITH_KNOTS('',7,(#5225,#5226,#5227,#5228,#5229,
    #5230,#5231,#5232,#5233,#5234,#5235,#5236,#5237,#5238,#5239,#5240,
    #5241,#5242,#5243,#5244,#5245,#5246,#5247,#5248,#5249,#5250,#5251,
    #5252,#5253,#5254,#5255,#5256,#5257,#5258,#5259,#5260,#5261,#5262,
    #5263,#5264,#5265,#5266,#5267,#5268,#5269,#5270,#5271,#5272,#5273,
    #5274,#5275,#5276,#5277,#5278,#5279,#5280,#5281,#5282,#5283,#5284,
    #5285,#5286),.UNSPECIFIED.,.F.,.F.,(8,6,6,6,6,6,6,6,6,6,8),(0.,
    9.474587939054E-02,0.209509899502,0.33416208203,0.461393753021,
    0.505569432578,0.56766915831,0.683023430108,0.81288092732,
    0.893060907937,1.),.UNSPECIFIED.);
#5225 = CARTESIAN_POINT('',(0.,8.413159508395));
#5226 = CARTESIAN_POINT('',(8.503444891337E-02,8.440225360484));
#5227 = CARTESIAN_POINT('',(0.170088598013,8.467297492495));
#5228 = CARTESIAN_POINT('',(0.255130871935,8.494366095196));
#5229 = CARTESIAN_POINT('',(0.340165405996,8.521432709085));
#5230 = CARTESIAN_POINT('',(0.425208086638,8.548502443633));
#5231 = CARTESIAN_POINT('',(0.510262132443,8.575576191623));
#5232 = CARTESIAN_POINT('',(0.698289873871,8.635428192825));
#5233 = CARTESIAN_POINT('',(0.801336155559,8.668229648075));
#5234 = CARTESIAN_POINT('',(0.904344375949,8.701018965903));
#5235 = CARTESIAN_POINT('',(1.007339885083,8.733803744006));
#5236 = CARTESIAN_POINT('',(1.110347094526,8.766591520688));
#5237 = CARTESIAN_POINT('',(1.213392637299,8.79939119482));
#5238 = CARTESIAN_POINT('',(1.42826431027,8.867785743976));
#5239 = CARTESIAN_POINT('',(1.540206328075,8.903417536882));
#5240 = CARTESIAN_POINT('',(1.652088888604,8.939031165686));
#5241 = CARTESIAN_POINT('',(1.763955357089,8.974641171149));
#5242 = CARTESIAN_POINT('',(1.875838786364,9.010258074777));
#5243 = CARTESIAN_POINT('',(1.987782126058,9.045893630177));
#5244 = CARTESIAN_POINT('',(2.213841196389,9.117853054404));
#5245 = CARTESIAN_POINT('',(2.328103039721,9.154223358924));
#5246 = CARTESIAN_POINT('',(2.442300398643,9.190570188395));
#5247 = CARTESIAN_POINT('',(2.556483449857,9.226908788866));
#5248 = CARTESIAN_POINT('',(2.670685753258,9.263251945598));
#5249 = CARTESIAN_POINT('',(2.784952953757,9.299623145585));
#5250 = CARTESIAN_POINT('',(2.938780369301,9.348592511976));
#5251 = CARTESIAN_POINT('',(2.978426004162,9.361213950453));
#5252 = CARTESIAN_POINT('',(3.018072470606,9.373835679446));
#5253 = CARTESIAN_POINT('',(3.057719925472,9.386458406962));
#5254 = CARTESIAN_POINT('',(3.097368102504,9.399081131305));
#5255 = CARTESIAN_POINT('',(3.137015739001,9.411701484253));
#5256 = CARTESIAN_POINT('',(3.232389450396,9.442057047308));
#5257 = CARTESIAN_POINT('',(3.288124523961,9.45979424239));
#5258 = CARTESIAN_POINT('',(3.343860888391,9.477532443555));
#5259 = CARTESIAN_POINT('',(3.399598291733,9.495272463404));
#5260 = CARTESIAN_POINT('',(3.455337479554,9.513014512256));
#5261 = CARTESIAN_POINT('',(3.511077007047,9.530757787428));
#5262 = CARTESIAN_POINT('',(3.670337191938,9.581456287033));
#5263 = CARTESIAN_POINT('',(3.773916239432,9.614431846643));
#5264 = CARTESIAN_POINT('',(3.877456264405,9.647394785429));
#5265 = CARTESIAN_POINT('',(3.980982339952,9.680349878579));
#5266 = CARTESIAN_POINT('',(4.084518705602,9.713306231133));
#5267 = CARTESIAN_POINT('',(4.188092806163,9.746273598624));
#5268 = CARTESIAN_POINT('',(4.408163122715,9.816321150335));
#5269 = CARTESIAN_POINT('',(4.524796637365,9.853444993435));
#5270 = CARTESIAN_POINT('',(4.641355286742,9.890546022117));
#5271 = CARTESIAN_POINT('',(4.757893141213,9.927641979284));
#5272 = CARTESIAN_POINT('',(4.87444800213,9.96474342445));
#5273 = CARTESIAN_POINT('',(4.991076366183,10.001867714564));
#5274 = CARTESIAN_POINT('',(5.179582949575,10.061870675725));
#5275 = CARTESIAN_POINT('',(5.251542280014,10.084775579685));
#5276 = CARTESIAN_POINT('',(5.323497118447,10.107678774824));
#5277 = CARTESIAN_POINT('',(5.395453776073,10.130582341706));
#5278 = CARTESIAN_POINT('',(5.467419560938,10.153488756242));
#5279 = CARTESIAN_POINT('',(5.53939245008,10.176397551085));
#5280 = CARTESIAN_POINT('',(5.70731977342,10.229848966524));
#5281 = CARTESIAN_POINT('',(5.80331497774,10.26040475073));
#5282 = CARTESIAN_POINT('',(5.899285458407,10.290953392568));
#5283 = CARTESIAN_POINT('',(5.995242852895,10.321498744741));
#5284 = CARTESIAN_POINT('',(6.091218438003,10.35205056611));
#5285 = CARTESIAN_POINT('',(6.187219822555,10.382610817459));
#5286 = CARTESIAN_POINT('',(6.28318530718,10.413159487395));
#5287 = ( GEOMETRIC_REPRESENTATION_CONTEXT(2) 
PARAMETRIC_REPRESENTATION_CONTEXT() REPRESENTATION_CONTEXT('2D SPACE',''
  ) );
#5288 = ORIENTED_EDGE('',*,*,#5289,.F.);
#5289 = EDGE_CURVE('',#5290,#5090,#5292,.T.);
#5290 = VERTEX_POINT('',#5291);
#5291 = CARTESIAN_POINT('',(8.74999995,-1.74999995,0.76315636653));
#5292 = SURFACE_CURVE('',#5293,(#5366,#5442),.PCURVE_S1.);
#5293 = B_SPLINE_CURVE_WITH_KNOTS('',8,(#5294,#5295,#5296,#5297,#5298,
    #5299,#5300,#5301,#5302,#5303,#5304,#5305,#5306,#5307,#5308,#5309,
    #5310,#5311,#5312,#5313,#5314,#5315,#5316,#5317,#5318,#5319,#5320,
    #5321,#5322,#5323,#5324,#5325,#5326,#5327,#5328,#5329,#5330,#5331,
    #5332,#5333,#5334,#5335,#5336,#5337,#5338,#5339,#5340,#5341,#5342,
    #5343,#5344,#5345,#5346,#5347,#5348,#5349,#5350,#5351,#5352,#5353,
    #5354,#5355,#5356,#5357,#5358,#5359,#5360,#5361,#5362,#5363,#5364,
    #5365),.UNSPECIFIED.,.F.,.F.,(9,7,7,7,7,7,7,7,7,7,9),(0.,
    9.746105711271E-02,0.236818715499,0.342926558813,0.39260703509,
    0.451049524476,0.545180739195,0.642048292587,0.720347649182,
    0.83805277424,1.),.UNSPECIFIED.);
#5294 = CARTESIAN_POINT('',(8.74999995,-1.74999995,0.76315636653));
#5295 = CARTESIAN_POINT('',(8.74999995,-1.493607941332,0.786474550693));
#5296 = CARTESIAN_POINT('',(8.728534647505,-1.237144155227,
    0.809799100708));
#5297 = CARTESIAN_POINT('',(8.685584153913,-0.982796163643,
    0.833122017039));
#5298 = CARTESIAN_POINT('',(8.621413030682,-0.732675565668,
    0.856441645942));
#5299 = CARTESIAN_POINT('',(8.536523003906,-0.488821875692,
    0.879759795621));
#5300 = CARTESIAN_POINT('',(8.431631830465,-0.25319995053,0.903078993931
    ));
#5301 = CARTESIAN_POINT('',(8.307678315754,-2.769095548507E-02,
    0.926399887632));
#5302 = CARTESIAN_POINT('',(7.963060929926,0.491365732272,0.983062015669
    ));
#5303 = CARTESIAN_POINT('',(7.723559433094,0.772744770986,1.016428934009
    ));
#5304 = CARTESIAN_POINT('',(7.45087445594,1.024556732363,1.049783462126)
  );
#5305 = CARTESIAN_POINT('',(7.149377826309,1.242363512213,1.083129634272
    ));
#5306 = CARTESIAN_POINT('',(6.82395930708,1.422486944576,1.116477228141)
  );
#5307 = CARTESIAN_POINT('',(6.480028490474,1.562065149855,1.149834649473
    ));
#5308 = CARTESIAN_POINT('',(6.123465846725,1.659028556334,1.183203784668
    ));
#5309 = CARTESIAN_POINT('',(5.484593530797,1.753269004196,1.241934555242
    ));
#5310 = CARTESIAN_POINT('',(5.193879390821,1.770432211758,1.268317000555
    ));
#5311 = CARTESIAN_POINT('',(4.896151501769,1.759371946549,1.295200785794
    ));
#5312 = CARTESIAN_POINT('',(4.597909303904,1.718573938236,1.322307525633
    ));
#5313 = CARTESIAN_POINT('',(4.304608055132,1.648361849587,1.349467939202
    ));
#5314 = CARTESIAN_POINT('',(4.020664452615,1.550133498516,1.376576032326
    ));
#5315 = CARTESIAN_POINT('',(3.749507127453,1.425843281334,1.403578772983
    ));
#5316 = CARTESIAN_POINT('',(3.373931371933,1.207962064349,1.443070388177
    ));
#5317 = CARTESIAN_POINT('',(3.257299929119,1.133063758832,1.455665102262
    ));
#5318 = CARTESIAN_POINT('',(3.144095240535,1.052915238296,1.468260451315
    ));
#5319 = CARTESIAN_POINT('',(3.034592761708,0.967700016826,1.480856034653
    ));
#5320 = CARTESIAN_POINT('',(2.92905530534,0.877618766411,1.493451360105)
  );
#5321 = CARTESIAN_POINT('',(2.827733041306,0.782889316943,1.50604584402)
  );
#5322 = CARTESIAN_POINT('',(2.730863496657,0.683746656221,1.518638811264
    ));
#5323 = CARTESIAN_POINT('',(2.5302199678,0.458919800965,1.546040764525)
  );
#5324 = CARTESIAN_POINT('',(2.428225072042,0.331620482352,1.560851826343
    ));
#5325 = CARTESIAN_POINT('',(2.333051558888,0.198953431702,1.575663356483
    ));
#5326 = CARTESIAN_POINT('',(2.245029300224,6.134796906137E-02,
    1.59047575788));
#5327 = CARTESIAN_POINT('',(2.164453349276,-8.074572306618E-02,
    1.605289160597));
#5328 = CARTESIAN_POINT('',(2.091583940612,-0.226856599724,
    1.620103421825));
#5329 = CARTESIAN_POINT('',(2.026646490143,-0.3764927535,1.634918125882)
  );
#5330 = CARTESIAN_POINT('',(1.878321888073,-0.77500712009,1.673593699178
    ));
#5331 = CARTESIAN_POINT('',(1.807857455062,-1.028756263894,
    1.697460265443));
#5332 = CARTESIAN_POINT('',(1.759259173435,-1.288220924993,
    1.721325149637));
#5333 = CARTESIAN_POINT('',(1.733041277388,-1.551197027078,
    1.745187054561));
#5334 = CARTESIAN_POINT('',(1.729455627192,-1.81545478072,1.769047949639
    ));
#5335 = CARTESIAN_POINT('',(1.748505207812,-2.078748071934,
    1.792910192311));
#5336 = CARTESIAN_POINT('',(1.789926856914,-2.338822797076,
    1.816773340387));
#5337 = CARTESIAN_POINT('',(1.918197249893,-2.855426601458,
    1.865181488336));
#5338 = CARTESIAN_POINT('',(2.006362324989,-3.111756734943,
    1.889737550634));
#5339 = CARTESIAN_POINT('',(2.117044800641,-3.35994686636,1.914291494745
    ));
#5340 = CARTESIAN_POINT('',(2.24934006647,-3.597696443601,1.938842904168
    ));
#5341 = CARTESIAN_POINT('',(2.402085421007,-3.822852503266,
    1.963394697039));
#5342 = CARTESIAN_POINT('',(2.573881677998,-4.03340889051,1.987949642212
    ));
#5343 = CARTESIAN_POINT('',(2.763083506642,-4.227524236096,
    2.012506987776));
#5344 = CARTESIAN_POINT('',(3.13320008218,-4.545849726678,2.056905089623
    ));
#5345 = CARTESIAN_POINT('',(3.308810005865,-4.676377814645,
    2.076754562611));
#5346 = CARTESIAN_POINT('',(3.493585594087,-4.794268050062,
    2.096604187323));
#5347 = CARTESIAN_POINT('',(3.686453393516,-4.898773676022,
    2.116453073754));
#5348 = CARTESIAN_POINT('',(3.886279983856,-4.989263076261,
    2.136301682669));
#5349 = CARTESIAN_POINT('',(4.091877816388,-5.065216118887,
    2.156150611068));
#5350 = CARTESIAN_POINT('',(4.302006087429,-5.126229850786,
    2.175999355974));
#5351 = CARTESIAN_POINT('',(4.836105314262,-5.240888888661,
    2.225678515874));
#5352 = CARTESIAN_POINT('',(5.164376154602,-5.275420659666,
    2.255526225963));
#5353 = CARTESIAN_POINT('',(5.495666901865,-5.274602390838,
    2.285366892983));
#5354 = CARTESIAN_POINT('',(5.825520491006,-5.23822423094,2.31520155415)
  );
#5355 = CARTESIAN_POINT('',(6.149571694057,-5.166712941816,
    2.345036370888));
#5356 = CARTESIAN_POINT('',(6.46355414044,-5.061071026218,2.374877529207
    ));
#5357 = CARTESIAN_POINT('',(6.763324393656,-4.922926999126,
    2.404726327552));
#5358 = CARTESIAN_POINT('',(7.432430303846,-4.523214557309,2.47561334125
    ));
#5359 = CARTESIAN_POINT('',(7.78645314792,-4.234239577999,2.516734505358
    ));
#5360 = CARTESIAN_POINT('',(8.095945142492,-3.893925085495,
    2.557815282707));
#5361 = CARTESIAN_POINT('',(8.352681260471,-3.510620082573,
    2.598871880639));
#5362 = CARTESIAN_POINT('',(8.550058636281,-3.093646480068,
    2.639925448917));
#5363 = CARTESIAN_POINT('',(8.683478040564,-2.653448673784,
    2.680999473679));
#5364 = CARTESIAN_POINT('',(8.74999995,-2.201355417424,2.722112982243));
#5365 = CARTESIAN_POINT('',(8.74999995,-1.74999995,2.763159608395));
#5366 = PCURVE('',#1371,#5367);
#5367 = DEFINITIONAL_REPRESENTATION('',(#5368),#5441);
#5368 = B_SPLINE_CURVE_WITH_KNOTS('',8,(#5369,#5370,#5371,#5372,#5373,
    #5374,#5375,#5376,#5377,#5378,#5379,#5380,#5381,#5382,#5383,#5384,
    #5385,#5386,#5387,#5388,#5389,#5390,#5391,#5392,#5393,#5394,#5395,
    #5396,#5397,#5398,#5399,#5400,#5401,#5402,#5403,#5404,#5405,#5406,
    #5407,#5408,#5409,#5410,#5411,#5412,#5413,#5414,#5415,#5416,#5417,
    #5418,#5419,#5420,#5421,#5422,#5423,#5424,#5425,#5426,#5427,#5428,
    #5429,#5430,#5431,#5432,#5433,#5434,#5435,#5436,#5437,#5438,#5439,
    #5440),.UNSPECIFIED.,.F.,.F.,(9,7,7,7,7,7,7,7,7,7,9),(0.,
    9.746105711271E-02,0.236818715499,0.342926558813,0.39260703509,
    0.451049524476,0.545180739195,0.642048292587,0.720347649182,
    0.83805277424,1.),.UNSPECIFIED.);
#5369 = CARTESIAN_POINT('',(0.162748076103,19.781452284548));
#5370 = CARTESIAN_POINT('',(0.162749785639,19.858328012514));
#5371 = CARTESIAN_POINT('',(0.162751497986,19.935224724514));
#5372 = CARTESIAN_POINT('',(0.162752895713,20.012116452928));
#5373 = CARTESIAN_POINT('',(0.162753671713,20.088998138426));
#5374 = CARTESIAN_POINT('',(0.162753705505,20.165875896634));
#5375 = CARTESIAN_POINT('',(0.162753127593,20.242757894684));
#5376 = CARTESIAN_POINT('',(0.162752271907,20.319645837669));
#5377 = CARTESIAN_POINT('',(0.162750435879,20.506458027421));
#5378 = CARTESIAN_POINT('',(0.162749554498,20.616466825389));
#5379 = CARTESIAN_POINT('',(0.162749989847,20.726433089315));
#5380 = CARTESIAN_POINT('',(0.162752914736,20.836368619277));
#5381 = CARTESIAN_POINT('',(0.162758987533,20.946304809137));
#5382 = CARTESIAN_POINT('',(0.162765791234,21.056272464121));
#5383 = CARTESIAN_POINT('',(0.162769678368,21.166282470061));
#5384 = CARTESIAN_POINT('',(0.162768734764,21.359913642821));
#5385 = CARTESIAN_POINT('',(0.162765733474,21.446897985819));
#5386 = CARTESIAN_POINT('',(0.162759180986,21.53553974395));
#5387 = CARTESIAN_POINT('',(0.162748569614,21.624921755863));
#5388 = CARTESIAN_POINT('',(0.1627357637,21.714483532811));
#5389 = CARTESIAN_POINT('',(0.162725683941,21.803869326197));
#5390 = CARTESIAN_POINT('',(0.162723836326,21.892897250044));
#5391 = CARTESIAN_POINT('',(0.162731076819,22.023088220916));
#5392 = CARTESIAN_POINT('',(0.162735569435,22.064606090639));
#5393 = CARTESIAN_POINT('',(0.162741196957,22.106124601814));
#5394 = CARTESIAN_POINT('',(0.162746922152,22.147643760435));
#5395 = CARTESIAN_POINT('',(0.162751719295,22.189163256169));
#5396 = CARTESIAN_POINT('',(0.162754574165,22.230682462353));
#5397 = CARTESIAN_POINT('',(0.162754484045,22.272200435998));
#5398 = CARTESIAN_POINT('',(0.162745721295,22.362553374385));
#5399 = CARTESIAN_POINT('',(0.162738820126,22.411392916467));
#5400 = CARTESIAN_POINT('',(0.162732030036,22.460233860446));
#5401 = CARTESIAN_POINT('',(0.162726925749,22.509075520073));
#5402 = CARTESIAN_POINT('',(0.162724380899,22.557917206436));
#5403 = CARTESIAN_POINT('',(0.162724568027,22.606758227958));
#5404 = CARTESIAN_POINT('',(0.162726958585,22.655597890397));
#5405 = CARTESIAN_POINT('',(0.162735741761,22.783096472241));
#5406 = CARTESIAN_POINT('',(0.162744653851,22.861770950836));
#5407 = CARTESIAN_POINT('',(0.162754592003,22.940438571074));
#5408 = CARTESIAN_POINT('',(0.162762949532,23.019098391172));
#5409 = CARTESIAN_POINT('',(0.162768186525,23.097758874274));
#5410 = CARTESIAN_POINT('',(0.1627702158,23.176427904185));
#5411 = CARTESIAN_POINT('',(0.16276996856,23.255102831681));
#5412 = CARTESIAN_POINT('',(0.162766257771,23.414704804443));
#5413 = CARTESIAN_POINT('',(0.162762732911,23.495668399947));
#5414 = CARTESIAN_POINT('',(0.162758511891,23.576625902647));
#5415 = CARTESIAN_POINT('',(0.16275470601,23.65757451759));
#5416 = CARTESIAN_POINT('',(0.162752054403,23.738522919959));
#5417 = CARTESIAN_POINT('',(0.162750710899,23.819480041603));
#5418 = CARTESIAN_POINT('',(0.162750354477,23.900443814254));
#5419 = CARTESIAN_POINT('',(0.162750840609,24.046819663208));
#5420 = CARTESIAN_POINT('',(0.162751461407,24.112260761395));
#5421 = CARTESIAN_POINT('',(0.162752280811,24.177702105714));
#5422 = CARTESIAN_POINT('',(0.162753026761,24.243141109961));
#5423 = CARTESIAN_POINT('',(0.162753465506,24.308579592298));
#5424 = CARTESIAN_POINT('',(0.162753463588,24.374019691723));
#5425 = CARTESIAN_POINT('',(0.162753006345,24.439459768728));
#5426 = CARTESIAN_POINT('',(0.162750920079,24.603250072956));
#5427 = CARTESIAN_POINT('',(0.162748817186,24.70165792679));
#5428 = CARTESIAN_POINT('',(0.162746118148,24.800043322968));
#5429 = CARTESIAN_POINT('',(0.162743579522,24.898408713171));
#5430 = CARTESIAN_POINT('',(0.162742162979,24.996773180697));
#5431 = CARTESIAN_POINT('',(0.162742479945,25.095156338003));
#5432 = CARTESIAN_POINT('',(0.162744445275,25.193562574872));
#5433 = CARTESIAN_POINT('',(0.162751956762,25.427260949248));
#5434 = CARTESIAN_POINT('',(0.16275857943,25.562825183914));
#5435 = CARTESIAN_POINT('',(0.162766265045,25.69825490722));
#5436 = CARTESIAN_POINT('',(0.162772386182,25.833606914775));
#5437 = CARTESIAN_POINT('',(0.162773635517,25.968955166789));
#5438 = CARTESIAN_POINT('',(0.162770236393,26.104376809132));
#5439 = CARTESIAN_POINT('',(0.162764386137,26.239931761905));
#5440 = CARTESIAN_POINT('',(0.162758235788,26.375266593434));
#5441 = ( GEOMETRIC_REPRESENTATION_CONTEXT(2) 
PARAMETRIC_REPRESENTATION_CONTEXT() REPRESENTATION_CONTEXT('2D SPACE',''
  ) );
#5442 = PCURVE('',#2796,#5443);
#5443 = DEFINITIONAL_REPRESENTATION('',(#5444),#5517);
#5444 = B_SPLINE_CURVE_WITH_KNOTS('',8,(#5445,#5446,#5447,#5448,#5449,
    #5450,#5451,#5452,#5453,#5454,#5455,#5456,#5457,#5458,#5459,#5460,
    #5461,#5462,#5463,#5464,#5465,#5466,#5467,#5468,#5469,#5470,#5471,
    #5472,#5473,#5474,#5475,#5476,#5477,#5478,#5479,#5480,#5481,#5482,
    #5483,#5484,#5485,#5486,#5487,#5488,#5489,#5490,#5491,#5492,#5493,
    #5494,#5495,#5496,#5497,#5498,#5499,#5500,#5501,#5502,#5503,#5504,
    #5505,#5506,#5507,#5508,#5509,#5510,#5511,#5512,#5513,#5514,#5515,
    #5516),.UNSPECIFIED.,.F.,.F.,(9,7,7,7,7,7,7,7,7,7,9),(0.,
    9.746105711271E-02,0.236818715499,0.342926558813,0.39260703509,
    0.451049524476,0.545180739195,0.642048292587,0.720347649182,
    0.83805277424,1.),.UNSPECIFIED.);
#5445 = CARTESIAN_POINT('',(0.,6.41315626653));
#5446 = CARTESIAN_POINT('',(7.325485961953E-02,6.436474450693));
#5447 = CARTESIAN_POINT('',(0.146529962692,6.459799000708));
#5448 = CARTESIAN_POINT('',(0.219800511715,6.483121917039));
#5449 = CARTESIAN_POINT('',(0.293061566741,6.506441545942));
#5450 = CARTESIAN_POINT('',(0.366318798215,6.529759695621));
#5451 = CARTESIAN_POINT('',(0.43957982834,6.553078893931));
#5452 = CARTESIAN_POINT('',(0.512846160993,6.576399787632));
#5453 = CARTESIAN_POINT('',(0.690858081649,6.633061915669));
#5454 = CARTESIAN_POINT('',(0.795683823944,6.666428834009));
#5455 = CARTESIAN_POINT('',(0.900468119143,6.699783362126));
#5456 = CARTESIAN_POINT('',(1.005222420225,6.733129534272));
#5457 = CARTESIAN_POINT('',(1.109977302469,6.766477128141));
#5458 = CARTESIAN_POINT('',(1.21476305713,6.799834549473));
#5459 = CARTESIAN_POINT('',(1.319590257897,6.833203684668));
#5460 = CARTESIAN_POINT('',(1.504100441914,6.891934455242));
#5461 = CARTESIAN_POINT('',(1.586987851287,6.918316900555));
#5462 = CARTESIAN_POINT('',(1.671454969876,6.945200685794));
#5463 = CARTESIAN_POINT('',(1.756627572239,6.972307425633));
#5464 = CARTESIAN_POINT('',(1.841970857657,6.999467839202));
#5465 = CARTESIAN_POINT('',(1.927145483659,7.026575932326));
#5466 = CARTESIAN_POINT('',(2.011978717494,7.053578672983));
#5467 = CARTESIAN_POINT('',(2.136035772455,7.093070288177));
#5468 = CARTESIAN_POINT('',(2.175597630799,7.105665002262));
#5469 = CARTESIAN_POINT('',(2.215160180674,7.118260351315));
#5470 = CARTESIAN_POINT('',(2.254723414065,7.130855934653));
#5471 = CARTESIAN_POINT('',(2.294287020453,7.143451260105));
#5472 = CARTESIAN_POINT('',(2.333850386816,7.15604574402));
#5473 = CARTESIAN_POINT('',(2.373412597632,7.168638711264));
#5474 = CARTESIAN_POINT('',(2.459509335117,7.196040664525));
#5475 = CARTESIAN_POINT('',(2.506048128331,7.210851726343));
#5476 = CARTESIAN_POINT('',(2.552588129616,7.225663256483));
#5477 = CARTESIAN_POINT('',(2.599128684618,7.24047565788));
#5478 = CARTESIAN_POINT('',(2.645669169529,7.255289060597));
#5479 = CARTESIAN_POINT('',(2.692208991093,7.270103321825));
#5480 = CARTESIAN_POINT('',(2.738747586602,7.284918025882));
#5481 = CARTESIAN_POINT('',(2.860239633191,7.323593599178));
#5482 = CARTESIAN_POINT('',(2.935208072524,7.347460165443));
#5483 = CARTESIAN_POINT('',(3.010170503459,7.371325049637));
#5484 = CARTESIAN_POINT('',(3.08512581929,7.395186954561));
#5485 = CARTESIAN_POINT('',(3.160081744352,7.419047849639));
#5486 = CARTESIAN_POINT('',(3.235045492511,7.442910092311));
#5487 = CARTESIAN_POINT('',(3.310014384845,7.466773240387));
#5488 = CARTESIAN_POINT('',(3.462097279647,7.515181388336));
#5489 = CARTESIAN_POINT('',(3.539246082183,7.539737450634));
#5490 = CARTESIAN_POINT('',(3.616388587143,7.564291394745));
#5491 = CARTESIAN_POINT('',(3.693522314496,7.588842804168));
#5492 = CARTESIAN_POINT('',(3.770655794917,7.613394597039));
#5493 = CARTESIAN_POINT('',(3.847797793512,7.637949542212));
#5494 = CARTESIAN_POINT('',(3.924946513465,7.662506887776));
#5495 = CARTESIAN_POINT('',(4.064425836032,7.706904989623));
#5496 = CARTESIAN_POINT('',(4.126783945639,7.726754462611));
#5497 = CARTESIAN_POINT('',(4.189142602524,7.746604087323));
#5498 = CARTESIAN_POINT('',(4.251499324972,7.766452973754));
#5499 = CARTESIAN_POINT('',(4.313855786784,7.786301582669));
#5500 = CARTESIAN_POINT('',(4.376213939394,7.806150511068));
#5501 = CARTESIAN_POINT('',(4.438572124812,7.825999255974));
#5502 = CARTESIAN_POINT('',(4.594648683491,7.875678415874));
#5503 = CARTESIAN_POINT('',(4.6884219363,7.905526125963));
#5504 = CARTESIAN_POINT('',(4.782173458031,7.935366792983));
#5505 = CARTESIAN_POINT('',(4.875905358296,7.96520145415));
#5506 = CARTESIAN_POINT('',(4.969635805186,7.995036270888));
#5507 = CARTESIAN_POINT('',(5.063383651938,8.024877429207));
#5508 = CARTESIAN_POINT('',(5.157153307148,8.054726227552));
#5509 = CARTESIAN_POINT('',(5.379840560193,8.12561324125));
#5510 = CARTESIAN_POINT('',(5.509017430847,8.166734405358));
#5511 = CARTESIAN_POINT('',(5.638066579907,8.207815182707));
#5512 = CARTESIAN_POINT('',(5.767042480932,8.248871780639));
#5513 = CARTESIAN_POINT('',(5.896015281629,8.289925348917));
#5514 = CARTESIAN_POINT('',(6.025057705053,8.330999373679));
#5515 = CARTESIAN_POINT('',(6.154226602201,8.372112882243));
#5516 = CARTESIAN_POINT('',(6.28318530718,8.413159508395));
#5517 = ( GEOMETRIC_REPRESENTATION_CONTEXT(2) 
PARAMETRIC_REPRESENTATION_CONTEXT() REPRESENTATION_CONTEXT('2D SPACE',''
  ) );
#5518 = ORIENTED_EDGE('',*,*,#5519,.F.);
#5519 = EDGE_CURVE('',#4205,#5290,#5520,.T.);
#5520 = SURFACE_CURVE('',#5521,(#5594,#5670),.PCURVE_S1.);
#5521 = B_SPLINE_CURVE_WITH_KNOTS('',8,(#5522,#5523,#5524,#5525,#5526,
    #5527,#5528,#5529,#5530,#5531,#5532,#5533,#5534,#5535,#5536,#5537,
    #5538,#5539,#5540,#5541,#5542,#5543,#5544,#5545,#5546,#5547,#5548,
    #5549,#5550,#5551,#5552,#5553,#5554,#5555,#5556,#5557,#5558,#5559,
    #5560,#5561,#5562,#5563,#5564,#5565,#5566,#5567,#5568,#5569,#5570,
    #5571,#5572,#5573,#5574,#5575,#5576,#5577,#5578,#5579,#5580,#5581,
    #5582,#5583,#5584,#5585,#5586,#5587,#5588,#5589,#5590,#5591,#5592,
    #5593),.UNSPECIFIED.,.F.,.F.,(9,7,7,7,7,7,7,7,7,7,9),(0.,
    9.873307276535E-02,0.20277851535,0.254943887005,0.315052257153,
    0.411733670271,0.51389399235,0.615543261186,0.725322032404,
    0.864280511697,1.),.UNSPECIFIED.);
#5522 = CARTESIAN_POINT('',(8.74999995,-1.74999995,-1.236844530052));
#5523 = CARTESIAN_POINT('',(8.74999995,-1.478701017945,-1.212170655547)
  );
#5524 = CARTESIAN_POINT('',(8.725966060044,-1.207327020331,
    -1.187489610339));
#5525 = CARTESIAN_POINT('',(8.67787634896,-0.938461180708,
    -1.162809809239));
#5526 = CARTESIAN_POINT('',(8.606061210757,-0.674594925164,
    -1.138132411376));
#5527 = CARTESIAN_POINT('',(8.511143762827,-0.418134215419,
    -1.113455025185));
#5528 = CARTESIAN_POINT('',(8.394016479982,-0.171395307028,
    -1.088775234648));
#5529 = CARTESIAN_POINT('',(8.255854064291,6.341006730053E-02,
    -1.064093946796));
#5530 = CARTESIAN_POINT('',(7.931986386464,0.516869800743,
    -1.013415505795));
#5531 = CARTESIAN_POINT('',(7.744043066732,0.734087252519,
    -0.987406815918));
#5532 = CARTESIAN_POINT('',(7.536069793766,0.93338046968,-0.961402265248
    ));
#5533 = CARTESIAN_POINT('',(7.310088841255,1.112621726657,
    -0.935402671189));
#5534 = CARTESIAN_POINT('',(7.068352373348,1.269975041591,
    -0.909403580382));
#5535 = CARTESIAN_POINT('',(6.813316577375,1.403885021538,
    -0.883399789057));
#5536 = CARTESIAN_POINT('',(6.547645110302,1.513107058497,-0.85739069747
    ));
#5537 = CARTESIAN_POINT('',(6.137165386694,1.638729502496,
    -0.818348746167));
#5538 = CARTESIAN_POINT('',(5.998122874837,1.674264469384,-0.80531004911
    ));
#5539 = CARTESIAN_POINT('',(5.857463683914,1.703276421373,
    -0.792270668574));
#5540 = CARTESIAN_POINT('',(5.715543372817,1.725680979868,-0.77923013117
    ));
#5541 = CARTESIAN_POINT('',(5.572723410057,1.741416455945,
    -0.766188543812));
#5542 = CARTESIAN_POINT('',(5.429370937652,1.750444453544,
    -0.753147029524));
#5543 = CARTESIAN_POINT('',(5.285858587603,1.752751363152,
    -0.740107284033));
#5544 = CARTESIAN_POINT('',(4.977451312547,1.743280065613,
    -0.712048129291));
#5545 = CARTESIAN_POINT('',(4.812600399429,1.729302859122,-0.69702661138
    ));
#5546 = CARTESIAN_POINT('',(4.648578225407,1.706434376749,
    -0.682004618274));
#5547 = CARTESIAN_POINT('',(4.485945054383,1.674733847608,
    -0.666981470476));
#5548 = CARTESIAN_POINT('',(4.325254701729,1.634302165649,
    -0.651956872753));
#5549 = CARTESIAN_POINT('',(4.167053908554,1.585281650288,
    -0.636930994238));
#5550 = CARTESIAN_POINT('',(4.0118811889,1.527857881734,-0.621904646057)
  );
#5551 = CARTESIAN_POINT('',(3.616398066632,1.356758391469,
    -0.582712424841));
#5552 = CARTESIAN_POINT('',(3.381628168991,1.230069801284,
    -0.558538297187));
#5553 = CARTESIAN_POINT('',(3.158183037156,1.083142332886,
    -0.534365524174));
#5554 = CARTESIAN_POINT('',(2.948088205214,0.917182749294,
    -0.510195992697));
#5555 = CARTESIAN_POINT('',(2.753192552312,0.733614724348,
    -0.486027815089));
#5556 = CARTESIAN_POINT('',(2.575172444685,0.534058931137,
    -0.461858356185));
#5557 = CARTESIAN_POINT('',(2.415514628527,0.320338578597,
    -0.437687598256));
#5558 = CARTESIAN_POINT('',(2.127505274647,-0.144115406729,
    -0.387986622693));
#5559 = CARTESIAN_POINT('',(2.001374502574,-0.396366968642,
    -0.362445820949));
#5560 = CARTESIAN_POINT('',(1.898609219815,-0.65982587743,
    -0.336907850621));
#5561 = CARTESIAN_POINT('',(1.820337232733,-0.931952258851,
    -0.311372894468));
#5562 = CARTESIAN_POINT('',(1.767353744804,-1.210112165279,
    -0.285837289063));
#5563 = CARTESIAN_POINT('',(1.740139748688,-1.4915949342,-0.260297760652
    ));
#5564 = CARTESIAN_POINT('',(1.738835557252,-1.773620516368,
    -0.234755513744));
#5565 = CARTESIAN_POINT('',(1.787381660348,-2.331653760621,
    -0.18381257073));
#5566 = CARTESIAN_POINT('',(1.836991177218,-2.6078575753,-0.158396301418
    ));
#5567 = CARTESIAN_POINT('',(1.911780796234,-2.879119400968,
    -0.132982233622));
#5568 = CARTESIAN_POINT('',(2.011141139648,-3.142756618533,
    -0.107572224716));
#5569 = CARTESIAN_POINT('',(2.134143612809,-3.396217785704,
    -8.216334371522E-02));
#5570 = CARTESIAN_POINT('',(2.27957119365,-3.637083773499,
    -5.675200904564E-02));
#5571 = CARTESIAN_POINT('',(2.445907078741,-3.86308506006,
    -3.133804070431E-02));
#5572 = CARTESIAN_POINT('',(2.831480773536,-4.297904296975,
    2.151293050859E-02));
#5573 = CARTESIAN_POINT('',(3.054002071113,-4.504033843456,
    4.896497119881E-02));
#5574 = CARTESIAN_POINT('',(3.296493601697,-4.687814965031,
    7.641232666936E-02));
#5575 = CARTESIAN_POINT('',(3.556290937422,-4.847026372374,
    0.103855119097));
#5576 = CARTESIAN_POINT('',(3.830504666967,-4.979851846696,
    0.131297597919));
#5577 = CARTESIAN_POINT('',(4.116048600019,-5.084850653075,
    0.158744258395));
#5578 = CARTESIAN_POINT('',(4.409633798373,-5.160988970852,
    0.186196379793));
#5579 = CARTESIAN_POINT('',(5.085115990852,-5.266918686396,
    0.248383067297));
#5580 = CARTESIAN_POINT('',(5.470186227675,-5.279081201547,
    0.283154449661));
#5581 = CARTESIAN_POINT('',(5.855629656743,-5.242932420444,
    0.317909337673));
#5582 = CARTESIAN_POINT('',(6.234391660538,-5.158803336469,
    0.352651564331));
#5583 = CARTESIAN_POINT('',(6.599686256321,-5.028061717896,
    0.387392004384));
#5584 = CARTESIAN_POINT('',(6.945049021373,-4.853172932114,
    0.422142415505));
#5585 = CARTESIAN_POINT('',(7.264346724407,-4.637614278761,
    0.456908507841));
#5586 = CARTESIAN_POINT('',(7.83309371137,-4.140985794993,0.525574214028
    ));
#5587 = CARTESIAN_POINT('',(8.084435139767,-3.861178053601,
    0.559527879118));
#5588 = CARTESIAN_POINT('',(8.300817437061,-3.551399453471,
    0.593467440007));
#5589 = CARTESIAN_POINT('',(8.478228367546,-3.216852263087,
    0.627397396739));
#5590 = CARTESIAN_POINT('',(8.613535224795,-2.863174292535,
    0.661328281739));
#5591 = CARTESIAN_POINT('',(8.704552375274,-2.496432528243,
    0.695270143569));
#5592 = CARTESIAN_POINT('',(8.74999995,-2.123072270933,0.72922641243));
#5593 = CARTESIAN_POINT('',(8.74999995,-1.74999995,0.76315636653));
#5594 = PCURVE('',#1371,#5595);
#5595 = DEFINITIONAL_REPRESENTATION('',(#5596),#5669);
#5596 = B_SPLINE_CURVE_WITH_KNOTS('',8,(#5597,#5598,#5599,#5600,#5601,
    #5602,#5603,#5604,#5605,#5606,#5607,#5608,#5609,#5610,#5611,#5612,
    #5613,#5614,#5615,#5616,#5617,#5618,#5619,#5620,#5621,#5622,#5623,
    #5624,#5625,#5626,#5627,#5628,#5629,#5630,#5631,#5632,#5633,#5634,
    #5635,#5636,#5637,#5638,#5639,#5640,#5641,#5642,#5643,#5644,#5645,
    #5646,#5647,#5648,#5649,#5650,#5651,#5652,#5653,#5654,#5655,#5656,
    #5657,#5658,#5659,#5660,#5661,#5662,#5663,#5664,#5665,#5666,#5667,
    #5668),.UNSPECIFIED.,.F.,.F.,(9,7,7,7,7,7,7,7,7,7,9),(0.,
    9.873307276535E-02,0.20277851535,0.254943887005,0.315052257153,
    0.411733670271,0.51389399235,0.615543261186,0.725322032404,
    0.864280511697,1.),.UNSPECIFIED.);
#5597 = CARTESIAN_POINT('',(0.162750597556,13.187629483727));
#5598 = CARTESIAN_POINT('',(0.162750979045,13.268976497536));
#5599 = CARTESIAN_POINT('',(0.162752250522,13.350346013854));
#5600 = CARTESIAN_POINT('',(0.162754672753,13.431709956202));
#5601 = CARTESIAN_POINT('',(0.162758309621,13.5130644213));
#5602 = CARTESIAN_POINT('',(0.162762661448,13.594417933205));
#5603 = CARTESIAN_POINT('',(0.162766666934,13.675779815126));
#5604 = CARTESIAN_POINT('',(0.162769073709,13.757148678927));
#5605 = CARTESIAN_POINT('',(0.162769286897,13.924230579419));
#5606 = CARTESIAN_POINT('',(0.162766772348,14.009982062281));
#5607 = CARTESIAN_POINT('',(0.162761111207,14.095723924278));
#5608 = CARTESIAN_POINT('',(0.162751588192,14.181454385633));
#5609 = CARTESIAN_POINT('',(0.162739703067,14.267186209864));
#5610 = CARTESIAN_POINT('',(0.162729382629,14.352931529414));
#5611 = CARTESIAN_POINT('',(0.162724997016,14.438686730471));
#5612 = CARTESIAN_POINT('',(0.162728275014,14.567400270288));
#5613 = CARTESIAN_POINT('',(0.16273126598,14.610383832351));
#5614 = CARTESIAN_POINT('',(0.162735097433,14.653368572472));
#5615 = CARTESIAN_POINT('',(0.162740889373,14.696354618466));
#5616 = CARTESIAN_POINT('',(0.1627482187,14.739342159147));
#5617 = CARTESIAN_POINT('',(0.162754212407,14.782331167697));
#5618 = CARTESIAN_POINT('',(0.162755452887,14.825320425892));
#5619 = CARTESIAN_POINT('',(0.162749517948,14.917836479425));
#5620 = CARTESIAN_POINT('',(0.16274221636,14.967370388236));
#5621 = CARTESIAN_POINT('',(0.162734666835,15.016906180937));
#5622 = CARTESIAN_POINT('',(0.162728875935,15.066443530577));
#5623 = CARTESIAN_POINT('',(0.162725591998,15.11598245309));
#5624 = CARTESIAN_POINT('',(0.162724799095,15.165522411242));
#5625 = CARTESIAN_POINT('',(0.162726093492,15.215061247372));
#5626 = CARTESIAN_POINT('',(0.162733525295,15.344264898969));
#5627 = CARTESIAN_POINT('',(0.16274217005,15.423953721286));
#5628 = CARTESIAN_POINT('',(0.16275244033,15.503635997807));
#5629 = CARTESIAN_POINT('',(0.162761445862,15.583309205392));
#5630 = CARTESIAN_POINT('',(0.162767349999,15.662981917287));
#5631 = CARTESIAN_POINT('',(0.162769908882,15.742663133371));
#5632 = CARTESIAN_POINT('',(0.162770042418,15.822351735187));
#5633 = CARTESIAN_POINT('',(0.162766740755,15.986215518618));
#5634 = CARTESIAN_POINT('',(0.162763140505,16.070425806242));
#5635 = CARTESIAN_POINT('',(0.162758677071,16.154627863294));
#5636 = CARTESIAN_POINT('',(0.162754639017,16.238819438663));
#5637 = CARTESIAN_POINT('',(0.162751885176,16.323011511547));
#5638 = CARTESIAN_POINT('',(0.16275057522,16.40721467093));
#5639 = CARTESIAN_POINT('',(0.16275030835,16.491425458434));
#5640 = CARTESIAN_POINT('',(0.162751030059,16.659378747221));
#5641 = CARTESIAN_POINT('',(0.162752002806,16.743172612189));
#5642 = CARTESIAN_POINT('',(0.162753144788,16.826959002442));
#5643 = CARTESIAN_POINT('',(0.162753854259,16.910732564257));
#5644 = CARTESIAN_POINT('',(0.162753729699,16.994503474524));
#5645 = CARTESIAN_POINT('',(0.162752731078,17.078283592576));
#5646 = CARTESIAN_POINT('',(0.162751143949,17.162073146534));
#5647 = CARTESIAN_POINT('',(0.162747405083,17.336322736156));
#5648 = CARTESIAN_POINT('',(0.16274521956,17.426832393355));
#5649 = CARTESIAN_POINT('',(0.162743267008,17.517326305754));
#5650 = CARTESIAN_POINT('',(0.162742206107,17.60780403345));
#5651 = CARTESIAN_POINT('',(0.162742548347,17.698278932054));
#5652 = CARTESIAN_POINT('',(0.16274440601,17.78876567837));
#5653 = CARTESIAN_POINT('',(0.162747440254,17.87926892354));
#5654 = CARTESIAN_POINT('',(0.162755806619,18.084282026466));
#5655 = CARTESIAN_POINT('',(0.162761539199,18.198912751711));
#5656 = CARTESIAN_POINT('',(0.162767263681,18.313489106948));
#5657 = CARTESIAN_POINT('',(0.162771399232,18.428025751725));
#5658 = CARTESIAN_POINT('',(0.162772457707,18.542560443012));
#5659 = CARTESIAN_POINT('',(0.162770420622,18.657131968419));
#5660 = CARTESIAN_POINT('',(0.162766311258,18.771757844607));
#5661 = CARTESIAN_POINT('',(0.162756580621,18.998154831187));
#5662 = CARTESIAN_POINT('',(0.162750989223,19.110104105336));
#5663 = CARTESIAN_POINT('',(0.162745787086,19.222006381213));
#5664 = CARTESIAN_POINT('',(0.162742356191,19.333874726955));
#5665 = CARTESIAN_POINT('',(0.162741638906,19.445742661348));
#5666 = CARTESIAN_POINT('',(0.162743108107,19.557643987973));
#5667 = CARTESIAN_POINT('',(0.162745588582,19.669591519447));
#5668 = CARTESIAN_POINT('',(0.162748076103,19.781452284548));
#5669 = ( GEOMETRIC_REPRESENTATION_CONTEXT(2) 
PARAMETRIC_REPRESENTATION_CONTEXT() REPRESENTATION_CONTEXT('2D SPACE',''
  ) );
#5670 = PCURVE('',#5671,#5676);
#5671 = CYLINDRICAL_SURFACE('',#5672,3.5);
#5672 = AXIS2_PLACEMENT_3D('',#5673,#5674,#5675);
#5673 = CARTESIAN_POINT('',(5.24999995,-1.74999995,-5.6499999));
#5674 = DIRECTION('',(0.,0.,1.));
#5675 = DIRECTION('',(1.,0.,0.));
#5676 = DEFINITIONAL_REPRESENTATION('',(#5677),#5750);
#5677 = B_SPLINE_CURVE_WITH_KNOTS('',8,(#5678,#5679,#5680,#5681,#5682,
    #5683,#5684,#5685,#5686,#5687,#5688,#5689,#5690,#5691,#5692,#5693,
    #5694,#5695,#5696,#5697,#5698,#5699,#5700,#5701,#5702,#5703,#5704,
    #5705,#5706,#5707,#5708,#5709,#5710,#5711,#5712,#5713,#5714,#5715,
    #5716,#5717,#5718,#5719,#5720,#5721,#5722,#5723,#5724,#5725,#5726,
    #5727,#5728,#5729,#5730,#5731,#5732,#5733,#5734,#5735,#5736,#5737,
    #5738,#5739,#5740,#5741,#5742,#5743,#5744,#5745,#5746,#5747,#5748,
    #5749),.UNSPECIFIED.,.F.,.F.,(9,7,7,7,7,7,7,7,7,7,9),(0.,
    9.873307276535E-02,0.20277851535,0.254943887005,0.315052257153,
    0.411733670271,0.51389399235,0.615543261186,0.725322032404,
    0.864280511697,1.),.UNSPECIFIED.);
#5678 = CARTESIAN_POINT('',(0.,4.413155369948));
#5679 = CARTESIAN_POINT('',(7.751398058704E-02,4.437829244453));
#5680 = CARTESIAN_POINT('',(0.155049037342,4.462510289661));
#5681 = CARTESIAN_POINT('',(0.232578522092,4.487190090761));
#5682 = CARTESIAN_POINT('',(0.310098954039,4.511867488624));
#5683 = CARTESIAN_POINT('',(0.387618730604,4.536544874814));
#5684 = CARTESIAN_POINT('',(0.465146958298,4.561224665352));
#5685 = CARTESIAN_POINT('',(0.542682403648,4.585905953204));
#5686 = CARTESIAN_POINT('',(0.701893725826,4.636584394205));
#5687 = CARTESIAN_POINT('',(0.783606274789,4.662593084082));
#5688 = CARTESIAN_POINT('',(0.86531009868,4.688597634752));
#5689 = CARTESIAN_POINT('',(0.947003084007,4.714597228811));
#5690 = CARTESIAN_POINT('',(1.0286969273,4.740596319618));
#5691 = CARTESIAN_POINT('',(1.110402927064,4.766600110943));
#5692 = CARTESIAN_POINT('',(1.192117756557,4.79260920253));
#5693 = CARTESIAN_POINT('',(1.31476694998,4.831651153833));
#5694 = CARTESIAN_POINT('',(1.355725389796,4.84468985089));
#5695 = CARTESIAN_POINT('',(1.396684830676,4.857729231426));
#5696 = CARTESIAN_POINT('',(1.437645754894,4.87076976883));
#5697 = CARTESIAN_POINT('',(1.478608450072,4.883811356188));
#5698 = CARTESIAN_POINT('',(1.519572553304,4.896852870476));
#5699 = CARTESIAN_POINT('',(1.560536522468,4.909892615967));
#5700 = CARTESIAN_POINT('',(1.648694429396,4.937951770709));
#5701 = CARTESIAN_POINT('',(1.695895068004,4.95297328862));
#5702 = CARTESIAN_POINT('',(1.743097265318,4.967995281726));
#5703 = CARTESIAN_POINT('',(1.790300705511,4.983018429524));
#5704 = CARTESIAN_POINT('',(1.837505531895,4.998043027247));
#5705 = CARTESIAN_POINT('',(1.884711357871,5.013068905762));
#5706 = CARTESIAN_POINT('',(1.931916199142,5.028095253943));
#5707 = CARTESIAN_POINT('',(2.055032847187,5.067287475159));
#5708 = CARTESIAN_POINT('',(2.130967732239,5.091461602813));
#5709 = CARTESIAN_POINT('',(2.206896943281,5.115634375826));
#5710 = CARTESIAN_POINT('',(2.282817894251,5.139803907303));
#5711 = CARTESIAN_POINT('',(2.358738409636,5.163972084911));
#5712 = CARTESIAN_POINT('',(2.434666739414,5.188141543815));
#5713 = CARTESIAN_POINT('',(2.51060163132,5.212312301744));
#5714 = CARTESIAN_POINT('',(2.666745702001,5.262013277306));
#5715 = CARTESIAN_POINT('',(2.746988276745,5.287554079051));
#5716 = CARTESIAN_POINT('',(2.827222456381,5.313092049379));
#5717 = CARTESIAN_POINT('',(2.907446298088,5.338627005532));
#5718 = CARTESIAN_POINT('',(2.987670564406,5.364162610937));
#5719 = CARTESIAN_POINT('',(3.067905634147,5.389702139348));
#5720 = CARTESIAN_POINT('',(3.148148404377,5.415244386256));
#5721 = CARTESIAN_POINT('',(3.308188661001,5.46618732927));
#5722 = CARTESIAN_POINT('',(3.388035087396,5.491603598582));
#5723 = CARTESIAN_POINT('',(3.467874918345,5.517017666378));
#5724 = CARTESIAN_POINT('',(3.547702968419,5.542427675284));
#5725 = CARTESIAN_POINT('',(3.627528756324,5.567836556285));
#5726 = CARTESIAN_POINT('',(3.707363365751,5.593247890954));
#5727 = CARTESIAN_POINT('',(3.787206821758,5.618661859296));
#5728 = CARTESIAN_POINT('',(3.953249561008,5.671512830509));
#5729 = CARTESIAN_POINT('',(4.039496085778,5.698964871199));
#5730 = CARTESIAN_POINT('',(4.125727186142,5.726412226669));
#5731 = CARTESIAN_POINT('',(4.211942401031,5.753855019097));
#5732 = CARTESIAN_POINT('',(4.298154557009,5.781297497919));
#5733 = CARTESIAN_POINT('',(4.384377819683,5.808744158395));
#5734 = CARTESIAN_POINT('',(4.470616788795,5.836196279793));
#5735 = CARTESIAN_POINT('',(4.665970428773,5.898382967297));
#5736 = CARTESIAN_POINT('',(4.775200330479,5.933154349661));
#5737 = CARTESIAN_POINT('',(4.884378803638,5.967909237673));
#5738 = CARTESIAN_POINT('',(4.993519907285,6.002651464331));
#5739 = CARTESIAN_POINT('',(5.102659404903,6.037391904384));
#5740 = CARTESIAN_POINT('',(5.211833873759,6.072142315505));
#5741 = CARTESIAN_POINT('',(5.321059807499,6.106908407841));
#5742 = CARTESIAN_POINT('',(5.536790740834,6.175574114028));
#5743 = CARTESIAN_POINT('',(5.643465525783,6.209527779118));
#5744 = CARTESIAN_POINT('',(5.750095206003,6.243467340008));
#5745 = CARTESIAN_POINT('',(5.856692404293,6.277397296739));
#5746 = CARTESIAN_POINT('',(5.963289458347,6.31132818174));
#5747 = CARTESIAN_POINT('',(6.069918970915,6.345270043569));
#5748 = CARTESIAN_POINT('',(6.176593215484,6.37922631243));
#5749 = CARTESIAN_POINT('',(6.28318530718,6.41315626653));
#5750 = ( GEOMETRIC_REPRESENTATION_CONTEXT(2) 
PARAMETRIC_REPRESENTATION_CONTEXT() REPRESENTATION_CONTEXT('2D SPACE',''
  ) );
#5751 = ADVANCED_FACE('',(#5752),#1313,.F.);
#5752 = FACE_BOUND('',#5753,.F.);
#5753 = EDGE_LOOP('',(#5754,#5755,#5776,#5777,#5778));
#5754 = ORIENTED_EDGE('',*,*,#4274,.F.);
#5755 = ORIENTED_EDGE('',*,*,#5756,.F.);
#5756 = EDGE_CURVE('',#3534,#4275,#5757,.T.);
#5757 = SURFACE_CURVE('',#5758,(#5762,#5769),.PCURVE_S1.);
#5758 = LINE('',#5759,#5760);
#5759 = CARTESIAN_POINT('',(8.74999995,-1.74999995,-5.6499999));
#5760 = VECTOR('',#5761,1.);
#5761 = DIRECTION('',(0.,0.,1.));
#5762 = PCURVE('',#1313,#5763);
#5763 = DEFINITIONAL_REPRESENTATION('',(#5764),#5768);
#5764 = LINE('',#5765,#5766);
#5765 = CARTESIAN_POINT('',(0.,-0.));
#5766 = VECTOR('',#5767,1.);
#5767 = DIRECTION('',(0.,1.));
#5768 = ( GEOMETRIC_REPRESENTATION_CONTEXT(2) 
PARAMETRIC_REPRESENTATION_CONTEXT() REPRESENTATION_CONTEXT('2D SPACE',''
  ) );
#5769 = PCURVE('',#3673,#5770);
#5770 = DEFINITIONAL_REPRESENTATION('',(#5771),#5775);
#5771 = LINE('',#5772,#5773);
#5772 = CARTESIAN_POINT('',(6.28318530718,-0.));
#5773 = VECTOR('',#5774,1.);
#5774 = DIRECTION('',(0.,1.));
#5775 = ( GEOMETRIC_REPRESENTATION_CONTEXT(2) 
PARAMETRIC_REPRESENTATION_CONTEXT() REPRESENTATION_CONTEXT('2D SPACE',''
  ) );
#5776 = ORIENTED_EDGE('',*,*,#3747,.T.);
#5777 = ORIENTED_EDGE('',*,*,#2253,.T.);
#5778 = ORIENTED_EDGE('',*,*,#1296,.F.);
#5779 = ADVANCED_FACE('',(#5780),#2096,.T.);
#5780 = FACE_BOUND('',#5781,.T.);
#5781 = EDGE_LOOP('',(#5782,#5811,#5832,#5833));
#5782 = ORIENTED_EDGE('',*,*,#5783,.F.);
#5783 = EDGE_CURVE('',#5784,#5784,#5786,.T.);
#5784 = VERTEX_POINT('',#5785);
#5785 = CARTESIAN_POINT('',(-10.25000005,8.75000005,27.0000001));
#5786 = SURFACE_CURVE('',#5787,(#5792,#5799),.PCURVE_S1.);
#5787 = CIRCLE('',#5788,3.5);
#5788 = AXIS2_PLACEMENT_3D('',#5789,#5790,#5791);
#5789 = CARTESIAN_POINT('',(-6.75000005,8.75000005,27.0000001));
#5790 = DIRECTION('',(0.,1.,-0.));
#5791 = DIRECTION('',(-1.,0.,1.110223024625E-16));
#5792 = PCURVE('',#2096,#5793);
#5793 = DEFINITIONAL_REPRESENTATION('',(#5794),#5798);
#5794 = LINE('',#5795,#5796);
#5795 = CARTESIAN_POINT('',(0.,1.5));
#5796 = VECTOR('',#5797,1.);
#5797 = DIRECTION('',(1.,0.));
#5798 = ( GEOMETRIC_REPRESENTATION_CONTEXT(2) 
PARAMETRIC_REPRESENTATION_CONTEXT() REPRESENTATION_CONTEXT('2D SPACE',''
  ) );
#5799 = PCURVE('',#5800,#5805);
#5800 = PLANE('',#5801);
#5801 = AXIS2_PLACEMENT_3D('',#5802,#5803,#5804);
#5802 = CARTESIAN_POINT('',(-6.75000005,8.75000005,27.0000001));
#5803 = DIRECTION('',(0.,1.,0.));
#5804 = DIRECTION('',(-1.,0.,1.110223024625E-16));
#5805 = DEFINITIONAL_REPRESENTATION('',(#5806),#5810);
#5806 = CIRCLE('',#5807,3.5);
#5807 = AXIS2_PLACEMENT_2D('',#5808,#5809);
#5808 = CARTESIAN_POINT('',(0.,0.));
#5809 = DIRECTION('',(1.,0.));
#5810 = ( GEOMETRIC_REPRESENTATION_CONTEXT(2) 
PARAMETRIC_REPRESENTATION_CONTEXT() REPRESENTATION_CONTEXT('2D SPACE',''
  ) );
#5811 = ORIENTED_EDGE('',*,*,#5812,.F.);
#5812 = EDGE_CURVE('',#2080,#5784,#5813,.T.);
#5813 = SEAM_CURVE('',#5814,(#5818,#5825),.PCURVE_S1.);
#5814 = LINE('',#5815,#5816);
#5815 = CARTESIAN_POINT('',(-10.25000005,7.25000005,27.0000001));
#5816 = VECTOR('',#5817,1.);
#5817 = DIRECTION('',(0.,1.,0.));
#5818 = PCURVE('',#2096,#5819);
#5819 = DEFINITIONAL_REPRESENTATION('',(#5820),#5824);
#5820 = LINE('',#5821,#5822);
#5821 = CARTESIAN_POINT('',(6.28318530718,-0.));
#5822 = VECTOR('',#5823,1.);
#5823 = DIRECTION('',(0.,1.));
#5824 = ( GEOMETRIC_REPRESENTATION_CONTEXT(2) 
PARAMETRIC_REPRESENTATION_CONTEXT() REPRESENTATION_CONTEXT('2D SPACE',''
  ) );
#5825 = PCURVE('',#2096,#5826);
#5826 = DEFINITIONAL_REPRESENTATION('',(#5827),#5831);
#5827 = LINE('',#5828,#5829);
#5828 = CARTESIAN_POINT('',(0.,-0.));
#5829 = VECTOR('',#5830,1.);
#5830 = DIRECTION('',(0.,1.));
#5831 = ( GEOMETRIC_REPRESENTATION_CONTEXT(2) 
PARAMETRIC_REPRESENTATION_CONTEXT() REPRESENTATION_CONTEXT('2D SPACE',''
  ) );
#5832 = ORIENTED_EDGE('',*,*,#2079,.T.);
#5833 = ORIENTED_EDGE('',*,*,#5812,.T.);
#5834 = ADVANCED_FACE('',(#5835,#5838),#2234,.F.);
#5835 = FACE_BOUND('',#5836,.F.);
#5836 = EDGE_LOOP('',(#5837));
#5837 = ORIENTED_EDGE('',*,*,#2219,.T.);
#5838 = FACE_BOUND('',#5839,.F.);
#5839 = EDGE_LOOP('',(#5840,#5841,#5865,#5887,#5888));
#5840 = ORIENTED_EDGE('',*,*,#2588,.F.);
#5841 = ORIENTED_EDGE('',*,*,#5842,.F.);
#5842 = EDGE_CURVE('',#5843,#2589,#5845,.T.);
#5843 = VERTEX_POINT('',#5844);
#5844 = CARTESIAN_POINT('',(8.74999995,-1.74999995,1.000000109386E-07));
#5845 = SURFACE_CURVE('',#5846,(#5851,#5858),.PCURVE_S1.);
#5846 = CIRCLE('',#5847,3.5);
#5847 = AXIS2_PLACEMENT_3D('',#5848,#5849,#5850);
#5848 = CARTESIAN_POINT('',(5.24999995,-1.74999995,1.000000118268E-07));
#5849 = DIRECTION('',(0.,0.,1.));
#5850 = DIRECTION('',(1.,0.,0.));
#5851 = PCURVE('',#2234,#5852);
#5852 = DEFINITIONAL_REPRESENTATION('',(#5853),#5857);
#5853 = CIRCLE('',#5854,3.5);
#5854 = AXIS2_PLACEMENT_2D('',#5855,#5856);
#5855 = CARTESIAN_POINT('',(8.881784197001E-16,0.));
#5856 = DIRECTION('',(-1.,0.));
#5857 = ( GEOMETRIC_REPRESENTATION_CONTEXT(2) 
PARAMETRIC_REPRESENTATION_CONTEXT() REPRESENTATION_CONTEXT('2D SPACE',''
  ) );
#5858 = PCURVE('',#2796,#5859);
#5859 = DEFINITIONAL_REPRESENTATION('',(#5860),#5864);
#5860 = LINE('',#5861,#5862);
#5861 = CARTESIAN_POINT('',(0.,5.65));
#5862 = VECTOR('',#5863,1.);
#5863 = DIRECTION('',(1.,0.));
#5864 = ( GEOMETRIC_REPRESENTATION_CONTEXT(2) 
PARAMETRIC_REPRESENTATION_CONTEXT() REPRESENTATION_CONTEXT('2D SPACE',''
  ) );
#5865 = ORIENTED_EDGE('',*,*,#5866,.F.);
#5866 = EDGE_CURVE('',#4205,#5843,#5867,.T.);
#5867 = SURFACE_CURVE('',#5868,(#5873,#5880),.PCURVE_S1.);
#5868 = CIRCLE('',#5869,3.5);
#5869 = AXIS2_PLACEMENT_3D('',#5870,#5871,#5872);
#5870 = CARTESIAN_POINT('',(5.24999995,-1.74999995,1.000000118268E-07));
#5871 = DIRECTION('',(0.,0.,1.));
#5872 = DIRECTION('',(1.,0.,0.));
#5873 = PCURVE('',#2234,#5874);
#5874 = DEFINITIONAL_REPRESENTATION('',(#5875),#5879);
#5875 = CIRCLE('',#5876,3.5);
#5876 = AXIS2_PLACEMENT_2D('',#5877,#5878);
#5877 = CARTESIAN_POINT('',(8.881784197001E-16,0.));
#5878 = DIRECTION('',(-1.,0.));
#5879 = ( GEOMETRIC_REPRESENTATION_CONTEXT(2) 
PARAMETRIC_REPRESENTATION_CONTEXT() REPRESENTATION_CONTEXT('2D SPACE',''
  ) );
#5880 = PCURVE('',#5671,#5881);
#5881 = DEFINITIONAL_REPRESENTATION('',(#5882),#5886);
#5882 = LINE('',#5883,#5884);
#5883 = CARTESIAN_POINT('',(0.,5.65));
#5884 = VECTOR('',#5885,1.);
#5885 = DIRECTION('',(1.,0.));
#5886 = ( GEOMETRIC_REPRESENTATION_CONTEXT(2) 
PARAMETRIC_REPRESENTATION_CONTEXT() REPRESENTATION_CONTEXT('2D SPACE',''
  ) );
#5887 = ORIENTED_EDGE('',*,*,#4204,.F.);
#5888 = ORIENTED_EDGE('',*,*,#4061,.F.);
#5889 = ADVANCED_FACE('',(#5890),#3673,.F.);
#5890 = FACE_BOUND('',#5891,.F.);
#5891 = EDGE_LOOP('',(#5892,#5893,#5914,#5915));
#5892 = ORIENTED_EDGE('',*,*,#4462,.F.);
#5893 = ORIENTED_EDGE('',*,*,#5894,.F.);
#5894 = EDGE_CURVE('',#3320,#4463,#5895,.T.);
#5895 = SURFACE_CURVE('',#5896,(#5900,#5907),.PCURVE_S1.);
#5896 = LINE('',#5897,#5898);
#5897 = CARTESIAN_POINT('',(8.74999995,-1.74999995,-5.6499999));
#5898 = VECTOR('',#5899,1.);
#5899 = DIRECTION('',(0.,0.,1.));
#5900 = PCURVE('',#3673,#5901);
#5901 = DEFINITIONAL_REPRESENTATION('',(#5902),#5906);
#5902 = LINE('',#5903,#5904);
#5903 = CARTESIAN_POINT('',(0.,-0.));
#5904 = VECTOR('',#5905,1.);
#5905 = DIRECTION('',(0.,1.));
#5906 = ( GEOMETRIC_REPRESENTATION_CONTEXT(2) 
PARAMETRIC_REPRESENTATION_CONTEXT() REPRESENTATION_CONTEXT('2D SPACE',''
  ) );
#5907 = PCURVE('',#3459,#5908);
#5908 = DEFINITIONAL_REPRESENTATION('',(#5909),#5913);
#5909 = LINE('',#5910,#5911);
#5910 = CARTESIAN_POINT('',(6.28318530718,-0.));
#5911 = VECTOR('',#5912,1.);
#5912 = DIRECTION('',(0.,1.));
#5913 = ( GEOMETRIC_REPRESENTATION_CONTEXT(2) 
PARAMETRIC_REPRESENTATION_CONTEXT() REPRESENTATION_CONTEXT('2D SPACE',''
  ) );
#5914 = ORIENTED_EDGE('',*,*,#3533,.T.);
#5915 = ORIENTED_EDGE('',*,*,#5756,.T.);
#5916 = ADVANCED_FACE('',(#5917),#3459,.F.);
#5917 = FACE_BOUND('',#5918,.F.);
#5918 = EDGE_LOOP('',(#5919,#5920,#5941,#5942));
#5919 = ORIENTED_EDGE('',*,*,#4650,.F.);
#5920 = ORIENTED_EDGE('',*,*,#5921,.F.);
#5921 = EDGE_CURVE('',#3085,#4651,#5922,.T.);
#5922 = SURFACE_CURVE('',#5923,(#5927,#5934),.PCURVE_S1.);
#5923 = LINE('',#5924,#5925);
#5924 = CARTESIAN_POINT('',(8.74999995,-1.74999995,-5.6499999));
#5925 = VECTOR('',#5926,1.);
#5926 = DIRECTION('',(0.,0.,1.));
#5927 = PCURVE('',#3459,#5928);
#5928 = DEFINITIONAL_REPRESENTATION('',(#5929),#5933);
#5929 = LINE('',#5930,#5931);
#5930 = CARTESIAN_POINT('',(0.,-0.));
#5931 = VECTOR('',#5932,1.);
#5932 = DIRECTION('',(0.,1.));
#5933 = ( GEOMETRIC_REPRESENTATION_CONTEXT(2) 
PARAMETRIC_REPRESENTATION_CONTEXT() REPRESENTATION_CONTEXT('2D SPACE',''
  ) );
#5934 = PCURVE('',#3238,#5935);
#5935 = DEFINITIONAL_REPRESENTATION('',(#5936),#5940);
#5936 = LINE('',#5937,#5938);
#5937 = CARTESIAN_POINT('',(6.28318530718,-0.));
#5938 = VECTOR('',#5939,1.);
#5939 = DIRECTION('',(0.,1.));
#5940 = ( GEOMETRIC_REPRESENTATION_CONTEXT(2) 
PARAMETRIC_REPRESENTATION_CONTEXT() REPRESENTATION_CONTEXT('2D SPACE',''
  ) );
#5941 = ORIENTED_EDGE('',*,*,#3319,.T.);
#5942 = ORIENTED_EDGE('',*,*,#5894,.T.);
#5943 = ADVANCED_FACE('',(#5944),#3238,.F.);
#5944 = FACE_BOUND('',#5945,.F.);
#5945 = EDGE_LOOP('',(#5946,#5947,#5968,#5969));
#5946 = ORIENTED_EDGE('',*,*,#4859,.F.);
#5947 = ORIENTED_EDGE('',*,*,#5948,.F.);
#5948 = EDGE_CURVE('',#2871,#4860,#5949,.T.);
#5949 = SURFACE_CURVE('',#5950,(#5954,#5961),.PCURVE_S1.);
#5950 = LINE('',#5951,#5952);
#5951 = CARTESIAN_POINT('',(8.74999995,-1.74999995,-5.6499999));
#5952 = VECTOR('',#5953,1.);
#5953 = DIRECTION('',(0.,0.,1.));
#5954 = PCURVE('',#3238,#5955);
#5955 = DEFINITIONAL_REPRESENTATION('',(#5956),#5960);
#5956 = LINE('',#5957,#5958);
#5957 = CARTESIAN_POINT('',(0.,-0.));
#5958 = VECTOR('',#5959,1.);
#5959 = DIRECTION('',(0.,1.));
#5960 = ( GEOMETRIC_REPRESENTATION_CONTEXT(2) 
PARAMETRIC_REPRESENTATION_CONTEXT() REPRESENTATION_CONTEXT('2D SPACE',''
  ) );
#5961 = PCURVE('',#3010,#5962);
#5962 = DEFINITIONAL_REPRESENTATION('',(#5963),#5967);
#5963 = LINE('',#5964,#5965);
#5964 = CARTESIAN_POINT('',(6.28318530718,-0.));
#5965 = VECTOR('',#5966,1.);
#5966 = DIRECTION('',(0.,1.));
#5967 = ( GEOMETRIC_REPRESENTATION_CONTEXT(2) 
PARAMETRIC_REPRESENTATION_CONTEXT() REPRESENTATION_CONTEXT('2D SPACE',''
  ) );
#5968 = ORIENTED_EDGE('',*,*,#3084,.T.);
#5969 = ORIENTED_EDGE('',*,*,#5921,.T.);
#5970 = ADVANCED_FACE('',(#5971),#3010,.F.);
#5971 = FACE_BOUND('',#5972,.F.);
#5972 = EDGE_LOOP('',(#5973,#5974,#5995,#5996));
#5973 = ORIENTED_EDGE('',*,*,#5089,.F.);
#5974 = ORIENTED_EDGE('',*,*,#5975,.F.);
#5975 = EDGE_CURVE('',#2657,#5090,#5976,.T.);
#5976 = SURFACE_CURVE('',#5977,(#5981,#5988),.PCURVE_S1.);
#5977 = LINE('',#5978,#5979);
#5978 = CARTESIAN_POINT('',(8.74999995,-1.74999995,-5.6499999));
#5979 = VECTOR('',#5980,1.);
#5980 = DIRECTION('',(0.,0.,1.));
#5981 = PCURVE('',#3010,#5982);
#5982 = DEFINITIONAL_REPRESENTATION('',(#5983),#5987);
#5983 = LINE('',#5984,#5985);
#5984 = CARTESIAN_POINT('',(0.,-0.));
#5985 = VECTOR('',#5986,1.);
#5986 = DIRECTION('',(0.,1.));
#5987 = ( GEOMETRIC_REPRESENTATION_CONTEXT(2) 
PARAMETRIC_REPRESENTATION_CONTEXT() REPRESENTATION_CONTEXT('2D SPACE',''
  ) );
#5988 = PCURVE('',#2796,#5989);
#5989 = DEFINITIONAL_REPRESENTATION('',(#5990),#5994);
#5990 = LINE('',#5991,#5992);
#5991 = CARTESIAN_POINT('',(6.28318530718,-0.));
#5992 = VECTOR('',#5993,1.);
#5993 = DIRECTION('',(0.,1.));
#5994 = ( GEOMETRIC_REPRESENTATION_CONTEXT(2) 
PARAMETRIC_REPRESENTATION_CONTEXT() REPRESENTATION_CONTEXT('2D SPACE',''
  ) );
#5995 = ORIENTED_EDGE('',*,*,#2870,.T.);
#5996 = ORIENTED_EDGE('',*,*,#5948,.T.);
#5997 = ADVANCED_FACE('',(#5998),#2796,.F.);
#5998 = FACE_BOUND('',#5999,.F.);
#5999 = EDGE_LOOP('',(#6000,#6001,#6022,#6023,#6024));
#6000 = ORIENTED_EDGE('',*,*,#5289,.F.);
#6001 = ORIENTED_EDGE('',*,*,#6002,.F.);
#6002 = EDGE_CURVE('',#5843,#5290,#6003,.T.);
#6003 = SURFACE_CURVE('',#6004,(#6008,#6015),.PCURVE_S1.);
#6004 = LINE('',#6005,#6006);
#6005 = CARTESIAN_POINT('',(8.74999995,-1.74999995,-5.6499999));
#6006 = VECTOR('',#6007,1.);
#6007 = DIRECTION('',(0.,0.,1.));
#6008 = PCURVE('',#2796,#6009);
#6009 = DEFINITIONAL_REPRESENTATION('',(#6010),#6014);
#6010 = LINE('',#6011,#6012);
#6011 = CARTESIAN_POINT('',(0.,-0.));
#6012 = VECTOR('',#6013,1.);
#6013 = DIRECTION('',(0.,1.));
#6014 = ( GEOMETRIC_REPRESENTATION_CONTEXT(2) 
PARAMETRIC_REPRESENTATION_CONTEXT() REPRESENTATION_CONTEXT('2D SPACE',''
  ) );
#6015 = PCURVE('',#5671,#6016);
#6016 = DEFINITIONAL_REPRESENTATION('',(#6017),#6021);
#6017 = LINE('',#6018,#6019);
#6018 = CARTESIAN_POINT('',(6.28318530718,-0.));
#6019 = VECTOR('',#6020,1.);
#6020 = DIRECTION('',(0.,1.));
#6021 = ( GEOMETRIC_REPRESENTATION_CONTEXT(2) 
PARAMETRIC_REPRESENTATION_CONTEXT() REPRESENTATION_CONTEXT('2D SPACE',''
  ) );
#6022 = ORIENTED_EDGE('',*,*,#5842,.T.);
#6023 = ORIENTED_EDGE('',*,*,#2656,.T.);
#6024 = ORIENTED_EDGE('',*,*,#5975,.T.);
#6025 = ADVANCED_FACE('',(#6026),#5671,.F.);
#6026 = FACE_BOUND('',#6027,.F.);
#6027 = EDGE_LOOP('',(#6028,#6029,#6030));
#6028 = ORIENTED_EDGE('',*,*,#5519,.F.);
#6029 = ORIENTED_EDGE('',*,*,#5866,.T.);
#6030 = ORIENTED_EDGE('',*,*,#6002,.T.);
#6031 = ADVANCED_FACE('',(#6032),#5800,.T.);
#6032 = FACE_BOUND('',#6033,.T.);
#6033 = EDGE_LOOP('',(#6034));
#6034 = ORIENTED_EDGE('',*,*,#5783,.T.);
#6035 = ( GEOMETRIC_REPRESENTATION_CONTEXT(3) 
GLOBAL_UNCERTAINTY_ASSIGNED_CONTEXT((#6039)) 
GLOBAL_UNIT_ASSIGNED_CONTEXT((#6036,#6037,#6038)) REPRESENTATION_CONTEXT
('Context #1','3D Context with UNIT and UNCERTAINTY') );
#6036 = ( LENGTH_UNIT() NAMED_UNIT(*) SI_UNIT(.MILLI.,.METRE.) );
#6037 = ( NAMED_UNIT(*) PLANE_ANGLE_UNIT() SI_UNIT($,.RADIAN.) );
#6038 = ( NAMED_UNIT(*) SI_UNIT($,.STERADIAN.) SOLID_ANGLE_UNIT() );
#6039 = UNCERTAINTY_MEASURE_WITH_UNIT(LENGTH_MEASURE(2.E-06),#6036,
  'distance_accuracy_value','confusion accuracy');
#6040 = PRODUCT_RELATED_PRODUCT_CATEGORY('part',$,(#7));
ENDSEC;
END-ISO-10303-21;
